ClientID,PreferredClinicID,ClientName,City,State,PostalCode,ClientSince,MarketingOptIn,PreferredContact,AcquisitionChannel,HouseholdIncomeBand
C000001,CL010,Chloe Wilson,Naples,FL,34076,2022-12-23,No,Email,Community Event,$50K-$74K
C000002,CL011,Mia Young,Miami,FL,33348,2020-05-25,Yes,SMS,Referral,$75K-$99K
C000003,CL010,Emily Lewis,Miami,FL,34482,2023-09-04,No,SMS,Social Media,$50K-$74K
C000004,CL005,Olivia Lewis,Clearwater,FL,32782,2022-06-13,Yes,SMS,Community Event,$50K-$74K
C000005,CL012,Chloe Lee,Newberry,FL,34780,2020-01-01,Yes,SMS,Community Event,$75K-$99K
C000006,CL003,Emma Roberts,Fort Myers,FL,34540,2020-03-27,No,Phone,Walk-In,$75K-$99K
C000007,CL005,Megan Hall,St. Petersburg,FL,34901,2020-11-04,Yes,SMS,Social Media,$100K-$149K
C000008,CL002,David Harris,Ocala,FL,34547,2021-10-10,No,Phone,Referral,$75K-$99K
C000009,CL009,Isabella King,Sarasota,FL,33033,2022-06-24,Yes,SMS,Social Media,$50K-$74K
C000010,CL006,Jessica Walker,Jacksonville,FL,33285,2018-03-03,Yes,Phone,Google Search,$75K-$99K
C000011,CL006,Jack Brown,Fort Myers,FL,34671,2020-12-12,Yes,SMS,Existing Client,$100K-$149K
C000012,CL003,Michael Miller,St. Petersburg,FL,33588,2023-02-03,Yes,SMS,Existing Client,$100K-$149K
C000013,CL006,Jason Garcia,Palm Coast,FL,34821,2018-02-02,Yes,SMS,Referral,$50K-$74K
C000014,CL010,Emma Lopez,Tampa,FL,32726,2023-10-13,No,Phone,Google Search,<$50K
C000015,CL006,Ethan Roberts,Sarasota,FL,32240,2018-03-02,Yes,Email,Google Search,<$50K
C000016,CL004,Camila Wright,Fort Myers,FL,32640,2018-01-16,Yes,SMS,Community Event,$50K-$74K
C000017,CL007,Sophia Torres,Pensacola,FL,33868,2020-10-27,Yes,SMS,Social Media,$100K-$149K
C000018,CL001,Michael Carter,Fort Myers,FL,33839,2021-03-28,Yes,SMS,Social Media,<$50K
C000019,CL009,Luna Gonzalez,Lake City,FL,33141,2019-05-19,Yes,SMS,Social Media,$75K-$99K
C000020,CL005,Emily Nguyen,Orlando,FL,34790,2018-08-16,Yes,Email,Walk-In,$50K-$74K
C000021,CL005,Olivia Perez,Delray Beach,FL,32363,2018-10-14,Yes,Email,Community Event,$75K-$99K
C000022,CL005,Olivia Adams,Alachua,FL,33101,2019-03-09,Yes,SMS,Google Search,$150K+
C000023,CL009,Isabella Torres,Miami,FL,33787,2018-07-12,Yes,SMS,Community Event,$75K-$99K
C000024,CL003,Sofia Young,Lakeland,FL,33163,2019-05-24,No,Email,Google Search,$150K+
C000025,CL006,Emma Rivera,Miami,FL,32814,2019-08-04,Yes,SMS,Google Search,$75K-$99K
C000026,CL010,Mateo Davis,Fort Myers,FL,32387,2020-08-07,No,SMS,Existing Client,<$50K
C000027,CL001,Mason Anderson,Jacksonville,FL,32020,2023-01-07,Yes,Email,Google Search,$50K-$74K
C000028,CL011,Robert Adams,Lakeland,FL,32267,2020-01-01,Yes,SMS,Walk-In,$75K-$99K
C000029,CL006,Audrey Hernandez,Boca Raton,FL,34983,2018-08-23,Yes,SMS,Google Search,$75K-$99K
C000030,CL002,Emma Torres,Clearwater,FL,33607,2021-05-06,Yes,Phone,Community Event,<$50K
C000031,CL004,Amanda Davis,Lakeland,FL,34501,2023-02-06,No,SMS,Walk-In,$75K-$99K
C000032,CL004,Sarah Thompson,Naples,FL,33329,2021-10-10,Yes,SMS,Referral,<$50K
C000033,CL009,Emma King,Lakeland,FL,34903,2020-05-07,No,SMS,Referral,$100K-$149K
C000034,CL011,Ava Nelson,Palm Coast,FL,32864,2019-06-16,Yes,Phone,Community Event,$75K-$99K
C000035,CL010,Mason Robinson,Pensacola,FL,33650,2021-08-22,Yes,SMS,Existing Client,$75K-$99K
C000036,CL004,Mateo Young,Lake City,FL,32329,2019-02-22,Yes,Phone,Referral,$150K+
C000037,CL001,Michael Martin,Sarasota,FL,32234,2020-04-21,Yes,SMS,Google Search,$150K+
C000038,CL004,Lauren Lee,Gainesville,FL,32592,2020-09-02,Yes,Phone,Walk-In,$150K+
C000039,CL012,Ethan Ramirez,Miami,FL,32012,2022-01-15,No,Email,Google Search,$50K-$74K
C000040,CL011,Megan Ramirez,Palm Coast,FL,34334,2023-03-15,Yes,Email,Community Event,$100K-$149K
C000041,CL012,Amelia Lee,Pensacola,FL,32373,2019-11-30,No,SMS,Referral,<$50K
C000042,CL003,Ella Hall,St. Petersburg,FL,32773,2018-05-05,No,Email,Existing Client,$100K-$149K
C000043,CL011,Logan Wilson,Ocala,FL,32655,2022-07-16,Yes,Phone,Community Event,$150K+
C000044,CL004,Olivia Jones,Naples,FL,32044,2021-01-13,Yes,SMS,Social Media,$100K-$149K
C000045,CL010,Chloe Green,Palm Coast,FL,34919,2020-10-08,Yes,Phone,Google Search,$150K+
C000046,CL010,Henry Flores,Alachua,FL,34940,2020-08-06,Yes,Email,Community Event,<$50K
C000047,CL002,Daniel Nguyen,Orlando,FL,33209,2020-07-19,Yes,SMS,Social Media,<$50K
C000048,CL001,Ashley Harris,Orlando,FL,33500,2018-05-31,Yes,Email,Community Event,$75K-$99K
C000049,CL004,Ryan Hill,Jacksonville,FL,32090,2021-03-17,Yes,SMS,Social Media,$100K-$149K
C000050,CL002,Harper Nelson,Pensacola,FL,32499,2023-05-13,Yes,Phone,Community Event,<$50K
C000051,CL011,Ashley Davis,Clearwater,FL,34399,2023-06-02,Yes,Phone,Community Event,$150K+
C000052,CL007,Grace Perez,Lakeland,FL,33525,2022-11-25,No,SMS,Referral,$100K-$149K
C000053,CL006,Jack Walker,Tallahassee,FL,34386,2019-11-01,No,Email,Social Media,<$50K
C000054,CL011,Olivia Rodriguez,St. Petersburg,FL,33430,2018-02-05,No,SMS,Walk-In,$50K-$74K
C000055,CL006,Henry Brown,Jacksonville,FL,32586,2018-05-12,Yes,Phone,Existing Client,$50K-$74K
C000056,CL011,Megan Roberts,Fort Myers,FL,32447,2019-08-14,No,Phone,Referral,<$50K
C000057,CL012,Nick King,Alachua,FL,33461,2023-03-22,Yes,Email,Social Media,$50K-$74K
C000058,CL010,Camila Martin,Miami,FL,33049,2022-07-17,No,SMS,Existing Client,<$50K
C000059,CL001,Robert Thompson,Fort Myers,FL,33158,2018-11-22,Yes,SMS,Existing Client,$150K+
C000060,CL005,Elijah Young,Orlando,FL,32926,2021-07-13,Yes,Email,Existing Client,<$50K
C000061,CL008,Robert Gonzalez,Gainesville,FL,33200,2022-11-26,No,Email,Existing Client,$75K-$99K
C000062,CL005,Ryan Jackson,Pensacola,FL,32432,2020-03-26,No,Phone,Community Event,$100K-$149K
C000063,CL008,Rachel Young,Boca Raton,FL,32897,2022-10-07,Yes,Phone,Community Event,<$50K
C000064,CL001,James Scott,St. Petersburg,FL,34939,2020-11-15,Yes,SMS,Social Media,<$50K
C000065,CL011,Kevin Thomas,Pensacola,FL,34993,2020-02-18,Yes,Phone,Social Media,$50K-$74K
C000066,CL012,Audrey Rodriguez,Miami,FL,33544,2022-06-22,No,SMS,Walk-In,<$50K
C000067,CL012,Emma Williams,Lake City,FL,34162,2019-03-23,Yes,Phone,Social Media,$100K-$149K
C000068,CL009,Luna Gonzalez,Tallahassee,FL,34598,2020-05-18,No,Phone,Existing Client,$150K+
C000069,CL002,Nick Hall,Tallahassee,FL,33033,2018-11-18,No,SMS,Walk-In,$50K-$74K
C000070,CL003,Jason Gonzalez,Orlando,FL,32862,2021-06-29,Yes,SMS,Referral,$75K-$99K
C000071,CL009,Daniel Johnson,Newberry,FL,34413,2023-06-09,Yes,SMS,Community Event,$150K+
C000072,CL002,Michael Clark,Sarasota,FL,34726,2021-03-26,No,SMS,Walk-In,<$50K
C000073,CL011,Emily Smith,Clearwater,FL,32554,2018-10-18,Yes,SMS,Community Event,$150K+
C000074,CL009,Jackson Lewis,Newberry,FL,34678,2023-06-03,Yes,Phone,Existing Client,$50K-$74K
C000075,CL012,Mia Gonzalez,Jacksonville,FL,34346,2021-01-21,Yes,SMS,Google Search,$100K-$149K
C000076,CL002,Sofia Wright,Orlando,FL,34194,2018-02-27,Yes,SMS,Existing Client,<$50K
C000077,CL009,Mateo Gonzalez,Tallahassee,FL,33934,2019-09-10,Yes,SMS,Walk-In,$75K-$99K
C000078,CL002,Ella King,Orlando,FL,33349,2023-01-09,No,Email,Community Event,$100K-$149K
C000079,CL009,Amanda Smith,Ocala,FL,34885,2022-03-28,Yes,SMS,Referral,$50K-$74K
C000080,CL012,Audrey Young,Lake City,FL,32611,2023-03-31,No,Email,Social Media,$75K-$99K
C000081,CL007,Audrey Nguyen,Tampa,FL,33164,2023-11-03,No,SMS,Existing Client,$150K+
C000082,CL011,Henry Campbell,Orlando,FL,34046,2022-03-15,Yes,SMS,Google Search,$50K-$74K
C000083,CL009,Mateo Scott,Naples,FL,33525,2018-11-25,No,SMS,Walk-In,$100K-$149K
C000084,CL004,Benjamin Young,Fort Myers,FL,33826,2020-03-29,Yes,SMS,Google Search,$50K-$74K
C000085,CL002,Elijah Nelson,Palm Coast,FL,33957,2018-11-09,Yes,SMS,Social Media,$50K-$74K
C000086,CL007,Emma Hall,Lakeland,FL,32953,2019-06-14,Yes,SMS,Google Search,$150K+
C000087,CL001,Jason Carter,Lake City,FL,34821,2021-03-13,No,SMS,Community Event,$100K-$149K
C000088,CL002,Jason Mitchell,Alachua,FL,33487,2022-07-11,Yes,Email,Community Event,$100K-$149K
C000089,CL012,Nick Brown,Lake City,FL,32074,2021-07-29,No,Phone,Community Event,<$50K
C000090,CL006,Emily Thomas,Lake City,FL,32830,2018-12-25,No,Email,Referral,$100K-$149K
C000091,CL010,Lauren Martin,St. Petersburg,FL,32471,2019-01-16,Yes,SMS,Walk-In,$100K-$149K
C000092,CL003,Sophia Scott,Naples,FL,33928,2018-11-03,Yes,SMS,Existing Client,$150K+
C000093,CL012,Grace Martin,Newberry,FL,33894,2019-01-15,Yes,Phone,Community Event,$150K+
C000094,CL003,Amelia Campbell,Ocala,FL,34978,2021-11-18,Yes,Phone,Social Media,<$50K
C000095,CL008,Ashley Walker,Palm Coast,FL,33325,2019-08-04,Yes,Email,Referral,$75K-$99K
C000096,CL007,Lucas King,Palm Coast,FL,34506,2020-01-23,Yes,Email,Social Media,$100K-$149K
C000097,CL007,Isabella Jones,Delray Beach,FL,34567,2022-04-17,Yes,SMS,Social Media,$150K+
C000098,CL005,Lauren Vilaihong,Naples,FL,32665,2023-09-02,Yes,SMS,Google Search,$100K-$149K
C000099,CL001,Ryan Walker,Tallahassee,FL,32216,2021-10-16,Yes,SMS,Existing Client,<$50K
C000100,CL001,Sofia Hall,Delray Beach,FL,34064,2022-03-15,No,SMS,Existing Client,$150K+
C000101,CL011,Audrey Scott,Naples,FL,33973,2022-05-09,Yes,SMS,Existing Client,$75K-$99K
C000102,CL012,Mason Robinson,Lake City,FL,34677,2020-01-04,Yes,SMS,Google Search,<$50K
C000103,CL005,Mia Rodriguez,Lakeland,FL,33272,2018-10-05,No,SMS,Walk-In,$150K+
C000104,CL002,Megan Mitchell,Lakeland,FL,34559,2022-10-04,Yes,Phone,Social Media,$75K-$99K
C000105,CL001,Ashley Anderson,Jacksonville,FL,34369,2022-03-27,No,SMS,Social Media,<$50K
C000106,CL009,Jackson Robinson,Boca Raton,FL,34358,2018-09-06,Yes,SMS,Community Event,$100K-$149K
C000107,CL005,Jason Hill,Naples,FL,32019,2021-08-10,No,SMS,Google Search,$150K+
C000108,CL004,Ella Torres,Jacksonville,FL,32570,2023-07-30,No,SMS,Google Search,$150K+
C000109,CL002,Lucas Harris,Lake City,FL,33300,2023-07-11,Yes,SMS,Community Event,<$50K
C000110,CL009,Jackson Jackson,Gainesville,FL,33283,2023-09-05,Yes,Phone,Community Event,$50K-$74K
C000111,CL011,Kevin Wright,Tallahassee,FL,34405,2022-09-13,No,SMS,Social Media,<$50K
C000112,CL008,Kevin Lewis,Alachua,FL,32539,2020-07-04,No,Email,Referral,$50K-$74K
C000113,CL007,Ella Carter,Lakeland,FL,32041,2020-07-06,No,SMS,Google Search,$75K-$99K
C000114,CL009,Charlotte Thompson,Lake City,FL,34713,2018-07-31,Yes,Email,Community Event,$50K-$74K
C000115,CL003,Noah Gonzalez,Jacksonville,FL,34576,2022-07-22,No,Email,Community Event,<$50K
C000116,CL011,Jason Perez,Palm Coast,FL,34689,2021-12-28,No,SMS,Referral,$150K+
C000117,CL008,Grace Gonzalez,Clearwater,FL,32099,2018-04-06,Yes,Phone,Google Search,$75K-$99K
C000118,CL002,Amanda Adams,Ocala,FL,32928,2018-02-25,Yes,SMS,Existing Client,$100K-$149K
C000119,CL011,James Martin,St. Petersburg,FL,34042,2018-02-11,Yes,SMS,Community Event,<$50K
C000120,CL004,Mateo Lopez,Sarasota,FL,34576,2019-08-01,Yes,SMS,Referral,$150K+
C000121,CL010,Sophia Martinez,Pensacola,FL,34303,2019-08-28,Yes,Phone,Google Search,$100K-$149K
C000122,CL007,Emma Ramirez,Miami,FL,32880,2020-11-20,Yes,SMS,Google Search,$150K+
C000123,CL005,Grace Johnson,Lakeland,FL,34815,2018-03-06,Yes,Phone,Google Search,$50K-$74K
C000124,CL002,David Baker,Sarasota,FL,32177,2019-07-13,Yes,SMS,Google Search,$50K-$74K
C000125,CL006,Ella Taylor,Naples,FL,33219,2020-11-06,Yes,Phone,Community Event,<$50K
C000126,CL006,Amelia Jackson,Lake City,FL,32952,2018-12-15,Yes,Phone,Google Search,$100K-$149K
C000127,CL010,Ava Hernandez,Clearwater,FL,33184,2020-11-21,Yes,Email,Google Search,$150K+
C000128,CL008,Amanda Davis,Jacksonville,FL,32581,2020-03-02,Yes,SMS,Walk-In,$150K+
C000129,CL007,Lauren Young,Orlando,FL,32725,2018-02-04,Yes,Phone,Community Event,$75K-$99K
C000130,CL012,Camila Baker,Fort Myers,FL,32562,2019-12-01,Yes,SMS,Existing Client,$50K-$74K
C000131,CL009,Rachel Thompson,Jacksonville,FL,34783,2022-12-08,No,Phone,Social Media,<$50K
C000132,CL007,Mia Gonzalez,Boca Raton,FL,33347,2022-08-25,No,SMS,Referral,$150K+
C000133,CL003,Ava Robinson,Boca Raton,FL,32940,2022-04-12,Yes,Email,Referral,$75K-$99K
C000134,CL008,Chloe Ramirez,Newberry,FL,34708,2022-11-06,Yes,SMS,Walk-In,$150K+
C000135,CL009,Noah Robinson,Delray Beach,FL,32688,2023-10-02,Yes,SMS,Google Search,<$50K
C000136,CL008,Sofia Robinson,Fort Myers,FL,33883,2019-04-28,No,SMS,Walk-In,$50K-$74K
C000137,CL005,Emily King,Newberry,FL,34518,2023-12-13,No,Email,Existing Client,<$50K
C000138,CL007,Mateo Young,Newberry,FL,32550,2018-12-25,No,SMS,Existing Client,$150K+
C000139,CL003,Ashley Allen,Lake City,FL,34512,2018-01-08,No,Phone,Existing Client,$75K-$99K
C000140,CL009,Amanda Martin,Delray Beach,FL,32238,2023-02-10,No,SMS,Google Search,$150K+
C000141,CL002,Amanda Flores,Gainesville,FL,33829,2018-01-01,No,SMS,Walk-In,$150K+
C000142,CL007,Isabella Sanchez,Gainesville,FL,34263,2021-08-06,Yes,Email,Existing Client,$150K+
C000143,CL003,Kevin Robinson,Boca Raton,FL,34155,2018-03-11,Yes,Email,Google Search,<$50K
C000144,CL012,Jack Walker,Sarasota,FL,33620,2019-01-27,No,Phone,Community Event,<$50K
C000145,CL005,Liam Mitchell,Tallahassee,FL,34188,2018-06-21,Yes,SMS,Existing Client,$150K+
C000146,CL007,James Harris,Tallahassee,FL,34662,2019-02-17,Yes,SMS,Community Event,<$50K
C000147,CL005,Megan Perez,Sarasota,FL,32286,2018-09-29,Yes,Email,Social Media,$75K-$99K
C000148,CL010,Harper Martin,Miami,FL,34055,2018-02-02,Yes,SMS,Google Search,$100K-$149K
C000149,CL009,Amelia Torres,Pensacola,FL,34830,2019-10-04,Yes,Phone,Walk-In,$50K-$74K
C000150,CL008,Liam King,Gainesville,FL,34938,2019-10-08,Yes,SMS,Community Event,$75K-$99K
C000151,CL006,Emily Hill,Boca Raton,FL,34153,2023-08-15,Yes,SMS,Referral,<$50K
C000152,CL004,Camila Baker,Jacksonville,FL,33356,2021-05-20,No,SMS,Referral,<$50K
C000153,CL011,Charlotte Rodriguez,Lakeland,FL,32222,2018-05-09,Yes,Email,Social Media,$150K+
C000154,CL010,Mateo Hill,Sarasota,FL,34755,2023-09-30,No,Email,Community Event,<$50K
C000155,CL001,Jessica Garcia,Orlando,FL,34482,2023-10-14,Yes,Email,Walk-In,$150K+
C000156,CL001,Amanda Martinez,Miami,FL,34601,2019-09-18,No,SMS,Existing Client,$75K-$99K
C000157,CL009,Evelyn Allen,Lake City,FL,34090,2019-12-21,No,SMS,Social Media,<$50K
C000158,CL002,Olivia Wright,Lake City,FL,33892,2021-02-16,Yes,SMS,Social Media,$100K-$149K
C000159,CL009,Megan Davis,Newberry,FL,34299,2018-09-04,Yes,SMS,Community Event,$50K-$74K
C000160,CL005,Emily Thompson,Clearwater,FL,34418,2023-10-12,No,Email,Existing Client,$100K-$149K
C000161,CL012,Grace Martinez,Gainesville,FL,32183,2020-06-27,Yes,Email,Social Media,$100K-$149K
C000162,CL001,Olivia Baker,Sarasota,FL,32277,2021-03-04,No,Phone,Walk-In,$100K-$149K
C000163,CL001,Daniel Miller,Delray Beach,FL,32974,2018-06-22,Yes,Phone,Existing Client,$75K-$99K
C000164,CL010,Isabella Lopez,Palm Coast,FL,34103,2020-11-10,No,Email,Existing Client,$50K-$74K
C000165,CL011,Daniel Lee,Jacksonville,FL,34136,2020-12-30,No,SMS,Social Media,$75K-$99K
C000166,CL002,Logan Martin,Miami,FL,34391,2018-06-16,Yes,SMS,Existing Client,$75K-$99K
C000167,CL005,Megan Lewis,Clearwater,FL,33717,2022-05-25,No,Email,Existing Client,$100K-$149K
C000168,CL012,Kevin Wilson,Lakeland,FL,33210,2022-06-11,Yes,SMS,Walk-In,$50K-$74K
C000169,CL011,Noah Jackson,Ocala,FL,32419,2019-04-21,No,SMS,Referral,$150K+
C000170,CL003,Rachel Jackson,Alachua,FL,32424,2018-02-23,Yes,Phone,Google Search,$100K-$149K
C000171,CL002,James Robinson,Tallahassee,FL,32312,2019-12-01,No,Phone,Social Media,$75K-$99K
C000172,CL005,Elijah Lee,Sarasota,FL,33893,2019-07-20,Yes,Email,Walk-In,<$50K
C000173,CL003,Benjamin Davis,Tampa,FL,33451,2023-02-05,No,Email,Google Search,$150K+
C000174,CL007,Elijah Thomas,Boca Raton,FL,32480,2020-11-21,No,SMS,Google Search,$100K-$149K
C000175,CL007,Chloe Adams,Fort Myers,FL,32099,2018-01-15,No,SMS,Existing Client,$75K-$99K
C000176,CL002,Harper Davis,Lakeland,FL,34952,2019-08-18,Yes,Email,Google Search,<$50K
C000177,CL012,Kevin White,Sarasota,FL,32381,2021-05-13,No,SMS,Walk-In,$50K-$74K
C000178,CL005,Robert Nguyen,Sarasota,FL,34185,2020-11-07,Yes,Phone,Referral,$150K+
C000179,CL010,Liam Wright,Miami,FL,34378,2022-09-05,Yes,SMS,Google Search,$150K+
C000180,CL003,Olivia Allen,Boca Raton,FL,33399,2023-02-11,Yes,SMS,Google Search,$75K-$99K
C000181,CL004,Noah Hill,Gainesville,FL,34309,2019-10-19,Yes,Email,Existing Client,<$50K
C000182,CL011,Amelia Gonzalez,St. Petersburg,FL,33570,2021-09-30,Yes,SMS,Google Search,$150K+
C000183,CL009,Emily Martinez,Tallahassee,FL,32265,2020-06-04,No,SMS,Referral,$100K-$149K
C000184,CL010,Jason Hernandez,St. Petersburg,FL,34869,2019-08-25,Yes,Phone,Community Event,$75K-$99K
C000185,CL008,Sofia Williams,Clearwater,FL,32537,2022-11-15,Yes,SMS,Existing Client,$50K-$74K
C000186,CL004,Camila Lewis,Clearwater,FL,33849,2018-03-12,No,SMS,Google Search,$100K-$149K
C000187,CL005,Liam Thomas,Gainesville,FL,33667,2021-10-04,No,SMS,Existing Client,$150K+
C000188,CL008,Sarah Rodriguez,Lake City,FL,34887,2022-02-14,Yes,Phone,Walk-In,$50K-$74K
C000189,CL006,Nick Sanchez,Jacksonville,FL,34717,2022-04-08,Yes,Phone,Social Media,$75K-$99K
C000190,CL009,Henry Thomas,Gainesville,FL,34976,2022-01-06,Yes,SMS,Walk-In,$100K-$149K
C000191,CL003,Kevin Moore,Pensacola,FL,33570,2023-12-23,Yes,SMS,Referral,$75K-$99K
C000192,CL007,Emily Young,Jacksonville,FL,33451,2018-08-13,Yes,SMS,Walk-In,$100K-$149K
C000193,CL002,Ryan Perez,Tampa,FL,33312,2020-02-15,Yes,SMS,Social Media,$150K+
C000194,CL001,Amelia Ramirez,Sarasota,FL,33253,2020-05-22,Yes,Phone,Community Event,$50K-$74K
C000195,CL004,Liam Gonzalez,Tampa,FL,34875,2023-12-24,No,SMS,Existing Client,$150K+
C000196,CL004,Ryan Lewis,Naples,FL,33593,2023-01-05,Yes,SMS,Existing Client,$100K-$149K
C000197,CL008,Camila Taylor,Orlando,FL,33661,2021-01-26,Yes,SMS,Referral,<$50K
C000198,CL009,Lucas Sanchez,Gainesville,FL,34848,2020-07-15,Yes,Phone,Existing Client,$150K+
C000199,CL009,Amelia Gonzalez,Naples,FL,34598,2019-02-14,Yes,SMS,Google Search,<$50K
C000200,CL011,Emma Allen,Palm Coast,FL,32707,2018-12-13,Yes,Phone,Google Search,$50K-$74K
C000201,CL001,Sofia Lee,Fort Myers,FL,33958,2021-08-18,Yes,Phone,Existing Client,$50K-$74K
C000202,CL006,Benjamin Hernandez,Tallahassee,FL,32532,2023-03-29,No,Phone,Social Media,$50K-$74K
C000203,CL004,Rachel Johnson,Naples,FL,32084,2020-08-01,Yes,Email,Walk-In,$150K+
C000204,CL002,Olivia Adams,St. Petersburg,FL,34203,2019-04-25,Yes,Phone,Existing Client,$50K-$74K
C000205,CL009,Jason Roberts,Alachua,FL,33244,2022-02-10,Yes,SMS,Google Search,$150K+
C000206,CL008,Luna Nelson,Lake City,FL,32514,2023-04-14,Yes,Email,Social Media,<$50K
C000207,CL012,Ashley Johnson,Miami,FL,32819,2023-05-13,Yes,SMS,Community Event,$75K-$99K
C000208,CL003,Noah Allen,Pensacola,FL,32509,2019-07-23,Yes,Email,Google Search,$75K-$99K
C000209,CL009,Rachel Ramirez,Orlando,FL,32275,2021-04-04,Yes,Phone,Existing Client,<$50K
C000210,CL002,Ryan Allen,Alachua,FL,32233,2021-09-29,No,SMS,Social Media,$75K-$99K
C000211,CL009,Luna Wright,St. Petersburg,FL,32967,2018-08-17,Yes,SMS,Existing Client,$150K+
C000212,CL001,Kevin Johnson,Palm Coast,FL,32713,2020-02-14,Yes,Phone,Social Media,$75K-$99K
C000213,CL009,Liam Walker,Lakeland,FL,34284,2020-10-14,Yes,SMS,Referral,$100K-$149K
C000214,CL004,Sarah Perez,Palm Coast,FL,34761,2018-02-16,Yes,Email,Community Event,$50K-$74K
C000215,CL003,Charlotte Young,Tampa,FL,34911,2022-08-23,Yes,Email,Existing Client,$100K-$149K
C000216,CL006,Sarah Jones,Tampa,FL,33800,2022-12-20,Yes,SMS,Social Media,$100K-$149K
C000217,CL011,Charlotte White,Alachua,FL,33668,2022-07-24,No,SMS,Referral,$100K-$149K
C000218,CL010,Mia Perez,Tampa,FL,33936,2018-05-11,No,SMS,Social Media,<$50K
C000219,CL002,Grace Mitchell,Orlando,FL,33557,2021-11-03,No,SMS,Community Event,$50K-$74K
C000220,CL005,Charlotte Perez,Clearwater,FL,33226,2022-01-17,Yes,Phone,Walk-In,$75K-$99K
C000221,CL009,Jack Young,Newberry,FL,33780,2018-12-22,Yes,SMS,Google Search,<$50K
C000222,CL011,Chloe Brown,Palm Coast,FL,32575,2018-10-06,No,SMS,Existing Client,$100K-$149K
C000223,CL006,Amanda Garcia,Boca Raton,FL,33522,2019-09-19,Yes,SMS,Google Search,$150K+
C000224,CL008,Benjamin Miller,Tampa,FL,34529,2018-12-31,No,Email,Referral,<$50K
C000225,CL006,Liam Nguyen,Fort Myers,FL,33168,2021-12-24,Yes,SMS,Walk-In,$150K+
C000226,CL002,Lauren Garcia,Newberry,FL,32848,2022-03-10,Yes,SMS,Walk-In,$100K-$149K
C000227,CL004,Olivia Hill,Boca Raton,FL,32741,2023-11-02,No,Email,Walk-In,$150K+
C000228,CL005,Megan Nelson,Gainesville,FL,34886,2018-07-25,Yes,Phone,Referral,$75K-$99K
C000229,CL002,Camila Hernandez,Ocala,FL,34330,2020-11-28,Yes,Phone,Referral,$100K-$149K
C000230,CL004,Camila Torres,Ocala,FL,34030,2023-04-07,Yes,Phone,Google Search,$150K+
C000231,CL006,Robert Green,Jacksonville,FL,34866,2023-04-07,Yes,Phone,Social Media,$150K+
C000232,CL008,Audrey Baker,Orlando,FL,34386,2021-04-10,Yes,Email,Community Event,$50K-$74K
C000233,CL004,Michael Rodriguez,Miami,FL,32932,2020-11-10,Yes,SMS,Google Search,$100K-$149K
C000234,CL011,Logan Martinez,Orlando,FL,34393,2018-11-19,Yes,SMS,Referral,$75K-$99K
C000235,CL008,Rachel Johnson,Palm Coast,FL,34355,2023-06-15,No,SMS,Walk-In,$100K-$149K
C000236,CL009,Ava Roberts,Alachua,FL,34715,2020-04-12,Yes,Phone,Community Event,$100K-$149K
C000237,CL007,Megan Rivera,Newberry,FL,34046,2023-02-23,Yes,SMS,Existing Client,$100K-$149K
C000238,CL006,Amelia Wilson,Newberry,FL,34845,2020-02-27,Yes,Phone,Community Event,<$50K
C000239,CL009,James Garcia,Boca Raton,FL,32320,2022-07-30,Yes,SMS,Referral,<$50K
C000240,CL001,Elijah Lewis,Sarasota,FL,34257,2023-10-21,No,SMS,Existing Client,$100K-$149K
C000241,CL001,Rachel Carter,Lake City,FL,32667,2020-04-26,Yes,Phone,Walk-In,$150K+
C000242,CL011,Mason Thompson,Lake City,FL,34168,2018-04-04,Yes,Phone,Google Search,$100K-$149K
C000243,CL003,Rachel Ramirez,Tampa,FL,34517,2021-12-03,Yes,Email,Community Event,$50K-$74K
C000244,CL011,Ethan Miller,Gainesville,FL,34185,2019-12-20,Yes,Email,Community Event,$50K-$74K
C000245,CL001,Logan Williams,Sarasota,FL,34000,2019-03-12,No,SMS,Social Media,$50K-$74K
C000246,CL011,Megan Lewis,Lake City,FL,34777,2021-05-05,Yes,SMS,Social Media,$100K-$149K
C000247,CL012,Ryan Hall,Delray Beach,FL,32884,2023-03-23,Yes,SMS,Social Media,<$50K
C000248,CL004,Jessica Hall,Tampa,FL,32988,2018-03-25,Yes,SMS,Referral,$50K-$74K
C000249,CL012,Daniel Baker,Delray Beach,FL,32752,2021-05-13,No,SMS,Community Event,$100K-$149K
C000250,CL009,Lucas Mitchell,Palm Coast,FL,33790,2022-04-28,No,SMS,Existing Client,$50K-$74K
C000251,CL007,Evelyn Allen,St. Petersburg,FL,32817,2023-02-08,Yes,Phone,Existing Client,$75K-$99K
C000252,CL011,Amanda Moore,Tallahassee,FL,34214,2022-12-06,Yes,SMS,Google Search,$100K-$149K
C000253,CL012,Olivia Thomas,Newberry,FL,32812,2018-10-04,Yes,SMS,Social Media,$75K-$99K
C000254,CL012,Logan Nelson,Clearwater,FL,32830,2018-10-21,Yes,Email,Community Event,$50K-$74K
C000255,CL005,Nick Allen,Orlando,FL,32962,2018-05-27,Yes,Email,Walk-In,$50K-$74K
C000256,CL005,Ethan Clark,Delray Beach,FL,34889,2021-07-29,No,SMS,Walk-In,$50K-$74K
C000257,CL010,Megan Martinez,Fort Myers,FL,33484,2020-12-07,Yes,SMS,Existing Client,$50K-$74K
C000258,CL005,Emily Jones,Jacksonville,FL,32772,2022-06-25,Yes,Email,Existing Client,$50K-$74K
C000259,CL009,Ethan Perez,Newberry,FL,34782,2023-12-03,Yes,Email,Social Media,$50K-$74K
C000260,CL008,Mia Lewis,Gainesville,FL,33721,2020-07-31,Yes,SMS,Google Search,$100K-$149K
C000261,CL006,Evelyn Green,Tallahassee,FL,32639,2018-12-29,Yes,SMS,Existing Client,<$50K
C000262,CL011,Harper Carter,Clearwater,FL,33293,2023-08-04,Yes,SMS,Walk-In,$100K-$149K
C000263,CL009,Mason Lewis,Newberry,FL,32156,2018-05-21,No,Phone,Social Media,$100K-$149K
C000264,CL006,Emma Smith,Jacksonville,FL,34122,2018-07-20,Yes,Email,Referral,$100K-$149K
C000265,CL006,Kevin Adams,Boca Raton,FL,34590,2021-06-19,Yes,SMS,Google Search,$75K-$99K
C000266,CL008,Lauren Gonzalez,Newberry,FL,34055,2023-10-20,Yes,Phone,Google Search,$75K-$99K
C000267,CL008,Sophia Williams,Alachua,FL,34922,2023-07-20,No,SMS,Community Event,<$50K
C000268,CL004,Audrey Davis,Jacksonville,FL,32803,2021-04-03,Yes,SMS,Referral,$75K-$99K
C000269,CL007,Sarah Mitchell,Miami,FL,32275,2021-02-04,Yes,SMS,Referral,$75K-$99K
C000270,CL009,Lauren Lopez,Naples,FL,32804,2021-07-24,Yes,Phone,Walk-In,$75K-$99K
C000271,CL002,Robert Williams,Tampa,FL,34058,2023-06-21,Yes,Phone,Google Search,$100K-$149K
C000272,CL005,Jason Scott,Lake City,FL,33979,2018-10-13,No,Email,Social Media,<$50K
C000273,CL003,Logan Jackson,Fort Myers,FL,34241,2021-01-08,Yes,SMS,Social Media,$150K+
C000274,CL005,Noah Lee,Newberry,FL,32104,2018-08-28,Yes,SMS,Existing Client,<$50K
C000275,CL011,Ethan Hall,St. Petersburg,FL,32669,2020-11-12,Yes,Phone,Referral,$100K-$149K
C000276,CL005,Logan Taylor,Sarasota,FL,33822,2018-10-29,No,Phone,Walk-In,$75K-$99K
C000277,CL009,Benjamin Miller,Tampa,FL,34648,2023-11-10,Yes,SMS,Social Media,$100K-$149K
C000278,CL009,Sarah Moore,Ocala,FL,34946,2023-11-19,No,Phone,Existing Client,$75K-$99K
C000279,CL003,Isabella Baker,Fort Myers,FL,32568,2019-07-26,Yes,Phone,Walk-In,<$50K
C000280,CL011,David Campbell,Naples,FL,32352,2018-04-12,No,SMS,Referral,$50K-$74K
C000281,CL007,Nick Lopez,Lakeland,FL,33899,2022-08-23,No,SMS,Walk-In,$150K+
C000282,CL012,Amanda Brown,Alachua,FL,33307,2020-02-24,Yes,Email,Walk-In,$150K+
C000283,CL010,Logan Martinez,Newberry,FL,32172,2020-01-08,No,SMS,Google Search,$50K-$74K
C000284,CL002,Rachel Hill,St. Petersburg,FL,32935,2020-03-03,Yes,Email,Walk-In,<$50K
C000285,CL010,Noah Wright,Tampa,FL,32211,2020-01-13,No,Phone,Existing Client,$75K-$99K
C000286,CL003,Ryan Garcia,Fort Myers,FL,32308,2023-07-30,No,Email,Existing Client,$50K-$74K
C000287,CL003,Sophia Brown,Naples,FL,32019,2018-10-09,No,Email,Existing Client,$50K-$74K
C000288,CL012,Evelyn Martinez,Tallahassee,FL,34345,2020-06-28,Yes,Phone,Walk-In,$150K+
C000289,CL005,Mateo Rodriguez,Lakeland,FL,34143,2020-04-10,Yes,Email,Referral,<$50K
C000290,CL012,Charlotte Robinson,Boca Raton,FL,34031,2018-11-12,Yes,Phone,Google Search,$100K-$149K
C000291,CL011,Grace Roberts,Boca Raton,FL,34305,2020-02-04,Yes,SMS,Referral,$100K-$149K
C000292,CL011,Robert Perez,Newberry,FL,34130,2020-12-14,Yes,Email,Existing Client,$50K-$74K
C000293,CL012,Jack Flores,Orlando,FL,32360,2023-01-06,Yes,Phone,Social Media,$50K-$74K
C000294,CL004,Ella Johnson,Gainesville,FL,33854,2018-08-23,Yes,SMS,Referral,<$50K
C000295,CL003,Ethan Clark,Fort Myers,FL,34923,2022-11-05,No,SMS,Social Media,$50K-$74K
C000296,CL011,Jessica Baker,Tallahassee,FL,32116,2022-10-01,Yes,Phone,Walk-In,$50K-$74K
C000297,CL012,Jack Green,Lakeland,FL,34198,2021-08-17,Yes,Email,Google Search,<$50K
C000298,CL003,Mateo Williams,Fort Myers,FL,34928,2019-01-29,Yes,Phone,Google Search,$75K-$99K
C000299,CL004,Mia Adams,Gainesville,FL,32979,2019-07-01,Yes,SMS,Community Event,$75K-$99K
C000300,CL003,Audrey Davis,Gainesville,FL,34496,2019-02-03,Yes,SMS,Social Media,$50K-$74K
C000301,CL003,Robert White,Tallahassee,FL,32038,2020-12-27,Yes,Phone,Social Media,<$50K
C000302,CL003,Jackson Allen,Miami,FL,34136,2019-02-11,Yes,SMS,Referral,$50K-$74K
C000303,CL009,Sofia Ramirez,Miami,FL,34449,2019-01-13,Yes,Phone,Existing Client,$150K+
C000304,CL002,Amelia Nelson,Miami,FL,33514,2021-07-24,Yes,Phone,Walk-In,$75K-$99K
C000305,CL001,James Lewis,Boca Raton,FL,33314,2020-10-14,Yes,Phone,Existing Client,$75K-$99K
C000306,CL011,Amelia Nelson,Fort Myers,FL,34501,2022-02-09,No,SMS,Referral,$100K-$149K
C000307,CL008,Megan Brown,Delray Beach,FL,33272,2020-09-06,Yes,Email,Social Media,$100K-$149K
C000308,CL006,Luna Clark,St. Petersburg,FL,34334,2022-01-03,No,SMS,Walk-In,<$50K
C000309,CL004,Lucas Hill,Newberry,FL,32003,2020-12-09,Yes,Email,Social Media,$75K-$99K
C000310,CL002,David Clark,Miami,FL,33616,2022-06-17,No,Phone,Existing Client,$100K-$149K
C000311,CL012,Robert Green,Lakeland,FL,34655,2023-05-07,Yes,SMS,Google Search,$75K-$99K
C000312,CL010,Luna Martinez,Pensacola,FL,34203,2019-03-15,Yes,SMS,Existing Client,$150K+
C000313,CL011,Camila Mitchell,Ocala,FL,32103,2020-07-14,Yes,Email,Walk-In,$75K-$99K
C000314,CL002,James Ramirez,Boca Raton,FL,34438,2020-04-07,Yes,Email,Existing Client,<$50K
C000315,CL007,Ryan Baker,Newberry,FL,33264,2018-07-11,Yes,Phone,Referral,$75K-$99K
C000316,CL008,Ryan Nelson,Boca Raton,FL,34301,2019-04-26,Yes,SMS,Referral,$50K-$74K
C000317,CL005,Charlotte King,Fort Myers,FL,34611,2022-11-04,Yes,SMS,Walk-In,<$50K
C000318,CL008,Nick Jackson,Jacksonville,FL,32361,2021-01-03,Yes,SMS,Social Media,$75K-$99K
C000319,CL007,Lauren Mitchell,St. Petersburg,FL,32592,2018-12-15,No,SMS,Community Event,$150K+
C000320,CL008,Grace Flores,Fort Myers,FL,32851,2021-11-03,Yes,SMS,Google Search,$100K-$149K
C000321,CL005,Jessica Moore,Gainesville,FL,32260,2023-05-08,Yes,Email,Community Event,$75K-$99K
C000322,CL002,Sarah Nguyen,Lake City,FL,34361,2020-10-20,Yes,SMS,Walk-In,$75K-$99K
C000323,CL005,Ashley White,Gainesville,FL,34639,2022-02-20,Yes,Email,Existing Client,$100K-$149K
C000324,CL012,Nick Carter,Miami,FL,33551,2021-12-09,Yes,SMS,Community Event,$100K-$149K
C000325,CL007,Amelia Garcia,Jacksonville,FL,33866,2018-03-22,Yes,Phone,Social Media,$150K+
C000326,CL004,Jack Green,Palm Coast,FL,32214,2020-10-14,No,Email,Referral,<$50K
C000327,CL006,Sofia Thompson,Alachua,FL,34471,2022-11-25,Yes,Email,Walk-In,$75K-$99K
C000328,CL001,Harper Vilaihong,Miami,FL,33591,2023-11-17,Yes,SMS,Google Search,<$50K
C000329,CL006,Jackson King,Sarasota,FL,32863,2019-09-12,Yes,SMS,Social Media,$150K+
C000330,CL002,Amanda Jones,Naples,FL,34643,2021-10-08,Yes,SMS,Google Search,<$50K
C000331,CL009,Sarah Hall,Lakeland,FL,34389,2019-02-12,No,SMS,Referral,$150K+
C000332,CL003,Mia Jones,Clearwater,FL,34033,2019-10-16,Yes,SMS,Social Media,$50K-$74K
C000333,CL005,Emma Martin,Fort Myers,FL,34890,2022-09-02,Yes,SMS,Existing Client,$150K+
C000334,CL005,Ethan Walker,Clearwater,FL,32775,2018-12-20,No,SMS,Community Event,$50K-$74K
C000335,CL005,Amelia Wright,Gainesville,FL,33750,2022-08-22,No,SMS,Existing Client,$75K-$99K
C000336,CL009,Evelyn Walker,Clearwater,FL,34080,2018-05-30,Yes,Phone,Google Search,$75K-$99K
C000337,CL011,Jessica Lopez,Miami,FL,32047,2020-07-22,No,Phone,Existing Client,$50K-$74K
C000338,CL004,Harper Martinez,Tampa,FL,34511,2023-07-23,No,Phone,Existing Client,$75K-$99K
C000339,CL010,Elijah Hill,Ocala,FL,34416,2019-07-08,No,SMS,Google Search,<$50K
C000340,CL009,Amelia Harris,St. Petersburg,FL,32036,2021-10-17,No,SMS,Existing Client,$50K-$74K
C000341,CL005,Mason Adams,St. Petersburg,FL,34173,2022-07-21,Yes,SMS,Social Media,<$50K
C000342,CL001,Jessica Jones,Lake City,FL,33740,2018-07-21,Yes,SMS,Referral,<$50K
C000343,CL012,Megan Martinez,Pensacola,FL,33336,2019-07-09,Yes,SMS,Referral,$150K+
C000344,CL003,Mia Torres,Palm Coast,FL,32503,2020-05-28,No,SMS,Google Search,$50K-$74K
C000345,CL006,Jackson Thomas,Alachua,FL,32529,2022-01-15,Yes,Email,Social Media,$150K+
C000346,CL005,Amanda Adams,Palm Coast,FL,32302,2018-03-07,Yes,Email,Walk-In,$150K+
C000347,CL011,Luna Moore,Palm Coast,FL,33048,2022-11-28,No,Email,Walk-In,<$50K
C000348,CL004,Amanda Garcia,Newberry,FL,33150,2023-06-04,Yes,Phone,Walk-In,<$50K
C000349,CL005,Henry White,Tampa,FL,33034,2019-05-18,No,Email,Community Event,$75K-$99K
C000350,CL009,Chloe Clark,Tampa,FL,33428,2022-10-26,Yes,Phone,Social Media,$75K-$99K
C000351,CL001,Megan Vilaihong,Boca Raton,FL,33737,2018-11-14,Yes,SMS,Referral,$100K-$149K
C000352,CL008,Mason Campbell,Newberry,FL,32136,2020-09-04,Yes,Phone,Google Search,$75K-$99K
C000353,CL004,Michael Moore,Lake City,FL,34392,2020-07-24,No,SMS,Community Event,$75K-$99K
C000354,CL012,Luna Mitchell,Naples,FL,33551,2021-08-12,Yes,Email,Google Search,$150K+
C000355,CL007,Noah Wilson,Jacksonville,FL,33252,2023-07-05,Yes,SMS,Existing Client,$50K-$74K
C000356,CL001,Jack Martin,St. Petersburg,FL,33329,2022-03-21,No,Phone,Google Search,$150K+
C000357,CL006,Amelia Moore,Sarasota,FL,33089,2023-11-24,Yes,SMS,Walk-In,$150K+
C000358,CL009,Harper Nguyen,Sarasota,FL,32073,2020-04-07,Yes,SMS,Existing Client,<$50K
C000359,CL012,Lauren Lopez,Naples,FL,34646,2019-05-29,Yes,SMS,Walk-In,$75K-$99K
C000360,CL008,Luna Miller,Gainesville,FL,34457,2020-10-16,Yes,Email,Social Media,$150K+
C000361,CL010,Michael Campbell,Naples,FL,34536,2023-04-01,No,SMS,Existing Client,$50K-$74K
C000362,CL011,Camila Davis,Boca Raton,FL,32053,2023-03-05,Yes,SMS,Referral,$150K+
C000363,CL007,David Garcia,Jacksonville,FL,32832,2020-07-21,Yes,Email,Walk-In,$75K-$99K
C000364,CL007,Elijah Johnson,St. Petersburg,FL,34240,2023-02-26,Yes,SMS,Community Event,$100K-$149K
C000365,CL004,Luna White,Tampa,FL,33745,2018-08-15,Yes,SMS,Referral,<$50K
C000366,CL007,Luna Flores,Delray Beach,FL,34790,2018-08-24,Yes,SMS,Existing Client,$50K-$74K
C000367,CL008,Evelyn Garcia,Gainesville,FL,34150,2020-03-22,Yes,SMS,Referral,<$50K
C000368,CL004,Lauren Jones,Miami,FL,33367,2022-11-30,Yes,SMS,Social Media,$100K-$149K
C000369,CL009,Logan Nguyen,Gainesville,FL,34257,2022-03-09,Yes,SMS,Google Search,$50K-$74K
C000370,CL003,Jackson Vilaihong,Newberry,FL,32506,2023-03-17,Yes,SMS,Social Media,$50K-$74K
C000371,CL009,Mia Garcia,Boca Raton,FL,34609,2020-09-03,Yes,SMS,Social Media,$50K-$74K
C000372,CL007,Rachel Martinez,Naples,FL,32563,2020-05-22,Yes,Email,Walk-In,$100K-$149K
C000373,CL009,Evelyn Moore,Boca Raton,FL,33425,2019-07-27,No,Email,Community Event,<$50K
C000374,CL012,Jackson Vilaihong,Lakeland,FL,32522,2020-12-29,Yes,Phone,Existing Client,$75K-$99K
C000375,CL005,Jessica Young,Delray Beach,FL,32836,2022-09-26,Yes,SMS,Walk-In,$150K+
C000376,CL006,Sofia King,Tallahassee,FL,33489,2018-01-13,Yes,Email,Walk-In,$150K+
C000377,CL011,Amelia Davis,Newberry,FL,32681,2020-09-04,No,Email,Existing Client,$150K+
C000378,CL005,Liam Smith,Boca Raton,FL,33020,2021-12-23,Yes,SMS,Google Search,$100K-$149K
C000379,CL007,Isabella King,Pensacola,FL,32187,2021-02-03,No,SMS,Walk-In,$150K+
C000380,CL002,Emma Smith,Lakeland,FL,34351,2019-05-09,Yes,SMS,Existing Client,$50K-$74K
C000381,CL002,Noah Miller,Ocala,FL,33200,2018-09-13,Yes,SMS,Google Search,<$50K
C000382,CL007,Lauren Thompson,Tallahassee,FL,34208,2022-12-19,No,Phone,Social Media,<$50K
C000383,CL008,Jessica Ramirez,Sarasota,FL,34176,2018-07-18,Yes,SMS,Community Event,<$50K
C000384,CL009,Mason Moore,Pensacola,FL,33854,2023-06-12,Yes,SMS,Community Event,$100K-$149K
C000385,CL003,Henry Wright,Alachua,FL,33773,2019-06-27,No,SMS,Referral,$50K-$74K
C000386,CL012,Jack Adams,Tampa,FL,32884,2021-10-18,Yes,Email,Google Search,$50K-$74K
C000387,CL001,Liam Lopez,Delray Beach,FL,32181,2018-01-25,No,SMS,Community Event,$50K-$74K
C000388,CL011,Megan Davis,Newberry,FL,34442,2022-06-25,Yes,Email,Existing Client,$50K-$74K
C000389,CL001,Harper Perez,Lake City,FL,32543,2023-03-02,Yes,Email,Social Media,$150K+
C000390,CL008,Rachel Perez,Ocala,FL,34475,2018-01-11,Yes,SMS,Social Media,$100K-$149K
C000391,CL008,Daniel Garcia,Gainesville,FL,32104,2018-10-05,Yes,Phone,Existing Client,<$50K
C000392,CL006,Liam Hernandez,Orlando,FL,34059,2019-09-20,Yes,Phone,Existing Client,$75K-$99K
C000393,CL010,Lucas Miller,Tampa,FL,33736,2022-03-03,No,SMS,Social Media,<$50K
C000394,CL007,Jackson Campbell,Boca Raton,FL,33995,2018-11-07,Yes,SMS,Referral,$50K-$74K
C000395,CL006,Logan Mitchell,Tampa,FL,34542,2019-04-26,No,SMS,Social Media,<$50K
C000396,CL006,Jason King,Jacksonville,FL,32714,2021-05-07,No,Phone,Referral,<$50K
C000397,CL002,Jason Harris,Fort Myers,FL,34673,2018-06-20,Yes,Phone,Social Media,<$50K
C000398,CL008,Emily Lopez,Delray Beach,FL,32571,2019-10-30,No,SMS,Referral,$75K-$99K
C000399,CL009,Harper Roberts,Clearwater,FL,33718,2019-05-13,Yes,SMS,Walk-In,$75K-$99K
C000400,CL008,Camila Martin,Newberry,FL,33157,2018-03-28,No,Phone,Referral,<$50K
C000401,CL003,Ashley Carter,Pensacola,FL,34343,2023-03-10,Yes,SMS,Walk-In,$150K+
C000402,CL003,Ryan Nguyen,St. Petersburg,FL,32774,2021-03-26,Yes,SMS,Existing Client,$50K-$74K
C000403,CL001,Robert Perez,Tampa,FL,33472,2022-05-25,Yes,Phone,Google Search,$75K-$99K
C000404,CL011,Megan Davis,Naples,FL,32774,2018-01-23,Yes,Email,Referral,<$50K
C000405,CL001,Ethan Wilson,Pensacola,FL,33158,2020-07-04,Yes,SMS,Community Event,$50K-$74K
C000406,CL007,Noah Miller,Naples,FL,33804,2020-06-11,Yes,SMS,Community Event,$75K-$99K
C000407,CL002,Amanda Mitchell,Alachua,FL,32241,2018-07-02,No,SMS,Existing Client,$150K+
C000408,CL011,Ashley Torres,Lakeland,FL,33454,2023-03-09,Yes,Email,Google Search,$50K-$74K
C000409,CL002,Lauren Wright,Tallahassee,FL,32460,2019-06-18,Yes,Phone,Social Media,$50K-$74K
C000410,CL001,Harper Lee,Fort Myers,FL,32506,2019-07-12,No,Phone,Social Media,<$50K
C000411,CL005,Mason Harris,Palm Coast,FL,34566,2021-07-18,Yes,Email,Google Search,$150K+
C000412,CL003,Ella King,Jacksonville,FL,34858,2018-02-12,No,SMS,Google Search,$50K-$74K
C000413,CL008,Robert Harris,Delray Beach,FL,34889,2021-10-02,No,Email,Google Search,$50K-$74K
C000414,CL001,Kevin Sanchez,St. Petersburg,FL,33589,2020-05-07,Yes,Email,Google Search,<$50K
C000415,CL002,Chloe Campbell,Pensacola,FL,33187,2023-11-24,No,SMS,Social Media,<$50K
C000416,CL003,Jason Robinson,Sarasota,FL,34455,2020-05-08,Yes,Phone,Existing Client,$75K-$99K
C000417,CL001,Jason Jackson,Orlando,FL,32498,2020-04-24,No,Email,Referral,$75K-$99K
C000418,CL007,Kevin Williams,Pensacola,FL,32851,2018-08-30,Yes,SMS,Community Event,$50K-$74K
C000419,CL006,Henry Roberts,Tampa,FL,32291,2020-01-22,Yes,SMS,Social Media,$75K-$99K
C000420,CL003,Elijah Nguyen,Gainesville,FL,33762,2019-10-07,Yes,Phone,Google Search,$75K-$99K
C000421,CL002,Jason Lee,Naples,FL,32263,2020-12-24,Yes,SMS,Existing Client,$100K-$149K
C000422,CL009,Lucas Flores,Lakeland,FL,32771,2019-12-23,No,Email,Community Event,$75K-$99K
C000423,CL011,Evelyn Nelson,Alachua,FL,32703,2022-12-06,Yes,SMS,Walk-In,<$50K
C000424,CL004,Harper Williams,Naples,FL,32137,2023-03-10,Yes,Email,Walk-In,$100K-$149K
C000425,CL010,Nick Sanchez,Alachua,FL,32565,2018-10-13,Yes,Phone,Community Event,$50K-$74K
C000426,CL001,David Harris,Jacksonville,FL,32079,2022-01-18,No,SMS,Referral,$100K-$149K
C000427,CL003,Elijah Gonzalez,Tampa,FL,32069,2023-04-30,Yes,Phone,Existing Client,$75K-$99K
C000428,CL003,Isabella Wilson,Tallahassee,FL,33674,2019-02-23,No,SMS,Community Event,$75K-$99K
C000429,CL010,Evelyn Jones,Naples,FL,34638,2022-12-12,No,Phone,Walk-In,$100K-$149K
C000430,CL005,Lucas Hall,Pensacola,FL,32260,2018-11-20,No,SMS,Community Event,$50K-$74K
C000431,CL004,Sarah Hernandez,Jacksonville,FL,34730,2022-11-02,No,SMS,Google Search,$50K-$74K
C000432,CL009,Lucas Adams,Delray Beach,FL,32966,2018-09-22,Yes,Email,Existing Client,$100K-$149K
C000433,CL008,Michael Jackson,Pensacola,FL,32167,2019-04-19,Yes,Phone,Community Event,$50K-$74K
C000434,CL011,Jackson Davis,Lake City,FL,33961,2018-03-07,Yes,Phone,Social Media,<$50K
C000435,CL007,Lucas Smith,St. Petersburg,FL,33214,2022-10-31,No,SMS,Social Media,$75K-$99K
C000436,CL007,Mason Mitchell,Delray Beach,FL,33903,2020-06-04,No,SMS,Social Media,$50K-$74K
C000437,CL008,Henry Anderson,Tallahassee,FL,33248,2019-02-17,Yes,SMS,Social Media,$150K+
C000438,CL011,Nick Nguyen,Sarasota,FL,33297,2022-10-07,Yes,Phone,Existing Client,$50K-$74K
C000439,CL010,Evelyn Brown,Tampa,FL,32515,2018-09-23,Yes,SMS,Existing Client,$75K-$99K
C000440,CL001,Kevin Moore,Delray Beach,FL,32552,2018-05-08,Yes,Email,Google Search,$50K-$74K
C000441,CL003,Mia Campbell,Orlando,FL,34576,2021-06-28,No,Email,Walk-In,$75K-$99K
C000442,CL003,Sofia Vilaihong,Orlando,FL,34865,2018-02-07,No,SMS,Google Search,$100K-$149K
C000443,CL001,Daniel Clark,Naples,FL,34588,2023-04-18,Yes,SMS,Social Media,$75K-$99K
C000444,CL009,Isabella Hernandez,Orlando,FL,34039,2023-06-18,Yes,SMS,Existing Client,$100K-$149K
C000445,CL008,Sarah Garcia,Tallahassee,FL,33596,2022-04-02,No,SMS,Community Event,$100K-$149K
C000446,CL012,Emily Nelson,St. Petersburg,FL,32909,2022-11-30,Yes,SMS,Walk-In,$50K-$74K
C000447,CL001,Kevin Nelson,Pensacola,FL,33668,2023-03-05,Yes,SMS,Walk-In,$50K-$74K
C000448,CL005,Ella Scott,Boca Raton,FL,32138,2023-03-08,Yes,SMS,Social Media,$150K+
C000449,CL010,Jason Brown,Tampa,FL,32644,2023-04-25,No,Email,Community Event,$100K-$149K
C000450,CL011,Sarah Lee,Sarasota,FL,34446,2022-05-08,Yes,SMS,Social Media,$50K-$74K
C000451,CL005,Sophia Hill,Miami,FL,33124,2019-01-04,Yes,SMS,Existing Client,$50K-$74K
C000452,CL006,Ethan Walker,Palm Coast,FL,32574,2023-06-01,Yes,Phone,Referral,$150K+
C000453,CL009,Camila Sanchez,St. Petersburg,FL,34713,2021-09-27,No,Phone,Google Search,$100K-$149K
C000454,CL010,Daniel Wright,Sarasota,FL,33749,2018-08-16,Yes,Phone,Community Event,$100K-$149K
C000455,CL008,James Walker,St. Petersburg,FL,34011,2020-03-11,Yes,SMS,Walk-In,$75K-$99K
C000456,CL007,Daniel Hill,Boca Raton,FL,34287,2019-03-29,No,Phone,Google Search,$75K-$99K
C000457,CL006,Harper Martinez,Fort Myers,FL,34795,2023-02-23,Yes,SMS,Google Search,$100K-$149K
C000458,CL012,Sarah Ramirez,Fort Myers,FL,33733,2021-12-19,No,Phone,Social Media,$50K-$74K
C000459,CL009,Luna Thomas,Ocala,FL,32754,2021-10-02,Yes,Phone,Referral,$75K-$99K
C000460,CL011,Grace Baker,Delray Beach,FL,32916,2018-10-24,Yes,SMS,Existing Client,$100K-$149K
C000461,CL003,Mia Allen,Delray Beach,FL,32877,2019-05-04,Yes,Email,Social Media,$50K-$74K
C000462,CL005,Kevin Smith,Orlando,FL,34534,2019-07-18,No,SMS,Google Search,<$50K
C000463,CL002,Michael Williams,Newberry,FL,34758,2022-02-07,No,Phone,Community Event,$150K+
C000464,CL011,Noah Hernandez,Gainesville,FL,33784,2018-08-19,No,Phone,Social Media,<$50K
C000465,CL006,Benjamin Brown,Pensacola,FL,34226,2019-04-20,Yes,SMS,Community Event,$75K-$99K
C000466,CL007,Jason Lewis,Miami,FL,34504,2022-07-19,Yes,SMS,Community Event,<$50K
C000467,CL012,Jack Garcia,Delray Beach,FL,34792,2022-10-30,Yes,Phone,Social Media,$150K+
C000468,CL001,Ryan Adams,Pensacola,FL,32999,2022-09-15,Yes,SMS,Existing Client,$75K-$99K
C000469,CL001,Camila Hill,Lake City,FL,32137,2018-11-17,No,SMS,Existing Client,$150K+
C000470,CL005,Benjamin Young,Tampa,FL,32761,2018-07-16,Yes,Phone,Existing Client,$75K-$99K
C000471,CL011,Ryan Nelson,Lakeland,FL,32555,2018-10-04,No,SMS,Existing Client,$100K-$149K
C000472,CL011,Rachel Ramirez,Naples,FL,34477,2023-03-27,Yes,Phone,Community Event,<$50K
C000473,CL002,Grace Rodriguez,Naples,FL,34729,2021-02-17,No,Email,Existing Client,$50K-$74K
C000474,CL005,Olivia Nelson,Palm Coast,FL,34716,2023-08-02,No,SMS,Walk-In,$50K-$74K
C000475,CL006,Grace Lewis,Boca Raton,FL,34829,2022-03-30,Yes,SMS,Walk-In,<$50K
C000476,CL007,Sofia Roberts,Jacksonville,FL,34507,2019-12-22,No,Phone,Walk-In,$100K-$149K
C000477,CL004,Ryan Green,St. Petersburg,FL,32963,2020-07-17,No,SMS,Social Media,<$50K
C000478,CL011,Olivia Scott,Naples,FL,33198,2021-03-21,Yes,Phone,Referral,$50K-$74K
C000479,CL009,Benjamin Wright,Lakeland,FL,32297,2022-04-07,No,SMS,Social Media,$100K-$149K
C000480,CL012,Harper Mitchell,Gainesville,FL,33394,2020-04-02,Yes,SMS,Existing Client,$50K-$74K
C000481,CL005,David Young,Tallahassee,FL,33742,2021-03-23,Yes,Email,Social Media,$50K-$74K
C000482,CL011,Mason Lewis,Clearwater,FL,32351,2019-01-02,Yes,Email,Walk-In,$150K+
C000483,CL009,Lucas Martin,Boca Raton,FL,34602,2022-12-07,Yes,SMS,Referral,$75K-$99K
C000484,CL010,Ryan Jones,St. Petersburg,FL,33635,2023-10-19,Yes,Email,Social Media,$50K-$74K
C000485,CL002,Mason Carter,Newberry,FL,33886,2018-08-21,Yes,SMS,Referral,$50K-$74K
C000486,CL010,Michael Walker,Fort Myers,FL,32273,2019-08-23,No,SMS,Community Event,$100K-$149K
C000487,CL002,Ryan Hall,Delray Beach,FL,34592,2019-02-02,Yes,SMS,Walk-In,$100K-$149K
C000488,CL007,Ashley Anderson,Boca Raton,FL,34821,2022-04-26,Yes,SMS,Existing Client,<$50K
C000489,CL012,Mason Thomas,Lake City,FL,32558,2023-12-06,No,Phone,Google Search,$150K+
C000490,CL006,Jackson Gonzalez,Delray Beach,FL,32218,2023-11-28,No,Phone,Community Event,$100K-$149K
C000491,CL012,Henry Adams,Pensacola,FL,32166,2023-03-22,Yes,Phone,Existing Client,$150K+
C000492,CL003,Megan Robinson,Newberry,FL,34646,2021-12-28,No,Email,Existing Client,<$50K
C000493,CL002,Jack Allen,Clearwater,FL,32637,2023-06-21,No,Phone,Community Event,$75K-$99K
C000494,CL007,Noah Allen,Lakeland,FL,34293,2022-03-17,No,Phone,Referral,$150K+
C000495,CL004,Elijah Garcia,Miami,FL,33643,2022-01-18,No,SMS,Community Event,<$50K
C000496,CL010,Isabella Green,Sarasota,FL,32953,2020-08-18,No,SMS,Community Event,$100K-$149K
C000497,CL009,Isabella Smith,Sarasota,FL,32549,2018-03-10,Yes,Email,Referral,$100K-$149K
C000498,CL006,Chloe Martinez,Sarasota,FL,33790,2019-05-16,Yes,SMS,Google Search,<$50K
C000499,CL003,Ava Perez,Orlando,FL,32834,2020-03-14,Yes,SMS,Google Search,$150K+
C000500,CL001,Ethan Wright,Delray Beach,FL,33461,2022-05-25,Yes,SMS,Existing Client,<$50K
C000501,CL004,Amanda Vilaihong,Delray Beach,FL,34323,2020-01-16,No,SMS,Referral,$75K-$99K
C000502,CL001,Emma Green,Jacksonville,FL,33607,2021-02-14,No,SMS,Social Media,$150K+
C000503,CL001,Robert White,Clearwater,FL,33831,2023-02-13,Yes,SMS,Google Search,<$50K
C000504,CL011,Daniel Johnson,Orlando,FL,32166,2021-01-12,Yes,Email,Existing Client,$100K-$149K
C000505,CL009,Camila Young,Lakeland,FL,33874,2022-06-19,Yes,Email,Google Search,<$50K
C000506,CL006,Henry Thompson,Pensacola,FL,34909,2023-08-10,Yes,Phone,Referral,$100K-$149K
C000507,CL012,Chloe Thompson,Newberry,FL,33080,2023-02-01,Yes,SMS,Google Search,<$50K
C000508,CL005,James Campbell,Naples,FL,33159,2019-04-20,Yes,Phone,Referral,$150K+
C000509,CL007,Amanda Clark,Jacksonville,FL,33451,2022-11-07,Yes,SMS,Existing Client,$100K-$149K
C000510,CL008,Lauren Vilaihong,Gainesville,FL,32343,2020-09-05,No,SMS,Community Event,$75K-$99K
C000511,CL010,Ryan Walker,Boca Raton,FL,32246,2018-08-26,No,Phone,Walk-In,$75K-$99K
C000512,CL011,Emma Hill,Boca Raton,FL,32755,2022-04-10,No,SMS,Google Search,$100K-$149K
C000513,CL012,Sophia Adams,Pensacola,FL,34292,2021-06-12,No,SMS,Referral,$75K-$99K
C000514,CL009,Mason Rodriguez,Pensacola,FL,33645,2021-04-13,Yes,Phone,Existing Client,$150K+
C000515,CL007,Emily Johnson,Tallahassee,FL,33704,2023-06-24,Yes,SMS,Google Search,$50K-$74K
C000516,CL004,Henry Anderson,Fort Myers,FL,34803,2019-03-24,Yes,SMS,Google Search,$100K-$149K
C000517,CL003,Liam Lewis,Tallahassee,FL,32441,2020-12-11,Yes,SMS,Existing Client,<$50K
C000518,CL003,Jack Miller,Naples,FL,32877,2023-01-30,Yes,Phone,Social Media,$75K-$99K
C000519,CL011,Sofia Garcia,St. Petersburg,FL,33792,2020-11-02,Yes,Phone,Google Search,$50K-$74K
C000520,CL005,James Wilson,Clearwater,FL,34930,2021-03-19,Yes,SMS,Social Media,$75K-$99K
C000521,CL004,Megan Green,Tallahassee,FL,32127,2020-05-09,Yes,SMS,Google Search,$100K-$149K
C000522,CL003,Emma Robinson,Orlando,FL,32615,2022-02-18,No,SMS,Social Media,$150K+
C000523,CL012,Olivia Rodriguez,Miami,FL,33355,2019-01-20,Yes,Phone,Walk-In,$50K-$74K
C000524,CL006,Harper Lee,Alachua,FL,32794,2021-08-09,Yes,Phone,Social Media,$100K-$149K
C000525,CL003,Olivia Rodriguez,Tallahassee,FL,33914,2019-09-08,Yes,SMS,Social Media,$100K-$149K
C000526,CL009,Henry Allen,Sarasota,FL,32157,2021-02-11,Yes,SMS,Existing Client,$100K-$149K
C000527,CL012,Nick Hall,St. Petersburg,FL,34080,2023-07-29,Yes,Phone,Social Media,$150K+
C000528,CL011,Ethan Sanchez,Pensacola,FL,33661,2019-02-04,Yes,Phone,Existing Client,$75K-$99K
C000529,CL004,Megan Baker,Gainesville,FL,34940,2018-02-21,No,SMS,Google Search,<$50K
C000530,CL009,Daniel Roberts,St. Petersburg,FL,34716,2023-12-24,Yes,SMS,Referral,<$50K
C000531,CL011,Ella Brown,St. Petersburg,FL,32960,2019-03-23,Yes,SMS,Referral,$75K-$99K
C000532,CL009,Camila Walker,Gainesville,FL,32624,2020-04-12,No,Email,Social Media,$100K-$149K
C000533,CL010,Lauren Jackson,Tallahassee,FL,34756,2023-01-14,Yes,SMS,Social Media,<$50K
C000534,CL009,Jack Walker,St. Petersburg,FL,34109,2023-11-28,Yes,SMS,Community Event,$150K+
C000535,CL004,Jason Hill,Lake City,FL,32520,2018-04-01,No,SMS,Google Search,$75K-$99K
C000536,CL007,Charlotte Brown,Naples,FL,33618,2022-04-18,Yes,SMS,Community Event,$50K-$74K
C000537,CL003,Kevin Walker,Tallahassee,FL,34788,2022-10-08,Yes,SMS,Walk-In,$50K-$74K
C000538,CL012,Ava Martin,Clearwater,FL,32038,2023-10-28,Yes,SMS,Referral,$100K-$149K
C000539,CL010,Robert Clark,Jacksonville,FL,32779,2020-06-24,Yes,Email,Google Search,$50K-$74K
C000540,CL006,Ethan Lopez,Fort Myers,FL,32746,2023-11-29,Yes,SMS,Referral,$75K-$99K
C000541,CL008,Luna Williams,St. Petersburg,FL,33662,2021-09-04,Yes,SMS,Walk-In,$100K-$149K
C000542,CL006,Jackson Campbell,St. Petersburg,FL,34800,2019-04-11,Yes,Email,Walk-In,$100K-$149K
C000543,CL004,Audrey Hernandez,Lake City,FL,34301,2022-05-25,Yes,Phone,Community Event,$150K+
C000544,CL004,Chloe Mitchell,Palm Coast,FL,33801,2021-04-17,Yes,Phone,Referral,$150K+
C000545,CL002,Sofia Allen,Clearwater,FL,34268,2019-10-10,Yes,SMS,Walk-In,<$50K
C000546,CL004,Ethan Perez,Naples,FL,33449,2021-07-30,No,SMS,Referral,$75K-$99K
C000547,CL007,Ava Walker,Fort Myers,FL,32518,2023-10-24,Yes,Phone,Google Search,$75K-$99K
C000548,CL006,Ashley Moore,Boca Raton,FL,33441,2023-10-13,Yes,Phone,Walk-In,$150K+
C000549,CL009,Sofia Sanchez,Pensacola,FL,34689,2023-05-31,Yes,Email,Walk-In,$50K-$74K
C000550,CL010,Chloe Carter,Ocala,FL,34642,2018-08-09,Yes,SMS,Walk-In,$75K-$99K
C000551,CL011,Jessica Rivera,Tallahassee,FL,34464,2023-07-23,No,SMS,Existing Client,$150K+
C000552,CL010,Chloe Ramirez,Boca Raton,FL,32865,2023-01-22,Yes,SMS,Referral,$100K-$149K
C000553,CL011,Mason Carter,Gainesville,FL,33313,2019-11-28,Yes,SMS,Walk-In,$75K-$99K
C000554,CL008,Ryan Wilson,Lake City,FL,34172,2022-06-05,Yes,Email,Walk-In,$150K+
C000555,CL010,Camila Davis,Tampa,FL,34371,2021-03-25,Yes,SMS,Existing Client,$75K-$99K
C000556,CL010,Camila Nelson,Miami,FL,32080,2020-01-20,Yes,SMS,Community Event,$150K+
C000557,CL006,Jessica Jackson,Lakeland,FL,32775,2023-06-21,Yes,SMS,Social Media,<$50K
C000558,CL012,Emma Moore,Palm Coast,FL,34131,2022-11-06,Yes,SMS,Google Search,$100K-$149K
C000559,CL010,Logan Robinson,Boca Raton,FL,32011,2019-05-11,No,Email,Referral,$75K-$99K
C000560,CL009,Harper Brown,Boca Raton,FL,33308,2023-12-13,Yes,Email,Existing Client,$150K+
C000561,CL010,Jackson White,Lakeland,FL,32668,2018-08-30,No,SMS,Community Event,$75K-$99K
C000562,CL004,Ava Davis,Lake City,FL,33338,2020-01-02,Yes,SMS,Community Event,$150K+
C000563,CL002,Jessica Young,Miami,FL,33908,2018-03-02,No,Phone,Referral,$75K-$99K
C000564,CL007,Sofia Vilaihong,Delray Beach,FL,32138,2024-01-01,Yes,SMS,Referral,$150K+
C000565,CL002,Noah Hall,Alachua,FL,32675,2023-09-28,Yes,SMS,Community Event,$100K-$149K
C000566,CL005,Sophia Adams,Pensacola,FL,32076,2021-12-19,Yes,SMS,Walk-In,$50K-$74K
C000567,CL003,Liam Campbell,Boca Raton,FL,32472,2022-11-13,No,SMS,Referral,$100K-$149K
C000568,CL006,Ryan Rodriguez,Tallahassee,FL,33817,2020-04-01,Yes,Email,Walk-In,$100K-$149K
C000569,CL005,Jessica Robinson,Gainesville,FL,32333,2020-03-06,Yes,Phone,Referral,$150K+
C000570,CL005,Ava Wright,Orlando,FL,34174,2021-01-12,Yes,SMS,Social Media,<$50K
C000571,CL006,Lucas Lopez,Gainesville,FL,34774,2021-07-31,Yes,Phone,Social Media,$100K-$149K
C000572,CL012,Emma Hall,Delray Beach,FL,32089,2019-04-09,No,SMS,Social Media,<$50K
C000573,CL012,Jessica Robinson,Alachua,FL,32397,2023-01-31,Yes,SMS,Walk-In,$150K+
C000574,CL002,Daniel Miller,Miami,FL,34726,2018-03-06,Yes,Phone,Community Event,$150K+
C000575,CL007,Noah Davis,Delray Beach,FL,32866,2020-06-24,No,Email,Referral,$75K-$99K
C000576,CL002,Ashley Ramirez,Naples,FL,33851,2022-12-11,Yes,Phone,Google Search,$50K-$74K
C000577,CL011,Jessica Hall,Clearwater,FL,33043,2020-07-07,Yes,Phone,Google Search,$50K-$74K
C000578,CL002,Mia Anderson,Lake City,FL,33004,2021-04-04,Yes,Email,Community Event,<$50K
C000579,CL011,Lucas Miller,St. Petersburg,FL,34245,2019-11-01,Yes,SMS,Walk-In,$100K-$149K
C000580,CL009,Audrey Rivera,Gainesville,FL,33582,2019-06-08,Yes,SMS,Existing Client,$150K+
C000581,CL012,Megan Jones,Alachua,FL,32960,2023-08-20,Yes,Email,Existing Client,$50K-$74K
C000582,CL011,Liam Young,Jacksonville,FL,32175,2021-02-14,Yes,SMS,Google Search,<$50K
C000583,CL009,Elijah Wright,Sarasota,FL,32684,2021-06-26,Yes,SMS,Social Media,$100K-$149K
C000584,CL006,Lauren Baker,Palm Coast,FL,34124,2023-04-28,Yes,Email,Walk-In,<$50K
C000585,CL003,Camila Jones,Boca Raton,FL,32230,2020-12-11,Yes,SMS,Social Media,$150K+
C000586,CL003,David Harris,Fort Myers,FL,32114,2021-01-03,No,SMS,Google Search,$50K-$74K
C000587,CL001,Benjamin Robinson,Tallahassee,FL,34122,2020-10-29,Yes,Email,Existing Client,$50K-$74K
C000588,CL012,Henry Williams,Fort Myers,FL,33214,2020-01-15,Yes,SMS,Existing Client,$50K-$74K
C000589,CL012,Sofia Roberts,Pensacola,FL,34225,2022-01-13,Yes,Phone,Google Search,$50K-$74K
C000590,CL005,Jackson Walker,Jacksonville,FL,33650,2023-05-07,Yes,Email,Referral,$50K-$74K
C000591,CL001,Luna Green,St. Petersburg,FL,32962,2018-07-25,No,Email,Referral,<$50K
C000592,CL007,Lucas Thompson,Tallahassee,FL,34479,2019-12-17,No,Email,Existing Client,$75K-$99K
C000593,CL009,Sofia Mitchell,Lakeland,FL,33292,2019-05-22,Yes,SMS,Community Event,$150K+
C000594,CL003,Mateo Martinez,Alachua,FL,32599,2020-04-01,Yes,SMS,Walk-In,$50K-$74K
C000595,CL007,Ella White,Gainesville,FL,32390,2021-11-21,Yes,Email,Community Event,$75K-$99K
C000596,CL005,David Sanchez,Sarasota,FL,34102,2020-04-07,No,Phone,Existing Client,<$50K
C000597,CL004,Jackson Adams,Fort Myers,FL,33800,2022-06-22,Yes,SMS,Walk-In,$100K-$149K
C000598,CL006,Michael Wright,Palm Coast,FL,33015,2022-01-03,Yes,Email,Google Search,$100K-$149K
C000599,CL011,Olivia Martinez,Clearwater,FL,33958,2022-02-26,Yes,Email,Referral,$75K-$99K
C000600,CL011,Amelia Lewis,Orlando,FL,32914,2022-08-23,Yes,Phone,Google Search,$100K-$149K
C000601,CL012,Audrey Nguyen,Naples,FL,34077,2020-08-10,Yes,Phone,Google Search,$150K+
C000602,CL002,Grace Jackson,Lake City,FL,32523,2021-11-05,No,SMS,Walk-In,$50K-$74K
C000603,CL002,Isabella Martin,Gainesville,FL,32816,2022-10-01,Yes,SMS,Google Search,<$50K
C000604,CL006,Isabella Roberts,Lakeland,FL,32780,2020-02-04,Yes,Email,Social Media,$75K-$99K
C000605,CL007,Jack Gonzalez,Newberry,FL,32657,2021-01-10,No,SMS,Walk-In,$100K-$149K
C000606,CL006,Audrey Wilson,Delray Beach,FL,34797,2022-12-29,Yes,Email,Walk-In,<$50K
C000607,CL001,Daniel Adams,Delray Beach,FL,33547,2022-08-01,Yes,Email,Existing Client,$75K-$99K
C000608,CL001,Jessica Moore,Lake City,FL,33490,2020-01-20,No,SMS,Existing Client,<$50K
C000609,CL007,Emma Thompson,Naples,FL,32138,2019-12-05,No,SMS,Google Search,$75K-$99K
C000610,CL012,Jack Robinson,Sarasota,FL,34103,2018-06-06,Yes,Email,Community Event,<$50K
C000611,CL012,Mia Gonzalez,Lake City,FL,32463,2021-12-26,No,SMS,Community Event,$75K-$99K
C000612,CL006,Jack King,Ocala,FL,32689,2021-09-23,No,SMS,Community Event,$150K+
C000613,CL007,Jason Scott,Palm Coast,FL,34895,2021-06-11,Yes,SMS,Walk-In,$75K-$99K
C000614,CL005,Harper Mitchell,Miami,FL,34257,2023-03-30,Yes,Email,Community Event,$75K-$99K
C000615,CL003,Lauren Flores,Fort Myers,FL,32117,2018-07-28,No,Email,Google Search,$100K-$149K
C000616,CL002,Jessica Hernandez,Alachua,FL,33011,2018-04-06,Yes,Email,Google Search,$100K-$149K
C000617,CL001,Logan Jones,St. Petersburg,FL,32398,2023-02-14,Yes,Email,Existing Client,$150K+
C000618,CL008,Sofia Campbell,Fort Myers,FL,32187,2020-09-22,No,SMS,Existing Client,$75K-$99K
C000619,CL006,Amanda Gonzalez,Boca Raton,FL,32871,2019-06-06,Yes,SMS,Community Event,$50K-$74K
C000620,CL006,Amelia Wright,Newberry,FL,34704,2023-08-12,No,Email,Existing Client,$100K-$149K
C000621,CL004,Audrey Davis,Tallahassee,FL,34003,2020-10-27,Yes,SMS,Existing Client,<$50K
C000622,CL001,Robert Moore,Lake City,FL,32623,2019-03-27,Yes,SMS,Existing Client,$75K-$99K
C000623,CL001,Lauren Harris,Fort Myers,FL,34861,2020-02-14,Yes,Email,Walk-In,$100K-$149K
C000624,CL001,Ella Robinson,Palm Coast,FL,32084,2023-03-29,No,Phone,Referral,$100K-$149K
C000625,CL001,Audrey Allen,St. Petersburg,FL,32398,2021-11-19,Yes,Phone,Existing Client,$50K-$74K
C000626,CL001,Jason Thompson,Sarasota,FL,32742,2020-10-22,Yes,Email,Referral,$150K+
C000627,CL012,Michael Moore,Fort Myers,FL,32431,2021-09-27,Yes,Email,Walk-In,<$50K
C000628,CL008,Megan Hernandez,Jacksonville,FL,34307,2023-11-01,Yes,SMS,Existing Client,$100K-$149K
C000629,CL004,Harper Thomas,Palm Coast,FL,34227,2023-02-12,Yes,Phone,Google Search,$150K+
C000630,CL005,Chloe Robinson,Orlando,FL,33519,2020-06-13,No,Email,Existing Client,$100K-$149K
C000631,CL004,Ryan Martinez,Pensacola,FL,32978,2022-07-17,No,Phone,Social Media,$150K+
C000632,CL002,David Carter,Tampa,FL,32934,2020-01-03,Yes,SMS,Existing Client,$75K-$99K
C000633,CL004,Jessica Scott,Newberry,FL,32104,2022-11-30,No,Phone,Walk-In,<$50K
C000634,CL008,Sophia Hall,Naples,FL,34158,2021-05-06,No,Email,Community Event,$75K-$99K
C000635,CL007,Sofia Brown,Naples,FL,34586,2022-04-25,Yes,Phone,Walk-In,$100K-$149K
C000636,CL004,David Scott,Pensacola,FL,32960,2018-03-18,Yes,SMS,Existing Client,$100K-$149K
C000637,CL005,Daniel Nelson,Boca Raton,FL,33778,2020-06-25,Yes,Phone,Existing Client,$100K-$149K
C000638,CL004,James Moore,Lake City,FL,34672,2023-05-04,No,Email,Community Event,$100K-$149K
C000639,CL004,Grace Gonzalez,Orlando,FL,33665,2021-02-01,Yes,Email,Referral,$100K-$149K
C000640,CL001,Daniel Young,Alachua,FL,33388,2022-09-15,Yes,SMS,Walk-In,$50K-$74K
C000641,CL006,Camila Walker,Delray Beach,FL,32226,2023-08-24,Yes,SMS,Existing Client,$150K+
C000642,CL010,Jessica Roberts,Alachua,FL,34519,2023-08-01,Yes,SMS,Referral,$50K-$74K
C000643,CL004,Elijah Adams,Jacksonville,FL,32051,2023-04-13,Yes,Email,Social Media,<$50K
C000644,CL005,Ava Perez,Jacksonville,FL,32166,2020-03-23,No,Phone,Walk-In,<$50K
C000645,CL011,Luna Mitchell,Alachua,FL,34145,2022-07-03,Yes,SMS,Walk-In,$150K+
C000646,CL007,Robert Flores,Alachua,FL,33826,2018-08-19,Yes,SMS,Social Media,$50K-$74K
C000647,CL009,Michael Robinson,Lakeland,FL,34035,2021-01-19,Yes,SMS,Community Event,$100K-$149K
C000648,CL003,Liam Robinson,Miami,FL,34092,2021-11-25,No,Phone,Community Event,$50K-$74K
C000649,CL005,Sophia Brown,Boca Raton,FL,32796,2021-08-31,No,SMS,Existing Client,$75K-$99K
C000650,CL009,Megan Green,Lakeland,FL,32128,2022-07-02,No,SMS,Referral,<$50K
C000651,CL004,Mateo Roberts,Clearwater,FL,32430,2020-07-25,Yes,Email,Community Event,$75K-$99K
C000652,CL011,Chloe Hall,Alachua,FL,34031,2020-08-05,Yes,SMS,Walk-In,$100K-$149K
C000653,CL012,Ethan Hall,St. Petersburg,FL,33940,2023-04-28,No,SMS,Referral,$75K-$99K
C000654,CL003,Audrey Rodriguez,Boca Raton,FL,32810,2018-07-27,No,SMS,Community Event,$150K+
C000655,CL001,Chloe Harris,Delray Beach,FL,34084,2019-07-03,No,Phone,Social Media,$150K+
C000656,CL012,Jason Johnson,Newberry,FL,32927,2017-12-25,No,Phone,Google Search,$150K+
C000657,CL003,Logan Clark,Lakeland,FL,32315,2020-07-31,No,SMS,Community Event,$100K-$149K
C000658,CL010,Jack Martin,Newberry,FL,32100,2019-03-31,Yes,Email,Google Search,$100K-$149K
C000659,CL007,Grace Williams,Miami,FL,34615,2020-02-16,No,Email,Google Search,<$50K
C000660,CL006,Emily King,Lakeland,FL,33407,2018-06-15,Yes,Phone,Referral,$75K-$99K
C000661,CL010,Emma Lee,Alachua,FL,34677,2019-08-04,Yes,SMS,Referral,$100K-$149K
C000662,CL003,Rachel Nguyen,Palm Coast,FL,33877,2023-12-30,No,Email,Walk-In,$75K-$99K
C000663,CL004,Mason Jackson,Tampa,FL,34559,2023-11-04,Yes,SMS,Social Media,$150K+
C000664,CL004,Luna Adams,Jacksonville,FL,34626,2021-09-26,Yes,Phone,Community Event,$100K-$149K
C000665,CL010,Ella Vilaihong,Gainesville,FL,33881,2023-04-13,Yes,Email,Social Media,$75K-$99K
C000666,CL012,Jason Martin,Delray Beach,FL,33514,2020-02-12,Yes,SMS,Walk-In,$100K-$149K
C000667,CL001,Charlotte Thomas,Palm Coast,FL,34167,2022-11-14,Yes,SMS,Social Media,$50K-$74K
C000668,CL002,Ashley Adams,Orlando,FL,32683,2019-05-06,No,SMS,Community Event,$100K-$149K
C000669,CL005,Henry Nguyen,Naples,FL,33356,2020-07-23,Yes,Phone,Existing Client,$100K-$149K
C000670,CL005,Mason Sanchez,Sarasota,FL,33284,2022-10-08,Yes,Email,Community Event,$75K-$99K
C000671,CL007,Sophia Harris,St. Petersburg,FL,33921,2020-06-19,No,Phone,Walk-In,$150K+
C000672,CL001,Chloe Garcia,Tallahassee,FL,34158,2022-06-25,No,Email,Existing Client,$75K-$99K
C000673,CL008,Mason Johnson,Ocala,FL,33538,2021-07-16,No,SMS,Walk-In,$75K-$99K
C000674,CL012,Sarah White,Alachua,FL,33626,2023-06-22,Yes,SMS,Social Media,$150K+
C000675,CL003,Nick Lee,Fort Myers,FL,32417,2020-10-30,Yes,Phone,Walk-In,<$50K
C000676,CL001,Ava Johnson,Tallahassee,FL,33873,2022-09-30,Yes,SMS,Google Search,$100K-$149K
C000677,CL011,Jack Martin,Pensacola,FL,33912,2021-01-31,Yes,SMS,Existing Client,$100K-$149K
C000678,CL007,Ashley Carter,Tampa,FL,33378,2019-06-23,No,SMS,Social Media,$50K-$74K
C000679,CL009,Mia Clark,Ocala,FL,32699,2021-01-08,Yes,Email,Walk-In,<$50K
C000680,CL005,James Adams,Delray Beach,FL,33542,2020-05-23,Yes,SMS,Community Event,$150K+
C000681,CL001,Michael Thomas,Alachua,FL,34666,2018-04-17,No,Phone,Existing Client,$100K-$149K
C000682,CL001,Robert Jones,Delray Beach,FL,32198,2018-08-20,No,SMS,Existing Client,$50K-$74K
C000683,CL003,Emily Williams,Tampa,FL,32983,2023-09-09,Yes,SMS,Walk-In,$100K-$149K
C000684,CL012,Audrey Rivera,Sarasota,FL,33084,2020-10-03,Yes,Phone,Existing Client,$100K-$149K
C000685,CL003,Ava Rivera,Ocala,FL,33102,2019-10-09,Yes,Email,Referral,$50K-$74K
C000686,CL007,Noah Martin,Jacksonville,FL,33583,2019-08-19,Yes,SMS,Referral,$75K-$99K
C000687,CL009,Elijah Thompson,Gainesville,FL,33113,2022-08-31,Yes,SMS,Google Search,$50K-$74K
C000688,CL007,Mia Robinson,Naples,FL,32783,2023-02-20,No,SMS,Google Search,$150K+
C000689,CL001,Mason Smith,Alachua,FL,32705,2023-09-19,Yes,SMS,Community Event,$150K+
C000690,CL001,Ashley Rodriguez,Lakeland,FL,33785,2022-12-04,No,Phone,Existing Client,$75K-$99K
C000691,CL012,Amelia Perez,St. Petersburg,FL,34446,2020-07-01,Yes,Phone,Referral,$100K-$149K
C000692,CL005,Henry Roberts,Ocala,FL,32317,2020-12-07,Yes,SMS,Referral,$150K+
C000693,CL009,Mia Jackson,Lake City,FL,32528,2018-09-27,Yes,Phone,Google Search,$150K+
C000694,CL004,Amanda Lee,Palm Coast,FL,34469,2020-05-21,Yes,SMS,Existing Client,$75K-$99K
C000695,CL008,Ryan Vilaihong,Newberry,FL,32713,2023-02-17,No,SMS,Social Media,$50K-$74K
C000696,CL006,Luna Robinson,St. Petersburg,FL,33242,2019-11-05,Yes,SMS,Google Search,<$50K
C000697,CL006,Ryan Lee,Jacksonville,FL,33249,2023-12-05,No,SMS,Walk-In,$100K-$149K
C000698,CL004,Jack Brown,Delray Beach,FL,34869,2020-07-08,Yes,SMS,Walk-In,$100K-$149K
C000699,CL005,Henry Lee,Lakeland,FL,32443,2019-05-19,Yes,SMS,Google Search,$100K-$149K
C000700,CL007,Camila Robinson,Pensacola,FL,34841,2021-08-23,Yes,Phone,Google Search,$150K+
C000701,CL007,Jason Smith,Tallahassee,FL,33862,2020-04-09,Yes,Phone,Walk-In,$100K-$149K
C000702,CL008,Jessica Taylor,Newberry,FL,34903,2022-10-04,Yes,SMS,Referral,$100K-$149K
C000703,CL001,Benjamin King,Orlando,FL,32818,2018-09-28,Yes,SMS,Referral,$100K-$149K
C000704,CL001,Jessica Clark,St. Petersburg,FL,34322,2021-12-31,No,Phone,Existing Client,$75K-$99K
C000705,CL012,Benjamin Garcia,Ocala,FL,33626,2018-06-14,No,SMS,Referral,<$50K
C000706,CL001,Michael Clark,Ocala,FL,32623,2021-07-01,No,SMS,Existing Client,<$50K
C000707,CL005,Lauren Perez,Delray Beach,FL,32194,2023-06-22,Yes,Phone,Existing Client,$50K-$74K
C000708,CL002,Lucas Gonzalez,Lake City,FL,34868,2020-06-15,Yes,Phone,Existing Client,$50K-$74K
C000709,CL008,Audrey Moore,Palm Coast,FL,32349,2020-01-10,Yes,Phone,Social Media,$150K+
C000710,CL005,Benjamin Perez,Orlando,FL,34599,2020-08-05,No,SMS,Google Search,<$50K
C000711,CL006,Sarah Thompson,Alachua,FL,32969,2020-01-28,Yes,SMS,Social Media,$150K+
C000712,CL006,Megan King,Orlando,FL,34151,2020-01-18,Yes,SMS,Walk-In,$100K-$149K
C000713,CL007,Daniel Hill,Clearwater,FL,34351,2023-03-04,Yes,SMS,Social Media,$150K+
C000714,CL011,Liam Harris,Lakeland,FL,34323,2018-11-18,Yes,SMS,Existing Client,$150K+
C000715,CL005,Robert Sanchez,Alachua,FL,34948,2021-11-15,Yes,Phone,Walk-In,$150K+
C000716,CL006,Daniel Young,Boca Raton,FL,34538,2018-11-15,Yes,SMS,Existing Client,$150K+
C000717,CL002,Charlotte Taylor,Clearwater,FL,33093,2022-04-06,Yes,Phone,Walk-In,$150K+
C000718,CL012,Jessica Martinez,Lake City,FL,32673,2019-07-23,Yes,Email,Google Search,<$50K
C000719,CL010,Kevin Lopez,Gainesville,FL,33739,2018-03-08,No,SMS,Google Search,$50K-$74K
C000720,CL004,Mateo Moore,Miami,FL,32467,2022-08-24,Yes,SMS,Existing Client,<$50K
C000721,CL007,Luna Jackson,Alachua,FL,33342,2022-04-28,Yes,Phone,Referral,$150K+
C000722,CL005,Ryan Carter,Lakeland,FL,34944,2022-03-06,Yes,Email,Referral,$75K-$99K
C000723,CL009,Robert Baker,Jacksonville,FL,33005,2019-04-24,Yes,SMS,Referral,$150K+
C000724,CL002,Sofia Adams,St. Petersburg,FL,33508,2019-10-21,Yes,Phone,Community Event,<$50K
C000725,CL004,Benjamin Rivera,Lake City,FL,32466,2023-02-27,Yes,SMS,Existing Client,$75K-$99K
C000726,CL010,Luna Williams,Ocala,FL,34799,2023-03-04,Yes,Email,Google Search,$100K-$149K
C000727,CL004,Ryan Baker,Naples,FL,33626,2020-05-25,No,SMS,Referral,<$50K
C000728,CL005,Henry Adams,Clearwater,FL,33422,2023-04-14,No,Email,Walk-In,$50K-$74K
C000729,CL007,Liam Brown,Orlando,FL,33929,2023-12-06,No,SMS,Social Media,<$50K
C000730,CL009,Luna Carter,Boca Raton,FL,33112,2018-07-05,Yes,Email,Walk-In,$75K-$99K
C000731,CL002,Harper Wright,Palm Coast,FL,34316,2023-08-25,Yes,Phone,Existing Client,$75K-$99K
C000732,CL006,Isabella Wilson,Sarasota,FL,33769,2021-06-24,Yes,SMS,Existing Client,$150K+
C000733,CL009,Emma Davis,Palm Coast,FL,33302,2018-01-13,No,SMS,Social Media,$50K-$74K
C000734,CL004,Robert Allen,Jacksonville,FL,34140,2020-09-27,Yes,Email,Referral,<$50K
C000735,CL011,Sophia Vilaihong,Miami,FL,34822,2019-04-25,No,Email,Community Event,$100K-$149K
C000736,CL011,Chloe Williams,Pensacola,FL,32040,2020-03-04,Yes,Email,Walk-In,$150K+
C000737,CL003,Luna Wright,Alachua,FL,34845,2021-04-22,No,Email,Walk-In,$50K-$74K
C000738,CL007,Ella Rodriguez,Fort Myers,FL,32069,2019-09-20,No,SMS,Community Event,$100K-$149K
C000739,CL002,Jack Roberts,St. Petersburg,FL,32245,2022-08-07,Yes,Phone,Community Event,$100K-$149K
C000740,CL009,Ava Taylor,St. Petersburg,FL,32998,2020-10-29,Yes,SMS,Community Event,<$50K
C000741,CL006,Ava Flores,Pensacola,FL,32133,2021-12-06,Yes,SMS,Google Search,<$50K
C000742,CL010,Sarah Jones,Lake City,FL,33654,2022-05-13,Yes,Phone,Existing Client,<$50K
C000743,CL012,Kevin Thompson,Lakeland,FL,34289,2018-10-31,No,SMS,Existing Client,<$50K
C000744,CL008,Liam Hernandez,Fort Myers,FL,32120,2020-05-06,No,SMS,Existing Client,$50K-$74K
C000745,CL005,David Green,Clearwater,FL,32462,2019-02-16,No,SMS,Walk-In,$75K-$99K
C000746,CL001,Ella Thompson,Newberry,FL,34139,2019-12-15,Yes,Email,Existing Client,$100K-$149K
C000747,CL005,Camila White,Clearwater,FL,34934,2022-02-23,No,SMS,Social Media,$100K-$149K
C000748,CL012,Ashley Brown,Gainesville,FL,32664,2018-10-06,Yes,Phone,Referral,$100K-$149K
C000749,CL011,Olivia Vilaihong,Tampa,FL,34241,2018-06-27,Yes,SMS,Existing Client,<$50K
C000750,CL001,Lauren Thomas,Ocala,FL,32549,2021-09-02,Yes,SMS,Referral,$100K-$149K
C000751,CL009,Emily Mitchell,Fort Myers,FL,34225,2021-01-05,Yes,Email,Google Search,$150K+
C000752,CL007,Kevin Hall,Newberry,FL,32096,2022-05-14,No,Email,Social Media,$50K-$74K
C000753,CL001,Jack Brown,St. Petersburg,FL,33933,2023-12-15,No,SMS,Social Media,$100K-$149K
C000754,CL006,Sarah Lopez,Lake City,FL,33753,2019-03-20,Yes,SMS,Referral,$50K-$74K
C000755,CL007,Grace Clark,Delray Beach,FL,33592,2018-04-18,No,SMS,Referral,$150K+
C000756,CL004,Emily Flores,Pensacola,FL,34284,2020-03-30,Yes,SMS,Community Event,$150K+
C000757,CL009,Charlotte Carter,Lake City,FL,32992,2021-11-28,No,SMS,Community Event,$150K+
C000758,CL009,Lucas Martinez,Fort Myers,FL,34975,2023-10-12,Yes,SMS,Social Media,$75K-$99K
C000759,CL009,Michael Hernandez,St. Petersburg,FL,33178,2021-01-31,Yes,SMS,Google Search,<$50K
C000760,CL005,Ashley Sanchez,Gainesville,FL,32173,2018-09-14,Yes,SMS,Community Event,<$50K
C000761,CL005,Mateo Hall,St. Petersburg,FL,34911,2021-10-24,No,Phone,Walk-In,$100K-$149K
C000762,CL001,Noah Baker,Jacksonville,FL,33867,2019-09-30,Yes,SMS,Social Media,$150K+
C000763,CL003,Olivia Scott,Delray Beach,FL,33421,2023-04-11,Yes,Phone,Community Event,$100K-$149K
C000764,CL009,Michael Lee,Newberry,FL,33184,2023-08-10,Yes,Email,Walk-In,$75K-$99K
C000765,CL009,Emily Lopez,Delray Beach,FL,32593,2019-06-17,No,SMS,Walk-In,$100K-$149K
C000766,CL005,Kevin Ramirez,Sarasota,FL,32044,2022-04-21,Yes,Email,Walk-In,$100K-$149K
C000767,CL007,Ava Mitchell,Sarasota,FL,34552,2019-09-21,No,SMS,Referral,$150K+
C000768,CL005,Mia Smith,Miami,FL,34449,2023-01-02,Yes,SMS,Referral,<$50K
C000769,CL010,Michael Robinson,Jacksonville,FL,34947,2023-09-24,No,Phone,Google Search,<$50K
C000770,CL001,Elijah Nguyen,Clearwater,FL,34926,2018-08-26,No,SMS,Existing Client,$75K-$99K
C000771,CL002,Kevin Mitchell,Jacksonville,FL,32818,2018-01-15,No,Email,Referral,$100K-$149K
C000772,CL005,Olivia Clark,Miami,FL,32184,2018-07-19,Yes,SMS,Google Search,$150K+
C000773,CL003,Sofia Lopez,Delray Beach,FL,33079,2018-11-13,Yes,SMS,Community Event,$150K+
C000774,CL011,Jackson Nguyen,Palm Coast,FL,34199,2021-11-10,No,SMS,Google Search,$75K-$99K
C000775,CL002,Mason Brown,Lake City,FL,33678,2018-11-04,Yes,Phone,Walk-In,$50K-$74K
C000776,CL008,Ethan Anderson,Clearwater,FL,32349,2020-09-03,Yes,Email,Social Media,<$50K
C000777,CL006,Emily Roberts,Lake City,FL,34238,2019-08-31,Yes,SMS,Community Event,<$50K
C000778,CL012,James Hernandez,Miami,FL,33607,2021-11-25,Yes,Phone,Walk-In,$150K+
C000779,CL006,Mason Rivera,Sarasota,FL,34106,2023-06-03,Yes,Phone,Referral,<$50K
C000780,CL001,Michael Ramirez,St. Petersburg,FL,32622,2020-12-05,No,SMS,Community Event,$50K-$74K
C000781,CL011,Robert Jackson,Lakeland,FL,34890,2019-03-07,No,SMS,Referral,$75K-$99K
C000782,CL001,Sofia Green,Gainesville,FL,34880,2022-08-18,No,SMS,Walk-In,<$50K
C000783,CL010,Ella Gonzalez,Lakeland,FL,34759,2020-02-25,No,Phone,Walk-In,$100K-$149K
C000784,CL008,Harper Torres,Palm Coast,FL,32584,2023-02-26,No,SMS,Existing Client,$100K-$149K
C000785,CL004,James Walker,St. Petersburg,FL,34860,2023-12-07,Yes,SMS,Social Media,$100K-$149K
C000786,CL012,Sophia Ramirez,Lakeland,FL,33485,2018-11-03,Yes,Email,Community Event,$75K-$99K
C000787,CL006,Amanda Garcia,Boca Raton,FL,32790,2020-07-22,Yes,Phone,Social Media,$75K-$99K
C000788,CL005,Isabella Martinez,Clearwater,FL,33113,2019-08-03,Yes,Email,Community Event,<$50K
C000789,CL005,Amanda Garcia,Alachua,FL,32478,2017-12-23,Yes,SMS,Google Search,$150K+
C000790,CL003,Sofia Vilaihong,Lake City,FL,34073,2021-01-11,Yes,SMS,Existing Client,$75K-$99K
C000791,CL007,Henry Nguyen,Pensacola,FL,33814,2023-03-31,No,SMS,Walk-In,$100K-$149K
C000792,CL012,Jessica Vilaihong,Boca Raton,FL,33288,2022-07-17,Yes,SMS,Referral,$150K+
C000793,CL004,Luna Young,Clearwater,FL,34935,2023-04-21,No,SMS,Social Media,$150K+
C000794,CL010,Ella Sanchez,Alachua,FL,34301,2021-09-05,Yes,SMS,Google Search,$50K-$74K
C000795,CL012,Chloe Gonzalez,Pensacola,FL,32434,2020-05-30,Yes,Phone,Community Event,$75K-$99K
C000796,CL009,Amanda Torres,Jacksonville,FL,32255,2023-10-29,Yes,Email,Google Search,$150K+
C000797,CL008,Ava Hill,Gainesville,FL,33126,2021-10-15,Yes,Email,Referral,$75K-$99K
C000798,CL009,Luna Gonzalez,Jacksonville,FL,32161,2021-12-05,Yes,Email,Community Event,<$50K
C000799,CL005,Michael Taylor,Jacksonville,FL,33292,2018-06-01,Yes,SMS,Existing Client,<$50K
C000800,CL008,Ashley Roberts,Lake City,FL,33662,2023-04-23,Yes,SMS,Community Event,$75K-$99K
C000801,CL007,Mason Anderson,Tallahassee,FL,32129,2022-02-02,Yes,Phone,Existing Client,$100K-$149K
C000802,CL010,Luna Harris,Fort Myers,FL,33558,2023-02-28,Yes,Email,Referral,$75K-$99K
C000803,CL010,Rachel Mitchell,Lake City,FL,34022,2021-02-14,Yes,SMS,Referral,$50K-$74K
C000804,CL004,Henry Jones,Tampa,FL,33205,2019-12-08,No,SMS,Existing Client,$100K-$149K
C000805,CL010,Lucas Miller,St. Petersburg,FL,34650,2023-07-21,Yes,SMS,Walk-In,<$50K
C000806,CL002,Logan Scott,Orlando,FL,34984,2019-04-07,Yes,SMS,Google Search,$150K+
C000807,CL011,Luna Nelson,Boca Raton,FL,32492,2019-02-14,Yes,SMS,Community Event,<$50K
C000808,CL007,Michael Williams,Miami,FL,33735,2022-03-26,Yes,SMS,Walk-In,$100K-$149K
C000809,CL009,Evelyn Smith,Delray Beach,FL,33455,2023-06-02,No,SMS,Walk-In,<$50K
C000810,CL007,Amanda Smith,Delray Beach,FL,33704,2023-11-07,Yes,SMS,Walk-In,$150K+
C000811,CL006,Megan Jones,Pensacola,FL,34264,2020-05-16,No,SMS,Walk-In,<$50K
C000812,CL010,Amanda Taylor,Jacksonville,FL,32969,2020-01-15,No,SMS,Referral,$50K-$74K
C000813,CL008,Elijah Clark,Sarasota,FL,33924,2021-10-20,Yes,Email,Google Search,$75K-$99K
C000814,CL003,Daniel Jones,Jacksonville,FL,33792,2018-10-22,Yes,SMS,Social Media,$75K-$99K
C000815,CL001,Audrey Hill,St. Petersburg,FL,32974,2023-01-08,Yes,SMS,Google Search,$100K-$149K
C000816,CL001,Ella Lewis,Delray Beach,FL,32381,2018-07-10,Yes,SMS,Community Event,<$50K
C000817,CL002,Logan Martinez,Pensacola,FL,34367,2019-05-22,Yes,SMS,Referral,<$50K
C000818,CL005,David Hill,Fort Myers,FL,32256,2022-07-13,No,SMS,Social Media,$100K-$149K
C000819,CL004,Jack Hall,Lakeland,FL,33234,2019-03-22,No,Email,Referral,$75K-$99K
C000820,CL005,Harper Martin,St. Petersburg,FL,32394,2018-12-30,Yes,Phone,Referral,$100K-$149K
C000821,CL001,Sophia Thompson,Tampa,FL,33311,2020-10-22,Yes,SMS,Community Event,$100K-$149K
C000822,CL009,Kevin Nguyen,Lakeland,FL,33140,2019-10-30,Yes,SMS,Referral,$150K+
C000823,CL007,Luna Flores,Boca Raton,FL,34816,2018-04-21,No,SMS,Walk-In,$150K+
C000824,CL011,Emily Nguyen,Sarasota,FL,32692,2020-10-05,Yes,Email,Walk-In,$75K-$99K
C000825,CL002,Jessica Adams,Miami,FL,34335,2019-06-16,Yes,SMS,Referral,$50K-$74K
C000826,CL008,Amanda Rodriguez,Naples,FL,34631,2022-12-30,No,Phone,Existing Client,$75K-$99K
C000827,CL009,Sarah Harris,Orlando,FL,33004,2020-05-11,No,Email,Walk-In,$100K-$149K
C000828,CL008,Lauren Harris,Clearwater,FL,32640,2020-12-29,Yes,SMS,Google Search,$100K-$149K
C000829,CL011,Ella Clark,Delray Beach,FL,32391,2022-10-04,Yes,Phone,Referral,<$50K
C000830,CL010,Elijah Thompson,St. Petersburg,FL,33573,2020-07-18,No,SMS,Referral,$50K-$74K
C000831,CL001,Audrey Gonzalez,Tampa,FL,32414,2021-01-22,No,Email,Existing Client,$50K-$74K
C000832,CL011,Daniel Sanchez,Tallahassee,FL,34125,2021-12-14,No,SMS,Google Search,$150K+
C000833,CL001,Mateo Gonzalez,Clearwater,FL,33694,2019-08-13,Yes,SMS,Existing Client,$75K-$99K
C000834,CL004,Henry Taylor,Fort Myers,FL,32221,2023-04-23,No,SMS,Social Media,$150K+
C000835,CL008,Sofia Wright,Miami,FL,34387,2020-06-09,Yes,SMS,Social Media,<$50K
C000836,CL005,Logan Jones,Sarasota,FL,34610,2019-01-15,Yes,SMS,Referral,$50K-$74K
C000837,CL005,Luna Lopez,Naples,FL,32244,2019-11-16,Yes,Phone,Social Media,$150K+
C000838,CL002,Mia Wright,Tampa,FL,32661,2020-01-17,Yes,SMS,Google Search,$75K-$99K
C000839,CL001,Lauren White,Pensacola,FL,32024,2019-04-28,Yes,Phone,Existing Client,$75K-$99K
C000840,CL006,Nick Rivera,Delray Beach,FL,32475,2019-04-10,No,SMS,Social Media,<$50K
C000841,CL009,Jack Lee,Lake City,FL,32043,2023-08-10,Yes,SMS,Walk-In,$50K-$74K
C000842,CL009,David Moore,Clearwater,FL,32745,2021-12-25,No,SMS,Referral,$50K-$74K
C000843,CL001,Benjamin Lopez,Jacksonville,FL,34045,2018-12-24,Yes,SMS,Social Media,<$50K
C000844,CL003,Camila Adams,Lakeland,FL,32275,2018-12-08,Yes,SMS,Social Media,$100K-$149K
C000845,CL002,Mason Wilson,Fort Myers,FL,33264,2023-06-19,Yes,Phone,Existing Client,$50K-$74K
C000846,CL010,Jason Ramirez,Alachua,FL,33262,2023-06-17,Yes,Email,Existing Client,$150K+
C000847,CL008,Amanda Carter,Alachua,FL,32296,2019-07-30,Yes,SMS,Existing Client,$100K-$149K
C000848,CL006,Emily Rivera,Delray Beach,FL,33215,2019-10-29,No,SMS,Walk-In,<$50K
C000849,CL011,Olivia Rodriguez,St. Petersburg,FL,34151,2020-11-06,No,Phone,Referral,$50K-$74K
C000850,CL009,James Gonzalez,Palm Coast,FL,32717,2021-06-01,No,Phone,Social Media,$75K-$99K
C000851,CL002,Robert Vilaihong,Jacksonville,FL,34141,2018-01-31,No,Email,Google Search,$150K+
C000852,CL008,Emily Carter,Clearwater,FL,33921,2021-08-15,Yes,SMS,Google Search,$75K-$99K
C000853,CL003,Benjamin Lopez,Boca Raton,FL,32983,2020-04-22,No,Phone,Social Media,<$50K
C000854,CL008,Jessica Harris,Newberry,FL,34024,2021-05-10,No,SMS,Existing Client,$75K-$99K
C000855,CL009,Olivia Walker,Fort Myers,FL,34745,2023-07-12,Yes,Phone,Google Search,$150K+
C000856,CL004,Jack Rodriguez,Delray Beach,FL,32653,2021-02-12,No,Phone,Google Search,$150K+
C000857,CL009,Amelia Allen,Sarasota,FL,32223,2020-03-11,No,SMS,Google Search,$50K-$74K
C000858,CL002,Kevin Robinson,Ocala,FL,33194,2021-05-08,No,SMS,Community Event,$150K+
C000859,CL012,Olivia Perez,Gainesville,FL,32240,2019-06-07,Yes,Email,Community Event,<$50K
C000860,CL009,Ryan Anderson,Gainesville,FL,33429,2022-11-10,Yes,SMS,Social Media,$50K-$74K
C000861,CL006,Ava Rodriguez,Pensacola,FL,32463,2023-07-03,No,SMS,Community Event,<$50K
C000862,CL010,Ryan Walker,St. Petersburg,FL,33876,2021-06-08,Yes,Email,Referral,$50K-$74K
C000863,CL002,Olivia Jackson,Ocala,FL,33847,2021-11-27,Yes,SMS,Social Media,$100K-$149K
C000864,CL011,Rachel Martin,Delray Beach,FL,32310,2019-03-09,Yes,SMS,Community Event,$75K-$99K
C000865,CL002,Sofia Jackson,Clearwater,FL,33172,2019-09-11,No,Phone,Social Media,<$50K
C000866,CL007,Lauren Walker,Tallahassee,FL,33145,2022-08-30,Yes,Email,Referral,$150K+
C000867,CL002,Jason Moore,Delray Beach,FL,34953,2023-09-24,No,SMS,Referral,$50K-$74K
C000868,CL011,Sarah Young,Miami,FL,34392,2018-02-01,Yes,Phone,Existing Client,$75K-$99K
C000869,CL001,Harper Martinez,Lakeland,FL,32382,2018-07-05,Yes,SMS,Community Event,<$50K
C000870,CL008,Audrey Flores,St. Petersburg,FL,34115,2021-07-27,No,SMS,Community Event,$50K-$74K
C000871,CL004,James Robinson,Lake City,FL,32233,2022-06-17,Yes,SMS,Referral,$150K+
C000872,CL001,Megan Walker,Sarasota,FL,34739,2018-05-29,No,SMS,Referral,$50K-$74K
C000873,CL011,Jessica Clark,Tallahassee,FL,32526,2023-02-08,Yes,Phone,Social Media,$150K+
C000874,CL006,Sarah Walker,Lake City,FL,34773,2022-08-01,No,SMS,Referral,<$50K
C000875,CL010,Jack Taylor,Tallahassee,FL,32943,2019-04-25,Yes,Email,Existing Client,$75K-$99K
C000876,CL007,Audrey Flores,Naples,FL,34338,2021-09-25,Yes,Phone,Community Event,$75K-$99K
C000877,CL011,Mateo Adams,Miami,FL,32908,2018-06-16,No,Phone,Walk-In,$50K-$74K
C000878,CL002,Lucas Lewis,Orlando,FL,33402,2020-06-19,Yes,Phone,Community Event,$50K-$74K
C000879,CL003,Amanda Miller,Boca Raton,FL,32146,2018-01-21,Yes,Phone,Referral,$150K+
C000880,CL008,Kevin Young,Lakeland,FL,33068,2019-10-12,Yes,Phone,Community Event,$100K-$149K
C000881,CL012,Mason Johnson,Ocala,FL,33808,2022-08-02,Yes,Phone,Walk-In,<$50K
C000882,CL012,Jackson Wright,Tampa,FL,34259,2023-11-22,Yes,SMS,Community Event,$50K-$74K
C000883,CL012,Elijah Lee,Ocala,FL,32105,2019-10-08,Yes,Email,Google Search,$50K-$74K
C000884,CL010,Jack Nelson,Boca Raton,FL,34824,2023-10-02,Yes,Phone,Walk-In,$100K-$149K
C000885,CL004,Jackson Brown,Delray Beach,FL,32782,2023-12-25,Yes,SMS,Walk-In,$50K-$74K
C000886,CL003,Lucas Clark,Tampa,FL,32945,2023-02-22,No,SMS,Community Event,$50K-$74K
C000887,CL010,Sophia Smith,Tampa,FL,34859,2023-08-10,No,SMS,Google Search,<$50K
C000888,CL003,Jack Miller,Naples,FL,33150,2022-12-27,Yes,SMS,Existing Client,$75K-$99K
C000889,CL003,James Campbell,Orlando,FL,32249,2019-03-25,Yes,Email,Walk-In,$100K-$149K
C000890,CL007,Rachel Campbell,Boca Raton,FL,34453,2022-04-17,No,SMS,Community Event,$100K-$149K
C000891,CL003,Ava Lewis,Lakeland,FL,34938,2021-01-25,Yes,SMS,Google Search,<$50K
C000892,CL006,Robert Jones,Fort Myers,FL,32978,2021-07-28,Yes,SMS,Community Event,$150K+
C000893,CL012,Camila Martin,Tampa,FL,32557,2019-02-11,Yes,SMS,Social Media,$50K-$74K
C000894,CL008,Harper Roberts,Orlando,FL,33139,2019-03-13,Yes,Phone,Existing Client,$150K+
C000895,CL008,Luna Hall,St. Petersburg,FL,34974,2018-06-04,No,SMS,Social Media,$100K-$149K
C000896,CL003,Lauren Rodriguez,Clearwater,FL,33116,2019-01-27,No,SMS,Walk-In,$75K-$99K
C000897,CL006,Luna Torres,Boca Raton,FL,34148,2021-12-08,No,SMS,Community Event,$50K-$74K
C000898,CL009,Jason Davis,Sarasota,FL,33932,2023-12-26,Yes,SMS,Existing Client,$150K+
C000899,CL006,Chloe Davis,Orlando,FL,33950,2019-07-08,Yes,SMS,Community Event,<$50K
C000900,CL010,Benjamin Gonzalez,Newberry,FL,32096,2020-08-16,Yes,Phone,Social Media,<$50K
C000901,CL006,Sophia Lopez,Sarasota,FL,32656,2018-12-09,Yes,Email,Referral,$50K-$74K
C000902,CL008,Ryan White,Jacksonville,FL,32932,2019-04-08,Yes,SMS,Walk-In,$150K+
C000903,CL002,Benjamin Moore,Tampa,FL,34343,2020-05-19,No,SMS,Community Event,$100K-$149K
C000904,CL002,Noah Smith,Orlando,FL,32702,2020-05-05,Yes,SMS,Google Search,$50K-$74K
C000905,CL003,Sophia White,Sarasota,FL,33880,2018-11-19,Yes,Email,Google Search,$75K-$99K
C000906,CL011,Ethan Taylor,Boca Raton,FL,33982,2019-12-08,No,SMS,Referral,$150K+
C000907,CL009,Robert Hill,Lakeland,FL,32617,2021-04-15,No,Email,Existing Client,$75K-$99K
C000908,CL005,Isabella Smith,Jacksonville,FL,34580,2018-12-19,Yes,SMS,Existing Client,$50K-$74K
C000909,CL005,David Martinez,Miami,FL,33712,2018-09-19,Yes,SMS,Existing Client,$100K-$149K
C000910,CL003,Logan Campbell,Palm Coast,FL,34540,2021-05-22,Yes,Phone,Walk-In,$50K-$74K
C000911,CL008,Logan Gonzalez,St. Petersburg,FL,34289,2018-07-26,Yes,SMS,Referral,$100K-$149K
C000912,CL009,Jack Smith,Newberry,FL,32544,2020-02-02,No,Email,Referral,$50K-$74K
C000913,CL008,Ryan Martinez,Gainesville,FL,32270,2022-04-23,Yes,SMS,Social Media,$50K-$74K
C000914,CL009,Nick Gonzalez,Boca Raton,FL,34220,2019-01-11,Yes,SMS,Social Media,<$50K
C000915,CL006,David Walker,Tallahassee,FL,32961,2019-05-01,No,SMS,Existing Client,<$50K
C000916,CL002,Mateo King,Orlando,FL,33120,2020-12-15,Yes,SMS,Referral,<$50K
C000917,CL011,Harper Gonzalez,Pensacola,FL,34059,2023-05-27,Yes,Phone,Existing Client,<$50K
C000918,CL005,Jack Davis,Orlando,FL,34492,2018-02-21,Yes,SMS,Google Search,$150K+
C000919,CL005,Ashley Mitchell,Miami,FL,33815,2020-02-04,Yes,Email,Walk-In,$75K-$99K
C000920,CL011,Ashley Thompson,Jacksonville,FL,33180,2022-10-16,Yes,SMS,Social Media,$100K-$149K
C000921,CL002,Jessica Martinez,Lakeland,FL,32869,2023-07-08,Yes,Phone,Existing Client,$150K+
C000922,CL005,Mason Brown,Newberry,FL,34690,2018-04-24,No,SMS,Existing Client,$100K-$149K
C000923,CL010,Evelyn Young,Ocala,FL,32884,2019-10-12,No,SMS,Social Media,$150K+
C000924,CL010,Megan Moore,Ocala,FL,32201,2022-02-07,Yes,SMS,Social Media,<$50K
C000925,CL011,Jack Anderson,Tampa,FL,34610,2020-08-18,Yes,Email,Google Search,$75K-$99K
C000926,CL005,Elijah Lee,Miami,FL,34520,2018-12-28,No,Email,Walk-In,$100K-$149K
C000927,CL001,Liam Rivera,Clearwater,FL,34956,2021-11-20,Yes,SMS,Community Event,$150K+
C000928,CL005,Sarah King,Tampa,FL,32191,2023-08-24,Yes,Email,Walk-In,$50K-$74K
C000929,CL011,Mia Roberts,Clearwater,FL,33960,2021-04-28,Yes,Email,Walk-In,$50K-$74K
C000930,CL011,Jessica Robinson,Clearwater,FL,32648,2019-06-30,No,SMS,Community Event,$75K-$99K
C000931,CL007,Benjamin Davis,Gainesville,FL,34581,2018-08-20,No,SMS,Existing Client,$150K+
C000932,CL010,Audrey Smith,Sarasota,FL,33230,2022-07-17,No,SMS,Existing Client,<$50K
C000933,CL012,Benjamin Carter,Clearwater,FL,34894,2018-01-22,Yes,SMS,Social Media,<$50K
C000934,CL003,Sophia Lopez,Ocala,FL,32790,2021-06-27,Yes,SMS,Google Search,$150K+
C000935,CL004,James Rivera,Tallahassee,FL,32847,2018-06-02,No,SMS,Community Event,<$50K
C000936,CL001,Ryan Rodriguez,Fort Myers,FL,32238,2021-03-08,Yes,SMS,Social Media,$50K-$74K
C000937,CL007,Jackson Hill,Lake City,FL,32733,2021-05-31,Yes,Phone,Google Search,$150K+
C000938,CL010,Isabella Wright,Gainesville,FL,34170,2023-07-23,Yes,Phone,Social Media,$150K+
C000939,CL001,Megan Jones,Fort Myers,FL,33776,2023-06-29,Yes,SMS,Referral,$75K-$99K
C000940,CL012,Henry Moore,Lake City,FL,33926,2019-07-17,Yes,SMS,Social Media,$50K-$74K
C000941,CL011,Charlotte Taylor,Sarasota,FL,32202,2022-04-06,Yes,Phone,Community Event,$100K-$149K
C000942,CL009,Ella Allen,Clearwater,FL,34991,2020-11-21,Yes,Phone,Community Event,<$50K
C000943,CL009,Mason Rivera,Miami,FL,33700,2018-03-25,Yes,Phone,Community Event,$100K-$149K
C000944,CL005,Kevin Miller,Naples,FL,34766,2020-01-06,No,SMS,Social Media,$50K-$74K
C000945,CL012,Robert Nelson,Delray Beach,FL,34431,2018-02-11,No,SMS,Social Media,$150K+
C000946,CL011,Ava Jackson,Tallahassee,FL,34554,2021-08-06,Yes,Phone,Community Event,$50K-$74K
C000947,CL002,Olivia Smith,Miami,FL,33140,2019-09-11,No,SMS,Community Event,$75K-$99K
C000948,CL004,Jessica Gonzalez,Tampa,FL,34864,2020-05-06,No,SMS,Google Search,<$50K
C000949,CL011,Megan Williams,Boca Raton,FL,32058,2019-07-17,Yes,SMS,Walk-In,$75K-$99K
C000950,CL003,Ethan Hill,Sarasota,FL,34384,2022-04-05,No,Phone,Walk-In,<$50K
C000951,CL002,Kevin King,Delray Beach,FL,32271,2022-07-10,Yes,SMS,Community Event,$75K-$99K
C000952,CL004,Benjamin Anderson,Orlando,FL,33863,2022-04-13,Yes,SMS,Existing Client,$50K-$74K
C000953,CL009,Daniel Rivera,Alachua,FL,32301,2021-07-25,Yes,SMS,Community Event,<$50K
C000954,CL003,Ava Hernandez,Orlando,FL,32716,2019-03-02,Yes,SMS,Social Media,<$50K
C000955,CL008,Grace Baker,Miami,FL,34847,2019-01-09,No,Phone,Existing Client,$50K-$74K
C000956,CL010,Kevin Mitchell,Fort Myers,FL,32315,2022-09-22,Yes,SMS,Community Event,$50K-$74K
C000957,CL011,Benjamin Perez,Lakeland,FL,32959,2018-09-23,Yes,SMS,Existing Client,$150K+
C000958,CL005,Jackson Hill,Palm Coast,FL,32744,2022-05-17,No,Phone,Community Event,$75K-$99K
C000959,CL006,Ashley Vilaihong,Tampa,FL,32512,2020-03-28,Yes,SMS,Community Event,$150K+
C000960,CL003,Luna Gonzalez,Newberry,FL,33297,2019-05-26,No,Phone,Referral,$150K+
C000961,CL010,Ethan Scott,Newberry,FL,32346,2023-06-19,Yes,Email,Walk-In,$50K-$74K
C000962,CL007,Jack Campbell,Naples,FL,32854,2020-12-15,Yes,Phone,Community Event,$150K+
C000963,CL006,Luna Martin,Alachua,FL,34310,2018-05-05,No,Phone,Referral,$75K-$99K
C000964,CL001,Lauren Thomas,Orlando,FL,33413,2018-09-17,Yes,SMS,Social Media,$75K-$99K
C000965,CL009,Amelia Thomas,Tampa,FL,34683,2023-06-21,Yes,SMS,Existing Client,$75K-$99K
C000966,CL005,Lucas Taylor,Lake City,FL,34982,2019-11-21,No,Phone,Community Event,$50K-$74K
C000967,CL012,Liam Rodriguez,Tallahassee,FL,33630,2018-03-12,Yes,SMS,Social Media,$75K-$99K
C000968,CL001,Ashley Hall,Newberry,FL,33035,2023-11-13,Yes,Phone,Walk-In,$75K-$99K
C000969,CL011,Rachel Scott,Jacksonville,FL,33444,2021-06-26,Yes,Phone,Community Event,$50K-$74K
C000970,CL007,Jason White,Tallahassee,FL,33617,2023-07-04,No,SMS,Community Event,$150K+
C000971,CL004,Daniel Vilaihong,Gainesville,FL,34186,2021-06-01,No,SMS,Referral,$100K-$149K
C000972,CL008,James Young,Palm Coast,FL,32848,2019-12-23,No,SMS,Social Media,$75K-$99K
C000973,CL004,Olivia Martinez,Newberry,FL,34332,2019-11-19,No,Phone,Google Search,<$50K
C000974,CL002,David Hill,Tampa,FL,32931,2018-03-04,No,Phone,Social Media,$50K-$74K
C000975,CL007,Evelyn Moore,Tallahassee,FL,33611,2023-11-19,Yes,Phone,Community Event,$50K-$74K
C000976,CL003,Isabella Gonzalez,Tampa,FL,33325,2018-05-20,Yes,Phone,Social Media,<$50K
C000977,CL006,Emma Hill,Pensacola,FL,32630,2022-08-12,No,Email,Referral,<$50K
C000978,CL009,Robert Adams,Orlando,FL,32174,2021-11-07,Yes,SMS,Referral,$75K-$99K
C000979,CL010,Lauren Hall,Gainesville,FL,32775,2019-09-09,Yes,Email,Google Search,<$50K
C000980,CL003,Olivia Roberts,Lake City,FL,32537,2020-03-02,No,SMS,Walk-In,$100K-$149K
C000981,CL007,Emma Roberts,Lake City,FL,34478,2019-01-06,Yes,SMS,Referral,$75K-$99K
C000982,CL005,Nick Johnson,Tampa,FL,32238,2018-11-18,No,Phone,Existing Client,$100K-$149K
C000983,CL006,Isabella Martinez,St. Petersburg,FL,33425,2019-09-22,Yes,SMS,Google Search,<$50K
C000984,CL006,Ava Walker,Clearwater,FL,33089,2023-01-26,Yes,SMS,Social Media,$150K+
C000985,CL009,Ashley Nelson,Lake City,FL,34452,2023-12-27,Yes,Email,Referral,$75K-$99K
C000986,CL003,Luna Hernandez,Palm Coast,FL,32387,2023-03-06,Yes,SMS,Google Search,$150K+
C000987,CL012,Jason Lopez,Newberry,FL,34851,2019-05-23,No,SMS,Walk-In,$100K-$149K
C000988,CL007,Megan Clark,Boca Raton,FL,32483,2020-01-06,Yes,Email,Existing Client,$50K-$74K
C000989,CL010,Logan Allen,Clearwater,FL,33171,2023-09-12,No,Email,Google Search,$50K-$74K
C000990,CL005,Emily Martinez,Naples,FL,33810,2018-04-05,Yes,SMS,Existing Client,<$50K
C000991,CL012,Ava Robinson,Lake City,FL,34709,2021-03-31,Yes,SMS,Google Search,<$50K
C000992,CL002,Noah Martin,Clearwater,FL,34334,2020-07-18,Yes,SMS,Walk-In,$150K+
C000993,CL003,Ethan Martin,Delray Beach,FL,34161,2022-01-20,Yes,Email,Google Search,$100K-$149K
C000994,CL010,Charlotte Martinez,Gainesville,FL,33091,2020-11-15,No,SMS,Existing Client,$75K-$99K
C000995,CL002,Ryan Jones,Tallahassee,FL,34912,2022-04-11,Yes,Email,Referral,$100K-$149K
C000996,CL011,Olivia Taylor,Sarasota,FL,33349,2019-05-13,No,Email,Walk-In,$150K+
C000997,CL012,Jason Garcia,Lake City,FL,32462,2022-10-15,Yes,Email,Existing Client,<$50K
C000998,CL006,Robert Jackson,Fort Myers,FL,33071,2022-05-28,Yes,SMS,Existing Client,<$50K
C000999,CL009,Noah King,Orlando,FL,33311,2021-11-03,Yes,Email,Walk-In,$75K-$99K
C001000,CL007,James Martin,Alachua,FL,33270,2022-01-21,No,SMS,Existing Client,$100K-$149K
C001001,CL003,Ryan Young,Tampa,FL,32384,2022-10-28,Yes,Email,Google Search,$150K+
C001002,CL004,Ethan Torres,Boca Raton,FL,32935,2018-12-16,Yes,SMS,Community Event,$150K+
C001003,CL012,Ashley Brown,Ocala,FL,32404,2023-10-30,Yes,Email,Community Event,$150K+
C001004,CL004,Charlotte Nguyen,Naples,FL,33079,2018-04-11,Yes,SMS,Referral,<$50K
C001005,CL004,Lauren Martinez,Boca Raton,FL,32393,2018-10-21,Yes,Phone,Existing Client,<$50K
C001006,CL005,Ella Young,Delray Beach,FL,32227,2020-07-05,No,Email,Google Search,<$50K
C001007,CL002,Olivia King,Miami,FL,33734,2023-08-06,No,Email,Social Media,$50K-$74K
C001008,CL006,Mateo Adams,Palm Coast,FL,34182,2019-10-04,Yes,Phone,Google Search,$75K-$99K
C001009,CL010,Sofia Nguyen,Boca Raton,FL,34372,2019-01-27,Yes,SMS,Referral,$100K-$149K
C001010,CL008,Camila Walker,St. Petersburg,FL,32449,2022-08-26,Yes,Email,Social Media,$150K+
C001011,CL012,Sofia Thomas,Boca Raton,FL,33537,2020-06-26,Yes,SMS,Referral,<$50K
C001012,CL002,Evelyn Young,Tampa,FL,33368,2018-01-07,Yes,SMS,Social Media,<$50K
C001013,CL011,Emily Lewis,Lake City,FL,32465,2019-06-26,No,SMS,Community Event,$75K-$99K
C001014,CL001,Camila Perez,Pensacola,FL,34143,2021-11-15,Yes,SMS,Existing Client,$100K-$149K
C001015,CL007,Henry Campbell,Clearwater,FL,33310,2019-01-20,No,SMS,Social Media,$50K-$74K
C001016,CL001,Camila White,Pensacola,FL,34167,2022-07-02,Yes,Phone,Google Search,$50K-$74K
C001017,CL003,Harper Roberts,Gainesville,FL,33927,2020-11-22,Yes,SMS,Existing Client,$50K-$74K
C001018,CL003,Michael Flores,Pensacola,FL,34659,2020-08-09,Yes,Email,Referral,$75K-$99K
C001019,CL008,Ashley Hernandez,Jacksonville,FL,32022,2020-06-06,No,SMS,Referral,$75K-$99K
C001020,CL004,Sophia Ramirez,Newberry,FL,34621,2023-01-13,No,Email,Community Event,$75K-$99K
C001021,CL007,Lucas Jones,Ocala,FL,32791,2018-01-25,Yes,SMS,Community Event,$150K+
C001022,CL007,Isabella Sanchez,Sarasota,FL,32880,2019-01-11,Yes,Phone,Existing Client,$100K-$149K
C001023,CL011,Camila Jackson,Naples,FL,34964,2023-03-25,No,SMS,Referral,$75K-$99K
C001024,CL005,Robert Lewis,Clearwater,FL,34456,2018-11-17,Yes,Email,Google Search,$100K-$149K
C001025,CL001,Camila Hill,Gainesville,FL,33443,2019-07-22,Yes,Email,Google Search,$100K-$149K
C001026,CL003,Amelia Sanchez,Fort Myers,FL,34074,2018-12-01,Yes,Phone,Google Search,<$50K
C001027,CL001,Charlotte Mitchell,Ocala,FL,34620,2019-01-15,Yes,Phone,Social Media,$50K-$74K
C001028,CL007,Mateo Miller,Newberry,FL,34170,2019-10-20,Yes,Email,Referral,$75K-$99K
C001029,CL010,Robert Hall,Clearwater,FL,33131,2018-05-12,Yes,Phone,Referral,$150K+
C001030,CL010,Kevin Wright,Naples,FL,32034,2020-08-13,Yes,SMS,Google Search,$75K-$99K
C001031,CL011,Ryan Martinez,Ocala,FL,33139,2023-02-23,No,Email,Community Event,$75K-$99K
C001032,CL012,Michael Scott,Tampa,FL,34062,2022-05-14,Yes,Email,Referral,$50K-$74K
C001033,CL011,Jack Lee,Delray Beach,FL,32402,2020-07-06,No,SMS,Google Search,$150K+
C001034,CL012,Amelia Lee,Tampa,FL,32655,2018-01-29,No,Email,Google Search,$150K+
C001035,CL006,Michael Walker,Pensacola,FL,32860,2020-11-18,Yes,SMS,Social Media,<$50K
C001036,CL009,Olivia Martinez,Gainesville,FL,33384,2019-12-25,No,Email,Referral,$150K+
C001037,CL007,Olivia Sanchez,Ocala,FL,34096,2019-05-06,Yes,Phone,Google Search,<$50K
C001038,CL008,Benjamin Hernandez,St. Petersburg,FL,34842,2021-08-13,No,Phone,Existing Client,<$50K
C001039,CL012,Elijah Ramirez,Boca Raton,FL,32088,2021-06-08,Yes,SMS,Google Search,$50K-$74K
C001040,CL008,Emily Robinson,Tampa,FL,32442,2021-02-19,Yes,SMS,Community Event,$150K+
C001041,CL011,Lauren Thomas,Tallahassee,FL,32268,2019-12-18,No,SMS,Community Event,$150K+
C001042,CL011,Lucas Brown,Gainesville,FL,34713,2019-12-11,Yes,Phone,Community Event,$75K-$99K
C001043,CL007,Camila Martin,Ocala,FL,33646,2019-04-06,No,SMS,Social Media,$75K-$99K
C001044,CL012,Luna Campbell,Newberry,FL,33406,2019-07-11,Yes,SMS,Social Media,<$50K
C001045,CL001,Charlotte Brown,Miami,FL,32325,2019-03-31,Yes,SMS,Community Event,<$50K
C001046,CL002,Audrey Ramirez,Boca Raton,FL,32577,2023-03-10,Yes,SMS,Referral,$150K+
C001047,CL007,Rachel Rodriguez,Alachua,FL,32136,2021-12-14,No,SMS,Community Event,$75K-$99K
C001048,CL002,Sophia Moore,Gainesville,FL,33089,2018-11-03,Yes,SMS,Community Event,$150K+
C001049,CL003,Lucas Martinez,Miami,FL,33289,2021-06-25,Yes,SMS,Referral,$50K-$74K
C001050,CL001,Charlotte Gonzalez,Jacksonville,FL,33680,2022-09-19,No,Phone,Google Search,<$50K
C001051,CL004,Camila Brown,Lake City,FL,32148,2018-08-26,No,Phone,Walk-In,$50K-$74K
C001052,CL010,Mia Gonzalez,Clearwater,FL,33365,2020-06-14,No,Phone,Social Media,$150K+
C001053,CL002,Jack Taylor,St. Petersburg,FL,32607,2022-05-25,No,SMS,Community Event,$50K-$74K
C001054,CL008,Charlotte Green,St. Petersburg,FL,32354,2022-05-03,Yes,Phone,Existing Client,<$50K
C001055,CL005,Henry Martin,Newberry,FL,34863,2021-08-14,Yes,SMS,Social Media,$50K-$74K
C001056,CL012,Elijah Torres,Naples,FL,34685,2023-04-21,Yes,SMS,Referral,<$50K
C001057,CL003,Audrey Hernandez,Pensacola,FL,32415,2018-05-02,Yes,Email,Community Event,$75K-$99K
C001058,CL012,Michael Lee,Lakeland,FL,34586,2019-04-17,Yes,SMS,Existing Client,$150K+
C001059,CL011,Camila Campbell,Newberry,FL,33000,2019-10-10,Yes,Email,Walk-In,<$50K
C001060,CL003,Luna Hall,Boca Raton,FL,34762,2019-02-21,Yes,SMS,Existing Client,<$50K
C001061,CL006,Henry Taylor,Lakeland,FL,33339,2023-12-18,Yes,SMS,Community Event,$75K-$99K
C001062,CL006,Audrey Hall,Jacksonville,FL,32538,2018-12-08,No,Email,Walk-In,$50K-$74K
C001063,CL004,Camila Roberts,Lakeland,FL,32358,2022-06-09,No,Phone,Existing Client,<$50K
C001064,CL012,Lauren Scott,Fort Myers,FL,34880,2021-05-22,No,Phone,Existing Client,$75K-$99K
C001065,CL004,Camila Jones,Sarasota,FL,33139,2023-09-14,No,Phone,Walk-In,$150K+
C001066,CL010,Evelyn Young,Alachua,FL,34011,2023-10-14,Yes,SMS,Google Search,$100K-$149K
C001067,CL003,Ella Allen,Newberry,FL,33560,2019-02-27,No,Email,Community Event,$150K+
C001068,CL009,Olivia Roberts,Naples,FL,34106,2018-08-07,Yes,Phone,Community Event,$150K+
C001069,CL005,Ashley Walker,St. Petersburg,FL,34355,2023-12-12,No,SMS,Social Media,$50K-$74K
C001070,CL008,Henry Robinson,Palm Coast,FL,32365,2023-02-02,No,Email,Existing Client,$75K-$99K
C001071,CL011,Liam Lee,Newberry,FL,34414,2019-09-11,Yes,Email,Google Search,$50K-$74K
C001072,CL007,Olivia Jones,Jacksonville,FL,34400,2023-01-01,No,Email,Walk-In,$150K+
C001073,CL012,Isabella Flores,St. Petersburg,FL,34479,2021-04-24,Yes,Email,Social Media,$50K-$74K
C001074,CL012,Olivia Jackson,Tallahassee,FL,33395,2020-08-30,Yes,SMS,Community Event,$75K-$99K
C001075,CL005,Ava Thompson,Ocala,FL,33195,2021-10-08,No,SMS,Referral,$50K-$74K
C001076,CL009,James Gonzalez,Orlando,FL,32475,2022-02-21,No,Email,Referral,$100K-$149K
C001077,CL011,Rachel Garcia,Tallahassee,FL,32750,2023-11-01,Yes,SMS,Google Search,$50K-$74K
C001078,CL006,Chloe Nguyen,Lakeland,FL,32106,2023-01-12,Yes,SMS,Community Event,$75K-$99K
C001079,CL005,Audrey Young,Sarasota,FL,34666,2021-09-08,Yes,SMS,Social Media,$100K-$149K
C001080,CL004,Luna Carter,Lake City,FL,33974,2021-07-05,Yes,SMS,Existing Client,$150K+
C001081,CL010,Megan Green,Boca Raton,FL,34345,2023-03-27,No,SMS,Social Media,$75K-$99K
C001082,CL003,Jack Scott,Lakeland,FL,32207,2018-09-13,No,Phone,Community Event,$75K-$99K
C001083,CL001,Emma Nguyen,Ocala,FL,34181,2018-12-13,Yes,SMS,Google Search,$150K+
C001084,CL010,Ethan Lee,Naples,FL,33157,2018-12-21,Yes,SMS,Community Event,$75K-$99K
C001085,CL004,Rachel Garcia,Lake City,FL,32768,2020-08-17,Yes,SMS,Community Event,$150K+
C001086,CL001,Jackson Hernandez,Delray Beach,FL,32940,2020-10-01,Yes,Phone,Social Media,$50K-$74K
C001087,CL011,Nick Lewis,Miami,FL,33549,2018-04-09,Yes,SMS,Walk-In,<$50K
C001088,CL008,Kevin Smith,Jacksonville,FL,32013,2023-11-16,Yes,Email,Google Search,$50K-$74K
C001089,CL001,Sofia Allen,Jacksonville,FL,34977,2023-10-21,Yes,Email,Existing Client,$50K-$74K
C001090,CL010,Nick Nguyen,Ocala,FL,33283,2017-12-25,Yes,Email,Community Event,$50K-$74K
C001091,CL003,Isabella Harris,Tallahassee,FL,33516,2019-02-17,No,Email,Walk-In,$75K-$99K
C001092,CL003,Robert Young,Boca Raton,FL,32249,2018-09-29,Yes,Email,Existing Client,<$50K
C001093,CL004,Logan Vilaihong,Lakeland,FL,34221,2019-05-02,Yes,SMS,Social Media,$100K-$149K
C001094,CL011,Amelia Garcia,Naples,FL,34886,2023-01-29,Yes,SMS,Walk-In,$150K+
C001095,CL001,Robert Walker,Pensacola,FL,33899,2019-09-22,Yes,Phone,Google Search,$50K-$74K
C001096,CL008,Ethan Hernandez,Clearwater,FL,34324,2021-06-17,Yes,SMS,Social Media,$75K-$99K
C001097,CL007,Grace Rodriguez,Alachua,FL,33686,2020-05-19,Yes,SMS,Social Media,$100K-$149K
C001098,CL009,Sarah Torres,Lake City,FL,33830,2021-01-14,Yes,Phone,Referral,$75K-$99K
C001099,CL012,Jack Gonzalez,Orlando,FL,34595,2023-02-26,Yes,SMS,Walk-In,$50K-$74K
C001100,CL005,Olivia Carter,Tampa,FL,34628,2021-01-08,Yes,Phone,Existing Client,$150K+
C001101,CL001,Logan Mitchell,Alachua,FL,34091,2019-09-04,No,SMS,Social Media,$100K-$149K
C001102,CL004,Mia Baker,Delray Beach,FL,33942,2019-03-20,No,SMS,Google Search,$150K+
C001103,CL001,Amanda Thompson,Pensacola,FL,32083,2022-07-20,No,Phone,Community Event,<$50K
C001104,CL004,Ashley Baker,Ocala,FL,34924,2019-09-21,No,Phone,Community Event,$100K-$149K
C001105,CL003,Nick Jones,Boca Raton,FL,33562,2018-07-14,No,SMS,Social Media,$75K-$99K
C001106,CL012,Ethan Garcia,Miami,FL,33437,2019-05-19,Yes,Phone,Referral,$50K-$74K
C001107,CL008,Sophia Green,Gainesville,FL,32343,2022-03-29,No,SMS,Existing Client,$50K-$74K
C001108,CL011,Mateo Miller,Tampa,FL,32641,2019-03-21,Yes,SMS,Social Media,<$50K
C001109,CL003,Lauren Flores,Palm Coast,FL,33010,2023-04-20,Yes,SMS,Referral,$100K-$149K
C001110,CL010,Ella White,Pensacola,FL,34936,2018-03-19,Yes,Email,Community Event,$150K+
C001111,CL008,Rachel Roberts,Clearwater,FL,34611,2022-03-29,Yes,SMS,Existing Client,$150K+
C001112,CL006,Logan Baker,Palm Coast,FL,32504,2019-12-21,Yes,SMS,Community Event,$100K-$149K
C001113,CL004,Mia Rivera,Lakeland,FL,32301,2019-08-28,Yes,SMS,Community Event,$100K-$149K
C001114,CL007,Ella Allen,Palm Coast,FL,33662,2021-12-21,Yes,Phone,Google Search,<$50K
C001115,CL004,James Baker,Ocala,FL,33104,2021-03-11,Yes,Phone,Walk-In,$50K-$74K
C001116,CL007,Sofia Rivera,Tampa,FL,33491,2023-04-11,Yes,SMS,Walk-In,$150K+
C001117,CL002,Olivia Green,Palm Coast,FL,34283,2021-05-12,No,Email,Referral,$75K-$99K
C001118,CL012,Benjamin Rivera,Orlando,FL,32776,2021-08-25,Yes,SMS,Existing Client,$150K+
C001119,CL012,Logan Williams,St. Petersburg,FL,32246,2019-02-12,No,Phone,Existing Client,$100K-$149K
C001120,CL012,Emma Green,Jacksonville,FL,32381,2019-11-04,No,SMS,Google Search,$75K-$99K
C001121,CL008,Jason Rodriguez,Ocala,FL,32232,2018-08-21,Yes,Email,Social Media,$150K+
C001122,CL007,Daniel Harris,Miami,FL,33481,2020-02-26,Yes,SMS,Google Search,$100K-$149K
C001123,CL008,Noah Jones,Ocala,FL,32965,2022-08-11,No,SMS,Google Search,$50K-$74K
C001124,CL008,Daniel Rodriguez,Clearwater,FL,34610,2021-03-30,Yes,Phone,Social Media,<$50K
C001125,CL012,Lucas Anderson,Fort Myers,FL,33172,2022-12-06,Yes,SMS,Google Search,$100K-$149K
C001126,CL011,Luna Robinson,Sarasota,FL,34651,2021-04-27,Yes,Phone,Social Media,<$50K
C001127,CL012,Emma Nguyen,Gainesville,FL,32530,2022-07-28,Yes,SMS,Existing Client,$100K-$149K
C001128,CL004,Emma Hernandez,Naples,FL,34255,2022-12-13,No,Email,Google Search,<$50K
C001129,CL001,Sofia Anderson,Jacksonville,FL,34616,2023-08-12,Yes,SMS,Walk-In,$50K-$74K
C001130,CL007,Camila Hall,Palm Coast,FL,33378,2021-11-07,No,SMS,Walk-In,<$50K
C001131,CL012,Elijah Wilson,Boca Raton,FL,34896,2021-09-10,Yes,Email,Walk-In,$50K-$74K
C001132,CL006,Kevin Scott,Newberry,FL,32384,2021-07-07,Yes,Email,Existing Client,$150K+
C001133,CL012,Noah King,Lakeland,FL,33250,2018-04-03,No,Phone,Walk-In,<$50K
C001134,CL006,Isabella Martin,Gainesville,FL,34158,2018-12-07,Yes,Phone,Existing Client,<$50K
C001135,CL005,Camila Anderson,St. Petersburg,FL,32740,2018-03-29,Yes,Phone,Walk-In,$50K-$74K
C001136,CL005,Grace Mitchell,Naples,FL,34148,2019-12-14,No,Phone,Social Media,<$50K
C001137,CL010,Benjamin Lewis,Alachua,FL,32196,2019-05-09,Yes,Email,Existing Client,<$50K
C001138,CL010,Evelyn Johnson,Orlando,FL,34325,2018-10-25,Yes,Email,Walk-In,$75K-$99K
C001139,CL010,Lauren Lopez,Clearwater,FL,32966,2023-08-23,No,SMS,Walk-In,$100K-$149K
C001140,CL007,Charlotte Hall,Lake City,FL,34161,2022-03-09,Yes,Email,Referral,$100K-$149K
C001141,CL009,Isabella Young,Boca Raton,FL,33044,2020-11-05,Yes,SMS,Social Media,$100K-$149K
C001142,CL011,Jason Hernandez,Lake City,FL,34768,2022-04-23,Yes,SMS,Community Event,$150K+
C001143,CL007,Megan Torres,Tampa,FL,32233,2020-06-29,No,Phone,Referral,$75K-$99K
C001144,CL009,Sarah Torres,Ocala,FL,32574,2023-04-07,No,Email,Referral,$75K-$99K
C001145,CL003,Chloe Nelson,Pensacola,FL,33039,2021-10-16,No,Phone,Referral,$75K-$99K
C001146,CL007,Audrey Lewis,Boca Raton,FL,32874,2020-09-04,Yes,Phone,Referral,$75K-$99K
C001147,CL002,Michael Nelson,Lake City,FL,33461,2021-08-14,Yes,Phone,Community Event,$50K-$74K
C001148,CL007,Kevin Smith,Orlando,FL,32494,2023-03-31,Yes,Phone,Existing Client,$50K-$74K
C001149,CL005,Ryan Mitchell,Miami,FL,33617,2023-09-09,No,SMS,Google Search,$75K-$99K
C001150,CL007,Ryan Flores,Alachua,FL,32301,2019-04-19,Yes,Email,Existing Client,$100K-$149K
C001151,CL006,James Torres,Alachua,FL,34082,2023-07-28,No,SMS,Google Search,$100K-$149K
C001152,CL006,Logan Hernandez,Tallahassee,FL,33812,2022-04-22,Yes,SMS,Community Event,$50K-$74K
C001153,CL006,Chloe Sanchez,Delray Beach,FL,32482,2021-08-29,Yes,SMS,Walk-In,$100K-$149K
C001154,CL002,Amanda Mitchell,Sarasota,FL,32682,2019-03-11,Yes,Phone,Existing Client,$50K-$74K
C001155,CL012,Noah Taylor,Newberry,FL,32729,2022-07-20,Yes,SMS,Google Search,$100K-$149K
C001156,CL011,Robert Lewis,Orlando,FL,34324,2020-09-25,No,Phone,Existing Client,$75K-$99K
C001157,CL006,Jack Young,Boca Raton,FL,32210,2022-08-03,No,SMS,Social Media,$150K+
C001158,CL007,Evelyn Nelson,Alachua,FL,34188,2023-08-05,No,Phone,Social Media,$75K-$99K
C001159,CL011,Camila Thompson,Newberry,FL,34714,2019-02-02,Yes,Phone,Social Media,$100K-$149K
C001160,CL001,Lauren Lee,Fort Myers,FL,32575,2023-08-01,Yes,Phone,Community Event,$50K-$74K
C001161,CL009,Mason Roberts,St. Petersburg,FL,34368,2022-10-10,Yes,Email,Existing Client,<$50K
C001162,CL005,Jessica Green,Lake City,FL,33680,2022-12-19,Yes,Email,Community Event,$150K+
C001163,CL012,Evelyn Taylor,Newberry,FL,33654,2018-07-05,Yes,SMS,Social Media,$50K-$74K
C001164,CL010,Ethan Ramirez,Gainesville,FL,34470,2020-05-30,No,Phone,Walk-In,$50K-$74K
C001165,CL002,Sofia Campbell,Gainesville,FL,34447,2019-06-21,Yes,Phone,Social Media,$100K-$149K
C001166,CL007,Benjamin Moore,Naples,FL,34416,2020-11-16,No,SMS,Google Search,$150K+
C001167,CL002,Isabella Wright,Orlando,FL,34453,2019-09-21,No,Phone,Walk-In,<$50K
C001168,CL002,Ella Miller,Orlando,FL,32222,2020-11-13,Yes,Phone,Existing Client,$75K-$99K
C001169,CL012,Lauren Jones,Boca Raton,FL,32209,2023-09-23,No,Email,Community Event,$75K-$99K
C001170,CL002,Sophia Scott,Miami,FL,33644,2020-11-07,No,Email,Referral,$50K-$74K
C001171,CL005,Ethan Martinez,Boca Raton,FL,33963,2022-05-23,Yes,SMS,Community Event,$75K-$99K
C001172,CL008,Sophia Garcia,Fort Myers,FL,34445,2022-05-12,No,Phone,Community Event,$75K-$99K
C001173,CL005,Mason Flores,Orlando,FL,33948,2022-09-03,Yes,SMS,Referral,$75K-$99K
C001174,CL006,Logan Clark,Tampa,FL,32189,2021-07-04,Yes,Email,Existing Client,<$50K
C001175,CL005,Nick Thompson,Alachua,FL,34831,2022-04-01,Yes,Phone,Social Media,$150K+
C001176,CL003,Grace Martin,Pensacola,FL,34379,2019-04-21,No,SMS,Referral,<$50K
C001177,CL005,Noah Ramirez,Miami,FL,32701,2020-10-08,Yes,Phone,Community Event,$150K+
C001178,CL005,Lauren Scott,Lakeland,FL,34038,2018-03-25,Yes,SMS,Existing Client,$50K-$74K
C001179,CL004,Sarah Wilson,Alachua,FL,33181,2018-05-07,No,Email,Social Media,$50K-$74K
C001180,CL002,Robert Hill,Lake City,FL,33934,2021-01-24,Yes,SMS,Community Event,<$50K
C001181,CL009,Ethan Walker,Ocala,FL,32469,2023-04-12,No,SMS,Social Media,$100K-$149K
C001182,CL008,James Smith,Lakeland,FL,34271,2020-12-21,Yes,Phone,Social Media,$150K+
C001183,CL012,Ashley Thompson,Orlando,FL,33060,2021-07-23,Yes,SMS,Social Media,<$50K
C001184,CL005,Audrey Perez,Alachua,FL,34531,2018-02-12,Yes,SMS,Community Event,<$50K
C001185,CL003,Jessica Taylor,Newberry,FL,34957,2019-07-09,Yes,Phone,Walk-In,$50K-$74K
C001186,CL011,Liam Flores,Orlando,FL,34868,2021-03-16,No,Email,Social Media,<$50K
C001187,CL005,David Campbell,Miami,FL,32098,2018-02-12,Yes,Phone,Community Event,$50K-$74K
C001188,CL003,Robert Johnson,St. Petersburg,FL,32981,2019-05-03,No,Email,Community Event,$50K-$74K
C001189,CL005,Benjamin Torres,Delray Beach,FL,33758,2023-01-26,Yes,Phone,Existing Client,<$50K
C001190,CL002,Olivia Davis,Tallahassee,FL,32838,2018-06-12,Yes,Phone,Referral,$50K-$74K
C001191,CL003,Grace Martin,Lake City,FL,34865,2021-12-23,No,Phone,Social Media,<$50K
C001192,CL005,Emily King,Tallahassee,FL,33994,2021-05-17,Yes,Email,Referral,$50K-$74K
C001193,CL007,Megan Hernandez,Lake City,FL,34474,2022-10-11,Yes,Email,Google Search,<$50K
C001194,CL003,Elijah Torres,Tallahassee,FL,33821,2022-01-10,Yes,Phone,Existing Client,$75K-$99K
C001195,CL002,Amanda Clark,Delray Beach,FL,32424,2020-08-03,No,SMS,Referral,$75K-$99K
C001196,CL010,Mateo King,Palm Coast,FL,34265,2020-07-03,Yes,Email,Google Search,<$50K
C001197,CL010,Luna Clark,Palm Coast,FL,32944,2023-09-04,No,SMS,Social Media,<$50K
C001198,CL012,Isabella Vilaihong,Jacksonville,FL,33727,2023-10-18,Yes,SMS,Existing Client,$50K-$74K
C001199,CL008,Henry Hernandez,Ocala,FL,32801,2023-02-18,Yes,Email,Walk-In,$150K+
C001200,CL005,Rachel Walker,Gainesville,FL,33713,2020-02-13,Yes,Phone,Existing Client,$75K-$99K
C001201,CL002,Jackson Moore,Miami,FL,32323,2018-09-22,Yes,SMS,Social Media,$75K-$99K
C001202,CL012,Nick Gonzalez,Jacksonville,FL,32474,2019-09-22,Yes,SMS,Community Event,$100K-$149K
C001203,CL010,Camila Baker,Miami,FL,32736,2020-11-19,Yes,Email,Walk-In,$100K-$149K
C001204,CL008,James Campbell,Naples,FL,33678,2020-01-04,Yes,Email,Google Search,$100K-$149K
C001205,CL010,Daniel Green,Tampa,FL,34450,2020-01-03,No,SMS,Google Search,$50K-$74K
C001206,CL001,Sofia Torres,Lakeland,FL,33577,2022-05-20,Yes,SMS,Referral,$150K+
C001207,CL004,Sarah Rodriguez,Fort Myers,FL,34273,2020-06-02,No,Phone,Existing Client,$150K+
C001208,CL003,Kevin Jackson,Boca Raton,FL,34288,2022-10-06,No,Phone,Existing Client,<$50K
C001209,CL004,Isabella Vilaihong,Clearwater,FL,32746,2020-01-27,Yes,SMS,Walk-In,$100K-$149K
C001210,CL004,Robert Rivera,Palm Coast,FL,33265,2021-12-04,Yes,Phone,Community Event,$75K-$99K
C001211,CL006,Logan Lewis,Miami,FL,32689,2018-10-06,No,Email,Referral,$75K-$99K
C001212,CL011,Jason King,Fort Myers,FL,34870,2019-08-25,Yes,SMS,Community Event,$50K-$74K
C001213,CL003,Jessica Carter,Tampa,FL,33317,2023-09-05,Yes,SMS,Community Event,$75K-$99K
C001214,CL005,Ryan Williams,Jacksonville,FL,33181,2019-03-20,Yes,Phone,Social Media,<$50K
C001215,CL007,Robert Hall,Orlando,FL,33186,2022-08-24,No,Email,Walk-In,$50K-$74K
C001216,CL006,Daniel Hall,Tampa,FL,33586,2019-02-26,No,SMS,Existing Client,$75K-$99K
C001217,CL004,Jackson Rodriguez,Orlando,FL,34381,2020-02-10,Yes,Email,Walk-In,$150K+
C001218,CL002,Liam Carter,Tampa,FL,32451,2020-12-29,Yes,SMS,Community Event,$75K-$99K
C001219,CL008,Camila Hernandez,Clearwater,FL,32058,2019-12-26,No,SMS,Community Event,<$50K
C001220,CL006,Harper Scott,Orlando,FL,34038,2022-09-19,Yes,Email,Google Search,$50K-$74K
C001221,CL009,Grace Nelson,Jacksonville,FL,33273,2020-05-12,Yes,Phone,Walk-In,$100K-$149K
C001222,CL012,Grace Baker,St. Petersburg,FL,34480,2021-11-06,No,SMS,Community Event,<$50K
C001223,CL007,Mateo Thomas,Naples,FL,33815,2022-10-18,Yes,Email,Existing Client,<$50K
C001224,CL007,Ella Green,Boca Raton,FL,32581,2023-04-07,Yes,Phone,Walk-In,$150K+
C001225,CL004,Daniel Martinez,Lake City,FL,33721,2022-10-13,Yes,SMS,Google Search,<$50K
C001226,CL003,Mia Perez,Palm Coast,FL,32632,2021-06-08,Yes,SMS,Social Media,$75K-$99K
C001227,CL003,Lauren White,Tallahassee,FL,32284,2022-10-07,Yes,SMS,Existing Client,$100K-$149K
C001228,CL002,Isabella Robinson,Palm Coast,FL,34785,2020-11-29,No,Phone,Social Media,$50K-$74K
C001229,CL009,Emma Wilson,Sarasota,FL,34085,2020-03-12,Yes,Phone,Google Search,$75K-$99K
C001230,CL003,Sofia Lee,Ocala,FL,32855,2022-10-10,No,Email,Social Media,$100K-$149K
C001231,CL003,Elijah Davis,Ocala,FL,33580,2018-05-31,Yes,Email,Walk-In,$150K+
C001232,CL005,Lucas Torres,St. Petersburg,FL,32733,2020-06-12,Yes,Email,Community Event,$150K+
C001233,CL009,Michael Ramirez,Miami,FL,32703,2021-11-30,Yes,Email,Community Event,<$50K
C001234,CL010,David Hall,Pensacola,FL,32080,2022-01-20,No,Phone,Existing Client,$75K-$99K
C001235,CL002,Michael Nguyen,Tampa,FL,33597,2021-02-17,No,SMS,Community Event,$75K-$99K
C001236,CL005,Harper Jackson,Lake City,FL,32097,2023-10-16,Yes,SMS,Community Event,$50K-$74K
C001237,CL012,Audrey Taylor,Clearwater,FL,33576,2022-09-03,Yes,Email,Walk-In,$75K-$99K
C001238,CL002,Mateo Baker,Orlando,FL,32313,2022-10-03,Yes,SMS,Walk-In,$75K-$99K
C001239,CL010,Camila Moore,Newberry,FL,32027,2023-08-06,No,SMS,Referral,$50K-$74K
C001240,CL001,Liam Brown,Tallahassee,FL,32371,2022-07-15,No,SMS,Referral,<$50K
C001241,CL006,Ethan Lewis,Orlando,FL,34496,2023-10-15,No,Phone,Google Search,$100K-$149K
C001242,CL010,Amelia Roberts,Gainesville,FL,33479,2021-02-18,Yes,Email,Community Event,<$50K
C001243,CL010,Jessica Miller,Lake City,FL,32151,2020-08-29,Yes,SMS,Walk-In,$150K+
C001244,CL007,Mateo Martin,Jacksonville,FL,34846,2019-06-26,Yes,SMS,Existing Client,$50K-$74K
C001245,CL008,Emily Thompson,Newberry,FL,34762,2018-08-26,Yes,Phone,Existing Client,$50K-$74K
C001246,CL001,Ethan Jackson,Tampa,FL,33394,2022-07-11,No,SMS,Social Media,$75K-$99K
C001247,CL008,Ashley Williams,Ocala,FL,34812,2020-01-22,Yes,SMS,Walk-In,<$50K
C001248,CL005,Luna Harris,Boca Raton,FL,32213,2020-09-23,No,SMS,Existing Client,$50K-$74K
C001249,CL001,Emily Nelson,St. Petersburg,FL,32025,2019-08-20,Yes,SMS,Walk-In,<$50K
C001250,CL005,Ryan Lopez,Naples,FL,32400,2020-11-09,Yes,Email,Social Media,<$50K
C001251,CL002,Emma Carter,Tallahassee,FL,32693,2022-03-17,No,Email,Referral,<$50K
C001252,CL007,Harper Vilaihong,Fort Myers,FL,32208,2018-11-07,Yes,Email,Google Search,$75K-$99K
C001253,CL012,Lauren Robinson,Naples,FL,32582,2019-08-05,No,Email,Social Media,$75K-$99K
C001254,CL011,Camila Lopez,Jacksonville,FL,32894,2019-01-23,Yes,Email,Existing Client,<$50K
C001255,CL003,Evelyn Lewis,Clearwater,FL,33445,2019-01-30,No,Email,Social Media,$75K-$99K
C001256,CL004,Ella Lopez,Jacksonville,FL,33738,2022-02-22,No,SMS,Referral,$150K+
C001257,CL001,Audrey Smith,Newberry,FL,34467,2020-03-10,Yes,Email,Walk-In,$50K-$74K
C001258,CL004,Emma Williams,Boca Raton,FL,32111,2021-03-18,No,SMS,Walk-In,$75K-$99K
C001259,CL006,Amelia Robinson,Lakeland,FL,32555,2019-12-09,No,SMS,Google Search,$100K-$149K
C001260,CL009,Sofia Brown,Lakeland,FL,34827,2023-07-21,Yes,SMS,Social Media,$100K-$149K
C001261,CL001,Daniel Walker,Lakeland,FL,33626,2018-02-03,Yes,SMS,Social Media,$75K-$99K
C001262,CL003,Emily Robinson,Tallahassee,FL,33006,2019-02-15,Yes,Phone,Community Event,$100K-$149K
C001263,CL010,Kevin Flores,Ocala,FL,34447,2020-08-15,Yes,SMS,Referral,$50K-$74K
C001264,CL002,Jackson Sanchez,St. Petersburg,FL,32611,2020-03-01,Yes,SMS,Google Search,$75K-$99K
C001265,CL011,Michael Lopez,Orlando,FL,33243,2018-07-11,Yes,SMS,Existing Client,$75K-$99K
C001266,CL009,Evelyn Thomas,Ocala,FL,34994,2023-04-01,Yes,Email,Google Search,<$50K
C001267,CL012,Ethan Williams,Fort Myers,FL,34697,2018-06-20,Yes,Phone,Community Event,$100K-$149K
C001268,CL005,Audrey Walker,Sarasota,FL,33856,2021-01-17,Yes,Email,Existing Client,$100K-$149K
C001269,CL008,Megan Campbell,Boca Raton,FL,32971,2018-08-27,Yes,SMS,Referral,$100K-$149K
C001270,CL001,Daniel Taylor,Boca Raton,FL,32741,2023-06-26,Yes,SMS,Existing Client,$150K+
C001271,CL007,Camila Nguyen,Sarasota,FL,33054,2020-07-30,Yes,Phone,Community Event,$75K-$99K
C001272,CL005,Jack Smith,Orlando,FL,33971,2018-10-30,Yes,Email,Existing Client,$150K+
C001273,CL011,Jessica Nguyen,Sarasota,FL,33357,2020-03-31,No,SMS,Community Event,$150K+
C001274,CL002,Jason Campbell,Clearwater,FL,32924,2019-10-06,No,SMS,Community Event,$100K-$149K
C001275,CL003,Jackson Thomas,Clearwater,FL,33300,2023-05-23,Yes,Email,Community Event,$75K-$99K
C001276,CL005,Ryan Hernandez,Newberry,FL,32545,2019-10-31,No,Email,Community Event,$75K-$99K
C001277,CL001,Ava Lewis,Pensacola,FL,34845,2022-12-02,No,Phone,Walk-In,$100K-$149K
C001278,CL007,Harper Brown,Tampa,FL,33224,2019-07-16,Yes,Email,Referral,$100K-$149K
C001279,CL006,Amelia King,Clearwater,FL,33368,2021-06-07,No,Phone,Walk-In,$150K+
C001280,CL010,Elijah Lopez,Tallahassee,FL,32822,2021-11-16,No,SMS,Social Media,$150K+
C001281,CL006,Ava Smith,Lake City,FL,34820,2018-02-12,No,Email,Community Event,<$50K
C001282,CL007,Jason Roberts,Jacksonville,FL,34278,2021-09-18,Yes,Email,Walk-In,$75K-$99K
C001283,CL001,Henry Smith,Tallahassee,FL,33682,2021-05-03,Yes,Phone,Google Search,$75K-$99K
C001284,CL003,Isabella Nguyen,Jacksonville,FL,33992,2019-06-18,Yes,SMS,Social Media,$75K-$99K
C001285,CL002,Mason Wilson,Orlando,FL,33408,2018-10-09,Yes,SMS,Social Media,<$50K
C001286,CL011,Olivia Jackson,Orlando,FL,34330,2019-12-12,No,Email,Existing Client,<$50K
C001287,CL007,Amelia White,Tampa,FL,32954,2022-10-09,No,Phone,Walk-In,<$50K
C001288,CL008,Jackson Anderson,Boca Raton,FL,34547,2022-02-02,Yes,SMS,Referral,$150K+
C001289,CL007,Emily Adams,St. Petersburg,FL,34869,2020-11-09,Yes,SMS,Referral,$150K+
C001290,CL002,Elijah Smith,Pensacola,FL,34066,2021-11-11,Yes,SMS,Community Event,$50K-$74K
C001291,CL004,Evelyn King,Lakeland,FL,32646,2021-11-13,Yes,Phone,Walk-In,$100K-$149K
C001292,CL003,Grace Rodriguez,Palm Coast,FL,32869,2018-01-18,No,Phone,Community Event,$75K-$99K
C001293,CL012,Charlotte Vilaihong,Clearwater,FL,32861,2021-11-21,Yes,Phone,Walk-In,$100K-$149K
C001294,CL008,Amelia Campbell,Miami,FL,34276,2021-10-06,Yes,SMS,Walk-In,<$50K
C001295,CL011,Jackson Carter,Sarasota,FL,32124,2020-06-06,Yes,SMS,Community Event,$100K-$149K
C001296,CL006,Henry King,St. Petersburg,FL,32997,2019-08-04,Yes,SMS,Referral,$150K+
C001297,CL007,Nick Garcia,Tampa,FL,34203,2021-03-31,Yes,Phone,Community Event,$75K-$99K
C001298,CL006,Emma Wright,Newberry,FL,33676,2018-03-30,Yes,Phone,Community Event,$100K-$149K
C001299,CL006,Ella Carter,Newberry,FL,34676,2018-05-10,Yes,SMS,Community Event,$150K+
C001300,CL011,Chloe Wright,Tallahassee,FL,34096,2021-08-10,Yes,Email,Walk-In,$100K-$149K
C001301,CL005,Charlotte White,St. Petersburg,FL,32229,2020-04-22,Yes,SMS,Community Event,<$50K
C001302,CL009,Logan Vilaihong,Clearwater,FL,34508,2020-05-20,Yes,SMS,Walk-In,$50K-$74K
C001303,CL008,Mateo Anderson,Palm Coast,FL,33002,2022-06-10,No,SMS,Community Event,$50K-$74K
C001304,CL009,Ella King,Fort Myers,FL,34578,2021-06-04,No,SMS,Social Media,$75K-$99K
C001305,CL011,Sofia Brown,Orlando,FL,34751,2018-08-13,No,SMS,Existing Client,$75K-$99K
C001306,CL007,Emma Thomas,Naples,FL,33791,2022-07-09,No,SMS,Google Search,$100K-$149K
C001307,CL008,Henry Lee,Pensacola,FL,33899,2018-05-09,Yes,Email,Social Media,$100K-$149K
C001308,CL008,Emily Miller,St. Petersburg,FL,32322,2023-06-04,No,SMS,Walk-In,<$50K
C001309,CL009,Henry Jackson,Orlando,FL,33962,2018-03-04,No,Phone,Social Media,$150K+
C001310,CL012,Nick Carter,Alachua,FL,33782,2023-06-17,Yes,Phone,Existing Client,$75K-$99K
C001311,CL008,Harper Martin,Clearwater,FL,33781,2021-10-18,No,Phone,Walk-In,$50K-$74K
C001312,CL003,Charlotte Nguyen,St. Petersburg,FL,34417,2022-02-11,Yes,SMS,Google Search,<$50K
C001313,CL008,Lucas Robinson,Miami,FL,33909,2021-11-17,No,SMS,Existing Client,$100K-$149K
C001314,CL003,Ella Green,Alachua,FL,32011,2023-10-31,Yes,Phone,Walk-In,$50K-$74K
C001315,CL011,Benjamin Perez,Tallahassee,FL,34739,2018-03-29,Yes,Email,Walk-In,<$50K
C001316,CL011,Michael Jones,Palm Coast,FL,32338,2020-02-29,Yes,SMS,Community Event,$100K-$149K
C001317,CL009,Mateo Torres,Fort Myers,FL,32237,2019-05-04,No,SMS,Google Search,<$50K
C001318,CL010,Grace Ramirez,Palm Coast,FL,33938,2018-09-02,Yes,Phone,Google Search,$75K-$99K
C001319,CL005,Evelyn Lopez,Delray Beach,FL,32666,2018-03-27,Yes,Email,Walk-In,$150K+
C001320,CL005,Harper Martin,Tallahassee,FL,33704,2020-06-07,Yes,Phone,Existing Client,$75K-$99K
C001321,CL010,Charlotte Mitchell,Miami,FL,33289,2021-04-30,Yes,Email,Referral,$100K-$149K
C001322,CL007,Charlotte Clark,Lake City,FL,34290,2021-10-13,Yes,Email,Social Media,$150K+
C001323,CL011,Sophia Torres,Lakeland,FL,32811,2019-10-01,Yes,SMS,Social Media,$100K-$149K
C001324,CL012,James Sanchez,Naples,FL,33681,2022-08-05,No,Email,Walk-In,$100K-$149K
C001325,CL001,Jason Nguyen,Palm Coast,FL,34207,2021-04-27,Yes,SMS,Existing Client,$150K+
C001326,CL004,Benjamin Roberts,Palm Coast,FL,33885,2023-12-29,No,SMS,Existing Client,$150K+
C001327,CL012,Jack Walker,Naples,FL,34367,2018-09-27,Yes,SMS,Social Media,$150K+
C001328,CL003,Ryan Harris,Lakeland,FL,33602,2022-03-24,Yes,Email,Existing Client,<$50K
C001329,CL012,Michael Adams,Jacksonville,FL,34729,2018-04-02,Yes,SMS,Existing Client,$150K+
C001330,CL005,Daniel Rodriguez,Orlando,FL,33117,2020-04-19,Yes,SMS,Referral,$75K-$99K
C001331,CL006,Camila Allen,Orlando,FL,33444,2020-10-04,Yes,Email,Existing Client,$100K-$149K
C001332,CL003,Rachel Perez,St. Petersburg,FL,34709,2022-02-26,No,Phone,Existing Client,$150K+
C001333,CL004,Mason Davis,St. Petersburg,FL,34633,2021-02-19,Yes,Phone,Existing Client,$75K-$99K
C001334,CL004,Robert Green,Delray Beach,FL,32418,2022-12-03,No,SMS,Community Event,$75K-$99K
C001335,CL001,Mia Clark,Tampa,FL,33720,2019-12-29,Yes,SMS,Referral,<$50K
C001336,CL011,Olivia Young,Delray Beach,FL,33356,2019-01-08,Yes,SMS,Community Event,$150K+
C001337,CL003,Sofia Lee,Pensacola,FL,32260,2023-03-22,Yes,SMS,Walk-In,$50K-$74K
C001338,CL008,Kevin Lee,Tallahassee,FL,32194,2018-12-20,No,SMS,Community Event,$100K-$149K
C001339,CL002,Robert Roberts,Pensacola,FL,33479,2022-07-25,Yes,SMS,Walk-In,$150K+
C001340,CL008,Luna Smith,Ocala,FL,33987,2019-03-08,Yes,SMS,Referral,<$50K
C001341,CL001,Benjamin Taylor,Tampa,FL,33103,2022-02-04,Yes,Phone,Walk-In,$50K-$74K
C001342,CL004,Michael Nguyen,Orlando,FL,32405,2023-08-25,No,SMS,Referral,$100K-$149K
C001343,CL006,Olivia Vilaihong,Naples,FL,34065,2019-07-07,No,SMS,Existing Client,$100K-$149K
C001344,CL006,Amelia Perez,Gainesville,FL,32505,2023-03-11,Yes,SMS,Community Event,$75K-$99K
C001345,CL001,Jack Nelson,Lakeland,FL,33950,2023-07-19,Yes,SMS,Community Event,$100K-$149K
C001346,CL008,Amelia Young,Orlando,FL,33285,2018-06-21,Yes,Phone,Google Search,$150K+
C001347,CL011,Amelia Perez,Boca Raton,FL,33372,2022-06-14,Yes,SMS,Google Search,$75K-$99K
C001348,CL003,Mason Davis,Pensacola,FL,34310,2019-10-01,Yes,Email,Referral,$75K-$99K
C001349,CL001,Lucas Miller,Pensacola,FL,34188,2020-12-06,Yes,Phone,Google Search,$50K-$74K
C001350,CL001,Ryan Clark,Tallahassee,FL,33254,2022-02-25,No,Email,Referral,<$50K
C001351,CL001,Ashley Mitchell,Lake City,FL,34523,2021-07-18,Yes,Email,Existing Client,$75K-$99K
C001352,CL005,Luna Mitchell,Clearwater,FL,33527,2018-02-15,No,SMS,Referral,$50K-$74K
C001353,CL009,Liam Nelson,Boca Raton,FL,34577,2023-03-26,Yes,SMS,Walk-In,<$50K
C001354,CL003,Michael Young,Lakeland,FL,32429,2021-06-21,No,SMS,Google Search,$75K-$99K
C001355,CL002,Evelyn Miller,Gainesville,FL,32251,2021-09-26,Yes,Email,Google Search,$100K-$149K
C001356,CL005,Charlotte Taylor,Lakeland,FL,32542,2023-09-09,No,SMS,Referral,$75K-$99K
C001357,CL009,Grace Johnson,Miami,FL,32899,2023-01-14,Yes,Email,Walk-In,$150K+
C001358,CL003,Jack Martin,Jacksonville,FL,34680,2018-08-11,Yes,Phone,Community Event,$75K-$99K
C001359,CL004,Kevin Baker,St. Petersburg,FL,32229,2020-08-19,Yes,SMS,Referral,$150K+
C001360,CL006,Michael Wilson,Ocala,FL,33904,2018-03-09,No,Phone,Google Search,$75K-$99K
C001361,CL003,Lucas Hernandez,Fort Myers,FL,33185,2023-02-01,No,Phone,Existing Client,$75K-$99K
C001362,CL002,James Rodriguez,Clearwater,FL,34614,2019-10-23,No,Phone,Community Event,$50K-$74K
C001363,CL009,Kevin Smith,Tallahassee,FL,34816,2023-10-11,Yes,SMS,Social Media,$75K-$99K
C001364,CL003,Jason Sanchez,Naples,FL,34000,2020-07-19,No,SMS,Referral,$50K-$74K
C001365,CL001,Mateo Clark,Orlando,FL,33864,2018-08-05,No,SMS,Existing Client,$75K-$99K
C001366,CL007,Emily Baker,Orlando,FL,34092,2019-12-25,No,SMS,Google Search,$100K-$149K
C001367,CL006,Ethan Garcia,Gainesville,FL,34964,2022-12-11,Yes,Phone,Walk-In,$75K-$99K
C001368,CL005,Jackson Mitchell,Delray Beach,FL,33273,2021-10-18,Yes,Phone,Google Search,<$50K
C001369,CL011,Luna Lewis,Palm Coast,FL,32661,2022-11-13,No,SMS,Walk-In,$50K-$74K
C001370,CL012,James Gonzalez,Tallahassee,FL,33595,2023-11-17,Yes,SMS,Community Event,<$50K
C001371,CL004,Logan Hill,Lake City,FL,32331,2018-08-27,Yes,Phone,Existing Client,$150K+
C001372,CL006,Evelyn Ramirez,Ocala,FL,33620,2022-12-01,Yes,Email,Social Media,$75K-$99K
C001373,CL010,Mia Clark,Tampa,FL,33582,2019-04-02,No,SMS,Google Search,$75K-$99K
C001374,CL005,Ethan Williams,St. Petersburg,FL,32657,2019-06-05,Yes,SMS,Google Search,$100K-$149K
C001375,CL003,Lucas Nguyen,Tampa,FL,34489,2019-10-16,Yes,Email,Referral,<$50K
C001376,CL002,Mason Moore,Naples,FL,32494,2023-07-30,No,Phone,Referral,$100K-$149K
C001377,CL004,Mia Martinez,Fort Myers,FL,34311,2021-01-15,Yes,SMS,Existing Client,$150K+
C001378,CL002,Sophia Thomas,Sarasota,FL,33889,2020-06-25,Yes,SMS,Community Event,$150K+
C001379,CL011,Emily Johnson,Ocala,FL,33374,2020-11-01,Yes,Email,Walk-In,$75K-$99K
C001380,CL006,Mia Martinez,Miami,FL,33490,2018-03-07,Yes,Email,Social Media,$150K+
C001381,CL003,Robert Lewis,Delray Beach,FL,34087,2019-01-28,Yes,Phone,Referral,<$50K
C001382,CL001,Sarah Wilson,Gainesville,FL,34424,2023-02-23,Yes,SMS,Google Search,$50K-$74K
C001383,CL009,Michael Robinson,Gainesville,FL,33963,2022-02-17,No,SMS,Referral,<$50K
C001384,CL003,Camila Perez,Lakeland,FL,34409,2020-06-28,Yes,SMS,Referral,$150K+
C001385,CL005,Evelyn Hernandez,Newberry,FL,34382,2020-03-19,Yes,Phone,Existing Client,$150K+
C001386,CL010,Michael Nelson,Tallahassee,FL,33982,2020-04-06,Yes,Phone,Referral,<$50K
C001387,CL001,Ella King,Lakeland,FL,33077,2023-07-10,Yes,Phone,Community Event,$50K-$74K
C001388,CL010,Mateo Lewis,Fort Myers,FL,34563,2022-07-04,Yes,SMS,Referral,$75K-$99K
C001389,CL002,Ashley Davis,Newberry,FL,32432,2018-06-25,Yes,Email,Existing Client,<$50K
C001390,CL005,Mason Adams,Alachua,FL,34088,2022-02-11,Yes,Email,Community Event,$150K+
C001391,CL007,Emma Moore,Miami,FL,32532,2023-12-03,No,Email,Community Event,$150K+
C001392,CL001,Isabella Ramirez,Palm Coast,FL,32087,2020-12-29,Yes,Phone,Walk-In,$75K-$99K
C001393,CL005,Jackson Campbell,Tampa,FL,32027,2023-02-12,Yes,SMS,Social Media,$50K-$74K
C001394,CL002,Isabella Robinson,Delray Beach,FL,32587,2021-07-13,Yes,SMS,Social Media,$100K-$149K
C001395,CL011,Henry Allen,Miami,FL,34244,2021-03-22,Yes,SMS,Social Media,$150K+
C001396,CL010,Evelyn Brown,Orlando,FL,34852,2023-09-14,No,Phone,Existing Client,$150K+
C001397,CL005,Grace Miller,St. Petersburg,FL,34011,2020-08-20,Yes,SMS,Existing Client,$150K+
C001398,CL009,Harper Taylor,Palm Coast,FL,34190,2022-03-20,No,Email,Social Media,$100K-$149K
C001399,CL005,Grace Walker,Orlando,FL,33856,2018-02-08,No,Phone,Social Media,<$50K
C001400,CL012,Sophia Anderson,Orlando,FL,33747,2021-08-04,Yes,SMS,Existing Client,$150K+
C001401,CL005,Nick Taylor,Ocala,FL,33208,2018-08-14,Yes,SMS,Google Search,$75K-$99K
C001402,CL005,Robert Hernandez,Delray Beach,FL,33581,2021-01-13,Yes,Phone,Walk-In,<$50K
C001403,CL001,Ashley Thompson,Jacksonville,FL,33912,2020-02-28,No,Phone,Google Search,$150K+
C001404,CL004,Emily Young,Ocala,FL,32357,2023-07-08,No,SMS,Community Event,$150K+
C001405,CL003,Nick Carter,Miami,FL,33952,2019-06-19,No,SMS,Social Media,$50K-$74K
C001406,CL010,Kevin Lee,Orlando,FL,33899,2022-07-16,No,Phone,Google Search,$50K-$74K
C001407,CL006,Olivia Sanchez,Orlando,FL,32329,2021-05-26,Yes,Email,Social Media,$75K-$99K
C001408,CL006,Sarah Ramirez,Lakeland,FL,34030,2021-05-17,Yes,Email,Social Media,<$50K
C001409,CL010,Audrey Baker,St. Petersburg,FL,34000,2023-10-29,Yes,SMS,Existing Client,<$50K
C001410,CL002,Luna Lee,Sarasota,FL,34021,2022-06-10,No,Phone,Google Search,$150K+
C001411,CL012,Amelia Davis,Lake City,FL,32891,2018-02-06,Yes,SMS,Social Media,$150K+
C001412,CL002,Charlotte Martinez,Tampa,FL,33519,2018-10-15,No,SMS,Google Search,$150K+
C001413,CL003,Luna Thomas,Alachua,FL,32944,2019-03-30,Yes,Email,Referral,$75K-$99K
C001414,CL012,Lucas Wilson,Lakeland,FL,32472,2023-03-30,Yes,Email,Google Search,$50K-$74K
C001415,CL011,Henry Adams,St. Petersburg,FL,33484,2023-02-15,No,SMS,Walk-In,<$50K
C001416,CL011,Ashley Davis,Gainesville,FL,34160,2019-11-17,Yes,Phone,Google Search,$75K-$99K
C001417,CL008,Amelia Martinez,Ocala,FL,34408,2023-04-09,Yes,SMS,Referral,$100K-$149K
C001418,CL010,Luna Smith,Miami,FL,32360,2022-09-23,Yes,Phone,Social Media,$150K+
C001419,CL011,Ava Young,Lakeland,FL,32836,2021-11-14,No,Email,Walk-In,<$50K
C001420,CL004,Sofia Roberts,Newberry,FL,32955,2021-09-07,Yes,Email,Walk-In,$75K-$99K
C001421,CL003,Harper Rivera,Lake City,FL,34788,2020-10-28,Yes,Phone,Existing Client,<$50K
C001422,CL006,Charlotte Wilson,Fort Myers,FL,32613,2020-09-15,Yes,Phone,Referral,$150K+
C001423,CL005,Noah Rodriguez,Clearwater,FL,34588,2021-03-19,Yes,SMS,Community Event,$75K-$99K
C001424,CL007,Henry Harris,Gainesville,FL,33072,2023-07-15,Yes,Phone,Walk-In,$50K-$74K
C001425,CL007,Henry Wright,Lakeland,FL,34471,2020-03-31,Yes,Email,Existing Client,$75K-$99K
C001426,CL006,Audrey Vilaihong,Naples,FL,33644,2018-07-13,No,SMS,Walk-In,$100K-$149K
C001427,CL004,Amelia Wilson,Fort Myers,FL,32146,2023-09-18,Yes,SMS,Google Search,$100K-$149K
C001428,CL001,Ashley Sanchez,Naples,FL,33553,2019-10-29,Yes,SMS,Community Event,$100K-$149K
C001429,CL009,Grace Carter,Gainesville,FL,33830,2020-05-17,No,Phone,Walk-In,$100K-$149K
C001430,CL003,Elijah Smith,Tallahassee,FL,32807,2022-10-04,Yes,Phone,Google Search,$150K+
C001431,CL004,Isabella Miller,Palm Coast,FL,32704,2021-06-04,Yes,SMS,Existing Client,$50K-$74K
C001432,CL010,Jackson Ramirez,Ocala,FL,33040,2022-04-11,No,Phone,Referral,$150K+
C001433,CL004,Elijah Hill,Gainesville,FL,33994,2021-06-30,No,SMS,Walk-In,$100K-$149K
C001434,CL009,Henry Flores,Sarasota,FL,32803,2020-09-26,No,Email,Existing Client,$150K+
C001435,CL006,Ashley Hall,Lake City,FL,33701,2020-03-12,Yes,SMS,Walk-In,$100K-$149K
C001436,CL012,Sophia Carter,Delray Beach,FL,33084,2022-02-28,Yes,SMS,Existing Client,$75K-$99K
C001437,CL011,Isabella Anderson,Jacksonville,FL,33562,2021-12-25,Yes,Email,Walk-In,<$50K
C001438,CL001,Charlotte Adams,Lake City,FL,33999,2020-05-03,Yes,SMS,Google Search,$75K-$99K
C001439,CL009,Mia Nguyen,Tampa,FL,34065,2018-08-22,No,SMS,Community Event,$150K+
C001440,CL005,Ashley Thompson,Lake City,FL,32473,2021-08-26,Yes,SMS,Google Search,$50K-$74K
C001441,CL012,Grace Baker,Alachua,FL,32546,2023-01-27,Yes,SMS,Google Search,$75K-$99K
C001442,CL007,Amelia Vilaihong,Miami,FL,33351,2018-02-15,Yes,Phone,Existing Client,$150K+
C001443,CL003,Jessica Baker,Newberry,FL,32728,2021-11-06,No,Phone,Existing Client,<$50K
C001444,CL003,Benjamin Mitchell,Fort Myers,FL,32015,2018-11-20,No,SMS,Referral,$50K-$74K
C001445,CL005,Logan Wilson,Tallahassee,FL,33003,2018-11-18,Yes,SMS,Community Event,$75K-$99K
C001446,CL001,Grace Wright,Pensacola,FL,34166,2020-09-11,Yes,SMS,Google Search,$75K-$99K
C001447,CL005,Daniel Gonzalez,Fort Myers,FL,32071,2022-12-30,Yes,SMS,Social Media,$150K+
C001448,CL004,Megan Johnson,Tallahassee,FL,33380,2020-12-06,No,Phone,Existing Client,$75K-$99K
C001449,CL007,Jack Campbell,Clearwater,FL,34731,2023-09-21,Yes,Phone,Community Event,$150K+
C001450,CL012,Harper Jones,Alachua,FL,32793,2020-06-22,Yes,Email,Community Event,$75K-$99K
C001451,CL008,Charlotte Brown,Lakeland,FL,32198,2021-11-12,Yes,SMS,Google Search,<$50K
C001452,CL002,Ryan Johnson,Tallahassee,FL,34133,2019-01-24,Yes,SMS,Social Media,$75K-$99K
C001453,CL010,Luna Brown,Ocala,FL,33176,2023-03-28,Yes,Email,Community Event,$50K-$74K
C001454,CL006,Ryan Rivera,Palm Coast,FL,34937,2022-04-08,Yes,SMS,Referral,<$50K
C001455,CL004,Amelia Hill,Miami,FL,33624,2022-07-25,Yes,SMS,Walk-In,$75K-$99K
C001456,CL004,Camila Taylor,Lakeland,FL,34267,2023-12-30,Yes,Email,Social Media,<$50K
C001457,CL002,Jessica Allen,Pensacola,FL,32955,2021-11-14,Yes,SMS,Google Search,$75K-$99K
C001458,CL011,Olivia Martin,St. Petersburg,FL,33284,2020-03-15,Yes,Email,Walk-In,$75K-$99K
C001459,CL007,James Wright,Boca Raton,FL,32386,2023-05-22,No,Email,Referral,<$50K
C001460,CL011,James Hill,Palm Coast,FL,34520,2023-03-09,Yes,Email,Google Search,<$50K
C001461,CL001,Lauren Allen,Sarasota,FL,34255,2020-02-17,No,SMS,Referral,$50K-$74K
C001462,CL009,Lucas Gonzalez,Ocala,FL,34694,2020-02-26,Yes,SMS,Google Search,$100K-$149K
C001463,CL004,Kevin Hill,Tallahassee,FL,32962,2021-01-06,Yes,Phone,Referral,$50K-$74K
C001464,CL007,Kevin Moore,Boca Raton,FL,33229,2022-01-21,No,SMS,Community Event,$150K+
C001465,CL007,Henry Miller,Ocala,FL,32375,2019-12-09,Yes,SMS,Referral,$150K+
C001466,CL009,Ryan Taylor,Alachua,FL,32586,2019-02-18,No,Email,Walk-In,$75K-$99K
C001467,CL010,Nick Thomas,Orlando,FL,33551,2021-06-21,Yes,Email,Google Search,$150K+
C001468,CL003,Michael Vilaihong,Orlando,FL,33571,2018-07-24,Yes,SMS,Walk-In,<$50K
C001469,CL011,Ava Martinez,Miami,FL,33613,2021-05-05,No,SMS,Existing Client,<$50K
C001470,CL007,Mateo Johnson,Ocala,FL,34937,2022-09-26,Yes,Phone,Walk-In,$50K-$74K
C001471,CL001,David Vilaihong,Boca Raton,FL,33190,2022-12-05,No,SMS,Walk-In,$75K-$99K
C001472,CL001,Ashley Johnson,Jacksonville,FL,32810,2019-12-20,No,Phone,Community Event,$50K-$74K
C001473,CL001,Grace Hill,Alachua,FL,34795,2021-06-18,No,Email,Referral,$50K-$74K
C001474,CL003,Jessica Davis,Sarasota,FL,34365,2023-11-19,No,SMS,Referral,$50K-$74K
C001475,CL001,Grace Davis,Tallahassee,FL,34974,2019-08-15,Yes,Email,Referral,$75K-$99K
C001476,CL005,Ava Nguyen,Orlando,FL,32340,2020-06-23,No,SMS,Community Event,$150K+
C001477,CL002,Ethan Hill,Fort Myers,FL,32927,2018-06-15,Yes,SMS,Walk-In,$75K-$99K
C001478,CL012,Emily Anderson,Ocala,FL,34755,2023-07-19,Yes,SMS,Walk-In,<$50K
C001479,CL011,Jack Perez,Miami,FL,32761,2023-10-06,Yes,SMS,Existing Client,$50K-$74K
C001480,CL001,Jackson Scott,Palm Coast,FL,33793,2020-02-03,Yes,Phone,Existing Client,$150K+
C001481,CL012,Chloe Hall,Gainesville,FL,33696,2020-08-17,Yes,Phone,Social Media,$75K-$99K
C001482,CL004,Chloe Martinez,Boca Raton,FL,33873,2023-03-22,Yes,Email,Referral,$100K-$149K
C001483,CL009,Robert Ramirez,Newberry,FL,32279,2018-11-13,Yes,SMS,Google Search,$100K-$149K
C001484,CL011,Ryan Thomas,Alachua,FL,34449,2020-08-14,No,Phone,Existing Client,<$50K
C001485,CL006,Kevin Green,Fort Myers,FL,32812,2020-07-10,Yes,SMS,Social Media,$75K-$99K
C001486,CL003,Sofia Young,Ocala,FL,34285,2023-10-13,Yes,Phone,Walk-In,$75K-$99K
C001487,CL008,Jack Wright,Fort Myers,FL,34044,2022-02-10,No,Phone,Community Event,$75K-$99K
C001488,CL004,Audrey Taylor,Newberry,FL,34394,2020-06-25,Yes,SMS,Existing Client,$150K+
C001489,CL002,Noah Lopez,Pensacola,FL,34371,2021-04-25,No,Email,Google Search,$100K-$149K
C001490,CL007,Nick Moore,Newberry,FL,32782,2023-02-12,Yes,Email,Google Search,$100K-$149K
C001491,CL008,Lauren Wright,Lake City,FL,34827,2020-02-09,No,SMS,Walk-In,$100K-$149K
C001492,CL007,Benjamin Mitchell,Jacksonville,FL,33913,2021-09-17,Yes,SMS,Existing Client,$150K+
C001493,CL007,Rachel Torres,Tallahassee,FL,32903,2020-08-13,No,SMS,Google Search,$150K+
C001494,CL004,Kevin Thomas,Naples,FL,34267,2020-02-13,Yes,SMS,Community Event,$50K-$74K
C001495,CL011,Noah Wilson,Pensacola,FL,34135,2023-01-07,No,Email,Community Event,$150K+
C001496,CL009,Noah Ramirez,Naples,FL,34239,2022-08-17,Yes,Phone,Community Event,$75K-$99K
C001497,CL002,Charlotte Sanchez,Clearwater,FL,32711,2022-06-07,Yes,SMS,Social Media,<$50K
C001498,CL012,Kevin Taylor,Ocala,FL,32077,2022-06-25,Yes,SMS,Referral,$150K+
C001499,CL011,Kevin Harris,Palm Coast,FL,32079,2021-05-07,No,SMS,Existing Client,$50K-$74K
C001500,CL009,Daniel Miller,Alachua,FL,34841,2023-10-01,Yes,Phone,Social Media,$150K+
C001501,CL004,Evelyn Wilson,Clearwater,FL,33699,2021-08-08,No,Phone,Existing Client,$100K-$149K
C001502,CL003,Sofia Campbell,Boca Raton,FL,32218,2022-03-24,No,SMS,Walk-In,$50K-$74K
C001503,CL002,Mason Rodriguez,Palm Coast,FL,33797,2021-09-29,Yes,SMS,Community Event,<$50K
C001504,CL010,Ava Gonzalez,Naples,FL,33307,2018-10-13,No,SMS,Existing Client,$100K-$149K
C001505,CL005,Benjamin Moore,Gainesville,FL,32597,2019-09-23,Yes,Email,Walk-In,$150K+
C001506,CL003,Robert Thomas,Fort Myers,FL,33587,2021-11-27,No,Email,Google Search,$100K-$149K
C001507,CL008,Grace White,St. Petersburg,FL,32191,2023-07-07,Yes,Phone,Existing Client,$50K-$74K
C001508,CL007,Emma Roberts,Lake City,FL,32872,2021-10-11,Yes,Phone,Social Media,$75K-$99K
C001509,CL008,Lauren Allen,Tallahassee,FL,33291,2020-04-13,Yes,Email,Community Event,$100K-$149K
C001510,CL008,Kevin Jones,Delray Beach,FL,33120,2021-12-09,Yes,Email,Social Media,$150K+
C001511,CL011,Camila Clark,Naples,FL,34217,2019-06-13,No,SMS,Social Media,$150K+
C001512,CL008,Kevin Taylor,Gainesville,FL,33748,2018-01-22,Yes,SMS,Existing Client,<$50K
C001513,CL010,Mia Brown,Jacksonville,FL,33734,2021-11-17,Yes,Email,Existing Client,<$50K
C001514,CL010,Isabella Lewis,Boca Raton,FL,32009,2019-11-30,No,SMS,Existing Client,$150K+
C001515,CL002,Emily Jones,Tallahassee,FL,33012,2019-08-27,Yes,SMS,Google Search,$50K-$74K
C001516,CL003,Megan Mitchell,Naples,FL,34052,2022-10-01,No,SMS,Social Media,$75K-$99K
C001517,CL002,James Jackson,Gainesville,FL,32041,2019-09-02,No,Email,Social Media,$75K-$99K
C001518,CL002,Daniel Roberts,Lake City,FL,34681,2023-09-16,No,SMS,Walk-In,$150K+
C001519,CL006,Noah Campbell,Clearwater,FL,34847,2021-06-12,Yes,SMS,Walk-In,$150K+
C001520,CL006,Chloe Baker,Alachua,FL,32730,2020-12-12,No,Email,Google Search,$75K-$99K
C001521,CL007,Noah Sanchez,Sarasota,FL,32501,2022-05-15,Yes,Email,Google Search,$100K-$149K
C001522,CL008,Benjamin Hall,Tallahassee,FL,32214,2018-01-13,Yes,Email,Existing Client,$100K-$149K
C001523,CL006,Ava Sanchez,St. Petersburg,FL,32365,2018-08-06,No,Phone,Community Event,<$50K
C001524,CL010,Luna Robinson,Clearwater,FL,32270,2018-06-26,Yes,SMS,Google Search,$50K-$74K
C001525,CL001,Mia Hill,Naples,FL,32383,2020-03-26,Yes,Email,Walk-In,$100K-$149K
C001526,CL012,Emily Williams,Naples,FL,34570,2021-01-25,No,SMS,Walk-In,$50K-$74K
C001527,CL010,Megan Garcia,Newberry,FL,33809,2022-04-30,No,SMS,Social Media,$100K-$149K
C001528,CL012,Olivia Lee,Lake City,FL,33320,2021-06-02,Yes,SMS,Existing Client,$100K-$149K
C001529,CL011,Henry Jackson,Clearwater,FL,32085,2020-04-13,Yes,SMS,Referral,$100K-$149K
C001530,CL005,Jessica Gonzalez,Ocala,FL,34228,2018-10-04,No,Phone,Existing Client,$50K-$74K
C001531,CL007,Ashley Vilaihong,Orlando,FL,34803,2020-05-13,Yes,Phone,Existing Client,$100K-$149K
C001532,CL005,Chloe Wilson,Pensacola,FL,34664,2022-08-16,No,Email,Referral,<$50K
C001533,CL004,Luna Vilaihong,Lakeland,FL,34779,2018-09-03,No,Phone,Community Event,$150K+
C001534,CL002,Mateo Nelson,Sarasota,FL,32945,2019-06-17,No,SMS,Community Event,$75K-$99K
C001535,CL005,Olivia Jones,Jacksonville,FL,32976,2020-06-03,Yes,SMS,Social Media,$150K+
C001536,CL009,Mia Ramirez,St. Petersburg,FL,34024,2019-09-26,No,Phone,Google Search,<$50K
C001537,CL008,Benjamin Walker,Orlando,FL,34267,2019-01-31,Yes,SMS,Social Media,<$50K
C001538,CL006,Ava Johnson,Tampa,FL,34629,2022-02-07,No,Phone,Referral,$50K-$74K
C001539,CL009,Ethan Williams,Alachua,FL,34266,2023-12-21,Yes,Email,Walk-In,<$50K
C001540,CL012,Ashley Davis,Lake City,FL,34821,2022-09-18,No,SMS,Community Event,$100K-$149K
C001541,CL006,Kevin Walker,Boca Raton,FL,32263,2019-05-12,Yes,SMS,Existing Client,$50K-$74K
C001542,CL002,Mason Scott,Lakeland,FL,32562,2021-12-05,Yes,Phone,Community Event,$50K-$74K
C001543,CL004,Harper Green,Naples,FL,32577,2021-04-27,No,SMS,Community Event,<$50K
C001544,CL005,Ethan Walker,Naples,FL,33377,2018-08-01,Yes,Phone,Referral,$150K+
C001545,CL009,Emily Rivera,St. Petersburg,FL,32939,2021-09-24,Yes,SMS,Walk-In,<$50K
C001546,CL007,Ethan Nelson,Lakeland,FL,32988,2022-09-05,No,SMS,Google Search,<$50K
C001547,CL010,Benjamin Hill,Gainesville,FL,33117,2019-12-21,Yes,Email,Referral,$75K-$99K
C001548,CL009,Chloe Robinson,Newberry,FL,34319,2019-11-22,Yes,Phone,Existing Client,$50K-$74K
C001549,CL009,Megan Miller,St. Petersburg,FL,34016,2019-11-29,Yes,Email,Walk-In,$100K-$149K
C001550,CL006,Grace Roberts,Pensacola,FL,33024,2023-10-13,Yes,SMS,Social Media,$150K+
C001551,CL004,Ava Lee,Newberry,FL,33533,2018-10-16,Yes,Email,Referral,$50K-$74K
C001552,CL004,Jackson Hernandez,Palm Coast,FL,34873,2022-03-28,Yes,Email,Google Search,$150K+
C001553,CL001,Kevin Johnson,St. Petersburg,FL,33383,2018-06-21,Yes,Phone,Google Search,$50K-$74K
C001554,CL002,Lucas Walker,Delray Beach,FL,33422,2020-12-13,No,Email,Google Search,$50K-$74K
C001555,CL005,Ella Johnson,Lake City,FL,34811,2023-08-22,Yes,SMS,Community Event,$150K+
C001556,CL001,Amanda Lopez,Gainesville,FL,34171,2022-02-19,Yes,Phone,Existing Client,<$50K
C001557,CL002,Amelia Rivera,Delray Beach,FL,34179,2022-08-13,Yes,Phone,Existing Client,$150K+
C001558,CL002,Liam Robinson,Palm Coast,FL,34360,2020-09-26,No,Email,Google Search,<$50K
C001559,CL005,Ava Green,Fort Myers,FL,33230,2019-12-05,Yes,SMS,Social Media,$50K-$74K
C001560,CL010,Grace Flores,Miami,FL,33656,2018-12-16,Yes,SMS,Google Search,$100K-$149K
C001561,CL008,Evelyn Williams,Pensacola,FL,34345,2022-04-10,Yes,Phone,Walk-In,$50K-$74K
C001562,CL004,Jackson Lopez,Gainesville,FL,33235,2018-07-01,Yes,SMS,Community Event,<$50K
C001563,CL002,Ethan Nelson,Naples,FL,33936,2019-06-03,Yes,Phone,Existing Client,<$50K
C001564,CL009,Ella Nelson,Pensacola,FL,33126,2019-05-30,Yes,SMS,Social Media,$150K+
C001565,CL012,Ethan Smith,Jacksonville,FL,32362,2019-01-22,No,SMS,Community Event,$150K+
C001566,CL007,Megan Garcia,Pensacola,FL,33460,2020-09-08,Yes,SMS,Social Media,<$50K
C001567,CL002,Olivia Rodriguez,Fort Myers,FL,34075,2020-10-26,Yes,Email,Existing Client,$50K-$74K
C001568,CL012,Michael Thompson,Sarasota,FL,33066,2023-02-20,Yes,Email,Google Search,$50K-$74K
C001569,CL007,Jason Gonzalez,Newberry,FL,32897,2019-05-30,No,SMS,Social Media,$75K-$99K
C001570,CL009,Mia Walker,Naples,FL,34167,2023-05-12,No,Phone,Existing Client,$75K-$99K
C001571,CL008,Lucas Lee,Sarasota,FL,33814,2021-08-29,No,Phone,Existing Client,<$50K
C001572,CL004,Jackson Vilaihong,Newberry,FL,32410,2021-07-19,Yes,SMS,Google Search,$50K-$74K
C001573,CL008,Jackson Lee,Gainesville,FL,32790,2018-05-21,Yes,SMS,Community Event,$100K-$149K
C001574,CL007,Jack Green,Newberry,FL,33452,2023-11-13,Yes,SMS,Social Media,$50K-$74K
C001575,CL006,David Williams,Ocala,FL,32435,2017-12-25,Yes,Phone,Google Search,$150K+
C001576,CL012,Jason Young,Delray Beach,FL,34929,2023-06-11,No,SMS,Google Search,<$50K
C001577,CL001,Grace Wilson,Naples,FL,33033,2021-04-11,No,SMS,Walk-In,$100K-$149K
C001578,CL008,Liam Wright,Boca Raton,FL,34454,2017-12-26,Yes,Email,Referral,$75K-$99K
C001579,CL010,Rachel Walker,Miami,FL,33051,2022-09-02,Yes,SMS,Existing Client,<$50K
C001580,CL005,Mason Lee,Jacksonville,FL,34829,2019-12-04,Yes,SMS,Google Search,<$50K
C001581,CL007,Nick Lewis,St. Petersburg,FL,32651,2021-07-15,Yes,Phone,Existing Client,<$50K
C001582,CL004,Jessica Torres,Newberry,FL,33207,2019-05-31,Yes,Email,Referral,$100K-$149K
C001583,CL004,Noah Walker,Orlando,FL,33762,2021-11-26,Yes,SMS,Existing Client,<$50K
C001584,CL011,Ella Thomas,Jacksonville,FL,33254,2022-06-01,Yes,SMS,Walk-In,$75K-$99K
C001585,CL006,Jackson Sanchez,Ocala,FL,32497,2018-07-11,Yes,SMS,Social Media,$100K-$149K
C001586,CL009,Jason Rivera,Delray Beach,FL,32560,2022-07-24,Yes,Email,Existing Client,$50K-$74K
C001587,CL003,Emma Brown,Gainesville,FL,34608,2020-10-24,Yes,Phone,Walk-In,$100K-$149K
C001588,CL001,Megan Rivera,Gainesville,FL,32917,2022-09-17,No,SMS,Community Event,$100K-$149K
C001589,CL001,Charlotte Smith,Newberry,FL,33955,2022-06-04,Yes,SMS,Google Search,$75K-$99K
C001590,CL008,Jackson Rivera,Lakeland,FL,33009,2019-04-25,Yes,SMS,Walk-In,<$50K
C001591,CL005,Daniel Campbell,Boca Raton,FL,32442,2021-05-01,Yes,Phone,Existing Client,$75K-$99K
C001592,CL006,Evelyn Jackson,Lake City,FL,33936,2021-01-12,Yes,SMS,Community Event,$50K-$74K
C001593,CL001,Olivia Anderson,Gainesville,FL,33896,2022-12-07,Yes,SMS,Community Event,<$50K
C001594,CL002,Lucas Carter,Gainesville,FL,32157,2020-02-18,No,SMS,Existing Client,<$50K
C001595,CL001,Ethan Clark,Lakeland,FL,33159,2019-11-24,Yes,SMS,Social Media,$150K+
C001596,CL009,Nick Lopez,Tampa,FL,34605,2019-09-27,Yes,Email,Referral,$100K-$149K
C001597,CL003,Amanda Gonzalez,Alachua,FL,34616,2021-11-08,No,SMS,Social Media,$75K-$99K
C001598,CL006,Emily Scott,Sarasota,FL,33261,2022-08-10,No,Phone,Social Media,$75K-$99K
C001599,CL003,Olivia Flores,Jacksonville,FL,34987,2021-03-17,Yes,SMS,Google Search,$150K+
C001600,CL004,Amelia Roberts,Gainesville,FL,33099,2022-04-01,No,SMS,Referral,$50K-$74K
C001601,CL006,Isabella Torres,Sarasota,FL,33355,2021-01-13,Yes,SMS,Google Search,$50K-$74K
C001602,CL008,Olivia White,St. Petersburg,FL,33512,2019-02-24,No,SMS,Existing Client,<$50K
C001603,CL011,Olivia Wilson,Lake City,FL,33737,2022-05-03,Yes,SMS,Referral,<$50K
C001604,CL008,Ava Jackson,Pensacola,FL,34915,2021-08-30,No,SMS,Community Event,$150K+
C001605,CL002,Kevin Allen,Newberry,FL,32510,2019-09-05,Yes,Email,Google Search,<$50K
C001606,CL005,Ashley Clark,Tallahassee,FL,33133,2019-10-29,Yes,SMS,Community Event,$75K-$99K
C001607,CL001,Ella Williams,Gainesville,FL,32328,2023-10-30,Yes,Email,Google Search,$50K-$74K
C001608,CL011,Lucas Wilson,Naples,FL,33866,2020-11-21,Yes,SMS,Community Event,$75K-$99K
C001609,CL006,Ashley Lopez,St. Petersburg,FL,33043,2018-10-15,Yes,SMS,Referral,$75K-$99K
C001610,CL010,Sophia Rodriguez,St. Petersburg,FL,33342,2023-06-16,Yes,Phone,Community Event,$150K+
C001611,CL007,Audrey Perez,Clearwater,FL,33289,2023-05-06,Yes,SMS,Social Media,<$50K
C001612,CL001,Mateo Robinson,Palm Coast,FL,32656,2022-11-11,Yes,SMS,Google Search,<$50K
C001613,CL007,Mia Lopez,Tallahassee,FL,33884,2022-06-22,Yes,Phone,Referral,$150K+
C001614,CL012,Ryan Campbell,Pensacola,FL,32024,2022-02-13,Yes,Phone,Google Search,$150K+
C001615,CL001,Lucas Lee,Boca Raton,FL,34380,2019-08-19,Yes,Email,Community Event,$100K-$149K
C001616,CL010,Sophia Robinson,Alachua,FL,32797,2022-01-23,Yes,SMS,Existing Client,<$50K
C001617,CL007,Noah Adams,Orlando,FL,33111,2019-05-14,No,Phone,Walk-In,<$50K
C001618,CL004,Nick Miller,Lake City,FL,34229,2019-02-03,No,SMS,Google Search,$100K-$149K
C001619,CL009,Jessica Jones,Jacksonville,FL,32493,2018-05-07,No,Phone,Existing Client,$150K+
C001620,CL011,Amelia Baker,Delray Beach,FL,34007,2020-09-07,Yes,Phone,Existing Client,$150K+
C001621,CL011,Jack Gonzalez,Delray Beach,FL,32153,2021-03-12,Yes,SMS,Community Event,$50K-$74K
C001622,CL004,Amanda Wright,Sarasota,FL,32548,2019-02-03,No,Email,Social Media,$50K-$74K
C001623,CL001,Henry Garcia,Naples,FL,32812,2021-05-01,No,Email,Existing Client,<$50K
C001624,CL001,Kevin White,Ocala,FL,33985,2023-07-08,Yes,SMS,Community Event,$100K-$149K
C001625,CL003,Robert Nelson,St. Petersburg,FL,34196,2021-06-19,No,Email,Social Media,$100K-$149K
C001626,CL003,Ella Baker,Lake City,FL,34883,2023-04-21,No,SMS,Community Event,$50K-$74K
C001627,CL007,Lucas Martinez,Boca Raton,FL,33233,2020-04-28,No,SMS,Social Media,$50K-$74K
C001628,CL002,Charlotte Scott,Sarasota,FL,32644,2023-04-26,Yes,Email,Existing Client,$75K-$99K
C001629,CL009,Amelia Johnson,Delray Beach,FL,34927,2021-02-19,Yes,Email,Google Search,$100K-$149K
C001630,CL001,Harper Davis,Sarasota,FL,33697,2022-03-18,Yes,Email,Referral,<$50K
C001631,CL008,Noah Carter,Lakeland,FL,32884,2022-12-27,No,SMS,Walk-In,<$50K
C001632,CL010,Benjamin Taylor,Delray Beach,FL,33299,2018-11-14,Yes,SMS,Existing Client,<$50K
C001633,CL010,Ryan Lewis,Lake City,FL,32907,2023-10-06,No,SMS,Existing Client,$100K-$149K
C001634,CL009,Henry Lopez,Boca Raton,FL,33682,2023-01-25,Yes,SMS,Walk-In,$50K-$74K
C001635,CL002,Michael Rivera,Boca Raton,FL,32125,2019-05-29,Yes,SMS,Social Media,$150K+
C001636,CL002,Jack Lee,Ocala,FL,33562,2022-01-15,No,Email,Community Event,$50K-$74K
C001637,CL008,Emily Lopez,Clearwater,FL,32127,2020-04-11,Yes,SMS,Referral,$150K+
C001638,CL009,Henry Wilson,Palm Coast,FL,33802,2020-06-08,Yes,SMS,Community Event,$150K+
C001639,CL001,Audrey Allen,Delray Beach,FL,34756,2019-01-11,Yes,Email,Referral,<$50K
C001640,CL004,Benjamin Roberts,Pensacola,FL,32382,2021-06-01,Yes,SMS,Existing Client,$50K-$74K
C001641,CL009,Kevin Smith,Jacksonville,FL,33971,2020-01-15,No,Phone,Google Search,$150K+
C001642,CL012,Mia Wright,Palm Coast,FL,34974,2018-12-11,No,Phone,Existing Client,$150K+
C001643,CL008,Sofia Anderson,Lake City,FL,34332,2020-01-18,No,SMS,Google Search,<$50K
C001644,CL005,Jason Roberts,Sarasota,FL,33381,2020-11-24,Yes,Phone,Existing Client,$75K-$99K
C001645,CL003,Megan Johnson,Sarasota,FL,33476,2021-07-22,Yes,SMS,Referral,$100K-$149K
C001646,CL010,Grace Walker,Orlando,FL,34298,2023-05-04,No,SMS,Community Event,$75K-$99K
C001647,CL008,Grace Hall,Boca Raton,FL,33754,2020-06-20,Yes,Phone,Existing Client,$150K+
C001648,CL001,Jackson Mitchell,Jacksonville,FL,33423,2022-05-28,Yes,Email,Community Event,$100K-$149K
C001649,CL002,Amelia Lee,Clearwater,FL,34249,2018-11-25,Yes,Phone,Social Media,<$50K
C001650,CL011,Kevin Harris,Newberry,FL,32208,2020-09-05,Yes,Phone,Social Media,<$50K
C001651,CL007,Robert Miller,Orlando,FL,32571,2021-03-31,No,SMS,Community Event,$150K+
C001652,CL006,Charlotte Clark,Fort Myers,FL,32929,2020-01-02,Yes,SMS,Existing Client,<$50K
C001653,CL002,Sarah Carter,Clearwater,FL,33262,2020-12-28,Yes,SMS,Existing Client,$50K-$74K
C001654,CL011,Mia Adams,St. Petersburg,FL,34314,2019-05-22,Yes,Phone,Social Media,<$50K
C001655,CL003,Liam Anderson,Sarasota,FL,34358,2018-01-03,Yes,SMS,Walk-In,$75K-$99K
C001656,CL006,Evelyn Hill,Ocala,FL,34219,2021-10-14,Yes,SMS,Existing Client,$50K-$74K
C001657,CL004,Jackson Adams,Delray Beach,FL,32873,2021-09-19,Yes,SMS,Google Search,$75K-$99K
C001658,CL005,Ava Smith,Miami,FL,34959,2023-11-02,Yes,SMS,Existing Client,$75K-$99K
C001659,CL012,Robert Young,Clearwater,FL,34002,2020-04-14,No,Email,Community Event,<$50K
C001660,CL004,Mia Clark,Lake City,FL,32692,2019-01-25,Yes,Email,Existing Client,$50K-$74K
C001661,CL007,Jessica Lee,Tampa,FL,33644,2018-01-09,Yes,Phone,Referral,<$50K
C001662,CL008,Kevin Lee,Gainesville,FL,32184,2021-12-22,Yes,SMS,Community Event,$50K-$74K
C001663,CL002,Kevin Allen,St. Petersburg,FL,32148,2021-09-04,Yes,SMS,Walk-In,$50K-$74K
C001664,CL006,Ava Baker,Boca Raton,FL,32144,2022-09-26,Yes,Phone,Walk-In,$50K-$74K
C001665,CL006,Grace Sanchez,Jacksonville,FL,33401,2023-05-22,Yes,Phone,Community Event,$100K-$149K
C001666,CL001,Ashley Walker,Palm Coast,FL,32310,2023-06-12,Yes,SMS,Walk-In,$75K-$99K
C001667,CL006,Jessica Martin,Alachua,FL,33016,2018-08-13,No,Phone,Walk-In,$50K-$74K
C001668,CL003,Ella Vilaihong,Palm Coast,FL,33759,2022-05-08,No,SMS,Community Event,$50K-$74K
C001669,CL010,Lucas Ramirez,Palm Coast,FL,33837,2022-06-15,Yes,SMS,Existing Client,<$50K
C001670,CL006,Luna Young,Ocala,FL,32230,2022-03-07,No,Phone,Existing Client,$150K+
C001671,CL001,Ava White,Lake City,FL,33913,2020-04-24,Yes,Email,Existing Client,$75K-$99K
C001672,CL002,Nick Jones,Clearwater,FL,33592,2021-06-28,Yes,SMS,Community Event,$50K-$74K
C001673,CL004,Emily King,Clearwater,FL,32847,2021-01-07,Yes,SMS,Referral,$100K-$149K
C001674,CL008,Jessica Scott,Naples,FL,33103,2021-04-28,No,SMS,Community Event,$100K-$149K
C001675,CL001,Chloe Baker,Newberry,FL,32474,2021-08-14,Yes,Phone,Google Search,$100K-$149K
C001676,CL004,Lucas Lewis,Fort Myers,FL,33234,2023-04-24,No,SMS,Walk-In,$50K-$74K
C001677,CL001,Benjamin Sanchez,Pensacola,FL,34745,2019-05-12,Yes,Email,Community Event,<$50K
C001678,CL007,Henry Clark,Lakeland,FL,33606,2020-09-20,Yes,Phone,Existing Client,$50K-$74K
C001679,CL002,Lucas Garcia,Lake City,FL,33872,2022-01-30,Yes,Email,Google Search,<$50K
C001680,CL010,Ava Rivera,Clearwater,FL,34509,2018-11-21,Yes,SMS,Existing Client,$75K-$99K
C001681,CL003,Rachel Nelson,Fort Myers,FL,34573,2019-11-02,Yes,SMS,Referral,$150K+
C001682,CL010,Robert Johnson,Gainesville,FL,33660,2019-04-05,Yes,Email,Google Search,$150K+
C001683,CL009,Mia Adams,Lake City,FL,33503,2022-03-09,No,SMS,Google Search,$75K-$99K
C001684,CL004,Mateo Brown,St. Petersburg,FL,34249,2018-09-26,Yes,Phone,Referral,<$50K
C001685,CL010,Henry Vilaihong,Ocala,FL,34355,2023-06-26,Yes,Email,Referral,$150K+
C001686,CL009,Camila Johnson,Gainesville,FL,34846,2021-10-10,Yes,Email,Google Search,$100K-$149K
C001687,CL005,Jack Wright,Pensacola,FL,33453,2021-01-05,No,SMS,Walk-In,<$50K
C001688,CL003,Luna Scott,Gainesville,FL,33556,2018-03-15,No,SMS,Social Media,$100K-$149K
C001689,CL002,Ryan Jackson,Palm Coast,FL,32061,2020-05-23,Yes,Email,Walk-In,$150K+
C001690,CL009,Michael Hall,Palm Coast,FL,34955,2019-04-28,Yes,SMS,Existing Client,<$50K
C001691,CL003,Ryan Carter,Delray Beach,FL,33250,2020-11-05,Yes,Phone,Google Search,$50K-$74K
C001692,CL007,Emily Robinson,Tallahassee,FL,34555,2019-11-23,No,SMS,Walk-In,$75K-$99K
C001693,CL009,Daniel Garcia,Miami,FL,33949,2020-12-30,Yes,SMS,Referral,$50K-$74K
C001694,CL009,Jessica Allen,Delray Beach,FL,34938,2021-10-22,Yes,SMS,Google Search,$50K-$74K
C001695,CL002,Elijah Torres,Naples,FL,32422,2021-03-08,Yes,SMS,Existing Client,$100K-$149K
C001696,CL010,Luna Lee,Sarasota,FL,32896,2019-06-12,Yes,SMS,Referral,<$50K
C001697,CL011,Evelyn Walker,Delray Beach,FL,32292,2023-04-01,No,Email,Walk-In,$75K-$99K
C001698,CL001,Amelia Lee,Naples,FL,33960,2021-02-11,Yes,Email,Social Media,$75K-$99K
C001699,CL001,Emma Gonzalez,Lakeland,FL,32229,2020-11-13,Yes,SMS,Google Search,$75K-$99K
C001700,CL005,Ethan Baker,Sarasota,FL,33769,2022-08-12,No,Phone,Existing Client,$50K-$74K
C001701,CL010,James Wright,Jacksonville,FL,33243,2022-02-07,No,SMS,Social Media,$50K-$74K
C001702,CL006,Jason Moore,St. Petersburg,FL,32498,2018-02-16,Yes,SMS,Walk-In,$150K+
C001703,CL009,Jason Davis,Alachua,FL,33149,2020-12-26,No,Phone,Community Event,$150K+
C001704,CL004,Robert Perez,Newberry,FL,34100,2021-06-04,No,Email,Social Media,$50K-$74K
C001705,CL009,Mia Lewis,Delray Beach,FL,33475,2023-08-31,Yes,SMS,Existing Client,$100K-$149K
C001706,CL007,Mateo Hill,Tallahassee,FL,33354,2020-04-22,Yes,SMS,Google Search,$150K+
C001707,CL011,Audrey Lopez,Miami,FL,33091,2021-07-04,Yes,SMS,Social Media,$100K-$149K
C001708,CL005,Lucas Adams,Newberry,FL,34440,2022-10-06,Yes,SMS,Existing Client,$100K-$149K
C001709,CL004,Camila Vilaihong,Ocala,FL,32699,2020-09-18,No,Phone,Referral,$75K-$99K
C001710,CL012,Amelia Lee,Naples,FL,33216,2018-01-21,Yes,SMS,Google Search,<$50K
C001711,CL002,Sophia Martinez,Clearwater,FL,34582,2021-08-15,Yes,SMS,Community Event,$100K-$149K
C001712,CL008,Jessica Sanchez,Orlando,FL,32601,2018-07-09,Yes,SMS,Referral,<$50K
C001713,CL010,Sofia Brown,Sarasota,FL,34366,2023-05-23,Yes,SMS,Referral,$50K-$74K
C001714,CL001,Jessica Wright,Tampa,FL,34132,2023-04-12,Yes,Email,Google Search,$75K-$99K
C001715,CL007,Rachel Lee,Naples,FL,34011,2021-03-24,Yes,SMS,Community Event,<$50K
C001716,CL006,Benjamin Anderson,Sarasota,FL,32009,2023-04-25,Yes,Email,Existing Client,$150K+
C001717,CL005,Robert Ramirez,Orlando,FL,33753,2023-11-20,No,Phone,Community Event,$150K+
C001718,CL001,Mia Moore,Tallahassee,FL,34147,2022-10-05,Yes,Phone,Existing Client,<$50K
C001719,CL009,Benjamin Hill,Jacksonville,FL,33674,2019-01-05,No,SMS,Existing Client,$75K-$99K
C001720,CL012,Harper Lee,Gainesville,FL,33328,2018-11-27,Yes,SMS,Social Media,$100K-$149K
C001721,CL004,Amanda Carter,Orlando,FL,32311,2022-08-17,Yes,Email,Social Media,$150K+
C001722,CL004,Ava Rodriguez,Pensacola,FL,33213,2021-05-24,Yes,SMS,Google Search,$75K-$99K
C001723,CL006,Emma Martinez,Fort Myers,FL,32532,2022-02-07,Yes,Phone,Social Media,$150K+
C001724,CL004,Lucas Robinson,St. Petersburg,FL,32546,2021-06-20,No,SMS,Existing Client,<$50K
C001725,CL002,Harper Lopez,Lake City,FL,33709,2020-01-01,Yes,SMS,Referral,$50K-$74K
C001726,CL011,Jason Wilson,Tampa,FL,33203,2020-03-07,Yes,Phone,Existing Client,$150K+
C001727,CL005,Camila Williams,Naples,FL,32315,2019-07-31,No,SMS,Existing Client,$50K-$74K
C001728,CL004,Emily Moore,Newberry,FL,34083,2021-07-18,Yes,SMS,Community Event,$75K-$99K
C001729,CL001,Michael Thomas,Pensacola,FL,33064,2022-10-18,Yes,SMS,Community Event,$150K+
C001730,CL009,Noah Scott,Delray Beach,FL,34064,2020-10-12,Yes,SMS,Existing Client,$75K-$99K
C001731,CL012,Lucas Wright,Newberry,FL,33780,2021-01-12,Yes,SMS,Social Media,<$50K
C001732,CL012,Harper Lopez,Sarasota,FL,34878,2018-11-26,Yes,SMS,Community Event,$50K-$74K
C001733,CL001,Jackson Scott,Boca Raton,FL,33834,2018-08-06,Yes,SMS,Referral,$100K-$149K
C001734,CL011,Nick Green,Lakeland,FL,33465,2019-03-08,No,SMS,Referral,<$50K
C001735,CL007,Grace Campbell,Sarasota,FL,32283,2019-09-15,No,SMS,Google Search,$50K-$74K
C001736,CL008,Emily King,Lake City,FL,34735,2023-04-02,No,SMS,Walk-In,<$50K
C001737,CL006,Sarah Hall,Boca Raton,FL,33254,2018-10-09,Yes,Email,Social Media,$50K-$74K
C001738,CL011,Sarah Taylor,Gainesville,FL,32537,2019-06-24,Yes,SMS,Google Search,$100K-$149K
C001739,CL009,Ava Campbell,Newberry,FL,33815,2022-12-25,No,SMS,Community Event,$50K-$74K
C001740,CL001,Mateo Nelson,Pensacola,FL,32399,2023-11-02,Yes,SMS,Social Media,$100K-$149K
C001741,CL007,Sofia Wilson,Fort Myers,FL,34234,2019-04-25,Yes,Email,Google Search,$50K-$74K
C001742,CL008,Ashley Harris,Tallahassee,FL,34581,2022-09-10,No,Email,Google Search,$50K-$74K
C001743,CL005,Charlotte Carter,Ocala,FL,33339,2021-07-11,Yes,SMS,Walk-In,$150K+
C001744,CL008,Rachel Wright,Ocala,FL,33809,2020-11-18,Yes,Email,Existing Client,$100K-$149K
C001745,CL006,Luna Mitchell,Orlando,FL,33878,2023-06-28,No,SMS,Walk-In,<$50K
C001746,CL008,Isabella Hernandez,Tampa,FL,32247,2018-10-19,Yes,SMS,Existing Client,$50K-$74K
C001747,CL008,Luna Wright,Palm Coast,FL,32287,2023-10-05,No,Email,Google Search,$50K-$74K
C001748,CL010,Mason Allen,Delray Beach,FL,33945,2022-11-13,Yes,Email,Social Media,$75K-$99K
C001749,CL008,Grace White,St. Petersburg,FL,33713,2022-03-07,Yes,SMS,Walk-In,$75K-$99K
C001750,CL001,Benjamin Jones,Newberry,FL,33000,2020-06-09,Yes,Phone,Google Search,<$50K
C001751,CL012,James King,Orlando,FL,32206,2019-02-11,Yes,Phone,Community Event,$150K+
C001752,CL009,Amelia Sanchez,Fort Myers,FL,33770,2020-03-09,No,SMS,Existing Client,<$50K
C001753,CL004,David Anderson,St. Petersburg,FL,33923,2020-03-02,Yes,Email,Social Media,$150K+
C001754,CL012,Logan Robinson,Gainesville,FL,32078,2023-07-20,Yes,SMS,Existing Client,$50K-$74K
C001755,CL004,Luna Campbell,Clearwater,FL,32791,2021-01-25,No,Email,Referral,$150K+
C001756,CL008,Camila Perez,Gainesville,FL,34687,2017-12-27,Yes,SMS,Walk-In,$150K+
C001757,CL002,Henry Campbell,Gainesville,FL,33071,2018-11-16,No,SMS,Referral,$100K-$149K
C001758,CL010,Emma Green,Tallahassee,FL,34475,2022-10-30,Yes,SMS,Walk-In,$100K-$149K
C001759,CL005,Camila Flores,Sarasota,FL,33700,2019-11-03,Yes,SMS,Social Media,$100K-$149K
C001760,CL001,Mia Flores,Ocala,FL,32555,2019-05-21,Yes,Phone,Walk-In,$100K-$149K
C001761,CL002,Amelia Thomas,Delray Beach,FL,33279,2021-05-02,Yes,Email,Walk-In,$150K+
C001762,CL006,Ethan Jones,Naples,FL,34962,2023-03-26,Yes,Email,Community Event,$100K-$149K
C001763,CL009,Emma Adams,Delray Beach,FL,33487,2019-07-01,No,SMS,Existing Client,<$50K
C001764,CL010,Isabella Garcia,Newberry,FL,32020,2021-10-19,Yes,SMS,Community Event,$100K-$149K
C001765,CL004,Logan Green,Tampa,FL,33669,2022-08-05,No,SMS,Walk-In,$75K-$99K
C001766,CL009,Olivia Flores,Miami,FL,32514,2023-09-13,Yes,Phone,Existing Client,$50K-$74K
C001767,CL004,Ryan Baker,Lakeland,FL,33375,2020-10-31,No,Email,Community Event,$100K-$149K
C001768,CL012,David Nguyen,Tampa,FL,32050,2022-08-22,Yes,SMS,Existing Client,$100K-$149K
C001769,CL005,Mason Rodriguez,Alachua,FL,32382,2020-02-01,Yes,Phone,Google Search,$150K+
C001770,CL004,Rachel Rodriguez,Newberry,FL,33127,2022-05-09,No,Email,Google Search,<$50K
C001771,CL002,David Harris,Boca Raton,FL,34628,2019-02-09,No,SMS,Referral,$75K-$99K
C001772,CL006,Nick Lopez,Delray Beach,FL,33967,2018-04-17,No,Email,Community Event,$75K-$99K
C001773,CL006,Harper Clark,Fort Myers,FL,33064,2023-03-17,Yes,SMS,Walk-In,<$50K
C001774,CL008,Liam Jones,Lake City,FL,33611,2018-09-03,Yes,SMS,Google Search,$100K-$149K
C001775,CL009,Amanda Jones,Gainesville,FL,34652,2019-11-08,No,SMS,Community Event,$50K-$74K
C001776,CL007,Evelyn White,Jacksonville,FL,34662,2019-11-04,Yes,Phone,Walk-In,$150K+
C001777,CL002,Lauren Sanchez,Palm Coast,FL,34139,2018-08-28,Yes,Email,Referral,$150K+
C001778,CL010,Jackson Robinson,Palm Coast,FL,33985,2019-02-17,Yes,Email,Walk-In,$75K-$99K
C001779,CL002,Grace Flores,Naples,FL,33174,2018-09-29,Yes,SMS,Referral,$150K+
C001780,CL003,Sofia Carter,Tampa,FL,34964,2023-06-18,No,SMS,Walk-In,$75K-$99K
C001781,CL003,Elijah Baker,Clearwater,FL,33223,2021-11-01,Yes,Phone,Google Search,$50K-$74K
C001782,CL006,Mateo Lee,Naples,FL,32393,2021-08-03,Yes,Phone,Existing Client,<$50K
C001783,CL008,Megan Thompson,Miami,FL,33599,2021-10-20,Yes,SMS,Social Media,<$50K
C001784,CL008,Megan Lewis,Lakeland,FL,34565,2018-10-05,No,SMS,Social Media,<$50K
C001785,CL006,Nick Martin,Miami,FL,34655,2018-12-19,No,SMS,Social Media,$150K+
C001786,CL007,Logan Wright,Gainesville,FL,33842,2020-04-03,Yes,Phone,Referral,$100K-$149K
C001787,CL009,Jason Martin,Orlando,FL,32302,2023-07-11,Yes,Email,Google Search,<$50K
C001788,CL005,Logan Rodriguez,Jacksonville,FL,32921,2019-01-06,No,SMS,Community Event,$150K+
C001789,CL003,Sophia Allen,Alachua,FL,34569,2021-04-24,No,SMS,Referral,$150K+
C001790,CL009,Daniel Vilaihong,Sarasota,FL,32396,2021-02-03,Yes,Phone,Social Media,$100K-$149K
C001791,CL008,Chloe Lee,Tallahassee,FL,33123,2023-03-13,Yes,Email,Social Media,$75K-$99K
C001792,CL004,Jason Lewis,Tampa,FL,32024,2022-05-28,No,Phone,Google Search,<$50K
C001793,CL008,Luna Ramirez,Miami,FL,32094,2018-11-14,Yes,Phone,Existing Client,<$50K
C001794,CL001,Lucas Thompson,Ocala,FL,32692,2022-11-11,Yes,Phone,Existing Client,$75K-$99K
C001795,CL010,Jack Martinez,Sarasota,FL,33860,2018-11-29,Yes,SMS,Community Event,$150K+
C001796,CL006,Megan Jackson,Orlando,FL,33181,2022-09-25,No,SMS,Referral,$150K+
C001797,CL008,James Vilaihong,Miami,FL,34451,2020-11-06,No,Phone,Walk-In,$100K-$149K
C001798,CL003,Mia Johnson,Palm Coast,FL,33287,2021-02-15,Yes,SMS,Existing Client,$100K-$149K
C001799,CL006,Benjamin Hall,Naples,FL,34898,2023-07-27,Yes,SMS,Social Media,$100K-$149K
C001800,CL009,Jack White,Orlando,FL,34115,2018-12-22,No,SMS,Referral,$100K-$149K
C001801,CL009,Emily Miller,Jacksonville,FL,32067,2018-03-20,Yes,SMS,Existing Client,$100K-$149K
C001802,CL007,Camila Jones,Sarasota,FL,33736,2023-04-04,Yes,Phone,Community Event,$75K-$99K
C001803,CL001,Olivia Allen,Fort Myers,FL,34232,2018-07-07,Yes,SMS,Community Event,$75K-$99K
C001804,CL004,Luna Clark,Newberry,FL,34198,2018-08-14,Yes,SMS,Referral,$150K+
C001805,CL012,Sofia Mitchell,Orlando,FL,33620,2023-05-25,Yes,Phone,Referral,$100K-$149K
C001806,CL012,Kevin Johnson,Delray Beach,FL,34527,2018-04-30,No,Phone,Community Event,$50K-$74K
C001807,CL003,Chloe Roberts,Alachua,FL,33538,2022-05-05,No,Email,Walk-In,$150K+
C001808,CL009,Ethan Harris,Lakeland,FL,34329,2023-02-18,Yes,SMS,Referral,$50K-$74K
C001809,CL008,Kevin Nelson,Orlando,FL,33932,2020-06-16,No,Phone,Social Media,$75K-$99K
C001810,CL008,Noah Young,Tallahassee,FL,34963,2018-10-22,Yes,Phone,Existing Client,<$50K
C001811,CL002,Camila Lopez,Sarasota,FL,32588,2018-05-21,Yes,Phone,Google Search,$150K+
C001812,CL012,Evelyn Robinson,Ocala,FL,34003,2023-09-30,Yes,SMS,Community Event,$50K-$74K
C001813,CL003,Jackson Smith,Pensacola,FL,34878,2021-03-25,Yes,SMS,Referral,$100K-$149K
C001814,CL009,Lauren Nguyen,St. Petersburg,FL,32226,2019-11-05,Yes,Phone,Social Media,$50K-$74K
C001815,CL007,David Jones,Ocala,FL,34883,2023-03-23,Yes,SMS,Existing Client,$50K-$74K
C001816,CL012,David Lopez,Alachua,FL,34725,2020-05-06,No,Phone,Walk-In,$100K-$149K
C001817,CL009,Lucas Wright,Newberry,FL,33454,2019-04-19,Yes,SMS,Existing Client,$150K+
C001818,CL012,Isabella Smith,Lake City,FL,32881,2022-02-24,Yes,SMS,Social Media,$50K-$74K
C001819,CL004,Lucas White,Ocala,FL,34123,2023-07-19,Yes,SMS,Walk-In,$50K-$74K
C001820,CL011,Henry Clark,Pensacola,FL,34907,2018-01-10,Yes,Phone,Google Search,$75K-$99K
C001821,CL002,Benjamin Vilaihong,Tallahassee,FL,34707,2019-08-22,Yes,Email,Existing Client,<$50K
C001822,CL012,Lauren Mitchell,Newberry,FL,33730,2021-01-22,No,SMS,Existing Client,$100K-$149K
C001823,CL005,Logan Rivera,Fort Myers,FL,33550,2023-08-31,No,SMS,Referral,$75K-$99K
C001824,CL006,James Baker,Tallahassee,FL,33113,2019-03-03,Yes,Email,Google Search,<$50K
C001825,CL007,Camila Torres,Pensacola,FL,32187,2019-11-19,Yes,Phone,Social Media,$75K-$99K
C001826,CL001,Ella Campbell,Gainesville,FL,34869,2021-05-27,Yes,SMS,Walk-In,$50K-$74K
C001827,CL003,Sarah Gonzalez,Tallahassee,FL,33146,2019-07-13,No,SMS,Existing Client,$50K-$74K
C001828,CL008,Jason Roberts,Sarasota,FL,32105,2019-01-15,Yes,SMS,Google Search,$50K-$74K
C001829,CL003,Ella Moore,Jacksonville,FL,34193,2019-06-05,Yes,SMS,Walk-In,$50K-$74K
C001830,CL008,Jackson White,Pensacola,FL,34915,2022-03-02,Yes,Phone,Walk-In,$100K-$149K
C001831,CL011,Chloe Hernandez,Naples,FL,33159,2019-09-27,Yes,Email,Existing Client,<$50K
C001832,CL009,Megan Thomas,Boca Raton,FL,33024,2020-01-31,Yes,SMS,Referral,$150K+
C001833,CL007,Luna Johnson,Delray Beach,FL,34145,2021-08-26,No,Phone,Referral,<$50K
C001834,CL012,Chloe Williams,Clearwater,FL,32300,2019-09-15,No,Phone,Existing Client,$75K-$99K
C001835,CL009,Sofia Johnson,Alachua,FL,33275,2023-08-04,Yes,SMS,Community Event,<$50K
C001836,CL006,Elijah Wilson,Tampa,FL,34311,2020-06-16,Yes,Email,Existing Client,$75K-$99K
C001837,CL003,Ryan Clark,Tampa,FL,33834,2020-05-05,No,SMS,Walk-In,<$50K
C001838,CL001,Jack Brown,Tampa,FL,34499,2018-03-18,No,Phone,Existing Client,$100K-$149K
C001839,CL004,Michael White,Gainesville,FL,32224,2019-01-16,No,SMS,Walk-In,$75K-$99K
C001840,CL010,Nick Rodriguez,Fort Myers,FL,34880,2020-12-31,Yes,SMS,Social Media,$50K-$74K
C001841,CL011,Noah Johnson,Lake City,FL,33260,2018-01-11,Yes,SMS,Walk-In,<$50K
C001842,CL011,Amelia Thompson,Jacksonville,FL,32259,2021-09-15,No,Phone,Existing Client,$50K-$74K
C001843,CL005,Robert Moore,Gainesville,FL,33761,2018-03-08,Yes,SMS,Walk-In,$100K-$149K
C001844,CL004,Charlotte Miller,Fort Myers,FL,32167,2023-03-16,Yes,Email,Referral,<$50K
C001845,CL008,Olivia Martinez,Fort Myers,FL,34692,2020-10-26,Yes,SMS,Google Search,$100K-$149K
C001846,CL004,James Rodriguez,Newberry,FL,34138,2019-01-21,No,SMS,Referral,$50K-$74K
C001847,CL011,Olivia Jones,Clearwater,FL,32522,2020-06-21,No,SMS,Community Event,$50K-$74K
C001848,CL007,Benjamin Clark,Boca Raton,FL,32927,2022-10-27,No,SMS,Google Search,$100K-$149K
C001849,CL011,Ashley Hernandez,Lake City,FL,33227,2020-04-15,Yes,SMS,Social Media,<$50K
C001850,CL012,Lucas King,Delray Beach,FL,33414,2021-07-07,No,Phone,Social Media,$50K-$74K
C001851,CL011,Harper Lopez,Fort Myers,FL,33505,2022-11-03,No,SMS,Walk-In,$75K-$99K
C001852,CL003,Mason Harris,Newberry,FL,32980,2021-03-08,Yes,Email,Social Media,<$50K
C001853,CL008,Ryan Vilaihong,Alachua,FL,33139,2023-12-30,Yes,Email,Walk-In,<$50K
C001854,CL011,David Jones,Tallahassee,FL,33615,2022-01-05,Yes,SMS,Google Search,$100K-$149K
C001855,CL005,Emily Mitchell,Miami,FL,34842,2023-08-06,No,Email,Referral,$150K+
C001856,CL004,Logan Nelson,Ocala,FL,33990,2020-12-06,Yes,Email,Referral,$100K-$149K
C001857,CL001,Amelia Adams,Delray Beach,FL,32240,2018-04-27,Yes,SMS,Referral,$150K+
C001858,CL010,Luna Hernandez,Newberry,FL,34740,2018-07-07,Yes,Email,Community Event,$100K-$149K
C001859,CL011,Ashley Green,Lakeland,FL,33743,2019-08-18,Yes,Phone,Google Search,<$50K
C001860,CL010,Grace Hall,Newberry,FL,32601,2022-12-15,Yes,Phone,Referral,$75K-$99K
C001861,CL002,Harper Walker,Fort Myers,FL,34952,2021-05-18,Yes,SMS,Referral,<$50K
C001862,CL009,Ella Lopez,Fort Myers,FL,34582,2018-07-31,No,SMS,Google Search,$100K-$149K
C001863,CL008,Luna Torres,Lakeland,FL,32072,2018-07-31,Yes,SMS,Community Event,$150K+
C001864,CL008,Mia Jones,Pensacola,FL,34551,2021-09-13,Yes,Phone,Social Media,$100K-$149K
C001865,CL002,Liam Wright,Palm Coast,FL,33042,2023-05-18,Yes,SMS,Referral,$75K-$99K
C001866,CL007,Emily Gonzalez,Boca Raton,FL,34727,2021-11-24,Yes,Email,Existing Client,$75K-$99K
C001867,CL006,James Hall,Gainesville,FL,32650,2023-04-16,Yes,Phone,Social Media,<$50K
C001868,CL010,Harper Rivera,Tampa,FL,32612,2019-06-19,Yes,Phone,Community Event,<$50K
C001869,CL002,Ethan Wright,Alachua,FL,32704,2020-06-22,No,Email,Google Search,$150K+
C001870,CL008,Ashley Clark,Miami,FL,34289,2021-08-19,Yes,Phone,Social Media,$100K-$149K
C001871,CL002,Robert Smith,Clearwater,FL,33175,2019-02-13,Yes,Email,Referral,<$50K
C001872,CL009,Kevin Perez,Delray Beach,FL,32765,2020-10-20,Yes,SMS,Google Search,<$50K
C001873,CL004,Audrey Smith,Newberry,FL,33085,2019-07-24,Yes,SMS,Social Media,$50K-$74K
C001874,CL012,Henry Johnson,Alachua,FL,34835,2019-03-15,Yes,SMS,Walk-In,$150K+
C001875,CL007,Isabella Lewis,Jacksonville,FL,32585,2018-05-26,No,SMS,Community Event,<$50K
C001876,CL006,Camila Garcia,St. Petersburg,FL,32430,2020-04-14,No,SMS,Google Search,<$50K
C001877,CL008,Camila Perez,Naples,FL,32514,2018-01-18,No,Email,Community Event,$75K-$99K
C001878,CL012,Camila Martin,Boca Raton,FL,33148,2018-08-16,Yes,Phone,Existing Client,$150K+
C001879,CL003,Charlotte Green,Alachua,FL,34632,2022-10-22,Yes,Email,Google Search,$75K-$99K
C001880,CL005,Emma Hernandez,Pensacola,FL,34264,2018-12-31,No,Email,Google Search,<$50K
C001881,CL001,Emma Garcia,St. Petersburg,FL,33433,2023-10-05,No,Email,Google Search,$150K+
C001882,CL008,Mateo Allen,Ocala,FL,33389,2021-04-09,Yes,Email,Existing Client,$100K-$149K
C001883,CL006,Robert Moore,Gainesville,FL,33107,2018-09-17,Yes,SMS,Community Event,$100K-$149K
C001884,CL008,Robert Sanchez,Fort Myers,FL,34520,2020-08-21,No,SMS,Existing Client,$150K+
C001885,CL005,Jason Green,Pensacola,FL,34517,2022-04-06,Yes,SMS,Community Event,$150K+
C001886,CL004,Amelia Ramirez,Sarasota,FL,33865,2023-10-21,Yes,Email,Walk-In,$75K-$99K
C001887,CL010,Robert Taylor,Tallahassee,FL,33432,2019-08-27,No,SMS,Walk-In,$150K+
C001888,CL009,Ava Hill,Lake City,FL,34016,2020-03-28,Yes,SMS,Social Media,$75K-$99K
C001889,CL012,Rachel Jones,Alachua,FL,32372,2018-10-17,Yes,Email,Social Media,$100K-$149K
C001890,CL011,Charlotte Thompson,Newberry,FL,32878,2020-09-02,Yes,Email,Social Media,$50K-$74K
C001891,CL010,Ella Hernandez,Ocala,FL,34623,2021-11-16,Yes,Email,Google Search,$100K-$149K
C001892,CL011,Kevin Garcia,Delray Beach,FL,33874,2021-09-16,Yes,Phone,Walk-In,$50K-$74K
C001893,CL012,Olivia Harris,St. Petersburg,FL,34759,2022-03-06,Yes,SMS,Community Event,<$50K
C001894,CL003,Mason Lewis,Clearwater,FL,34693,2020-05-01,Yes,Email,Referral,<$50K
C001895,CL010,Evelyn Hill,Naples,FL,32521,2022-11-09,Yes,Email,Walk-In,<$50K
C001896,CL007,Nick Miller,Tallahassee,FL,33907,2023-06-19,Yes,SMS,Google Search,<$50K
C001897,CL001,Isabella Adams,Palm Coast,FL,34330,2023-07-10,Yes,Email,Walk-In,$50K-$74K
C001898,CL007,Isabella White,St. Petersburg,FL,33888,2018-09-27,Yes,SMS,Community Event,<$50K
C001899,CL011,Henry Allen,Clearwater,FL,34557,2023-05-13,Yes,SMS,Google Search,$150K+
C001900,CL008,Isabella Flores,Pensacola,FL,34113,2019-04-20,Yes,Phone,Community Event,$50K-$74K
C001901,CL009,Emily Roberts,Tampa,FL,32408,2021-07-17,Yes,Email,Google Search,$100K-$149K
C001902,CL004,Ava Scott,Lake City,FL,32839,2018-03-11,Yes,SMS,Referral,$75K-$99K
C001903,CL004,Audrey Young,Gainesville,FL,32066,2019-02-27,Yes,SMS,Community Event,$75K-$99K
C001904,CL003,Emma Lewis,Delray Beach,FL,32358,2023-11-08,No,SMS,Community Event,<$50K
C001905,CL009,Emily Allen,Ocala,FL,34850,2020-10-15,No,SMS,Walk-In,<$50K
C001906,CL012,Harper Adams,Jacksonville,FL,34089,2020-08-02,No,Email,Social Media,<$50K
C001907,CL002,Liam Flores,Lakeland,FL,34076,2020-07-23,No,Phone,Existing Client,$150K+
C001908,CL008,Grace Torres,Sarasota,FL,32829,2022-09-25,No,Phone,Existing Client,$50K-$74K
C001909,CL008,Mateo Lewis,Lake City,FL,34419,2020-06-18,No,SMS,Social Media,$75K-$99K
C001910,CL002,Harper Young,Newberry,FL,32785,2022-11-18,Yes,SMS,Community Event,$150K+
C001911,CL012,Ryan Anderson,Miami,FL,33254,2018-04-24,Yes,Email,Google Search,$50K-$74K
C001912,CL003,Grace Smith,Fort Myers,FL,32508,2021-02-14,Yes,Phone,Google Search,$75K-$99K
C001913,CL006,Jessica Wilson,Jacksonville,FL,32826,2021-06-26,Yes,SMS,Social Media,$100K-$149K
C001914,CL009,Mateo Lopez,Palm Coast,FL,32884,2020-06-03,Yes,Email,Google Search,$75K-$99K
C001915,CL002,Lucas Campbell,Boca Raton,FL,33241,2023-02-08,Yes,SMS,Social Media,$150K+
C001916,CL002,Benjamin Baker,Newberry,FL,33306,2018-02-18,Yes,Email,Referral,$100K-$149K
C001917,CL011,Luna Scott,Ocala,FL,34528,2018-09-01,Yes,SMS,Existing Client,$50K-$74K
C001918,CL002,Emily Martin,Boca Raton,FL,34044,2022-09-08,Yes,SMS,Referral,$75K-$99K
C001919,CL012,Lucas Harris,Lakeland,FL,32501,2019-01-18,Yes,Phone,Referral,$50K-$74K
C001920,CL010,Mia Martinez,Gainesville,FL,32130,2019-11-04,Yes,SMS,Existing Client,$150K+
C001921,CL012,Emily Torres,Pensacola,FL,33193,2021-08-13,No,SMS,Social Media,$50K-$74K
C001922,CL007,Ashley Campbell,Orlando,FL,32326,2021-01-27,Yes,Phone,Google Search,$75K-$99K
C001923,CL002,Mia Robinson,Lakeland,FL,34525,2021-02-24,Yes,Phone,Referral,<$50K
C001924,CL008,Lucas Flores,Palm Coast,FL,32896,2022-06-26,No,SMS,Community Event,<$50K
C001925,CL005,Logan Harris,Sarasota,FL,32695,2022-09-17,Yes,Email,Referral,<$50K
C001926,CL007,Benjamin Wilson,St. Petersburg,FL,32847,2022-05-24,Yes,SMS,Community Event,$75K-$99K
C001927,CL003,Evelyn Flores,Naples,FL,33063,2022-12-22,Yes,Phone,Referral,<$50K
C001928,CL009,Jackson Harris,Sarasota,FL,34567,2019-08-10,Yes,SMS,Existing Client,$100K-$149K
C001929,CL011,Lauren Torres,Ocala,FL,32179,2023-07-02,No,SMS,Google Search,$150K+
C001930,CL001,Sofia Martin,Newberry,FL,32971,2023-04-15,No,SMS,Existing Client,<$50K
C001931,CL010,Kevin Nelson,Alachua,FL,34870,2018-02-20,No,Phone,Community Event,<$50K
C001932,CL006,Jason Roberts,Sarasota,FL,34880,2021-10-06,Yes,Email,Google Search,<$50K
C001933,CL011,Jackson Smith,Delray Beach,FL,33807,2023-02-02,No,SMS,Walk-In,$75K-$99K
C001934,CL009,Emma Johnson,Jacksonville,FL,34698,2018-08-28,Yes,Email,Walk-In,$100K-$149K
C001935,CL006,Robert Smith,Sarasota,FL,34594,2020-06-26,Yes,Email,Walk-In,$50K-$74K
C001936,CL006,Harper Miller,Jacksonville,FL,33486,2019-03-29,No,SMS,Community Event,<$50K
C001937,CL002,Henry Moore,Naples,FL,32624,2020-07-19,Yes,SMS,Google Search,$150K+
C001938,CL007,Luna Adams,Boca Raton,FL,32244,2018-01-31,Yes,Phone,Community Event,<$50K
C001939,CL008,Daniel Nguyen,Newberry,FL,34766,2022-04-17,Yes,Phone,Referral,$75K-$99K
C001940,CL009,Ella Miller,Sarasota,FL,34113,2023-11-16,Yes,SMS,Google Search,$75K-$99K
C001941,CL005,Emma Wright,Tampa,FL,34747,2018-07-09,Yes,SMS,Social Media,<$50K
C001942,CL011,Jason King,Clearwater,FL,34310,2021-07-14,Yes,Phone,Google Search,$150K+
C001943,CL008,Olivia Martin,Pensacola,FL,33660,2019-07-31,No,Email,Social Media,<$50K
C001944,CL006,James Robinson,Fort Myers,FL,32661,2022-07-06,No,Email,Referral,$100K-$149K
C001945,CL003,Emma Jones,Alachua,FL,34899,2020-09-03,Yes,Phone,Community Event,$150K+
C001946,CL010,James Martinez,Lakeland,FL,32928,2023-04-29,Yes,Email,Existing Client,$150K+
C001947,CL010,Harper Flores,Orlando,FL,32767,2020-08-13,Yes,Email,Google Search,$100K-$149K
C001948,CL004,Lucas Garcia,Boca Raton,FL,32939,2020-01-18,Yes,Email,Community Event,<$50K
C001949,CL010,Megan Miller,Alachua,FL,34402,2022-03-19,No,SMS,Community Event,$75K-$99K
C001950,CL011,Mia Roberts,Naples,FL,32817,2017-12-28,Yes,SMS,Walk-In,<$50K
C001951,CL003,Lauren Davis,Naples,FL,32368,2022-07-14,Yes,Phone,Social Media,$100K-$149K
C001952,CL007,Ryan Walker,St. Petersburg,FL,32458,2018-02-09,Yes,SMS,Google Search,<$50K
C001953,CL001,Noah Lopez,Pensacola,FL,33698,2023-02-21,Yes,Phone,Referral,$150K+
C001954,CL003,Mia Sanchez,Lakeland,FL,32413,2018-06-09,No,Email,Referral,<$50K
C001955,CL003,Rachel Young,Sarasota,FL,34736,2019-06-06,No,Email,Google Search,$75K-$99K
C001956,CL004,Kevin Rivera,Palm Coast,FL,34829,2020-12-16,Yes,Email,Referral,<$50K
C001957,CL001,Ella Taylor,Boca Raton,FL,34261,2020-11-08,Yes,SMS,Community Event,$150K+
C001958,CL004,Liam Campbell,Fort Myers,FL,34619,2019-08-27,Yes,SMS,Existing Client,$75K-$99K
C001959,CL005,Jack Jackson,St. Petersburg,FL,32907,2021-05-04,No,Email,Existing Client,$150K+
C001960,CL007,Amanda Lee,Lakeland,FL,34559,2018-03-17,Yes,SMS,Social Media,$100K-$149K
C001961,CL011,Jack Sanchez,Pensacola,FL,34630,2022-01-07,Yes,Phone,Referral,<$50K
C001962,CL009,Michael Mitchell,Gainesville,FL,33909,2019-02-18,No,Email,Walk-In,$50K-$74K
C001963,CL004,Mason Williams,Sarasota,FL,32714,2022-10-13,Yes,SMS,Social Media,$100K-$149K
C001964,CL011,Harper Martinez,Clearwater,FL,34874,2018-04-14,Yes,SMS,Referral,$50K-$74K
C001965,CL009,Mason Anderson,Lakeland,FL,33095,2023-10-22,No,SMS,Community Event,$75K-$99K
C001966,CL005,Robert Nguyen,Newberry,FL,32258,2022-11-17,Yes,Phone,Referral,$150K+
C001967,CL007,James Martinez,Lake City,FL,33280,2022-10-08,No,SMS,Walk-In,<$50K
C001968,CL001,Emma Hernandez,Alachua,FL,33734,2020-06-12,Yes,SMS,Existing Client,<$50K
C001969,CL004,Henry Jackson,Naples,FL,33922,2019-03-27,Yes,SMS,Community Event,$100K-$149K
C001970,CL007,Sarah Brown,Newberry,FL,32818,2020-12-26,Yes,SMS,Existing Client,$150K+
C001971,CL012,Liam Rivera,Orlando,FL,34536,2021-07-27,Yes,Email,Community Event,$50K-$74K
C001972,CL005,Olivia Nelson,Fort Myers,FL,34695,2021-01-04,Yes,SMS,Google Search,$50K-$74K
C001973,CL009,Liam Johnson,Tampa,FL,33846,2023-02-27,Yes,SMS,Google Search,$75K-$99K
C001974,CL007,Ashley Young,Naples,FL,32918,2018-04-30,Yes,SMS,Walk-In,$50K-$74K
C001975,CL011,Elijah Nguyen,St. Petersburg,FL,33948,2021-04-04,No,SMS,Community Event,<$50K
C001976,CL006,Henry Walker,Gainesville,FL,34847,2022-09-30,Yes,SMS,Social Media,<$50K
C001977,CL012,Sofia Adams,Delray Beach,FL,32010,2019-08-04,Yes,SMS,Walk-In,$150K+
C001978,CL008,Ryan Allen,Alachua,FL,34855,2020-11-18,Yes,SMS,Social Media,<$50K
C001979,CL006,Grace Rivera,Naples,FL,32791,2023-11-10,No,Phone,Walk-In,$75K-$99K
C001980,CL010,Mia Thomas,Boca Raton,FL,32407,2021-12-12,Yes,Email,Google Search,<$50K
C001981,CL007,Mia Rodriguez,Lakeland,FL,34951,2018-08-13,Yes,SMS,Social Media,$150K+
C001982,CL002,Olivia Gonzalez,Miami,FL,34236,2019-07-04,Yes,SMS,Social Media,$150K+
C001983,CL003,Jack Campbell,Tampa,FL,33416,2020-01-12,Yes,SMS,Existing Client,$50K-$74K
C001984,CL010,Ethan Roberts,Gainesville,FL,32190,2021-05-10,Yes,SMS,Social Media,$75K-$99K
C001985,CL006,Lauren Flores,Boca Raton,FL,34312,2023-09-11,No,SMS,Existing Client,$100K-$149K
C001986,CL003,Sofia Jackson,Alachua,FL,32537,2018-10-05,Yes,Email,Walk-In,$50K-$74K
C001987,CL005,Robert Smith,Pensacola,FL,33058,2021-03-31,Yes,SMS,Referral,$100K-$149K
C001988,CL005,Evelyn King,Jacksonville,FL,34393,2018-01-24,Yes,Phone,Existing Client,<$50K
C001989,CL009,Harper Torres,Alachua,FL,34335,2021-08-15,No,SMS,Social Media,$100K-$149K
C001990,CL001,Nick Mitchell,Lake City,FL,34549,2021-10-02,Yes,Email,Walk-In,$100K-$149K
C001991,CL011,Luna Miller,Alachua,FL,34395,2020-07-18,No,SMS,Existing Client,$75K-$99K
C001992,CL007,David Smith,Ocala,FL,32119,2021-12-09,No,Email,Community Event,$150K+
C001993,CL002,Amanda Walker,Clearwater,FL,32974,2019-12-25,Yes,SMS,Existing Client,$50K-$74K
C001994,CL001,Lauren Anderson,Miami,FL,33796,2019-12-28,No,SMS,Google Search,$100K-$149K
C001995,CL003,Emily Thomas,Lakeland,FL,32469,2019-11-22,No,Phone,Walk-In,$150K+
C001996,CL011,Camila Robinson,Ocala,FL,32582,2023-07-24,Yes,SMS,Walk-In,$150K+
C001997,CL005,Noah Hernandez,Pensacola,FL,34219,2023-02-13,No,SMS,Google Search,$75K-$99K
C001998,CL006,Ashley Clark,Palm Coast,FL,32665,2021-10-19,No,SMS,Google Search,<$50K
C001999,CL009,Jason Adams,Lakeland,FL,32230,2019-03-03,Yes,SMS,Walk-In,<$50K
C002000,CL009,James Thompson,Fort Myers,FL,32302,2018-01-24,Yes,Phone,Existing Client,$50K-$74K
C002001,CL008,Lauren Nguyen,Alachua,FL,34437,2019-11-04,Yes,Phone,Existing Client,$75K-$99K
C002002,CL003,Liam Taylor,Tampa,FL,33373,2021-07-21,Yes,SMS,Community Event,$75K-$99K
C002003,CL007,Lauren Wilson,Naples,FL,32603,2018-04-17,No,Phone,Social Media,<$50K
C002004,CL008,Elijah Gonzalez,Sarasota,FL,34541,2023-03-13,No,SMS,Community Event,$75K-$99K
C002005,CL011,Mia Thomas,Naples,FL,33854,2021-09-09,No,SMS,Walk-In,<$50K
C002006,CL008,Daniel Martin,Clearwater,FL,34039,2021-10-30,Yes,SMS,Existing Client,<$50K
C002007,CL010,Harper Jackson,Tampa,FL,34563,2020-09-17,Yes,SMS,Community Event,<$50K
C002008,CL004,Jack Baker,Pensacola,FL,32386,2021-07-29,Yes,Email,Community Event,$100K-$149K
C002009,CL011,Emily Brown,Sarasota,FL,34235,2022-11-06,Yes,Phone,Social Media,$50K-$74K
C002010,CL008,Audrey Hernandez,Ocala,FL,32845,2020-11-07,Yes,Phone,Google Search,<$50K
C002011,CL005,Emma Wright,St. Petersburg,FL,34113,2022-05-28,Yes,SMS,Walk-In,<$50K
C002012,CL003,Daniel Ramirez,Tallahassee,FL,34536,2022-06-19,No,Phone,Walk-In,$150K+
C002013,CL006,Amelia Thompson,Lakeland,FL,34636,2018-09-02,Yes,SMS,Community Event,$150K+
C002014,CL009,Chloe Martinez,Pensacola,FL,33471,2018-07-22,Yes,SMS,Social Media,$75K-$99K
C002015,CL005,Olivia Hill,Newberry,FL,33057,2020-06-22,No,Email,Referral,$50K-$74K
C002016,CL004,Benjamin Sanchez,Jacksonville,FL,33772,2019-04-29,Yes,Email,Social Media,<$50K
C002017,CL009,Emily Johnson,Tampa,FL,34848,2018-05-19,No,Email,Existing Client,<$50K
C002018,CL007,Emily Smith,Delray Beach,FL,33834,2022-08-09,Yes,Phone,Existing Client,$75K-$99K
C002019,CL011,David Gonzalez,Delray Beach,FL,33291,2020-10-30,No,SMS,Community Event,<$50K
C002020,CL002,Sofia Taylor,Fort Myers,FL,33834,2023-08-05,No,Phone,Google Search,<$50K
C002021,CL009,Grace Scott,Clearwater,FL,33258,2018-07-20,Yes,Email,Community Event,<$50K
C002022,CL003,Audrey Jones,Sarasota,FL,34244,2023-07-13,Yes,Phone,Referral,$100K-$149K
C002023,CL010,Audrey King,Gainesville,FL,32888,2020-01-19,Yes,Phone,Walk-In,$75K-$99K
C002024,CL009,Charlotte Gonzalez,Fort Myers,FL,32543,2022-05-26,No,Email,Google Search,$100K-$149K
C002025,CL009,Ethan Adams,Orlando,FL,32100,2019-06-17,Yes,Email,Walk-In,$75K-$99K
C002026,CL003,James Robinson,Tallahassee,FL,33350,2023-05-26,No,SMS,Referral,<$50K
C002027,CL004,Lauren Lopez,Jacksonville,FL,34781,2019-06-12,No,SMS,Existing Client,$150K+
C002028,CL007,Kevin Martinez,Ocala,FL,32680,2021-07-14,No,SMS,Community Event,$75K-$99K
C002029,CL007,Lauren Hernandez,Orlando,FL,33795,2021-04-09,Yes,Email,Referral,$75K-$99K
C002030,CL007,Jessica Walker,Tampa,FL,34565,2022-10-20,Yes,Phone,Google Search,$50K-$74K
C002031,CL003,Ella Gonzalez,Miami,FL,33113,2020-09-27,No,SMS,Community Event,<$50K
C002032,CL012,Mason Rivera,Orlando,FL,32775,2020-01-27,Yes,SMS,Referral,$50K-$74K
C002033,CL009,Nick Johnson,Tallahassee,FL,33414,2018-02-21,Yes,Email,Community Event,$100K-$149K
C002034,CL010,Lucas Gonzalez,Naples,FL,34739,2023-01-10,Yes,SMS,Existing Client,$75K-$99K
C002035,CL002,Ashley Allen,Clearwater,FL,33454,2021-07-19,No,Phone,Google Search,$75K-$99K
C002036,CL010,Grace Wright,Tallahassee,FL,34442,2020-01-12,Yes,SMS,Referral,$100K-$149K
C002037,CL004,Audrey Davis,Sarasota,FL,33197,2021-09-25,No,SMS,Social Media,$150K+
C002038,CL011,Amelia Torres,Ocala,FL,34883,2019-07-08,Yes,SMS,Existing Client,$100K-$149K
C002039,CL006,Robert Williams,Delray Beach,FL,33651,2018-09-02,Yes,SMS,Community Event,<$50K
C002040,CL001,Sarah Roberts,Newberry,FL,32144,2020-03-21,No,Phone,Community Event,$150K+
C002041,CL008,Mateo Hall,Clearwater,FL,33332,2018-12-19,Yes,Phone,Google Search,$150K+
C002042,CL001,Elijah Hernandez,Clearwater,FL,33717,2023-06-26,Yes,SMS,Existing Client,$50K-$74K
C002043,CL001,Jackson Martinez,Tallahassee,FL,32483,2018-01-01,Yes,Email,Community Event,$75K-$99K
C002044,CL011,Olivia Jackson,St. Petersburg,FL,32110,2019-07-16,Yes,Phone,Social Media,$100K-$149K
C002045,CL007,Ashley Martinez,Palm Coast,FL,34296,2018-02-14,No,Email,Community Event,$75K-$99K
C002046,CL011,Isabella Williams,Fort Myers,FL,33574,2020-06-28,Yes,SMS,Referral,$150K+
C002047,CL005,Camila Sanchez,Miami,FL,32053,2019-10-13,No,Phone,Google Search,$75K-$99K
C002048,CL002,Ava Baker,Orlando,FL,32751,2021-07-08,Yes,SMS,Google Search,$150K+
C002049,CL001,Robert Gonzalez,Jacksonville,FL,34457,2019-09-15,Yes,Phone,Community Event,$50K-$74K
C002050,CL003,Mason Robinson,Newberry,FL,33792,2018-06-17,No,Email,Walk-In,$150K+
C002051,CL005,Elijah Wilson,Delray Beach,FL,32015,2023-08-26,No,Email,Social Media,<$50K
C002052,CL012,Evelyn Mitchell,Tampa,FL,32914,2018-11-14,No,Phone,Community Event,$50K-$74K
C002053,CL005,Rachel Young,Boca Raton,FL,34523,2020-09-24,No,SMS,Referral,$50K-$74K
C002054,CL001,Luna Williams,St. Petersburg,FL,34203,2018-10-31,Yes,SMS,Referral,$100K-$149K
C002055,CL007,Nick Nelson,Naples,FL,33501,2022-06-21,No,Email,Existing Client,<$50K
C002056,CL003,Daniel Wright,Naples,FL,32945,2021-12-06,Yes,SMS,Referral,$150K+
C002057,CL004,Logan Hernandez,Clearwater,FL,34343,2023-02-10,Yes,Email,Walk-In,<$50K
C002058,CL001,Jackson Wright,Palm Coast,FL,33669,2022-04-12,Yes,SMS,Community Event,$150K+
C002059,CL004,Isabella Harris,Orlando,FL,33995,2018-05-10,Yes,Email,Existing Client,$100K-$149K
C002060,CL001,Jessica Smith,Naples,FL,34701,2019-10-07,Yes,SMS,Referral,$100K-$149K
C002061,CL009,Ella Adams,Lakeland,FL,34043,2022-12-26,Yes,Phone,Community Event,<$50K
C002062,CL010,Emily Anderson,Naples,FL,34215,2022-08-16,Yes,SMS,Referral,$75K-$99K
C002063,CL003,Sophia Anderson,Delray Beach,FL,33297,2023-08-13,Yes,SMS,Google Search,$50K-$74K
C002064,CL009,Olivia Davis,Pensacola,FL,33671,2018-10-04,Yes,SMS,Walk-In,$100K-$149K
C002065,CL003,Daniel Miller,Newberry,FL,33314,2021-12-29,Yes,Email,Community Event,<$50K
C002066,CL011,Lucas Hill,Alachua,FL,33462,2021-10-14,Yes,SMS,Google Search,<$50K
C002067,CL006,Jackson Harris,Naples,FL,32604,2021-03-14,Yes,Phone,Existing Client,$150K+
C002068,CL011,Camila Brown,Clearwater,FL,32914,2021-09-25,No,SMS,Referral,$50K-$74K
C002069,CL004,Daniel Miller,Lake City,FL,32985,2021-09-19,Yes,Email,Google Search,<$50K
C002070,CL008,Isabella Lopez,Palm Coast,FL,33365,2018-01-07,Yes,Email,Google Search,$100K-$149K
C002071,CL001,Nick Jones,Lake City,FL,32522,2022-03-15,Yes,Phone,Existing Client,$150K+
C002072,CL005,Jackson Jackson,Boca Raton,FL,32259,2021-11-09,No,Phone,Referral,$50K-$74K
C002073,CL006,Robert Campbell,Lake City,FL,34768,2018-07-10,Yes,Email,Existing Client,$150K+
C002074,CL010,Ethan Gonzalez,Delray Beach,FL,32825,2018-02-05,Yes,Email,Community Event,$50K-$74K
C002075,CL012,David Sanchez,Palm Coast,FL,34683,2022-12-11,No,SMS,Google Search,$75K-$99K
C002076,CL006,Ashley Lewis,Newberry,FL,33760,2018-08-22,Yes,SMS,Social Media,$100K-$149K
C002077,CL002,Lauren Gonzalez,Alachua,FL,34517,2023-08-03,Yes,SMS,Referral,$75K-$99K
C002078,CL012,Ethan Carter,Clearwater,FL,33759,2018-07-07,Yes,Phone,Referral,$150K+
C002079,CL008,Jessica Nguyen,Alachua,FL,33006,2020-06-28,Yes,SMS,Social Media,$75K-$99K
C002080,CL009,Kevin Lewis,Fort Myers,FL,34230,2019-05-10,Yes,Email,Google Search,$150K+
C002081,CL009,Liam Moore,Sarasota,FL,33690,2023-04-13,Yes,SMS,Referral,$50K-$74K
C002082,CL006,Ava Nelson,Tallahassee,FL,33684,2019-11-15,No,SMS,Community Event,$150K+
C002083,CL010,Emma Mitchell,Palm Coast,FL,33762,2022-03-09,Yes,Phone,Google Search,$50K-$74K
C002084,CL010,Daniel Rodriguez,Jacksonville,FL,32702,2021-12-08,No,SMS,Social Media,$75K-$99K
C002085,CL003,Nick Sanchez,Orlando,FL,33902,2021-10-10,Yes,SMS,Referral,$50K-$74K
C002086,CL004,Elijah Rivera,Boca Raton,FL,34553,2018-05-10,Yes,SMS,Walk-In,$75K-$99K
C002087,CL011,Benjamin Rodriguez,Boca Raton,FL,34071,2022-06-17,No,SMS,Existing Client,$50K-$74K
C002088,CL001,Benjamin Garcia,St. Petersburg,FL,32758,2019-12-10,Yes,SMS,Referral,$75K-$99K
C002089,CL006,Sofia Hernandez,Jacksonville,FL,32933,2022-12-22,No,SMS,Community Event,<$50K
C002090,CL007,Amelia Hall,Boca Raton,FL,34353,2021-08-03,No,Email,Google Search,$75K-$99K
C002091,CL002,Jack Johnson,Newberry,FL,32005,2022-12-25,Yes,SMS,Walk-In,$150K+
C002092,CL012,Harper Smith,Fort Myers,FL,33555,2020-03-08,Yes,Email,Walk-In,$150K+
C002093,CL005,Henry Scott,Orlando,FL,32395,2018-05-12,No,SMS,Referral,$150K+
C002094,CL008,Logan Lewis,Boca Raton,FL,32327,2021-05-12,Yes,Phone,Existing Client,$150K+
C002095,CL011,Emma Vilaihong,Newberry,FL,33929,2023-11-24,Yes,SMS,Walk-In,<$50K
C002096,CL007,Harper Martin,Orlando,FL,34311,2023-09-04,No,Email,Google Search,<$50K
C002097,CL011,Harper Adams,St. Petersburg,FL,32031,2021-11-25,Yes,SMS,Referral,<$50K
C002098,CL012,Kevin Gonzalez,Orlando,FL,33528,2022-03-27,No,Phone,Community Event,$150K+
C002099,CL011,Emily Torres,Miami,FL,33649,2018-10-10,Yes,Email,Social Media,$75K-$99K
C002100,CL001,Robert Rodriguez,Pensacola,FL,33067,2018-07-23,Yes,Email,Existing Client,$75K-$99K
C002101,CL006,Amelia Smith,Newberry,FL,34074,2018-09-14,Yes,SMS,Referral,<$50K
C002102,CL002,Kevin Wright,Boca Raton,FL,33045,2018-12-12,No,SMS,Community Event,$100K-$149K
C002103,CL011,Emily Torres,Newberry,FL,32331,2019-12-25,Yes,Phone,Social Media,$150K+
C002104,CL001,Luna Sanchez,Boca Raton,FL,33596,2018-06-04,No,Email,Social Media,$50K-$74K
C002105,CL004,Liam Ramirez,Lake City,FL,33150,2023-04-20,Yes,SMS,Existing Client,$100K-$149K
C002106,CL005,David Hernandez,Ocala,FL,32906,2021-04-13,No,SMS,Social Media,$50K-$74K
C002107,CL011,Sofia Smith,Boca Raton,FL,33736,2018-05-13,Yes,SMS,Google Search,$150K+
C002108,CL004,Ashley Robinson,Lake City,FL,32691,2022-03-23,Yes,Email,Walk-In,$75K-$99K
C002109,CL002,Lauren Thompson,Tampa,FL,34942,2020-03-22,Yes,Email,Google Search,<$50K
C002110,CL006,Jack Baker,Lakeland,FL,33382,2021-07-07,Yes,SMS,Google Search,<$50K
C002111,CL011,Camila Moore,Palm Coast,FL,33966,2023-07-16,Yes,Email,Referral,$75K-$99K
C002112,CL006,Daniel Clark,Gainesville,FL,33497,2022-12-19,Yes,SMS,Community Event,$100K-$149K
C002113,CL001,Evelyn Lopez,Fort Myers,FL,33974,2022-06-28,No,SMS,Existing Client,$100K-$149K
C002114,CL007,Lucas Hernandez,Boca Raton,FL,34947,2020-01-19,Yes,Email,Social Media,<$50K
C002115,CL003,Nick Jackson,Lake City,FL,34849,2018-08-16,Yes,Email,Existing Client,$100K-$149K
C002116,CL010,Sophia Lewis,Delray Beach,FL,32258,2023-08-09,No,Email,Walk-In,$150K+
C002117,CL012,Camila Thompson,Naples,FL,34769,2021-05-11,Yes,SMS,Walk-In,$150K+
C002118,CL009,Ryan Torres,Delray Beach,FL,34239,2020-08-17,Yes,Email,Referral,$150K+
C002119,CL012,Robert Williams,Naples,FL,33293,2023-03-31,Yes,Phone,Walk-In,$150K+
C002120,CL005,Noah Hernandez,Pensacola,FL,32122,2022-06-20,No,Phone,Social Media,$75K-$99K
C002121,CL007,James Lee,Lake City,FL,32389,2021-09-13,Yes,Phone,Existing Client,$75K-$99K
C002122,CL005,Henry Green,Orlando,FL,32977,2021-06-28,Yes,SMS,Walk-In,$150K+
C002123,CL009,Jackson Hill,Alachua,FL,34533,2018-07-02,Yes,Email,Existing Client,$75K-$99K
C002124,CL008,Emily Robinson,Tampa,FL,33203,2019-05-27,Yes,SMS,Referral,$50K-$74K
C002125,CL007,Ava Ramirez,St. Petersburg,FL,32129,2018-12-27,No,SMS,Community Event,$150K+
C002126,CL008,Mia Robinson,Miami,FL,34119,2019-09-12,Yes,Phone,Social Media,$50K-$74K
C002127,CL010,Grace Scott,Naples,FL,32454,2020-12-26,Yes,SMS,Walk-In,<$50K
C002128,CL009,Sophia Thompson,Orlando,FL,32202,2022-05-11,No,SMS,Walk-In,$100K-$149K
C002129,CL001,Sophia Williams,Delray Beach,FL,34782,2019-05-02,Yes,Email,Referral,$50K-$74K
C002130,CL001,Amelia Johnson,Clearwater,FL,34622,2019-05-21,No,Phone,Referral,$150K+
C002131,CL004,Elijah Harris,Jacksonville,FL,33511,2021-10-04,No,SMS,Existing Client,$50K-$74K
C002132,CL008,Jessica Adams,Ocala,FL,34977,2019-10-29,No,SMS,Community Event,$100K-$149K
C002133,CL011,Nick Adams,St. Petersburg,FL,34546,2022-09-17,Yes,SMS,Existing Client,$150K+
C002134,CL005,Mateo Thomas,Tampa,FL,33308,2018-04-07,No,Phone,Referral,$75K-$99K
C002135,CL008,Grace Mitchell,Newberry,FL,33083,2022-03-04,Yes,SMS,Walk-In,$100K-$149K
C002136,CL008,Rachel Robinson,Palm Coast,FL,33607,2023-03-06,Yes,Email,Google Search,$150K+
C002137,CL003,Sarah Miller,Naples,FL,32578,2021-07-21,Yes,SMS,Social Media,<$50K
C002138,CL008,Mia Mitchell,Jacksonville,FL,33072,2023-05-14,Yes,SMS,Google Search,<$50K
C002139,CL012,Daniel Moore,Delray Beach,FL,32597,2019-10-26,Yes,Email,Walk-In,$100K-$149K
C002140,CL007,Sarah Sanchez,Palm Coast,FL,34777,2019-05-14,No,SMS,Referral,<$50K
C002141,CL008,Ryan Hall,Pensacola,FL,34753,2018-05-29,Yes,SMS,Google Search,$150K+
C002142,CL009,Liam Scott,Palm Coast,FL,33562,2018-01-15,No,SMS,Referral,$75K-$99K
C002143,CL011,Henry Allen,Orlando,FL,32799,2019-08-28,Yes,Email,Google Search,$75K-$99K
C002144,CL005,Chloe Scott,Newberry,FL,33869,2019-01-26,No,SMS,Walk-In,$150K+
C002145,CL010,Henry Hall,Clearwater,FL,33514,2023-05-01,Yes,SMS,Referral,$75K-$99K
C002146,CL012,Charlotte Ramirez,Orlando,FL,34919,2021-08-31,Yes,Phone,Community Event,$150K+
C002147,CL006,Rachel Green,Tampa,FL,34407,2023-08-07,Yes,SMS,Referral,$150K+
C002148,CL002,Charlotte Rodriguez,Naples,FL,33499,2022-06-03,Yes,Email,Social Media,$100K-$149K
C002149,CL001,Isabella Gonzalez,Ocala,FL,34423,2018-01-20,Yes,Phone,Referral,$75K-$99K
C002150,CL007,Mason Campbell,Sarasota,FL,34631,2020-03-09,Yes,SMS,Existing Client,$75K-$99K
C002151,CL004,Mateo Torres,Jacksonville,FL,34775,2023-02-21,Yes,SMS,Social Media,<$50K
C002152,CL007,Ashley Rivera,Newberry,FL,33748,2021-12-06,No,SMS,Existing Client,$75K-$99K
C002153,CL008,Kevin Williams,Orlando,FL,33046,2021-05-05,No,Phone,Walk-In,$100K-$149K
C002154,CL004,Audrey Torres,Pensacola,FL,32650,2021-07-04,Yes,SMS,Social Media,$100K-$149K
C002155,CL004,Daniel Gonzalez,Alachua,FL,32509,2021-03-06,No,Phone,Community Event,$100K-$149K
C002156,CL003,Henry Mitchell,Orlando,FL,32083,2020-03-26,No,Email,Social Media,$50K-$74K
C002157,CL006,Robert Baker,Palm Coast,FL,32924,2022-01-01,Yes,Email,Referral,$50K-$74K
C002158,CL006,Noah Nelson,Lakeland,FL,33012,2018-04-02,Yes,SMS,Existing Client,<$50K
C002159,CL006,Chloe Rodriguez,Gainesville,FL,33223,2021-04-27,Yes,SMS,Existing Client,$150K+
C002160,CL010,Henry Thomas,Delray Beach,FL,32707,2021-03-14,Yes,SMS,Social Media,$150K+
C002161,CL009,Amelia Brown,Palm Coast,FL,33839,2019-11-13,No,Email,Existing Client,$150K+
C002162,CL012,Kevin Lewis,Tampa,FL,33086,2018-09-02,No,SMS,Community Event,$150K+
C002163,CL004,Michael Robinson,Jacksonville,FL,33137,2023-04-11,No,Email,Social Media,$100K-$149K
C002164,CL011,Camila Smith,Miami,FL,33392,2018-08-21,Yes,SMS,Google Search,$150K+
C002165,CL010,Rachel Brown,Tallahassee,FL,34565,2020-05-11,No,SMS,Community Event,$75K-$99K
C002166,CL001,Logan Garcia,Pensacola,FL,33926,2023-11-23,Yes,SMS,Community Event,$150K+
C002167,CL010,Daniel Johnson,Sarasota,FL,33624,2020-09-22,Yes,Email,Walk-In,$150K+
C002168,CL003,Jackson King,Newberry,FL,33945,2018-12-30,No,SMS,Walk-In,<$50K
C002169,CL006,Liam Hernandez,Ocala,FL,33567,2018-11-14,Yes,SMS,Social Media,$150K+
C002170,CL006,Rachel Campbell,Gainesville,FL,33697,2020-11-23,Yes,Phone,Google Search,$50K-$74K
C002171,CL009,Ashley King,Clearwater,FL,34286,2023-09-24,Yes,Phone,Referral,$50K-$74K
C002172,CL005,Jason Harris,Tampa,FL,32188,2022-06-27,Yes,Phone,Walk-In,$50K-$74K
C002173,CL012,Emily Sanchez,Miami,FL,34191,2022-02-14,Yes,SMS,Social Media,<$50K
C002174,CL011,Ethan Williams,Delray Beach,FL,34765,2021-12-07,Yes,Email,Walk-In,$150K+
C002175,CL009,Jackson Martinez,Ocala,FL,33894,2022-02-11,Yes,Email,Google Search,$50K-$74K
C002176,CL009,Rachel Miller,Lake City,FL,32268,2019-02-24,No,Phone,Existing Client,<$50K
C002177,CL008,Isabella White,Clearwater,FL,33057,2021-09-23,Yes,SMS,Referral,<$50K
C002178,CL010,Chloe Sanchez,Delray Beach,FL,32688,2022-05-03,Yes,SMS,Walk-In,$100K-$149K
C002179,CL006,Audrey Miller,Tampa,FL,32614,2021-05-11,No,Phone,Walk-In,$100K-$149K
C002180,CL002,David Hill,Tallahassee,FL,33524,2022-07-23,Yes,Email,Referral,<$50K
C002181,CL009,Jason Miller,Tampa,FL,34570,2018-07-30,Yes,SMS,Existing Client,$75K-$99K
C002182,CL002,Mateo Wilson,Orlando,FL,32199,2023-12-05,Yes,SMS,Existing Client,$100K-$149K
C002183,CL002,Benjamin White,Boca Raton,FL,32295,2019-05-17,Yes,Phone,Social Media,$100K-$149K
C002184,CL007,Liam Hernandez,Tallahassee,FL,32866,2022-03-29,No,SMS,Community Event,$50K-$74K
C002185,CL011,Ava Garcia,Miami,FL,33860,2022-08-21,Yes,SMS,Social Media,$50K-$74K
C002186,CL009,Charlotte Hall,Naples,FL,32831,2021-10-24,No,Email,Walk-In,<$50K
C002187,CL002,David Rodriguez,St. Petersburg,FL,33354,2018-11-25,No,SMS,Referral,$75K-$99K
C002188,CL002,Jessica King,Sarasota,FL,32928,2021-02-27,Yes,SMS,Walk-In,<$50K
C002189,CL005,Sarah Mitchell,Naples,FL,33226,2023-05-08,No,SMS,Google Search,$100K-$149K
C002190,CL001,Benjamin Taylor,Clearwater,FL,33114,2022-08-07,Yes,Email,Community Event,$150K+
C002191,CL011,Ethan Campbell,Boca Raton,FL,32720,2018-06-20,Yes,SMS,Walk-In,$75K-$99K
C002192,CL004,Mason Walker,Ocala,FL,34684,2023-10-24,Yes,SMS,Google Search,$150K+
C002193,CL001,Ava Carter,Fort Myers,FL,32852,2019-06-28,Yes,SMS,Google Search,$150K+
C002194,CL004,Daniel Perez,Lake City,FL,33791,2022-01-09,Yes,SMS,Referral,$150K+
C002195,CL009,Sofia Clark,Orlando,FL,32709,2018-04-25,Yes,SMS,Referral,$75K-$99K
C002196,CL009,Sophia Johnson,Fort Myers,FL,32519,2023-01-23,Yes,SMS,Walk-In,$100K-$149K
C002197,CL010,Daniel Garcia,Palm Coast,FL,32598,2021-05-17,Yes,SMS,Social Media,$75K-$99K
C002198,CL002,Elijah Carter,Fort Myers,FL,34501,2019-09-19,Yes,Email,Walk-In,$75K-$99K
C002199,CL012,Ashley Jones,Naples,FL,34939,2019-02-17,No,SMS,Referral,$150K+
C002200,CL011,Logan Lee,St. Petersburg,FL,32647,2022-06-29,Yes,SMS,Google Search,$50K-$74K
C002201,CL011,Elijah Thomas,Sarasota,FL,33627,2019-12-22,Yes,Phone,Community Event,<$50K
C002202,CL005,Michael Hill,St. Petersburg,FL,34512,2019-09-27,No,SMS,Existing Client,$100K-$149K
C002203,CL010,Nick Martin,Pensacola,FL,32965,2022-09-30,Yes,SMS,Community Event,$100K-$149K
C002204,CL001,Rachel Young,Clearwater,FL,32194,2023-02-19,Yes,SMS,Community Event,$75K-$99K
C002205,CL004,Mason Adams,Lake City,FL,34799,2022-09-21,Yes,SMS,Social Media,<$50K
C002206,CL006,Lauren Hernandez,Lakeland,FL,33263,2020-05-31,Yes,Email,Google Search,$50K-$74K
C002207,CL001,Daniel Ramirez,Pensacola,FL,33353,2021-06-01,Yes,SMS,Existing Client,$75K-$99K
C002208,CL004,Benjamin Sanchez,Naples,FL,34981,2018-06-27,No,Phone,Walk-In,<$50K
C002209,CL008,Robert Martinez,Lakeland,FL,34932,2019-10-24,No,Email,Community Event,$75K-$99K
C002210,CL001,Logan Green,Gainesville,FL,32933,2021-03-31,No,Phone,Community Event,$100K-$149K
C002211,CL012,Evelyn Hill,Clearwater,FL,32665,2023-01-10,Yes,Email,Google Search,$50K-$74K
C002212,CL010,Camila Mitchell,Gainesville,FL,33545,2019-05-10,Yes,Phone,Community Event,$75K-$99K
C002213,CL006,Michael Allen,Ocala,FL,33288,2019-01-19,Yes,Phone,Community Event,<$50K
C002214,CL005,Sophia Vilaihong,Alachua,FL,33150,2018-11-01,Yes,SMS,Walk-In,$50K-$74K
C002215,CL008,Grace Torres,Boca Raton,FL,33894,2022-06-08,Yes,SMS,Community Event,<$50K
C002216,CL009,Mason Davis,Lake City,FL,34471,2023-11-27,No,SMS,Social Media,$150K+
C002217,CL005,Nick Lee,Palm Coast,FL,33507,2019-07-10,Yes,Phone,Social Media,$50K-$74K
C002218,CL004,Evelyn Jackson,Lakeland,FL,32191,2021-04-23,Yes,SMS,Google Search,$75K-$99K
C002219,CL005,Ava Smith,Sarasota,FL,33910,2023-01-25,Yes,SMS,Community Event,$100K-$149K
C002220,CL005,Amelia Lee,St. Petersburg,FL,34227,2023-08-21,Yes,SMS,Existing Client,$50K-$74K
C002221,CL005,Audrey King,Lake City,FL,33671,2018-12-13,Yes,SMS,Existing Client,$75K-$99K
C002222,CL009,Megan Rivera,Tallahassee,FL,33370,2023-03-29,Yes,SMS,Existing Client,$75K-$99K
C002223,CL003,Megan King,Ocala,FL,32692,2019-10-30,No,Phone,Walk-In,<$50K
C002224,CL005,Amelia Martinez,Alachua,FL,32725,2018-11-20,Yes,Email,Google Search,$150K+
C002225,CL002,Olivia Thompson,Lakeland,FL,32710,2022-05-28,Yes,Phone,Community Event,$150K+
C002226,CL004,Grace Mitchell,Ocala,FL,32256,2023-07-06,Yes,SMS,Existing Client,$50K-$74K
C002227,CL011,Amanda Wilson,Delray Beach,FL,33304,2018-03-27,No,Email,Walk-In,<$50K
C002228,CL005,Rachel Moore,Sarasota,FL,33563,2019-08-14,No,SMS,Existing Client,$100K-$149K
C002229,CL005,Emma Thompson,Tampa,FL,32684,2022-11-17,Yes,Email,Existing Client,$150K+
C002230,CL007,Jackson White,Gainesville,FL,32389,2019-02-20,Yes,Email,Google Search,$100K-$149K
C002231,CL002,Lauren Sanchez,Tallahassee,FL,33707,2023-05-01,Yes,SMS,Walk-In,$150K+
C002232,CL002,Jack Johnson,Newberry,FL,32746,2023-03-09,Yes,SMS,Existing Client,$75K-$99K
C002233,CL006,Logan Young,Jacksonville,FL,34004,2018-12-28,Yes,SMS,Walk-In,$50K-$74K
C002234,CL010,Mason Martin,Lakeland,FL,33935,2018-04-12,No,SMS,Social Media,$75K-$99K
C002235,CL010,Harper Rodriguez,Pensacola,FL,33592,2018-08-31,No,Email,Referral,$50K-$74K
C002236,CL010,Lauren Ramirez,Ocala,FL,34547,2021-08-03,Yes,SMS,Social Media,<$50K
C002237,CL002,Amelia Hernandez,Tallahassee,FL,32228,2022-02-16,Yes,SMS,Walk-In,$50K-$74K
C002238,CL004,Jason Green,Fort Myers,FL,32470,2020-03-31,No,SMS,Referral,$75K-$99K
C002239,CL010,Charlotte Hall,Fort Myers,FL,34465,2023-11-10,Yes,Phone,Referral,$50K-$74K
C002240,CL002,Logan Garcia,Sarasota,FL,34640,2023-01-26,Yes,Phone,Referral,<$50K
C002241,CL010,Mason Martinez,Gainesville,FL,32654,2019-08-28,Yes,Email,Existing Client,$150K+
C002242,CL004,Amelia Nguyen,Lake City,FL,34611,2020-09-14,No,SMS,Existing Client,$150K+
C002243,CL007,Luna Wright,Sarasota,FL,34895,2023-11-24,No,Phone,Community Event,$100K-$149K
C002244,CL012,Logan Walker,Fort Myers,FL,34258,2019-06-18,Yes,SMS,Community Event,$75K-$99K
C002245,CL002,Daniel Davis,Naples,FL,34031,2018-01-25,Yes,SMS,Google Search,$100K-$149K
C002246,CL007,Amelia Martin,Naples,FL,33201,2022-12-28,No,SMS,Google Search,$50K-$74K
C002247,CL001,Emily Flores,Tallahassee,FL,34337,2018-09-24,Yes,Phone,Existing Client,$150K+
C002248,CL009,Mason Ramirez,Lakeland,FL,32647,2018-08-01,Yes,SMS,Google Search,$150K+
C002249,CL009,David Green,Miami,FL,33517,2018-03-27,No,Email,Google Search,<$50K
C002250,CL011,Noah Walker,Tampa,FL,34887,2022-02-26,Yes,SMS,Google Search,<$50K
C002251,CL010,Olivia Young,Boca Raton,FL,32205,2021-01-16,Yes,Phone,Social Media,$75K-$99K
C002252,CL006,Logan Scott,Ocala,FL,33531,2018-07-09,Yes,Email,Social Media,$100K-$149K
C002253,CL001,Noah Martinez,Newberry,FL,32383,2021-07-22,No,SMS,Community Event,$50K-$74K
C002254,CL010,Logan Johnson,Jacksonville,FL,33681,2022-10-20,Yes,SMS,Referral,$100K-$149K
C002255,CL010,Mateo White,Tallahassee,FL,34544,2020-08-28,Yes,Email,Google Search,$150K+
C002256,CL006,Lauren Gonzalez,Sarasota,FL,33038,2018-02-27,Yes,Phone,Existing Client,$150K+
C002257,CL005,Amanda Sanchez,Naples,FL,33679,2020-02-06,No,SMS,Existing Client,<$50K
C002258,CL001,Lauren Young,Delray Beach,FL,34438,2019-02-25,Yes,SMS,Walk-In,$150K+
C002259,CL005,Logan Hernandez,Sarasota,FL,34434,2018-12-18,Yes,Phone,Social Media,$150K+
C002260,CL003,Noah Clark,Gainesville,FL,32703,2022-05-21,No,Phone,Google Search,$100K-$149K
C002261,CL003,Camila Gonzalez,Alachua,FL,34362,2018-02-28,Yes,Email,Community Event,$75K-$99K
C002262,CL011,Evelyn Campbell,Orlando,FL,32364,2022-09-19,Yes,SMS,Walk-In,$100K-$149K
C002263,CL008,Henry Taylor,Jacksonville,FL,33170,2020-06-11,Yes,SMS,Existing Client,$50K-$74K
C002264,CL002,Harper Nelson,Tampa,FL,33542,2019-03-27,No,SMS,Google Search,$50K-$74K
C002265,CL011,Noah Perez,Orlando,FL,32254,2019-09-13,Yes,Phone,Referral,$50K-$74K
C002266,CL011,Jessica Nguyen,Palm Coast,FL,32859,2018-10-27,No,SMS,Walk-In,$75K-$99K
C002267,CL008,Michael Thomas,Boca Raton,FL,32978,2020-03-11,Yes,SMS,Social Media,$150K+
C002268,CL001,Sofia Roberts,Naples,FL,32175,2023-08-29,Yes,Email,Google Search,$150K+
C002269,CL006,Benjamin Thompson,Ocala,FL,34600,2018-11-03,Yes,Email,Referral,<$50K
C002270,CL003,Camila Perez,Lake City,FL,32005,2021-11-03,Yes,SMS,Google Search,$150K+
C002271,CL010,Liam Johnson,Naples,FL,34008,2022-11-12,No,SMS,Community Event,$75K-$99K
C002272,CL001,Ashley Johnson,Jacksonville,FL,34984,2021-04-26,No,Phone,Existing Client,$50K-$74K
C002273,CL010,Evelyn Johnson,Ocala,FL,33051,2018-05-27,No,SMS,Google Search,$50K-$74K
C002274,CL003,Ryan Roberts,Sarasota,FL,33507,2019-02-11,Yes,SMS,Social Media,$150K+
C002275,CL003,Emily King,Alachua,FL,33738,2018-01-02,Yes,Phone,Community Event,$100K-$149K
C002276,CL007,Ryan Brown,St. Petersburg,FL,33636,2020-09-24,Yes,Phone,Existing Client,$100K-$149K
C002277,CL007,Daniel Walker,Orlando,FL,32197,2022-03-27,Yes,Email,Google Search,$75K-$99K
C002278,CL005,Jack Perez,Gainesville,FL,32817,2020-05-13,No,Email,Community Event,$150K+
C002279,CL009,Jack Sanchez,Delray Beach,FL,32855,2021-11-08,Yes,Phone,Google Search,$150K+
C002280,CL004,Kevin Harris,Lake City,FL,32979,2018-11-19,Yes,SMS,Referral,$150K+
C002281,CL003,Sofia Nguyen,Fort Myers,FL,32235,2020-01-14,No,SMS,Existing Client,<$50K
C002282,CL003,Ella Roberts,Jacksonville,FL,34619,2023-05-02,No,Email,Walk-In,$100K-$149K
C002283,CL009,Elijah Walker,Alachua,FL,32132,2020-07-30,Yes,SMS,Social Media,$100K-$149K
C002284,CL001,Mateo Nelson,Alachua,FL,32579,2023-08-21,Yes,Email,Referral,$150K+
C002285,CL007,Amanda Garcia,Boca Raton,FL,34019,2021-08-29,No,SMS,Social Media,$50K-$74K
C002286,CL005,Megan Wright,Pensacola,FL,34678,2021-01-16,Yes,SMS,Social Media,$150K+
C002287,CL010,Benjamin King,Newberry,FL,34523,2020-11-13,Yes,SMS,Referral,$100K-$149K
C002288,CL012,Ethan Lee,Sarasota,FL,32561,2022-10-22,Yes,Email,Social Media,$100K-$149K
C002289,CL012,Luna Young,Naples,FL,32306,2019-08-24,No,Email,Community Event,<$50K
C002290,CL010,Evelyn Williams,Tampa,FL,33503,2023-04-07,Yes,Phone,Social Media,$75K-$99K
C002291,CL006,Nick Garcia,St. Petersburg,FL,34299,2019-07-06,No,Phone,Google Search,$50K-$74K
C002292,CL008,Lauren Williams,Lakeland,FL,32464,2019-09-06,Yes,SMS,Referral,$150K+
C002293,CL003,Isabella Harris,Fort Myers,FL,32537,2022-12-19,No,Email,Walk-In,<$50K
C002294,CL012,Luna Lopez,Fort Myers,FL,34029,2021-02-16,Yes,SMS,Social Media,<$50K
C002295,CL003,Camila Martin,Fort Myers,FL,33791,2018-10-27,Yes,SMS,Social Media,<$50K
C002296,CL003,Ryan Anderson,Palm Coast,FL,34661,2019-04-10,No,Phone,Walk-In,$75K-$99K
C002297,CL002,Evelyn Rodriguez,Sarasota,FL,34926,2023-10-12,No,Email,Walk-In,$150K+
C002298,CL008,Harper Brown,Fort Myers,FL,34777,2019-08-17,No,Phone,Social Media,$75K-$99K
C002299,CL010,Mason Campbell,Gainesville,FL,34081,2020-09-03,Yes,SMS,Social Media,$75K-$99K
C002300,CL010,Luna Walker,Ocala,FL,32068,2018-11-21,No,Email,Google Search,$50K-$74K
C002301,CL001,Isabella Allen,Tallahassee,FL,32402,2021-08-16,Yes,SMS,Existing Client,$75K-$99K
C002302,CL007,Amanda Jones,Tallahassee,FL,34389,2018-01-04,No,SMS,Social Media,$75K-$99K
C002303,CL010,Lucas King,St. Petersburg,FL,32524,2023-12-08,Yes,Phone,Google Search,$150K+
C002304,CL004,Rachel Allen,St. Petersburg,FL,34157,2022-04-08,Yes,SMS,Referral,$150K+
C002305,CL005,Rachel Miller,Delray Beach,FL,32884,2021-08-06,No,Phone,Referral,<$50K
C002306,CL001,Megan Thompson,Newberry,FL,33240,2018-05-26,Yes,SMS,Referral,$50K-$74K
C002307,CL002,Daniel Mitchell,Sarasota,FL,33719,2018-09-15,Yes,Email,Referral,$50K-$74K
C002308,CL010,Ethan Harris,Newberry,FL,34679,2023-08-23,Yes,Phone,Walk-In,$50K-$74K
C002309,CL008,Camila Davis,Newberry,FL,33985,2018-05-15,Yes,Email,Google Search,<$50K
C002310,CL006,Isabella Wright,Sarasota,FL,33282,2023-12-17,No,SMS,Walk-In,$100K-$149K
C002311,CL009,Lucas Perez,Jacksonville,FL,32458,2021-07-30,Yes,Email,Google Search,$100K-$149K
C002312,CL004,Mason Brown,Pensacola,FL,32848,2020-02-10,Yes,SMS,Social Media,$50K-$74K
C002313,CL005,Megan Allen,Delray Beach,FL,33018,2019-07-21,Yes,Phone,Existing Client,$100K-$149K
C002314,CL002,Chloe Harris,Fort Myers,FL,33820,2023-08-08,No,SMS,Existing Client,$150K+
C002315,CL009,Mia Adams,St. Petersburg,FL,32711,2022-02-04,Yes,Email,Existing Client,$75K-$99K
C002316,CL006,Mateo Davis,Lakeland,FL,32854,2018-04-24,No,SMS,Referral,$50K-$74K
C002317,CL008,Olivia Hill,Newberry,FL,32986,2021-12-22,Yes,SMS,Social Media,$150K+
C002318,CL009,Amelia Nguyen,Fort Myers,FL,33624,2022-10-14,Yes,Phone,Community Event,$50K-$74K
C002319,CL011,Elijah Nguyen,Pensacola,FL,32620,2018-06-20,No,Email,Existing Client,$75K-$99K
C002320,CL011,Lucas Carter,Gainesville,FL,32459,2022-12-12,Yes,Phone,Referral,$50K-$74K
C002321,CL010,Evelyn Allen,Naples,FL,34282,2021-06-21,Yes,Email,Social Media,$75K-$99K
C002322,CL003,Daniel Hall,Lakeland,FL,32004,2019-03-29,No,Email,Social Media,$50K-$74K
C002323,CL002,Jack Robinson,Delray Beach,FL,33065,2021-10-30,Yes,SMS,Community Event,<$50K
C002324,CL006,Evelyn Green,Lake City,FL,32503,2021-09-25,Yes,Email,Existing Client,$150K+
C002325,CL003,Jackson Thompson,Lake City,FL,33485,2019-10-29,No,SMS,Google Search,$150K+
C002326,CL011,Emily Davis,Ocala,FL,34660,2020-10-09,No,Email,Google Search,$100K-$149K
C002327,CL001,Jackson Miller,Sarasota,FL,33574,2021-06-16,Yes,Email,Social Media,$75K-$99K
C002328,CL012,Audrey Allen,Lake City,FL,32433,2023-03-23,Yes,SMS,Social Media,$75K-$99K
C002329,CL001,Mia Scott,Palm Coast,FL,34630,2021-06-06,Yes,SMS,Existing Client,$150K+
C002330,CL005,Henry Hill,Palm Coast,FL,33573,2019-07-23,Yes,SMS,Community Event,$100K-$149K
C002331,CL006,Lauren Robinson,Jacksonville,FL,34293,2020-12-20,Yes,SMS,Google Search,$75K-$99K
C002332,CL004,Sarah Hill,Alachua,FL,33221,2018-05-25,Yes,Email,Existing Client,$50K-$74K
C002333,CL011,Rachel Walker,Boca Raton,FL,32166,2021-06-05,Yes,SMS,Social Media,$150K+
C002334,CL012,Isabella Moore,Gainesville,FL,33639,2019-11-17,Yes,SMS,Social Media,$75K-$99K
C002335,CL009,Chloe Lee,Gainesville,FL,34635,2022-03-21,Yes,Phone,Existing Client,$100K-$149K
C002336,CL006,Robert Garcia,Ocala,FL,33654,2020-09-18,Yes,Email,Walk-In,<$50K
C002337,CL004,Grace Mitchell,Fort Myers,FL,33343,2023-06-25,Yes,SMS,Referral,$75K-$99K
C002338,CL011,Daniel Williams,St. Petersburg,FL,34965,2021-08-03,Yes,SMS,Community Event,<$50K
C002339,CL007,Sophia Roberts,Ocala,FL,33933,2022-07-20,Yes,SMS,Community Event,$100K-$149K
C002340,CL006,Daniel Clark,Tallahassee,FL,34773,2021-11-24,Yes,Email,Google Search,$75K-$99K
C002341,CL012,Ava King,Clearwater,FL,34010,2020-05-11,Yes,Email,Google Search,$50K-$74K
C002342,CL006,Mason Hall,Newberry,FL,33080,2020-02-18,Yes,Email,Walk-In,$75K-$99K
C002343,CL009,Olivia Torres,Miami,FL,33004,2019-04-11,No,SMS,Social Media,<$50K
C002344,CL012,Jackson Martinez,Miami,FL,33946,2020-06-13,Yes,SMS,Google Search,<$50K
C002345,CL006,Sophia Ramirez,Lakeland,FL,33639,2018-09-06,Yes,Phone,Walk-In,$100K-$149K
C002346,CL004,Lauren Martin,Alachua,FL,32385,2019-05-05,Yes,Email,Community Event,$75K-$99K
C002347,CL006,David Green,Boca Raton,FL,34304,2018-06-10,Yes,SMS,Existing Client,$50K-$74K
C002348,CL008,Lucas Brown,Fort Myers,FL,34597,2018-04-08,No,Email,Google Search,$150K+
C002349,CL011,Ethan Rodriguez,Palm Coast,FL,32126,2023-12-18,Yes,Phone,Social Media,$100K-$149K
C002350,CL004,Megan Davis,Tampa,FL,34540,2020-06-24,No,Email,Existing Client,<$50K
C002351,CL007,Liam Gonzalez,Fort Myers,FL,33822,2020-01-10,No,SMS,Referral,$75K-$99K
C002352,CL009,Charlotte Anderson,Lake City,FL,33005,2020-12-15,Yes,SMS,Existing Client,<$50K
C002353,CL002,Jason Ramirez,Pensacola,FL,34207,2021-06-22,Yes,Email,Referral,$150K+
C002354,CL007,Sarah White,Tampa,FL,34512,2023-08-21,Yes,SMS,Community Event,$75K-$99K
C002355,CL005,Benjamin Garcia,Jacksonville,FL,34920,2022-11-08,Yes,SMS,Existing Client,<$50K
C002356,CL004,Charlotte Allen,Delray Beach,FL,32560,2018-01-08,Yes,SMS,Referral,$75K-$99K
C002357,CL007,Henry Roberts,Palm Coast,FL,33190,2023-04-11,No,Phone,Existing Client,<$50K
C002358,CL001,Jessica Nelson,Gainesville,FL,32489,2019-06-18,No,SMS,Community Event,$150K+
C002359,CL003,Benjamin Young,Clearwater,FL,32336,2019-03-01,No,SMS,Google Search,$50K-$74K
C002360,CL002,Megan Perez,Orlando,FL,33331,2022-08-27,No,SMS,Community Event,$150K+
C002361,CL003,Lauren Wilson,Jacksonville,FL,34494,2022-04-13,Yes,SMS,Social Media,$150K+
C002362,CL007,Harper Green,Tallahassee,FL,34763,2022-07-30,Yes,Phone,Community Event,$150K+
C002363,CL006,Ella Garcia,Palm Coast,FL,32081,2019-10-28,Yes,SMS,Google Search,<$50K
C002364,CL011,Jessica Nelson,Ocala,FL,32230,2021-10-17,Yes,Phone,Community Event,$50K-$74K
C002365,CL005,James Hill,Tampa,FL,34035,2021-02-04,Yes,SMS,Google Search,$75K-$99K
C002366,CL007,Rachel Anderson,Tallahassee,FL,33050,2019-06-11,No,Email,Existing Client,$50K-$74K
C002367,CL010,Mason Roberts,Sarasota,FL,34546,2018-01-10,Yes,Phone,Referral,$50K-$74K
C002368,CL003,Rachel Flores,Lake City,FL,33097,2019-07-07,Yes,Phone,Community Event,$50K-$74K
C002369,CL010,Lucas King,Tallahassee,FL,32148,2023-12-10,Yes,SMS,Referral,$100K-$149K
C002370,CL009,Michael Garcia,Gainesville,FL,32955,2020-03-31,No,Email,Google Search,$150K+
C002371,CL007,David Lopez,Jacksonville,FL,34051,2018-06-17,No,SMS,Community Event,$50K-$74K
C002372,CL007,Camila Ramirez,Ocala,FL,33981,2019-11-12,Yes,Phone,Existing Client,$50K-$74K
C002373,CL004,Sophia Taylor,Pensacola,FL,34031,2023-03-04,Yes,SMS,Community Event,$50K-$74K
C002374,CL010,Megan Anderson,Palm Coast,FL,33173,2023-05-26,Yes,SMS,Social Media,$75K-$99K
C002375,CL007,Sophia Scott,Palm Coast,FL,32164,2021-07-27,No,Email,Community Event,<$50K
C002376,CL004,Ethan Jones,Pensacola,FL,33429,2022-06-04,Yes,Phone,Google Search,$50K-$74K
C002377,CL002,Benjamin Martinez,Boca Raton,FL,33717,2019-07-21,No,Email,Referral,$150K+
C002378,CL003,Mason Lewis,Alachua,FL,34706,2020-11-09,Yes,Email,Google Search,$100K-$149K
C002379,CL009,Chloe Hall,Clearwater,FL,32661,2022-12-22,No,Email,Social Media,$50K-$74K
C002380,CL003,Charlotte Hall,Pensacola,FL,32773,2019-05-28,Yes,SMS,Google Search,$50K-$74K
C002381,CL002,Ella Wilson,Lakeland,FL,34726,2019-10-26,Yes,SMS,Existing Client,$50K-$74K
C002382,CL009,Rachel Sanchez,Fort Myers,FL,34159,2021-07-24,No,SMS,Google Search,$50K-$74K
C002383,CL002,Ashley Moore,Tallahassee,FL,34290,2021-05-07,Yes,Email,Referral,$50K-$74K
C002384,CL002,Camila Allen,Tallahassee,FL,34270,2023-01-12,Yes,SMS,Walk-In,$100K-$149K
C002385,CL011,Ashley Hernandez,Lakeland,FL,34632,2019-06-02,Yes,Email,Referral,<$50K
C002386,CL009,Mateo Nelson,Fort Myers,FL,32291,2019-02-07,Yes,SMS,Referral,$75K-$99K
C002387,CL009,Chloe Johnson,Clearwater,FL,32561,2023-05-04,Yes,SMS,Existing Client,$75K-$99K
C002388,CL006,Harper Hall,Newberry,FL,34165,2021-05-24,Yes,Phone,Social Media,<$50K
C002389,CL009,Nick Moore,Boca Raton,FL,32697,2018-01-24,Yes,SMS,Existing Client,<$50K
C002390,CL009,Sofia Roberts,Jacksonville,FL,34512,2019-12-23,Yes,Phone,Existing Client,<$50K
C002391,CL009,Ashley Allen,Ocala,FL,34784,2019-11-08,Yes,SMS,Google Search,$100K-$149K
C002392,CL009,Ryan Martin,Lakeland,FL,33224,2018-01-18,No,SMS,Google Search,<$50K
C002393,CL007,Ava Rivera,Sarasota,FL,32052,2022-04-22,Yes,Email,Community Event,$100K-$149K
C002394,CL010,Mateo Brown,Newberry,FL,32648,2019-04-04,Yes,SMS,Walk-In,<$50K
C002395,CL005,Olivia Martinez,Alachua,FL,32317,2021-12-18,Yes,Email,Existing Client,$100K-$149K
C002396,CL002,James Davis,Fort Myers,FL,32746,2022-07-15,Yes,SMS,Social Media,<$50K
C002397,CL010,Lauren Baker,Fort Myers,FL,34363,2023-06-08,No,SMS,Walk-In,$75K-$99K
C002398,CL011,Audrey Walker,Lake City,FL,32328,2018-06-19,Yes,Phone,Google Search,$100K-$149K
C002399,CL004,Amanda Johnson,Newberry,FL,33914,2020-02-17,Yes,Phone,Community Event,<$50K
C002400,CL007,Daniel Hall,Jacksonville,FL,33846,2020-06-05,No,Phone,Community Event,$100K-$149K
C002401,CL012,Amanda Clark,Naples,FL,33664,2022-04-24,Yes,Phone,Social Media,$100K-$149K
C002402,CL011,Jessica Garcia,Newberry,FL,32010,2019-01-12,Yes,SMS,Community Event,<$50K
C002403,CL007,Emily White,Miami,FL,33560,2021-08-12,Yes,Email,Walk-In,<$50K
C002404,CL004,Robert Mitchell,Tallahassee,FL,32054,2018-11-14,Yes,SMS,Google Search,$75K-$99K
C002405,CL006,Robert Vilaihong,Naples,FL,34342,2021-01-27,No,Email,Community Event,$150K+
C002406,CL004,Liam Mitchell,Delray Beach,FL,32228,2020-07-13,Yes,Email,Social Media,$150K+
C002407,CL011,Audrey Hill,Naples,FL,34383,2020-11-16,No,SMS,Community Event,$50K-$74K
C002408,CL005,Robert Robinson,Ocala,FL,34006,2023-05-12,Yes,SMS,Walk-In,$75K-$99K
C002409,CL009,Sophia Hill,Alachua,FL,32701,2020-10-03,Yes,SMS,Community Event,$50K-$74K
C002410,CL010,Rachel Hall,Tampa,FL,34715,2019-01-21,No,Phone,Social Media,$100K-$149K
C002411,CL009,Luna Martin,Fort Myers,FL,34736,2020-06-28,No,SMS,Existing Client,<$50K
C002412,CL008,Sofia Miller,Lake City,FL,34080,2021-07-23,Yes,Email,Walk-In,$50K-$74K
C002413,CL005,Logan Moore,Naples,FL,34767,2021-11-01,No,SMS,Existing Client,<$50K
C002414,CL002,Henry Hill,Clearwater,FL,32523,2019-08-18,Yes,SMS,Social Media,$100K-$149K
C002415,CL007,Isabella Vilaihong,Lakeland,FL,33609,2019-01-08,No,Email,Social Media,$150K+
C002416,CL010,Ava Jackson,Clearwater,FL,33408,2018-01-20,Yes,SMS,Referral,$50K-$74K
C002417,CL001,Mason Gonzalez,Tampa,FL,34240,2018-04-24,Yes,SMS,Social Media,<$50K
C002418,CL007,Henry Harris,Gainesville,FL,33284,2021-01-17,No,SMS,Referral,<$50K
C002419,CL001,Noah Moore,Alachua,FL,33186,2019-01-12,Yes,Email,Social Media,$50K-$74K
C002420,CL006,Jason Hernandez,Sarasota,FL,32178,2023-09-27,Yes,Phone,Google Search,$50K-$74K
C002421,CL006,Emily Wilson,Miami,FL,34403,2019-12-31,Yes,Email,Walk-In,$100K-$149K
C002422,CL008,Elijah Williams,Fort Myers,FL,33000,2018-11-14,Yes,SMS,Referral,$50K-$74K
C002423,CL011,Robert Young,Lake City,FL,33723,2018-11-19,Yes,SMS,Existing Client,<$50K
C002424,CL006,Jessica Sanchez,Newberry,FL,34286,2019-04-07,Yes,Phone,Referral,$100K-$149K
C002425,CL004,Emily Roberts,Newberry,FL,34598,2018-01-13,Yes,Email,Walk-In,$100K-$149K
C002426,CL008,Camila Mitchell,Lake City,FL,33261,2023-01-17,No,SMS,Existing Client,$75K-$99K
C002427,CL007,Luna Hill,Orlando,FL,32287,2018-04-11,Yes,Email,Walk-In,$75K-$99K
C002428,CL006,Mia White,Ocala,FL,34567,2023-02-22,No,SMS,Walk-In,$50K-$74K
C002429,CL006,Ryan Nguyen,Newberry,FL,33533,2020-07-01,Yes,SMS,Community Event,$75K-$99K
C002430,CL006,Kevin Smith,Sarasota,FL,33825,2022-12-21,No,Email,Google Search,$100K-$149K
C002431,CL001,Jackson Torres,St. Petersburg,FL,33953,2021-09-28,No,Email,Walk-In,$75K-$99K
C002432,CL003,Nick Green,Ocala,FL,34574,2018-10-07,Yes,SMS,Social Media,$150K+
C002433,CL009,David Mitchell,Ocala,FL,32481,2018-02-18,No,SMS,Community Event,$100K-$149K
C002434,CL003,Henry Baker,Lake City,FL,32771,2018-01-09,No,Email,Social Media,$75K-$99K
C002435,CL008,Ryan King,Palm Coast,FL,34401,2020-10-10,Yes,Email,Existing Client,$75K-$99K
C002436,CL010,Daniel Torres,Palm Coast,FL,32840,2019-12-03,Yes,Phone,Google Search,<$50K
C002437,CL009,Isabella Davis,Orlando,FL,32057,2018-04-10,Yes,SMS,Referral,$150K+
C002438,CL002,Elijah Jackson,Jacksonville,FL,33532,2022-11-13,Yes,SMS,Community Event,$100K-$149K
C002439,CL002,Mateo Nelson,Orlando,FL,34096,2018-11-22,Yes,Phone,Existing Client,$150K+
C002440,CL004,Jackson Roberts,Alachua,FL,33196,2023-10-17,No,SMS,Community Event,$150K+
C002441,CL005,Audrey Robinson,Lake City,FL,33625,2018-02-28,Yes,SMS,Walk-In,$100K-$149K
C002442,CL010,Mia Williams,Fort Myers,FL,32284,2021-09-22,Yes,Phone,Referral,$75K-$99K
C002443,CL005,Sofia Harris,Alachua,FL,34248,2020-09-18,Yes,Email,Walk-In,$50K-$74K
C002444,CL002,Sarah Wright,Fort Myers,FL,33161,2022-07-03,Yes,Phone,Community Event,<$50K
C002445,CL010,Charlotte Lewis,Tampa,FL,32350,2022-12-07,Yes,Phone,Social Media,$150K+
C002446,CL002,Ava Garcia,Sarasota,FL,33017,2019-01-07,Yes,SMS,Existing Client,$75K-$99K
C002447,CL009,Jackson Moore,Boca Raton,FL,34296,2022-01-02,Yes,SMS,Walk-In,$50K-$74K
C002448,CL007,Sofia Anderson,Boca Raton,FL,32897,2022-02-12,No,SMS,Google Search,<$50K
C002449,CL011,Mason Thompson,Tampa,FL,33726,2018-09-16,No,SMS,Community Event,$50K-$74K
C002450,CL007,Chloe Johnson,Pensacola,FL,32755,2023-09-08,Yes,Phone,Community Event,$100K-$149K
C002451,CL004,Noah Miller,Tampa,FL,33880,2021-07-14,Yes,Phone,Community Event,$100K-$149K
C002452,CL005,Mateo Allen,Orlando,FL,34710,2018-11-28,Yes,Phone,Community Event,<$50K
C002453,CL002,David Lewis,Tallahassee,FL,34394,2023-04-10,Yes,SMS,Walk-In,$75K-$99K
C002454,CL003,Jessica Hall,Miami,FL,32929,2020-09-26,No,SMS,Existing Client,<$50K
C002455,CL003,Lauren Sanchez,Delray Beach,FL,33641,2021-02-02,No,SMS,Social Media,$75K-$99K
C002456,CL002,Olivia Moore,Palm Coast,FL,33810,2022-03-03,No,SMS,Social Media,$75K-$99K
C002457,CL003,Harper Torres,Tampa,FL,34764,2022-03-29,Yes,Phone,Social Media,$150K+
C002458,CL003,Benjamin Miller,Tampa,FL,34522,2023-10-04,Yes,SMS,Google Search,$150K+
C002459,CL007,Evelyn Lewis,St. Petersburg,FL,32797,2020-05-31,Yes,Phone,Community Event,$50K-$74K
C002460,CL010,Lauren Nelson,Tallahassee,FL,32067,2023-01-04,Yes,Phone,Google Search,<$50K
C002461,CL011,Sofia Flores,Delray Beach,FL,34266,2019-10-16,No,SMS,Google Search,$150K+
C002462,CL009,Jason Garcia,St. Petersburg,FL,34015,2023-10-06,No,Email,Community Event,<$50K
C002463,CL002,Lauren Green,Tallahassee,FL,32966,2021-07-28,Yes,Email,Community Event,$50K-$74K
C002464,CL001,Grace Brown,Jacksonville,FL,32945,2020-07-26,Yes,SMS,Community Event,$50K-$74K
C002465,CL010,Chloe Green,Naples,FL,34431,2018-09-29,Yes,SMS,Social Media,$50K-$74K
C002466,CL008,Mia Miller,Alachua,FL,32580,2023-04-14,Yes,Phone,Google Search,$100K-$149K
C002467,CL010,Liam Garcia,Boca Raton,FL,33568,2023-03-18,No,SMS,Walk-In,$75K-$99K
C002468,CL001,Emily Johnson,Gainesville,FL,32003,2020-03-17,Yes,SMS,Referral,$75K-$99K
C002469,CL006,Michael Allen,Palm Coast,FL,34134,2023-09-29,No,Email,Google Search,$150K+
C002470,CL006,Evelyn Williams,Lake City,FL,32482,2022-07-09,No,Email,Existing Client,$100K-$149K
C002471,CL007,Grace Flores,Delray Beach,FL,34672,2023-10-04,Yes,Email,Google Search,$100K-$149K
C002472,CL006,Charlotte Miller,Orlando,FL,34458,2021-09-01,No,SMS,Walk-In,$150K+
C002473,CL008,Emma Nguyen,Fort Myers,FL,34960,2021-01-30,Yes,SMS,Community Event,$150K+
C002474,CL009,Lauren Jackson,Lakeland,FL,32078,2019-01-31,Yes,SMS,Referral,$50K-$74K
C002475,CL005,Charlotte Carter,Tampa,FL,33522,2020-08-12,No,SMS,Google Search,<$50K
C002476,CL005,Megan Smith,Jacksonville,FL,32542,2018-11-18,Yes,Phone,Existing Client,$150K+
C002477,CL002,Michael Davis,Palm Coast,FL,34579,2023-03-14,No,SMS,Existing Client,<$50K
C002478,CL001,Harper Gonzalez,Palm Coast,FL,32843,2019-06-14,Yes,SMS,Referral,$150K+
C002479,CL006,James Johnson,Pensacola,FL,34183,2018-11-25,Yes,SMS,Walk-In,<$50K
C002480,CL003,Ella Thomas,Jacksonville,FL,32616,2023-04-21,Yes,SMS,Referral,$50K-$74K
C002481,CL009,Jason Carter,Boca Raton,FL,34501,2022-11-21,No,Phone,Social Media,$150K+
C002482,CL004,Evelyn Vilaihong,Naples,FL,32401,2022-10-20,Yes,SMS,Google Search,$50K-$74K
C002483,CL006,Isabella Nguyen,Jacksonville,FL,32378,2022-04-13,Yes,Email,Existing Client,$50K-$74K
C002484,CL002,Ella Martinez,Lakeland,FL,33190,2019-10-19,Yes,Phone,Referral,$75K-$99K
C002485,CL005,Jason Gonzalez,Alachua,FL,34387,2021-03-30,No,Phone,Walk-In,<$50K
C002486,CL001,Emma Taylor,Alachua,FL,34498,2021-02-13,Yes,Phone,Walk-In,$150K+
C002487,CL009,Robert Robinson,Boca Raton,FL,34249,2019-10-02,No,SMS,Social Media,<$50K
C002488,CL003,Sofia Perez,Lakeland,FL,33018,2018-03-04,Yes,SMS,Community Event,<$50K
C002489,CL001,Ava Gonzalez,Gainesville,FL,32309,2023-08-15,Yes,Phone,Referral,$75K-$99K
C002490,CL005,Ashley Robinson,Naples,FL,34377,2021-02-27,Yes,Phone,Social Media,$100K-$149K
C002491,CL002,Jackson King,Tallahassee,FL,33977,2019-03-13,Yes,Email,Social Media,$50K-$74K
C002492,CL009,Mateo Smith,Jacksonville,FL,32173,2018-02-12,Yes,Phone,Referral,$50K-$74K
C002493,CL004,Emma Nelson,Ocala,FL,34201,2019-11-17,Yes,SMS,Referral,$150K+
C002494,CL003,Camila Roberts,Pensacola,FL,34611,2021-11-15,No,SMS,Community Event,$100K-$149K
C002495,CL005,Benjamin Rivera,Ocala,FL,34718,2023-10-19,No,Email,Social Media,<$50K
C002496,CL005,Henry Lewis,Jacksonville,FL,32489,2019-12-21,Yes,SMS,Social Media,$150K+
C002497,CL005,Elijah Perez,Naples,FL,34211,2018-12-04,Yes,Email,Social Media,<$50K
C002498,CL012,Ethan Mitchell,Gainesville,FL,32534,2019-06-12,Yes,Email,Referral,$100K-$149K
C002499,CL003,Luna Roberts,Ocala,FL,34580,2022-02-19,Yes,SMS,Referral,$50K-$74K
C002500,CL009,Noah Thompson,Ocala,FL,34125,2020-12-20,Yes,Phone,Existing Client,$100K-$149K
C002501,CL002,Benjamin Perez,Palm Coast,FL,34768,2018-05-22,No,Email,Google Search,$150K+
C002502,CL009,Grace Lewis,Lake City,FL,34034,2019-12-26,Yes,SMS,Google Search,$75K-$99K
C002503,CL001,Michael Robinson,Pensacola,FL,33601,2019-10-30,Yes,SMS,Walk-In,$150K+
C002504,CL003,Rachel Nelson,Gainesville,FL,32569,2019-12-18,No,SMS,Social Media,$150K+
C002505,CL007,Henry Wright,Fort Myers,FL,34696,2021-10-13,Yes,Email,Walk-In,$50K-$74K
C002506,CL006,Amanda Adams,Delray Beach,FL,32131,2022-06-11,Yes,Email,Community Event,$100K-$149K
C002507,CL008,Lucas Williams,Ocala,FL,33438,2018-11-15,No,SMS,Google Search,<$50K
C002508,CL006,Kevin Moore,Orlando,FL,34016,2019-10-07,No,Email,Walk-In,$50K-$74K
C002509,CL001,James Allen,Jacksonville,FL,33245,2017-12-25,No,SMS,Walk-In,$150K+
C002510,CL001,Harper Vilaihong,Miami,FL,32230,2020-03-25,Yes,Email,Social Media,$50K-$74K
C002511,CL003,Elijah Anderson,Lakeland,FL,32045,2022-08-01,Yes,SMS,Community Event,$75K-$99K
C002512,CL001,Luna White,Orlando,FL,32708,2022-10-20,Yes,Phone,Walk-In,<$50K
C002513,CL007,Jason Mitchell,Lake City,FL,32165,2022-10-27,Yes,SMS,Social Media,$50K-$74K
C002514,CL007,Olivia Torres,Boca Raton,FL,34520,2020-04-16,Yes,SMS,Community Event,$50K-$74K
C002515,CL012,Noah Flores,Newberry,FL,32761,2023-02-10,Yes,SMS,Existing Client,$150K+
C002516,CL001,Rachel Rivera,Newberry,FL,33138,2021-04-11,Yes,SMS,Google Search,$75K-$99K
C002517,CL011,Robert Nelson,Orlando,FL,34696,2021-11-28,Yes,SMS,Referral,$75K-$99K
C002518,CL002,Michael Nguyen,Tallahassee,FL,33911,2022-11-20,Yes,Phone,Existing Client,$50K-$74K
C002519,CL009,Audrey Jones,St. Petersburg,FL,34910,2020-07-05,Yes,SMS,Social Media,$100K-$149K
C002520,CL001,Ella Wilson,Palm Coast,FL,32556,2019-01-14,Yes,Phone,Google Search,$100K-$149K
C002521,CL003,Evelyn Robinson,Tallahassee,FL,33030,2023-12-25,Yes,SMS,Social Media,$100K-$149K
C002522,CL005,Chloe Green,St. Petersburg,FL,33857,2023-05-11,No,SMS,Existing Client,$150K+
C002523,CL006,Audrey Harris,Tallahassee,FL,34092,2021-08-27,Yes,Phone,Community Event,$50K-$74K
C002524,CL003,Mateo Scott,Lake City,FL,32751,2019-08-03,Yes,Phone,Existing Client,$50K-$74K
C002525,CL001,Henry Wright,Newberry,FL,33490,2019-10-13,Yes,Phone,Walk-In,$150K+
C002526,CL010,Jackson Wilson,St. Petersburg,FL,34217,2020-08-15,Yes,SMS,Existing Client,$150K+
C002527,CL007,Audrey Harris,Gainesville,FL,33068,2018-12-28,Yes,Email,Walk-In,$75K-$99K
C002528,CL001,Luna Mitchell,Palm Coast,FL,33055,2018-04-20,Yes,Email,Google Search,<$50K
C002529,CL004,Lauren Torres,Pensacola,FL,33982,2022-11-19,Yes,SMS,Community Event,<$50K
C002530,CL007,Noah Roberts,St. Petersburg,FL,32879,2019-09-01,No,SMS,Walk-In,$100K-$149K
C002531,CL004,Sofia Ramirez,Lakeland,FL,32663,2021-05-29,No,Phone,Community Event,$50K-$74K
C002532,CL012,Noah Lopez,Tallahassee,FL,32464,2021-02-10,Yes,SMS,Google Search,$100K-$149K
C002533,CL011,Jessica Lee,Gainesville,FL,33853,2023-02-26,Yes,Email,Google Search,$75K-$99K
C002534,CL001,Henry Vilaihong,Gainesville,FL,34012,2022-07-20,Yes,SMS,Existing Client,$75K-$99K
C002535,CL005,Logan Thomas,Tampa,FL,33441,2020-11-10,No,SMS,Walk-In,$150K+
C002536,CL003,Ashley Nguyen,Orlando,FL,34199,2021-07-03,No,SMS,Walk-In,$50K-$74K
C002537,CL005,Amelia Mitchell,Fort Myers,FL,32344,2023-06-05,No,SMS,Google Search,$75K-$99K
C002538,CL004,Jason Moore,Clearwater,FL,32672,2022-02-28,Yes,Phone,Google Search,<$50K
C002539,CL004,Jessica Roberts,Boca Raton,FL,32721,2023-12-11,Yes,Phone,Google Search,$100K-$149K
C002540,CL001,Sarah Lee,Clearwater,FL,34992,2020-12-29,No,SMS,Walk-In,<$50K
C002541,CL012,Emma Young,Lake City,FL,32394,2022-09-11,Yes,SMS,Community Event,<$50K
C002542,CL007,Ethan Green,Ocala,FL,34405,2019-02-16,Yes,Email,Referral,$50K-$74K
C002543,CL011,Chloe Lopez,Fort Myers,FL,32446,2023-02-27,No,Phone,Walk-In,$50K-$74K
C002544,CL009,Liam Lewis,Tallahassee,FL,34529,2018-09-02,Yes,Phone,Google Search,$100K-$149K
C002545,CL002,Grace Davis,Alachua,FL,33895,2023-02-21,No,SMS,Referral,<$50K
C002546,CL006,Jackson White,Lake City,FL,32382,2019-02-15,Yes,SMS,Walk-In,$100K-$149K
C002547,CL012,Chloe Garcia,Lake City,FL,32179,2018-03-22,No,Email,Walk-In,$50K-$74K
C002548,CL005,Jackson Garcia,Lakeland,FL,34400,2022-02-09,No,SMS,Walk-In,$50K-$74K
C002549,CL012,Megan Scott,Lake City,FL,34978,2018-03-22,Yes,SMS,Walk-In,$150K+
C002550,CL008,Jason Anderson,Tallahassee,FL,34594,2019-12-27,No,SMS,Google Search,$100K-$149K
C002551,CL011,Camila Lee,Tampa,FL,32754,2023-07-03,No,Phone,Social Media,<$50K
C002552,CL004,Emma Lewis,Orlando,FL,32869,2023-07-24,Yes,Phone,Referral,$75K-$99K
C002553,CL009,Audrey Mitchell,Jacksonville,FL,33376,2018-08-21,No,SMS,Social Media,<$50K
C002554,CL003,Rachel Robinson,Palm Coast,FL,33679,2023-06-11,Yes,Phone,Existing Client,$50K-$74K
C002555,CL006,Michael Brown,Lake City,FL,34302,2022-01-26,Yes,Email,Existing Client,$50K-$74K
C002556,CL006,Benjamin Gonzalez,Clearwater,FL,34192,2018-03-10,Yes,Email,Community Event,$50K-$74K
C002557,CL012,Amanda Allen,Tampa,FL,34968,2019-07-28,No,SMS,Community Event,$150K+
C002558,CL008,Benjamin Lee,Palm Coast,FL,32517,2019-06-28,Yes,Email,Referral,<$50K
C002559,CL007,Audrey Green,Miami,FL,32416,2018-04-05,Yes,Email,Existing Client,$100K-$149K
C002560,CL002,Ryan Davis,Sarasota,FL,33030,2023-11-21,Yes,Email,Social Media,$75K-$99K
C002561,CL003,Sarah Rodriguez,Lakeland,FL,33849,2019-11-16,Yes,SMS,Existing Client,$150K+
C002562,CL001,Emma Taylor,Clearwater,FL,32057,2023-05-17,Yes,SMS,Referral,$150K+
C002563,CL003,Jack Thomas,Fort Myers,FL,34129,2021-04-18,Yes,Email,Walk-In,<$50K
C002564,CL008,Benjamin Green,Clearwater,FL,32126,2020-09-20,Yes,Phone,Walk-In,$150K+
C002565,CL012,Mia Thomas,Pensacola,FL,33398,2023-11-09,No,SMS,Existing Client,$50K-$74K
C002566,CL008,Sofia Wright,Delray Beach,FL,32239,2020-11-29,Yes,SMS,Referral,$50K-$74K
C002567,CL005,Lucas Walker,Sarasota,FL,33298,2018-11-04,Yes,Email,Walk-In,$50K-$74K
C002568,CL005,Emma White,Ocala,FL,33154,2022-02-24,Yes,SMS,Google Search,$75K-$99K
C002569,CL002,Benjamin Wilson,Sarasota,FL,32570,2019-07-19,Yes,SMS,Referral,$50K-$74K
C002570,CL001,Camila Martin,Newberry,FL,34715,2023-04-10,No,Email,Referral,$150K+
C002571,CL002,Nick Hernandez,Orlando,FL,32134,2023-11-14,Yes,SMS,Existing Client,$75K-$99K
C002572,CL008,Jackson Torres,Fort Myers,FL,32896,2022-04-26,Yes,SMS,Community Event,$50K-$74K
C002573,CL003,Jack Thomas,Delray Beach,FL,32179,2023-04-07,No,Phone,Community Event,<$50K
C002574,CL011,Harper Garcia,Miami,FL,34620,2023-08-23,No,SMS,Walk-In,$150K+
C002575,CL003,Elijah Roberts,Newberry,FL,33126,2019-05-21,Yes,SMS,Referral,$150K+
C002576,CL003,Liam Garcia,Tallahassee,FL,33346,2018-04-17,Yes,Phone,Google Search,$75K-$99K
C002577,CL010,Camila Martinez,Gainesville,FL,34597,2023-08-12,Yes,Phone,Google Search,$75K-$99K
C002578,CL009,Harper Jones,Tallahassee,FL,32159,2019-03-29,No,SMS,Social Media,$50K-$74K
C002579,CL010,Amanda Davis,Orlando,FL,32847,2023-10-27,Yes,SMS,Community Event,<$50K
C002580,CL010,Elijah Thompson,Gainesville,FL,34848,2018-10-12,No,SMS,Existing Client,$100K-$149K
C002581,CL012,James Campbell,Fort Myers,FL,34476,2019-02-20,Yes,Email,Community Event,$100K-$149K
C002582,CL002,Jason Torres,Lake City,FL,33601,2019-07-23,Yes,Email,Google Search,$150K+
C002583,CL002,David Lopez,Ocala,FL,33028,2020-01-18,Yes,SMS,Community Event,$150K+
C002584,CL009,Robert Jones,Palm Coast,FL,33519,2023-09-29,Yes,Email,Existing Client,$50K-$74K
C002585,CL003,Sarah Clark,Fort Myers,FL,33891,2020-03-07,Yes,Phone,Community Event,<$50K
C002586,CL010,Michael Thomas,Alachua,FL,34578,2022-03-05,Yes,Phone,Google Search,$100K-$149K
C002587,CL003,Sofia Johnson,Naples,FL,34855,2020-01-21,Yes,Phone,Walk-In,$50K-$74K
C002588,CL009,Jason Lewis,Miami,FL,33514,2022-11-19,No,Email,Existing Client,$75K-$99K
C002589,CL008,Kevin Taylor,Lakeland,FL,33010,2019-10-15,Yes,Email,Walk-In,$100K-$149K
C002590,CL010,Robert Hernandez,Lakeland,FL,33124,2017-12-28,Yes,SMS,Referral,$100K-$149K
C002591,CL004,Ella Mitchell,Boca Raton,FL,34941,2021-06-18,Yes,SMS,Referral,$75K-$99K
C002592,CL007,Nick Martin,Sarasota,FL,32035,2019-02-25,Yes,SMS,Existing Client,<$50K
C002593,CL011,Liam Taylor,Naples,FL,33818,2023-10-25,No,Phone,Google Search,$100K-$149K
C002594,CL003,Emily Ramirez,Tampa,FL,33916,2019-02-05,Yes,Email,Referral,$100K-$149K
C002595,CL001,Jackson Harris,Lakeland,FL,32654,2022-02-19,No,SMS,Community Event,<$50K
C002596,CL003,Mia Scott,Sarasota,FL,32664,2020-07-30,Yes,SMS,Referral,$150K+
C002597,CL001,Robert Flores,Boca Raton,FL,32179,2021-10-20,Yes,SMS,Referral,$75K-$99K
C002598,CL004,Charlotte Garcia,Lake City,FL,33693,2019-11-29,Yes,SMS,Community Event,<$50K
C002599,CL002,Liam Jackson,Ocala,FL,34716,2023-11-08,No,Email,Walk-In,$150K+
C002600,CL012,Charlotte Lee,Lake City,FL,34663,2019-02-09,Yes,Email,Walk-In,$75K-$99K
C002601,CL001,Jason Wright,Ocala,FL,33633,2018-12-28,No,SMS,Google Search,$100K-$149K
C002602,CL001,Emily Gonzalez,Gainesville,FL,33498,2022-09-17,Yes,SMS,Existing Client,$150K+
C002603,CL006,Grace Brown,Tallahassee,FL,33727,2021-04-08,Yes,Phone,Referral,<$50K
C002604,CL009,Sarah Lopez,Gainesville,FL,34724,2023-07-27,Yes,Phone,Social Media,$75K-$99K
C002605,CL004,Mason Wright,Palm Coast,FL,33250,2018-07-28,Yes,Phone,Community Event,$75K-$99K
C002606,CL004,Sofia Moore,Delray Beach,FL,34125,2019-11-15,Yes,Phone,Walk-In,$50K-$74K
C002607,CL007,Logan King,Delray Beach,FL,32989,2019-12-31,Yes,SMS,Social Media,$100K-$149K
C002608,CL010,Nick Young,Miami,FL,34725,2021-07-13,Yes,Email,Existing Client,$75K-$99K
C002609,CL009,Nick Jackson,St. Petersburg,FL,32432,2019-05-18,Yes,SMS,Walk-In,$100K-$149K
C002610,CL008,Ella Davis,Clearwater,FL,32953,2019-11-14,Yes,SMS,Walk-In,$75K-$99K
C002611,CL012,Lucas Lopez,Pensacola,FL,34721,2023-03-08,No,Phone,Social Media,$50K-$74K
C002612,CL006,Rachel Wright,Delray Beach,FL,33001,2019-02-28,Yes,Email,Referral,$50K-$74K
C002613,CL002,Daniel Carter,Miami,FL,32306,2020-01-15,Yes,Email,Google Search,<$50K
C002614,CL001,Chloe Jones,Lake City,FL,33655,2020-08-02,Yes,Email,Social Media,<$50K
C002615,CL004,Chloe Sanchez,Naples,FL,32327,2021-06-30,Yes,Phone,Social Media,$100K-$149K
C002616,CL001,Jackson Perez,Pensacola,FL,33503,2020-11-16,Yes,Email,Google Search,$50K-$74K
C002617,CL008,Elijah White,Boca Raton,FL,33466,2018-12-11,Yes,Phone,Existing Client,$75K-$99K
C002618,CL009,Ella Flores,Ocala,FL,34353,2021-05-23,Yes,Email,Social Media,$50K-$74K
C002619,CL002,Liam Walker,Tallahassee,FL,33998,2022-08-28,Yes,SMS,Walk-In,<$50K
C002620,CL005,Amelia Smith,Jacksonville,FL,33168,2022-05-09,No,SMS,Social Media,$100K-$149K
C002621,CL002,Luna Vilaihong,Pensacola,FL,33485,2022-05-06,No,Email,Google Search,<$50K
C002622,CL007,Benjamin King,Palm Coast,FL,33109,2021-06-12,Yes,SMS,Referral,<$50K
C002623,CL006,Lucas Jackson,Tallahassee,FL,33326,2019-04-17,No,Email,Walk-In,$50K-$74K
C002624,CL004,Ella Wilson,Clearwater,FL,34275,2023-06-09,Yes,SMS,Referral,$50K-$74K
C002625,CL002,Olivia King,Sarasota,FL,33782,2022-01-20,No,SMS,Existing Client,$75K-$99K
C002626,CL005,Lauren Anderson,Tallahassee,FL,32367,2020-03-11,Yes,SMS,Social Media,$150K+
C002627,CL006,Luna Baker,Jacksonville,FL,32925,2022-02-21,Yes,Email,Referral,$50K-$74K
C002628,CL001,Emily Anderson,Miami,FL,33871,2019-10-12,No,Email,Social Media,<$50K
C002629,CL008,Jackson Gonzalez,Lakeland,FL,33370,2023-10-20,Yes,SMS,Google Search,$50K-$74K
C002630,CL008,Camila Green,Newberry,FL,34031,2023-12-08,Yes,Phone,Google Search,$50K-$74K
C002631,CL011,Noah Wright,Clearwater,FL,34604,2019-05-26,No,SMS,Google Search,$100K-$149K
C002632,CL002,Elijah Walker,Newberry,FL,33856,2019-07-28,Yes,SMS,Existing Client,<$50K
C002633,CL006,Mia Martinez,Tampa,FL,34774,2021-05-21,Yes,SMS,Existing Client,$150K+
C002634,CL001,Charlotte Davis,Lake City,FL,32136,2021-07-07,Yes,Email,Existing Client,$150K+
C002635,CL011,Charlotte Rivera,Alachua,FL,32612,2020-10-14,Yes,SMS,Referral,$100K-$149K
C002636,CL008,Amelia Martin,Orlando,FL,32667,2020-08-13,No,Email,Walk-In,<$50K
C002637,CL006,Isabella Campbell,Alachua,FL,34015,2023-12-14,Yes,Phone,Walk-In,$75K-$99K
C002638,CL003,Megan Hall,Fort Myers,FL,32163,2018-11-29,No,SMS,Existing Client,$50K-$74K
C002639,CL010,Camila Scott,Pensacola,FL,32487,2021-08-15,Yes,Phone,Referral,<$50K
C002640,CL011,Mia Martin,Pensacola,FL,34780,2022-05-06,Yes,Phone,Community Event,<$50K
C002641,CL005,Evelyn Thomas,Lake City,FL,33339,2020-12-22,Yes,Phone,Community Event,$75K-$99K
C002642,CL007,Jackson Allen,Tallahassee,FL,33023,2022-06-03,No,Phone,Social Media,$75K-$99K
C002643,CL006,Camila Hill,Alachua,FL,34055,2019-08-10,Yes,SMS,Referral,<$50K
C002644,CL007,Rachel Ramirez,Miami,FL,32085,2019-08-09,No,SMS,Walk-In,<$50K
C002645,CL009,Daniel Hall,Tampa,FL,34882,2020-09-24,Yes,SMS,Existing Client,$75K-$99K
C002646,CL011,Noah Campbell,Jacksonville,FL,32354,2021-06-29,No,Email,Google Search,$75K-$99K
C002647,CL008,Evelyn Williams,Boca Raton,FL,33708,2019-09-02,Yes,Email,Google Search,$75K-$99K
C002648,CL008,Audrey Torres,Sarasota,FL,34801,2019-01-30,No,Phone,Social Media,$100K-$149K
C002649,CL005,Robert Vilaihong,St. Petersburg,FL,32196,2018-06-03,No,SMS,Social Media,$150K+
C002650,CL003,Ryan Wilson,Boca Raton,FL,34171,2023-05-31,Yes,SMS,Walk-In,$150K+
C002651,CL011,Amanda Nguyen,Lake City,FL,34737,2021-02-22,Yes,Phone,Social Media,$50K-$74K
C002652,CL005,Lauren Ramirez,Clearwater,FL,34684,2019-10-29,Yes,SMS,Community Event,<$50K
C002653,CL002,Rachel Jones,Sarasota,FL,32602,2021-04-29,No,SMS,Existing Client,$150K+
C002654,CL007,Ella Jackson,Gainesville,FL,34319,2023-01-04,Yes,SMS,Existing Client,$50K-$74K
C002655,CL005,David Perez,Lakeland,FL,33010,2019-03-03,No,Email,Social Media,$100K-$149K
C002656,CL002,Sophia Campbell,Ocala,FL,32286,2023-01-12,Yes,Phone,Walk-In,$150K+
C002657,CL002,Noah White,Tampa,FL,34193,2023-09-07,No,Email,Walk-In,<$50K
C002658,CL006,Grace Rivera,Lake City,FL,34186,2019-09-17,No,Email,Existing Client,$75K-$99K
C002659,CL006,Ryan Nelson,Naples,FL,33122,2021-10-24,Yes,Email,Walk-In,$150K+
C002660,CL006,Lucas Nguyen,Pensacola,FL,34513,2023-11-09,No,SMS,Social Media,<$50K
C002661,CL007,Sarah Scott,Alachua,FL,34700,2023-03-28,Yes,SMS,Google Search,$150K+
C002662,CL008,Logan Lewis,St. Petersburg,FL,34860,2019-04-15,Yes,SMS,Referral,$150K+
C002663,CL006,Evelyn Torres,Pensacola,FL,32172,2021-10-06,Yes,SMS,Community Event,$150K+
C002664,CL007,Mia Davis,Newberry,FL,33912,2019-01-24,Yes,SMS,Existing Client,$50K-$74K
C002665,CL002,David Robinson,Ocala,FL,33919,2020-05-15,Yes,Email,Google Search,$150K+
C002666,CL003,Liam Davis,Fort Myers,FL,34779,2022-04-06,Yes,SMS,Social Media,$50K-$74K
C002667,CL004,Mason Ramirez,Boca Raton,FL,34311,2018-05-27,No,SMS,Walk-In,$50K-$74K
C002668,CL012,Sofia Gonzalez,Clearwater,FL,32863,2020-07-18,Yes,SMS,Walk-In,$75K-$99K
C002669,CL005,Amanda Miller,Pensacola,FL,32033,2018-03-09,Yes,Phone,Google Search,$75K-$99K
C002670,CL011,Lucas Rivera,Gainesville,FL,32185,2019-04-12,Yes,Email,Community Event,$50K-$74K
C002671,CL004,Sophia Martin,Pensacola,FL,34672,2018-01-26,Yes,Email,Referral,$75K-$99K
C002672,CL005,David Martinez,Palm Coast,FL,34322,2022-12-01,No,Email,Community Event,$100K-$149K
C002673,CL003,Harper Vilaihong,St. Petersburg,FL,33988,2021-08-03,No,SMS,Social Media,<$50K
C002674,CL010,Jackson Lopez,Naples,FL,34269,2021-03-14,Yes,Email,Walk-In,$50K-$74K
C002675,CL004,Jason Ramirez,Delray Beach,FL,34063,2019-03-27,Yes,Email,Community Event,$50K-$74K
C002676,CL011,Emily Young,Tallahassee,FL,32611,2020-08-25,No,Phone,Referral,$100K-$149K
C002677,CL004,Ashley Walker,Tallahassee,FL,33785,2022-11-17,Yes,Phone,Referral,$150K+
C002678,CL006,Lauren King,Ocala,FL,34786,2023-10-05,No,Phone,Walk-In,<$50K
C002679,CL008,Benjamin Wilson,Sarasota,FL,33289,2020-06-08,No,SMS,Existing Client,$75K-$99K
C002680,CL010,Charlotte Wilson,Clearwater,FL,32041,2022-08-15,No,SMS,Existing Client,$50K-$74K
C002681,CL009,Lauren Lewis,Boca Raton,FL,32853,2022-11-25,Yes,Email,Walk-In,<$50K
C002682,CL005,Lauren Moore,Tallahassee,FL,32485,2021-10-04,Yes,Email,Community Event,$50K-$74K
C002683,CL010,Emma Wilson,Boca Raton,FL,34501,2021-06-07,Yes,SMS,Referral,<$50K
C002684,CL003,Ava Thomas,Lakeland,FL,34469,2019-12-03,Yes,Phone,Referral,$50K-$74K
C002685,CL007,Kevin Taylor,Pensacola,FL,33502,2021-01-28,Yes,Email,Referral,$150K+
C002686,CL005,Sarah Lewis,Palm Coast,FL,32916,2020-12-13,Yes,SMS,Google Search,$50K-$74K
C002687,CL012,Benjamin Carter,Fort Myers,FL,34708,2021-08-04,Yes,SMS,Google Search,<$50K
C002688,CL005,Benjamin Hill,Jacksonville,FL,34360,2022-10-28,Yes,Email,Walk-In,$75K-$99K
C002689,CL006,Amanda Roberts,Tallahassee,FL,33001,2022-12-08,Yes,SMS,Community Event,$75K-$99K
C002690,CL008,Mia Harris,Clearwater,FL,34875,2019-09-14,Yes,SMS,Existing Client,$100K-$149K
C002691,CL012,Mia Perez,St. Petersburg,FL,32360,2020-07-15,Yes,Email,Walk-In,$75K-$99K
C002692,CL002,Jason Williams,Fort Myers,FL,33049,2021-12-20,Yes,Email,Social Media,$100K-$149K
C002693,CL002,Amanda Campbell,Newberry,FL,34107,2020-03-24,No,Email,Existing Client,$100K-$149K
C002694,CL004,Audrey Nguyen,Miami,FL,33121,2023-03-22,Yes,SMS,Google Search,$75K-$99K
C002695,CL003,Ryan Thompson,Lakeland,FL,34615,2020-10-12,Yes,SMS,Existing Client,$50K-$74K
C002696,CL011,Sarah Davis,Alachua,FL,32747,2022-11-06,No,SMS,Community Event,<$50K
C002697,CL012,Kevin White,Orlando,FL,34359,2018-12-11,Yes,SMS,Referral,<$50K
C002698,CL006,Lucas Anderson,Clearwater,FL,34195,2023-02-04,Yes,Phone,Community Event,$100K-$149K
C002699,CL004,Evelyn Scott,Palm Coast,FL,33502,2023-10-15,Yes,Email,Community Event,$50K-$74K
C002700,CL012,Sophia Nelson,Miami,FL,33787,2022-04-20,Yes,SMS,Walk-In,$100K-$149K
C002701,CL011,Elijah Williams,Naples,FL,34378,2020-10-16,No,SMS,Google Search,$150K+
C002702,CL008,Grace Brown,Pensacola,FL,32628,2019-08-21,No,SMS,Google Search,$50K-$74K
C002703,CL001,Jessica Ramirez,Palm Coast,FL,33544,2020-05-04,Yes,Email,Referral,<$50K
C002704,CL008,Amelia Johnson,Newberry,FL,32392,2022-07-08,Yes,Email,Social Media,$150K+
C002705,CL004,Jackson Sanchez,St. Petersburg,FL,32528,2020-10-16,Yes,Email,Google Search,$50K-$74K
C002706,CL009,Amanda Lewis,Delray Beach,FL,32182,2023-02-07,Yes,Email,Community Event,$100K-$149K
C002707,CL003,Jason Mitchell,Lake City,FL,32513,2019-05-24,Yes,SMS,Existing Client,$100K-$149K
C002708,CL001,Daniel Moore,Orlando,FL,34746,2023-10-25,No,SMS,Walk-In,$75K-$99K
C002709,CL004,Mason Green,Sarasota,FL,32133,2019-03-25,Yes,Phone,Existing Client,$75K-$99K
C002710,CL003,Noah Sanchez,Clearwater,FL,32865,2021-04-11,Yes,Phone,Google Search,$75K-$99K
C002711,CL002,Olivia Baker,Pensacola,FL,32478,2020-05-07,Yes,Phone,Referral,$100K-$149K
C002712,CL009,Chloe Baker,Pensacola,FL,33100,2023-04-20,No,SMS,Referral,$100K-$149K
C002713,CL004,Henry Walker,Palm Coast,FL,33954,2023-12-30,Yes,SMS,Referral,$75K-$99K
C002714,CL012,David White,Fort Myers,FL,33834,2019-05-11,No,SMS,Walk-In,$50K-$74K
C002715,CL008,Audrey Rodriguez,Alachua,FL,33364,2022-03-08,Yes,Email,Social Media,$100K-$149K
C002716,CL002,Jason Adams,Pensacola,FL,33225,2020-01-01,Yes,SMS,Social Media,$150K+
C002717,CL001,Emily Thomas,Tallahassee,FL,34488,2023-11-27,Yes,SMS,Google Search,$50K-$74K
C002718,CL005,Robert Miller,Newberry,FL,33216,2023-10-16,Yes,SMS,Google Search,$75K-$99K
C002719,CL001,Kevin Clark,Fort Myers,FL,32928,2023-03-21,Yes,SMS,Social Media,$75K-$99K
C002720,CL007,Daniel Hall,Tallahassee,FL,33982,2019-03-22,Yes,SMS,Community Event,$50K-$74K
C002721,CL006,Benjamin Johnson,Delray Beach,FL,34677,2021-12-11,Yes,SMS,Social Media,$50K-$74K
C002722,CL009,Jack Hill,Delray Beach,FL,33563,2020-06-18,No,SMS,Community Event,$150K+
C002723,CL007,Chloe Mitchell,Jacksonville,FL,34879,2018-10-09,Yes,Email,Social Media,$75K-$99K
C002724,CL008,Robert Walker,Fort Myers,FL,32804,2018-08-05,Yes,SMS,Walk-In,$75K-$99K
C002725,CL012,Grace Lopez,Tallahassee,FL,34687,2018-12-13,Yes,SMS,Google Search,$150K+
C002726,CL003,Ethan White,Palm Coast,FL,32811,2021-02-07,No,SMS,Google Search,$50K-$74K
C002727,CL008,Nick King,Lakeland,FL,33545,2020-11-07,No,Phone,Existing Client,$100K-$149K
C002728,CL012,Ethan Davis,Naples,FL,34586,2022-07-18,No,SMS,Walk-In,$50K-$74K
C002729,CL003,Benjamin Lewis,Lake City,FL,32757,2022-09-30,Yes,Email,Google Search,$150K+
C002730,CL009,Lucas Mitchell,Boca Raton,FL,33036,2023-03-15,Yes,Email,Google Search,$100K-$149K
C002731,CL010,Isabella Lewis,Newberry,FL,34956,2020-07-02,Yes,SMS,Walk-In,$50K-$74K
C002732,CL008,Liam Gonzalez,Lakeland,FL,33641,2022-02-19,Yes,Email,Social Media,$150K+
C002733,CL002,Liam Lee,Tampa,FL,32421,2019-07-06,Yes,Phone,Referral,$50K-$74K
C002734,CL003,Megan Ramirez,Palm Coast,FL,33515,2020-08-01,Yes,SMS,Existing Client,$75K-$99K
C002735,CL002,Kevin Clark,Lakeland,FL,33767,2023-08-25,No,Phone,Existing Client,$150K+
C002736,CL011,Luna Campbell,Tampa,FL,33174,2020-03-09,No,Phone,Existing Client,$100K-$149K
C002737,CL004,Lauren Taylor,Clearwater,FL,32557,2019-05-15,Yes,Phone,Community Event,$50K-$74K
C002738,CL009,Elijah Green,Tampa,FL,34774,2019-01-13,No,Phone,Existing Client,$75K-$99K
C002739,CL006,Ava Green,Ocala,FL,33247,2019-09-20,No,SMS,Community Event,$50K-$74K
C002740,CL004,Camila Lewis,Delray Beach,FL,34725,2020-10-30,No,Email,Community Event,$100K-$149K
C002741,CL003,Mateo Nelson,Lakeland,FL,33834,2023-06-06,No,Email,Community Event,<$50K
C002742,CL002,Sofia Smith,Lake City,FL,34463,2021-07-07,No,SMS,Walk-In,$50K-$74K
C002743,CL007,Amelia Davis,Pensacola,FL,34804,2018-08-25,Yes,Phone,Google Search,<$50K
C002744,CL012,Amelia Johnson,Newberry,FL,33265,2022-05-13,Yes,SMS,Referral,$75K-$99K
C002745,CL010,James Allen,Boca Raton,FL,34837,2021-09-13,No,Phone,Social Media,$50K-$74K
C002746,CL005,Elijah Vilaihong,Lakeland,FL,33215,2019-01-20,No,SMS,Social Media,$75K-$99K
C002747,CL006,Sofia Carter,Delray Beach,FL,34326,2023-03-07,Yes,SMS,Community Event,$150K+
C002748,CL002,Luna Hill,Gainesville,FL,33099,2018-03-20,Yes,Email,Referral,<$50K
C002749,CL012,Sarah Garcia,St. Petersburg,FL,32057,2020-04-13,No,Email,Google Search,$50K-$74K
C002750,CL007,Michael White,Palm Coast,FL,34889,2020-01-31,No,Phone,Walk-In,$100K-$149K
C002751,CL003,Sophia Harris,Fort Myers,FL,32601,2020-03-05,No,Email,Existing Client,$100K-$149K
C002752,CL008,Ryan Rivera,Fort Myers,FL,34793,2022-10-05,Yes,Phone,Walk-In,$75K-$99K
C002753,CL006,Mason Gonzalez,Tallahassee,FL,34373,2018-08-06,Yes,SMS,Referral,<$50K
C002754,CL002,Liam Scott,Delray Beach,FL,33991,2019-10-16,Yes,SMS,Referral,$50K-$74K
C002755,CL006,Jack Martin,Lakeland,FL,33976,2021-02-22,Yes,SMS,Walk-In,$150K+
C002756,CL010,Sofia Nelson,St. Petersburg,FL,32868,2020-08-29,Yes,SMS,Walk-In,$100K-$149K
C002757,CL011,Luna King,Tampa,FL,32287,2020-01-12,Yes,Phone,Google Search,$50K-$74K
C002758,CL009,Sophia Campbell,Ocala,FL,33900,2023-06-08,Yes,Email,Referral,$150K+
C002759,CL002,Rachel Lee,St. Petersburg,FL,34496,2020-01-02,Yes,SMS,Referral,$75K-$99K
C002760,CL007,Robert Robinson,Newberry,FL,33470,2022-05-22,Yes,Email,Existing Client,$100K-$149K
C002761,CL004,James Flores,Lake City,FL,34503,2018-04-16,No,Phone,Existing Client,$100K-$149K
C002762,CL005,Grace Vilaihong,Pensacola,FL,32973,2018-06-07,Yes,SMS,Existing Client,$75K-$99K
C002763,CL004,Megan Anderson,Newberry,FL,34650,2020-11-29,Yes,Phone,Existing Client,$75K-$99K
C002764,CL012,Emily Gonzalez,Lakeland,FL,34474,2023-03-07,Yes,SMS,Walk-In,$50K-$74K
C002765,CL006,Audrey Flores,Orlando,FL,34469,2018-06-03,Yes,SMS,Google Search,$100K-$149K
C002766,CL009,Charlotte Lewis,St. Petersburg,FL,34988,2019-01-21,Yes,Phone,Social Media,$50K-$74K
C002767,CL011,Michael Martin,Tallahassee,FL,33866,2020-07-03,Yes,SMS,Community Event,<$50K
C002768,CL008,Sophia Lee,Lake City,FL,34290,2021-03-08,Yes,SMS,Google Search,$150K+
C002769,CL006,Robert King,Gainesville,FL,32984,2021-06-22,No,Email,Google Search,$150K+
C002770,CL012,Emily Carter,Orlando,FL,33933,2019-05-08,No,SMS,Referral,$150K+
C002771,CL009,Nick Torres,Palm Coast,FL,33276,2022-12-17,Yes,Phone,Community Event,$75K-$99K
C002772,CL002,Ashley Carter,St. Petersburg,FL,34685,2022-02-21,No,SMS,Walk-In,$150K+
C002773,CL011,Noah Brown,Pensacola,FL,33451,2022-10-27,Yes,Email,Walk-In,$50K-$74K
C002774,CL001,David Green,St. Petersburg,FL,33937,2021-04-30,Yes,Email,Community Event,$100K-$149K
C002775,CL006,Sophia Lopez,Jacksonville,FL,33650,2022-01-17,Yes,SMS,Community Event,$75K-$99K
C002776,CL009,Jackson Nelson,Gainesville,FL,34678,2018-12-10,Yes,Email,Referral,$150K+
C002777,CL012,Rachel Rodriguez,Gainesville,FL,34127,2023-07-07,No,SMS,Community Event,$75K-$99K
C002778,CL011,Robert Harris,Ocala,FL,33792,2023-05-11,No,Email,Walk-In,$150K+
C002779,CL005,Kevin Robinson,Sarasota,FL,34620,2023-04-11,Yes,SMS,Google Search,$75K-$99K
C002780,CL007,Audrey King,St. Petersburg,FL,32243,2019-05-22,Yes,SMS,Referral,<$50K
C002781,CL004,Audrey Torres,Boca Raton,FL,34629,2020-11-06,No,Email,Existing Client,$100K-$149K
C002782,CL006,Amelia Clark,Clearwater,FL,33687,2019-08-01,Yes,Phone,Referral,$100K-$149K
C002783,CL005,Chloe Anderson,Palm Coast,FL,34279,2021-05-16,Yes,Email,Walk-In,$50K-$74K
C002784,CL005,Mia Perez,Tallahassee,FL,34746,2020-06-08,Yes,Email,Existing Client,<$50K
C002785,CL011,Benjamin Martinez,Fort Myers,FL,32544,2022-01-09,Yes,SMS,Existing Client,$75K-$99K
C002786,CL007,Audrey Hall,Delray Beach,FL,34952,2023-09-14,No,SMS,Referral,$50K-$74K
C002787,CL001,Amelia Robinson,Pensacola,FL,34902,2020-01-29,Yes,Email,Existing Client,$75K-$99K
C002788,CL005,Sarah Martin,Clearwater,FL,33818,2022-07-13,Yes,SMS,Community Event,$100K-$149K
C002789,CL011,Harper Thompson,Lakeland,FL,34851,2022-04-26,Yes,SMS,Community Event,$100K-$149K
C002790,CL001,Daniel Carter,Orlando,FL,32031,2023-12-19,No,SMS,Google Search,$75K-$99K
C002791,CL007,Daniel Adams,Lake City,FL,32298,2023-08-17,Yes,SMS,Google Search,$100K-$149K
C002792,CL001,Sofia Young,St. Petersburg,FL,33530,2022-08-23,No,SMS,Social Media,$50K-$74K
C002793,CL010,Emily Davis,Gainesville,FL,34033,2021-01-11,Yes,SMS,Existing Client,$150K+
C002794,CL007,Mason Jackson,Miami,FL,32894,2023-10-31,Yes,SMS,Community Event,$150K+
C002795,CL004,Harper Williams,Lake City,FL,33345,2018-08-27,No,Email,Social Media,$50K-$74K
C002796,CL003,Luna Johnson,Jacksonville,FL,32283,2020-10-30,Yes,SMS,Community Event,$150K+
C002797,CL005,Lauren Taylor,Lake City,FL,32421,2021-11-18,No,SMS,Referral,$100K-$149K
C002798,CL002,Mason Rivera,Fort Myers,FL,32286,2020-06-18,No,Phone,Walk-In,$100K-$149K
C002799,CL004,Charlotte Robinson,Tallahassee,FL,32966,2020-12-14,Yes,Phone,Social Media,$100K-$149K
C002800,CL012,Ryan Green,Lake City,FL,34152,2019-01-24,Yes,Email,Community Event,<$50K
C002801,CL006,Michael Taylor,Palm Coast,FL,32729,2020-06-03,Yes,Phone,Walk-In,$50K-$74K
C002802,CL011,Liam Rodriguez,Gainesville,FL,32601,2020-03-28,Yes,SMS,Referral,<$50K
C002803,CL002,Jack Garcia,Ocala,FL,34415,2020-06-09,No,SMS,Walk-In,$75K-$99K
C002804,CL008,James Martinez,Gainesville,FL,32524,2018-01-23,No,SMS,Walk-In,$150K+
C002805,CL007,Ashley Ramirez,Pensacola,FL,34789,2021-08-26,Yes,Phone,Community Event,$100K-$149K
C002806,CL005,James Wright,Sarasota,FL,34874,2023-11-19,Yes,Phone,Walk-In,<$50K
C002807,CL009,Jack King,Gainesville,FL,33302,2021-12-18,No,Phone,Walk-In,$50K-$74K
C002808,CL012,Jessica Wilson,Delray Beach,FL,32320,2018-12-11,Yes,SMS,Referral,$75K-$99K
C002809,CL012,Audrey Carter,Newberry,FL,33314,2021-11-18,Yes,SMS,Walk-In,$100K-$149K
C002810,CL009,Ella Hill,Pensacola,FL,33279,2018-05-18,Yes,SMS,Community Event,$100K-$149K
C002811,CL001,Elijah Rodriguez,Sarasota,FL,32374,2021-07-19,Yes,SMS,Existing Client,$150K+
C002812,CL003,Audrey Nguyen,Lakeland,FL,34337,2019-04-10,No,Phone,Community Event,$75K-$99K
C002813,CL009,Evelyn Nguyen,Pensacola,FL,34445,2018-05-22,Yes,Phone,Walk-In,<$50K
C002814,CL001,Benjamin Jackson,St. Petersburg,FL,32515,2023-01-12,No,SMS,Google Search,$150K+
C002815,CL006,Camila Nguyen,Fort Myers,FL,32356,2022-10-18,Yes,SMS,Google Search,$50K-$74K
C002816,CL001,Jason Allen,Ocala,FL,34029,2023-02-13,Yes,SMS,Google Search,<$50K
C002817,CL012,Noah Martin,Alachua,FL,33885,2019-02-12,Yes,SMS,Referral,$150K+
C002818,CL003,Rachel Smith,Ocala,FL,33663,2022-09-28,Yes,SMS,Walk-In,$150K+
C002819,CL011,Jackson Adams,Miami,FL,32737,2018-02-04,Yes,Email,Community Event,$100K-$149K
C002820,CL009,Mateo Gonzalez,Newberry,FL,34126,2023-12-29,Yes,Phone,Social Media,$150K+
C002821,CL005,Lucas Hernandez,Delray Beach,FL,32022,2019-10-25,No,SMS,Community Event,$150K+
C002822,CL010,Mason King,Tallahassee,FL,33539,2023-10-18,Yes,Phone,Existing Client,$75K-$99K
C002823,CL010,Benjamin Wilson,Tampa,FL,33693,2022-06-20,No,Email,Referral,$75K-$99K
C002824,CL005,Jackson Jones,Palm Coast,FL,32321,2019-08-06,Yes,SMS,Walk-In,<$50K
C002825,CL003,Henry Adams,Ocala,FL,33059,2022-03-19,Yes,Phone,Social Media,<$50K
C002826,CL001,Olivia Lewis,Lakeland,FL,34582,2022-05-23,Yes,SMS,Google Search,$150K+
C002827,CL004,Sophia Moore,Naples,FL,33876,2018-01-13,Yes,Phone,Referral,<$50K
C002828,CL011,Grace Nelson,Newberry,FL,32763,2019-04-22,Yes,Phone,Google Search,$50K-$74K
C002829,CL002,Mateo Wright,Fort Myers,FL,32759,2023-11-17,No,Email,Referral,$100K-$149K
C002830,CL012,Charlotte Allen,Pensacola,FL,32197,2019-03-31,Yes,Email,Google Search,$150K+
C002831,CL005,Daniel Moore,Naples,FL,33308,2023-04-05,Yes,SMS,Google Search,<$50K
C002832,CL001,Grace Robinson,Fort Myers,FL,33720,2020-09-26,Yes,Email,Walk-In,$75K-$99K
C002833,CL005,Lucas Torres,St. Petersburg,FL,34519,2020-07-31,No,Email,Referral,$150K+
C002834,CL011,Sarah Adams,Sarasota,FL,32263,2022-02-04,Yes,SMS,Walk-In,<$50K
C002835,CL007,Amelia Lewis,Lake City,FL,33562,2019-11-07,Yes,SMS,Social Media,$100K-$149K
C002836,CL004,Harper Lewis,Palm Coast,FL,32339,2023-05-25,Yes,Phone,Google Search,$75K-$99K
C002837,CL007,Amelia Harris,Delray Beach,FL,33619,2018-04-01,No,Email,Referral,$75K-$99K
C002838,CL010,Henry Perez,Fort Myers,FL,33734,2022-02-03,Yes,SMS,Social Media,$100K-$149K
C002839,CL005,Jessica Hall,Pensacola,FL,34000,2023-05-09,No,Email,Existing Client,<$50K
C002840,CL011,Lauren Wilson,Sarasota,FL,32509,2020-12-21,No,SMS,Community Event,$75K-$99K
C002841,CL002,Nick Jackson,Clearwater,FL,32393,2019-12-26,Yes,SMS,Walk-In,$100K-$149K
C002842,CL006,Elijah Nguyen,Tallahassee,FL,33087,2018-06-04,Yes,SMS,Walk-In,$75K-$99K
C002843,CL003,Lauren Flores,Gainesville,FL,32844,2019-03-19,Yes,SMS,Community Event,$75K-$99K
C002844,CL007,Ashley Robinson,Orlando,FL,32327,2021-01-04,No,SMS,Existing Client,$150K+
C002845,CL003,Logan Nguyen,Lake City,FL,34188,2018-06-11,No,SMS,Social Media,$100K-$149K
C002846,CL003,Isabella Gonzalez,Pensacola,FL,34569,2020-01-27,No,Phone,Social Media,<$50K
C002847,CL009,Mason Lee,Pensacola,FL,33612,2019-05-14,Yes,SMS,Social Media,$150K+
C002848,CL012,Robert Rivera,St. Petersburg,FL,34117,2023-01-24,No,Email,Referral,$100K-$149K
C002849,CL004,Harper Mitchell,Ocala,FL,33469,2018-03-28,Yes,SMS,Google Search,$100K-$149K
C002850,CL005,Luna King,St. Petersburg,FL,34882,2021-08-21,Yes,SMS,Google Search,$100K-$149K
C002851,CL006,Kevin White,Gainesville,FL,32472,2022-06-09,Yes,Email,Social Media,<$50K
C002852,CL001,Mason Thompson,Pensacola,FL,32389,2021-07-30,Yes,Email,Google Search,$150K+
C002853,CL004,Mateo Jackson,Pensacola,FL,33098,2023-01-25,No,SMS,Social Media,$150K+
C002854,CL009,Lauren Martinez,Boca Raton,FL,34754,2019-10-19,No,SMS,Referral,<$50K
C002855,CL001,Harper Mitchell,Miami,FL,33710,2019-10-09,Yes,SMS,Existing Client,$75K-$99K
C002856,CL005,Elijah Rivera,Palm Coast,FL,32376,2021-05-16,Yes,SMS,Google Search,$150K+
C002857,CL008,Ethan Scott,Orlando,FL,34174,2023-08-07,Yes,SMS,Community Event,$75K-$99K
C002858,CL010,Ava Lewis,Pensacola,FL,33109,2021-05-14,Yes,SMS,Referral,$100K-$149K
C002859,CL010,Jackson Thomas,St. Petersburg,FL,33275,2020-06-26,Yes,Phone,Community Event,$100K-$149K
C002860,CL009,Camila Anderson,Boca Raton,FL,34249,2020-08-14,Yes,Email,Google Search,$50K-$74K
C002861,CL007,Michael Roberts,Orlando,FL,33506,2020-04-10,Yes,Phone,Existing Client,$50K-$74K
C002862,CL011,Ryan Vilaihong,Lakeland,FL,34805,2020-07-29,No,Email,Walk-In,$50K-$74K
C002863,CL004,Noah Hernandez,Jacksonville,FL,33465,2018-08-09,Yes,SMS,Community Event,$50K-$74K
C002864,CL002,Ella Hernandez,Lakeland,FL,32311,2020-03-18,Yes,Phone,Google Search,$100K-$149K
C002865,CL008,Ashley Mitchell,Lakeland,FL,33911,2020-12-10,Yes,SMS,Community Event,$150K+
C002866,CL003,Sophia Robinson,Miami,FL,33374,2019-08-22,Yes,Phone,Community Event,$100K-$149K
C002867,CL002,Liam Flores,Delray Beach,FL,33295,2023-06-13,No,SMS,Existing Client,<$50K
C002868,CL001,Liam Anderson,Jacksonville,FL,33189,2020-06-12,No,SMS,Referral,<$50K
C002869,CL002,Lucas Rodriguez,St. Petersburg,FL,32821,2019-05-28,No,SMS,Community Event,<$50K
C002870,CL002,Audrey Scott,Jacksonville,FL,33225,2021-11-19,No,Phone,Community Event,$150K+
C002871,CL005,Amelia Nelson,Lakeland,FL,33649,2023-05-28,No,Phone,Google Search,$75K-$99K
C002872,CL009,Amelia Thompson,Lakeland,FL,33606,2022-09-11,No,SMS,Community Event,<$50K
C002873,CL006,Olivia Allen,Tallahassee,FL,33297,2020-06-30,No,Email,Google Search,$75K-$99K
C002874,CL009,Logan Green,Naples,FL,34720,2019-01-11,Yes,Phone,Social Media,<$50K
C002875,CL011,Megan Rodriguez,Sarasota,FL,32706,2023-02-28,Yes,Email,Community Event,$50K-$74K
C002876,CL002,Luna Flores,Tallahassee,FL,32616,2019-07-11,Yes,SMS,Walk-In,$150K+
C002877,CL011,Robert Jackson,Naples,FL,34793,2020-04-20,Yes,Phone,Community Event,$100K-$149K
C002878,CL008,Audrey Smith,Tampa,FL,32282,2019-02-16,Yes,SMS,Social Media,$50K-$74K
C002879,CL001,Evelyn Smith,Lake City,FL,33553,2018-01-09,No,Email,Walk-In,$50K-$74K
C002880,CL010,Camila Gonzalez,Ocala,FL,32462,2023-10-27,No,Email,Google Search,$50K-$74K
C002881,CL009,Liam Lopez,Naples,FL,32265,2018-12-02,No,SMS,Walk-In,$150K+
C002882,CL012,Lauren Martin,Naples,FL,33643,2018-05-25,Yes,Email,Walk-In,$100K-$149K
C002883,CL004,Nick Vilaihong,Boca Raton,FL,34738,2020-11-16,Yes,Email,Existing Client,<$50K
C002884,CL009,Logan Anderson,Orlando,FL,32934,2018-08-26,Yes,SMS,Walk-In,<$50K
C002885,CL010,Liam Davis,Sarasota,FL,32201,2021-03-21,Yes,Email,Walk-In,<$50K
C002886,CL002,Isabella Clark,Lakeland,FL,34233,2023-06-14,Yes,Email,Social Media,$150K+
C002887,CL010,Mason Martinez,Tampa,FL,33724,2020-06-01,Yes,Email,Referral,$75K-$99K
C002888,CL006,Amelia Green,Sarasota,FL,33961,2019-11-09,Yes,SMS,Walk-In,$100K-$149K
C002889,CL009,Chloe Davis,Ocala,FL,33223,2020-09-04,No,Phone,Referral,$100K-$149K
C002890,CL009,Ryan Smith,Lake City,FL,32071,2022-11-09,Yes,SMS,Social Media,$75K-$99K
C002891,CL011,Daniel Allen,Newberry,FL,33208,2023-04-06,Yes,Phone,Social Media,$100K-$149K
C002892,CL011,Noah Roberts,Sarasota,FL,33767,2018-07-01,No,Email,Walk-In,$150K+
C002893,CL009,Ryan Sanchez,Palm Coast,FL,33817,2020-08-15,No,Phone,Google Search,$75K-$99K
C002894,CL009,Robert Allen,Miami,FL,34236,2023-09-04,Yes,Email,Walk-In,$50K-$74K
C002895,CL008,Sarah Davis,Tampa,FL,32345,2018-03-11,No,Phone,Referral,$50K-$74K
C002896,CL003,Liam Gonzalez,Jacksonville,FL,34879,2021-06-17,Yes,SMS,Walk-In,$150K+
C002897,CL005,Rachel Jackson,Fort Myers,FL,33862,2018-05-22,No,SMS,Community Event,$100K-$149K
C002898,CL008,Evelyn Young,Ocala,FL,34306,2020-12-23,No,SMS,Existing Client,$150K+
C002899,CL007,Camila Green,Miami,FL,34705,2018-01-11,Yes,SMS,Walk-In,$50K-$74K
C002900,CL011,Lauren Lee,Orlando,FL,33069,2020-02-22,Yes,Email,Walk-In,$75K-$99K
C002901,CL011,Jack Roberts,Lake City,FL,32822,2018-11-03,Yes,SMS,Social Media,$150K+
C002902,CL002,Jessica Thomas,Gainesville,FL,32713,2022-10-06,Yes,Phone,Community Event,$50K-$74K
C002903,CL009,Ashley Gonzalez,Lakeland,FL,32380,2021-04-08,No,SMS,Google Search,<$50K
C002904,CL006,Harper Roberts,Pensacola,FL,33481,2022-08-01,No,SMS,Existing Client,<$50K
C002905,CL012,Lucas Smith,Clearwater,FL,34753,2022-09-24,Yes,Email,Community Event,$50K-$74K
C002906,CL001,Jack Roberts,St. Petersburg,FL,34854,2020-03-12,Yes,SMS,Community Event,$150K+
C002907,CL006,Robert Miller,Orlando,FL,32738,2022-02-22,No,Email,Social Media,$75K-$99K
C002908,CL010,Henry Thompson,Newberry,FL,34496,2021-09-13,Yes,SMS,Community Event,$150K+
C002909,CL007,Isabella Carter,Boca Raton,FL,32193,2021-08-09,No,SMS,Google Search,$75K-$99K
C002910,CL007,Lauren Perez,Lakeland,FL,34213,2020-11-07,No,SMS,Walk-In,<$50K
C002911,CL003,Liam Clark,Ocala,FL,32958,2022-02-11,No,Email,Existing Client,$50K-$74K
C002912,CL009,Amanda Harris,Tampa,FL,32816,2020-01-12,Yes,Phone,Walk-In,$100K-$149K
C002913,CL011,Audrey Campbell,Pensacola,FL,32085,2018-09-19,Yes,SMS,Google Search,$150K+
C002914,CL012,Rachel Rivera,Tallahassee,FL,33070,2023-07-09,No,SMS,Walk-In,$100K-$149K
C002915,CL011,Logan Green,St. Petersburg,FL,33773,2022-01-13,Yes,SMS,Social Media,<$50K
C002916,CL012,Sophia Mitchell,Boca Raton,FL,33551,2023-08-31,Yes,SMS,Community Event,$75K-$99K
C002917,CL008,Sophia Perez,Delray Beach,FL,34532,2020-02-06,Yes,SMS,Community Event,<$50K
C002918,CL011,Jack Wilson,St. Petersburg,FL,33370,2023-06-16,No,SMS,Google Search,$100K-$149K
C002919,CL011,Evelyn Baker,Newberry,FL,32641,2021-12-27,Yes,SMS,Google Search,$75K-$99K
C002920,CL011,Sophia Scott,Tampa,FL,32058,2022-11-02,Yes,Email,Community Event,$50K-$74K
C002921,CL005,James Wright,Alachua,FL,33887,2019-01-10,Yes,SMS,Social Media,$150K+
C002922,CL003,Amanda Clark,Gainesville,FL,32240,2020-05-18,No,SMS,Walk-In,$100K-$149K
C002923,CL009,David Scott,Miami,FL,32736,2022-09-08,Yes,SMS,Community Event,<$50K
C002924,CL012,Jason Flores,Ocala,FL,33579,2020-10-10,No,Phone,Existing Client,$75K-$99K
C002925,CL005,Jack Ramirez,Ocala,FL,33842,2019-10-20,Yes,SMS,Google Search,$75K-$99K
C002926,CL002,Amelia Mitchell,Pensacola,FL,33601,2018-06-11,No,Email,Community Event,$100K-$149K
C002927,CL006,Emma Walker,Ocala,FL,32580,2020-06-22,Yes,SMS,Referral,$150K+
C002928,CL007,Isabella Green,Tampa,FL,32983,2019-09-23,Yes,Phone,Referral,<$50K
C002929,CL004,Elijah Clark,Gainesville,FL,33963,2023-08-07,Yes,Email,Google Search,$150K+
C002930,CL007,Benjamin Thomas,Pensacola,FL,33349,2021-04-07,Yes,SMS,Existing Client,$75K-$99K
C002931,CL012,Sofia Miller,Pensacola,FL,32691,2023-07-17,Yes,Email,Google Search,$75K-$99K
C002932,CL005,Sarah Harris,Lakeland,FL,32812,2019-12-26,Yes,SMS,Existing Client,$100K-$149K
C002933,CL012,Rachel Lewis,St. Petersburg,FL,32039,2019-12-15,Yes,SMS,Walk-In,$150K+
C002934,CL006,Liam Sanchez,Lake City,FL,32455,2019-06-05,Yes,Email,Existing Client,<$50K
C002935,CL007,Kevin Perez,Ocala,FL,34215,2018-09-14,No,SMS,Walk-In,$150K+
C002936,CL006,Sofia Adams,Tampa,FL,34876,2018-12-05,Yes,Email,Referral,$150K+
C002937,CL012,Olivia Martin,Tampa,FL,34563,2019-07-19,Yes,Email,Community Event,$75K-$99K
C002938,CL008,David Carter,Naples,FL,33437,2022-09-22,Yes,Phone,Google Search,$100K-$149K
C002939,CL007,Ethan Lewis,St. Petersburg,FL,34819,2019-11-01,Yes,SMS,Social Media,$150K+
C002940,CL011,Mason Miller,Naples,FL,32072,2022-04-28,No,Email,Google Search,$50K-$74K
C002941,CL001,Mateo Mitchell,Orlando,FL,32139,2018-09-26,Yes,SMS,Social Media,$50K-$74K
C002942,CL010,Michael Perez,Clearwater,FL,32064,2018-05-26,Yes,SMS,Community Event,$75K-$99K
C002943,CL006,Sophia Torres,Newberry,FL,32518,2018-07-07,No,Phone,Community Event,<$50K
C002944,CL007,David Thompson,Newberry,FL,32929,2019-11-24,Yes,SMS,Social Media,<$50K
C002945,CL010,Ryan Mitchell,Lakeland,FL,32407,2020-12-09,Yes,SMS,Social Media,$50K-$74K
C002946,CL004,James Anderson,Tallahassee,FL,32686,2023-06-26,Yes,Phone,Existing Client,$100K-$149K
C002947,CL007,Emma Wright,Naples,FL,32807,2020-02-03,No,Email,Community Event,$75K-$99K
C002948,CL009,Mason Gonzalez,Miami,FL,34765,2018-10-04,No,Email,Existing Client,$150K+
C002949,CL012,Logan Lee,Fort Myers,FL,34077,2020-02-11,No,SMS,Community Event,$75K-$99K
C002950,CL009,Evelyn Moore,Fort Myers,FL,34941,2023-01-08,No,Phone,Walk-In,$100K-$149K
C002951,CL008,Olivia Johnson,Orlando,FL,33829,2020-03-20,No,Phone,Community Event,<$50K
C002952,CL008,Jackson Hernandez,Palm Coast,FL,33787,2019-01-06,Yes,SMS,Referral,$150K+
C002953,CL003,Jackson Johnson,Tallahassee,FL,34017,2020-04-19,Yes,SMS,Walk-In,$150K+
C002954,CL007,Mateo Moore,Miami,FL,32739,2022-04-04,Yes,SMS,Google Search,$75K-$99K
C002955,CL005,Sarah Harris,St. Petersburg,FL,34465,2019-10-20,Yes,SMS,Walk-In,$150K+
C002956,CL002,Michael Adams,Tampa,FL,34637,2018-03-25,No,Phone,Social Media,$50K-$74K
C002957,CL009,Kevin Scott,Clearwater,FL,32785,2023-03-18,Yes,SMS,Community Event,<$50K
C002958,CL001,Sofia Johnson,Pensacola,FL,34048,2020-11-25,Yes,Phone,Google Search,$100K-$149K
C002959,CL010,Noah Gonzalez,Jacksonville,FL,32778,2022-04-28,No,Phone,Social Media,$75K-$99K
C002960,CL010,Sophia Anderson,Boca Raton,FL,32866,2020-04-17,Yes,Phone,Google Search,$100K-$149K
C002961,CL006,Kevin Sanchez,Clearwater,FL,32377,2020-02-17,Yes,SMS,Walk-In,$75K-$99K
C002962,CL003,Emily Campbell,Delray Beach,FL,34208,2017-12-24,Yes,Phone,Social Media,<$50K
C002963,CL003,Ashley Martinez,Lakeland,FL,34264,2020-10-19,Yes,Email,Google Search,<$50K
C002964,CL002,Jason Davis,Naples,FL,32929,2019-09-29,Yes,Email,Walk-In,<$50K
C002965,CL002,James Thomas,Palm Coast,FL,34630,2023-08-06,Yes,SMS,Walk-In,$100K-$149K
C002966,CL004,Chloe King,Orlando,FL,33985,2020-10-16,Yes,Phone,Walk-In,$50K-$74K
C002967,CL009,Liam Carter,Tallahassee,FL,33321,2021-08-06,No,Email,Google Search,$150K+
C002968,CL009,Jessica Hill,Lakeland,FL,33315,2021-03-14,Yes,SMS,Google Search,<$50K
C002969,CL008,Lucas Martin,Orlando,FL,32966,2022-07-19,Yes,SMS,Walk-In,$75K-$99K
C002970,CL008,Emma Brown,Jacksonville,FL,33442,2019-12-30,Yes,Email,Referral,$50K-$74K
C002971,CL011,Sophia Moore,Boca Raton,FL,34105,2018-07-15,Yes,Phone,Referral,<$50K
C002972,CL006,Evelyn Hill,Tampa,FL,33745,2023-05-12,Yes,SMS,Referral,$100K-$149K
C002973,CL012,Michael Jackson,Tallahassee,FL,32845,2022-03-07,No,SMS,Community Event,$75K-$99K
C002974,CL007,Lauren Flores,Tampa,FL,33707,2022-03-31,No,SMS,Social Media,$100K-$149K
C002975,CL007,Emily Hall,Boca Raton,FL,33531,2023-03-01,Yes,SMS,Referral,<$50K
C002976,CL003,Lucas Robinson,Lakeland,FL,33037,2020-07-21,Yes,Phone,Walk-In,$50K-$74K
C002977,CL011,Mason Gonzalez,Orlando,FL,34748,2018-07-29,No,SMS,Referral,$100K-$149K
C002978,CL009,Noah Perez,Newberry,FL,34440,2020-09-25,Yes,Phone,Google Search,$50K-$74K
C002979,CL008,Jackson Robinson,Newberry,FL,34668,2020-08-15,Yes,SMS,Referral,$50K-$74K
C002980,CL004,Charlotte Mitchell,Orlando,FL,33606,2018-09-29,No,Phone,Community Event,$100K-$149K
C002981,CL011,Liam King,Naples,FL,34213,2018-10-07,Yes,Phone,Social Media,$100K-$149K
C002982,CL008,Amanda Torres,Fort Myers,FL,34365,2020-05-14,Yes,Phone,Referral,$50K-$74K
C002983,CL012,Megan Young,Lake City,FL,32121,2022-05-19,No,Email,Social Media,$50K-$74K
C002984,CL006,Lucas Mitchell,Newberry,FL,33199,2022-09-30,No,SMS,Google Search,<$50K
C002985,CL004,Elijah Brown,Miami,FL,34265,2021-02-06,Yes,Email,Referral,$100K-$149K
C002986,CL007,Benjamin Vilaihong,Palm Coast,FL,33511,2019-04-03,Yes,SMS,Social Media,$150K+
C002987,CL002,Henry Flores,Orlando,FL,32356,2022-09-11,Yes,SMS,Walk-In,$75K-$99K
C002988,CL005,Amanda Robinson,St. Petersburg,FL,33155,2019-08-13,No,Phone,Community Event,$50K-$74K
C002989,CL008,Chloe Allen,Ocala,FL,34793,2023-07-31,Yes,Phone,Community Event,$75K-$99K
C002990,CL009,Camila Martin,Newberry,FL,32759,2020-09-02,Yes,Email,Social Media,$150K+
C002991,CL007,Michael Ramirez,Fort Myers,FL,34681,2020-11-07,Yes,Email,Referral,$75K-$99K
C002992,CL009,Nick Rodriguez,Gainesville,FL,33227,2023-12-24,Yes,SMS,Community Event,$50K-$74K
C002993,CL005,Ashley Roberts,Newberry,FL,33413,2021-05-18,Yes,SMS,Community Event,$150K+
C002994,CL002,Sarah Nelson,Lake City,FL,32672,2021-02-27,Yes,Phone,Referral,$75K-$99K
C002995,CL009,Isabella Torres,Jacksonville,FL,33713,2018-03-21,Yes,SMS,Community Event,$75K-$99K
C002996,CL010,Lucas Adams,Fort Myers,FL,34179,2023-09-14,No,Email,Referral,$100K-$149K
C002997,CL004,Ryan Gonzalez,Lake City,FL,32443,2022-09-24,Yes,Email,Google Search,$150K+
C002998,CL002,Megan Adams,St. Petersburg,FL,32309,2018-12-31,Yes,SMS,Referral,$100K-$149K
C002999,CL006,Olivia Flores,Pensacola,FL,33242,2019-05-21,No,SMS,Google Search,$75K-$99K
C003000,CL012,Mia Hall,Fort Myers,FL,32772,2019-04-02,Yes,SMS,Community Event,<$50K
C003001,CL001,Evelyn Gonzalez,Alachua,FL,33432,2019-10-10,Yes,Phone,Social Media,$100K-$149K
C003002,CL004,Sarah Anderson,Tampa,FL,32895,2019-06-11,Yes,Email,Community Event,<$50K
C003003,CL003,Robert Nelson,Jacksonville,FL,33110,2022-09-04,Yes,Phone,Walk-In,$75K-$99K
C003004,CL007,Logan Adams,Alachua,FL,33821,2020-07-29,Yes,SMS,Referral,$100K-$149K
C003005,CL004,Sarah White,Lakeland,FL,33008,2020-10-20,Yes,SMS,Existing Client,$50K-$74K
C003006,CL005,Mason Williams,Orlando,FL,33887,2018-08-09,No,SMS,Community Event,<$50K
C003007,CL006,Ryan Rivera,St. Petersburg,FL,34965,2018-09-08,Yes,SMS,Social Media,$100K-$149K
C003008,CL010,Nick Roberts,Miami,FL,32850,2022-02-20,Yes,Phone,Community Event,$100K-$149K
C003009,CL002,Noah Baker,Miami,FL,32674,2018-04-24,Yes,Phone,Social Media,$50K-$74K
C003010,CL006,Audrey Anderson,Boca Raton,FL,33682,2023-10-03,No,Email,Referral,<$50K
C003011,CL006,Jason Nguyen,Fort Myers,FL,32772,2018-11-19,Yes,Email,Social Media,$100K-$149K
C003012,CL009,Evelyn Flores,Gainesville,FL,34296,2023-06-16,Yes,SMS,Google Search,$75K-$99K
C003013,CL007,Noah Scott,St. Petersburg,FL,33744,2021-06-28,Yes,Email,Community Event,$100K-$149K
C003014,CL004,Ryan Hill,Clearwater,FL,33622,2018-04-16,Yes,SMS,Community Event,$150K+
C003015,CL003,Ava Jackson,Fort Myers,FL,33252,2018-12-27,Yes,SMS,Existing Client,$100K-$149K
C003016,CL009,Jason Robinson,Delray Beach,FL,32724,2018-03-08,No,Phone,Google Search,$50K-$74K
C003017,CL009,Amanda Scott,Delray Beach,FL,33306,2020-02-17,Yes,SMS,Community Event,<$50K
C003018,CL004,Ava Carter,Jacksonville,FL,32913,2019-09-26,No,SMS,Walk-In,<$50K
C003019,CL009,Lucas Robinson,Tallahassee,FL,33361,2020-04-01,Yes,SMS,Walk-In,$50K-$74K
C003020,CL002,Elijah Roberts,Ocala,FL,33683,2020-02-06,Yes,SMS,Referral,<$50K
C003021,CL011,Robert King,Alachua,FL,32196,2023-12-28,No,Email,Community Event,<$50K
C003022,CL012,Lauren Harris,Boca Raton,FL,32071,2022-06-28,No,SMS,Referral,$150K+
C003023,CL010,Noah Harris,Naples,FL,34470,2022-07-08,Yes,SMS,Referral,$100K-$149K
C003024,CL007,James Nelson,Lake City,FL,34757,2021-05-14,Yes,SMS,Walk-In,$100K-$149K
C003025,CL011,Mia Smith,Jacksonville,FL,32395,2020-11-14,Yes,Email,Walk-In,<$50K
C003026,CL006,Chloe Moore,Naples,FL,33729,2018-12-15,Yes,Phone,Walk-In,<$50K
C003027,CL005,Michael Torres,Boca Raton,FL,33388,2020-06-23,Yes,SMS,Walk-In,$100K-$149K
C003028,CL009,Emily Lee,Ocala,FL,32039,2023-03-12,Yes,SMS,Existing Client,$150K+
C003029,CL002,Nick Scott,St. Petersburg,FL,33517,2022-12-06,No,SMS,Referral,$75K-$99K
C003030,CL001,Emma Thomas,Sarasota,FL,34925,2018-03-02,Yes,Phone,Referral,$100K-$149K
C003031,CL011,Jackson Smith,Delray Beach,FL,32054,2023-06-12,Yes,SMS,Community Event,$50K-$74K
C003032,CL002,Mateo Brown,Naples,FL,32737,2020-07-23,No,SMS,Social Media,$150K+
C003033,CL009,Evelyn Walker,St. Petersburg,FL,32403,2021-07-12,Yes,Email,Google Search,<$50K
C003034,CL011,Audrey Rodriguez,St. Petersburg,FL,34634,2023-05-20,Yes,Phone,Google Search,$50K-$74K
C003035,CL003,Olivia Lee,Tallahassee,FL,33002,2022-09-17,Yes,SMS,Walk-In,$50K-$74K
C003036,CL009,Kevin Johnson,Lakeland,FL,34556,2023-06-25,Yes,SMS,Social Media,$100K-$149K
C003037,CL003,Sarah Green,St. Petersburg,FL,34115,2023-02-12,Yes,SMS,Existing Client,<$50K
C003038,CL011,Megan Ramirez,Clearwater,FL,32231,2018-07-26,No,SMS,Social Media,$50K-$74K
C003039,CL001,Olivia Torres,Sarasota,FL,32794,2023-05-29,No,SMS,Walk-In,$75K-$99K
C003040,CL001,Emily Martinez,Ocala,FL,32548,2019-04-20,No,SMS,Walk-In,<$50K
C003041,CL008,Ella Thompson,Orlando,FL,32264,2023-11-30,No,Phone,Referral,$50K-$74K
C003042,CL010,Michael Thompson,Jacksonville,FL,32312,2019-10-30,Yes,SMS,Google Search,$50K-$74K
C003043,CL011,Emma Martin,Sarasota,FL,34780,2019-09-05,Yes,SMS,Existing Client,$50K-$74K
C003044,CL005,Jackson Walker,Orlando,FL,33150,2020-08-09,No,Phone,Community Event,<$50K
C003045,CL005,Nick Rivera,Clearwater,FL,33582,2023-04-08,Yes,SMS,Walk-In,$50K-$74K
C003046,CL007,Harper Anderson,Naples,FL,34897,2018-02-23,No,SMS,Referral,$100K-$149K
C003047,CL003,Ava Scott,Miami,FL,34026,2022-09-30,Yes,SMS,Social Media,$75K-$99K
C003048,CL003,Liam Hill,Lake City,FL,34252,2022-03-03,Yes,Phone,Social Media,$150K+
C003049,CL002,Emma Jackson,Jacksonville,FL,32838,2022-03-22,Yes,SMS,Existing Client,<$50K
C003050,CL002,Mia Martin,St. Petersburg,FL,33759,2019-04-25,Yes,SMS,Walk-In,$75K-$99K
C003051,CL006,Noah White,Sarasota,FL,34566,2018-11-10,No,Email,Social Media,$50K-$74K
C003052,CL006,Robert Carter,Fort Myers,FL,32625,2019-03-22,No,SMS,Walk-In,$75K-$99K
C003053,CL011,Ashley Moore,Gainesville,FL,34262,2023-01-09,No,Email,Social Media,<$50K
C003054,CL007,Charlotte Wilson,Jacksonville,FL,33140,2022-11-15,No,SMS,Referral,$50K-$74K
C003055,CL004,Lucas Vilaihong,Tallahassee,FL,34284,2019-02-26,Yes,Email,Community Event,$75K-$99K
C003056,CL011,Michael Lee,Naples,FL,33918,2022-02-18,No,Phone,Google Search,$75K-$99K
C003057,CL001,Luna Jones,Tallahassee,FL,32480,2023-01-18,Yes,SMS,Social Media,<$50K
C003058,CL008,Robert Jones,Tallahassee,FL,34554,2020-11-04,Yes,SMS,Walk-In,$50K-$74K
C003059,CL010,Charlotte Martin,Orlando,FL,32251,2019-06-07,No,SMS,Referral,$50K-$74K
C003060,CL007,Amanda Jackson,Gainesville,FL,33550,2023-02-11,Yes,SMS,Existing Client,$100K-$149K
C003061,CL012,Camila Thompson,Jacksonville,FL,34298,2021-09-25,Yes,SMS,Social Media,$100K-$149K
C003062,CL002,Audrey Jones,Newberry,FL,32226,2019-09-15,Yes,Email,Social Media,$100K-$149K
C003063,CL003,Rachel Campbell,Clearwater,FL,33156,2019-06-15,Yes,Phone,Social Media,$100K-$149K
C003064,CL009,Chloe Carter,Pensacola,FL,33721,2021-05-20,Yes,Email,Google Search,$75K-$99K
C003065,CL003,Chloe Lopez,Newberry,FL,34552,2019-08-15,Yes,SMS,Existing Client,$75K-$99K
C003066,CL001,Henry Wright,Ocala,FL,32494,2022-03-25,Yes,Email,Existing Client,$50K-$74K
C003067,CL011,Jackson Green,Jacksonville,FL,34639,2021-05-20,Yes,SMS,Walk-In,$50K-$74K
C003068,CL009,Amelia Sanchez,Fort Myers,FL,33046,2020-12-23,Yes,SMS,Google Search,$100K-$149K
C003069,CL010,Elijah Mitchell,Naples,FL,34018,2021-07-29,Yes,Phone,Referral,<$50K
C003070,CL004,Emily Anderson,Gainesville,FL,34671,2018-04-14,Yes,SMS,Walk-In,$150K+
C003071,CL008,Grace Baker,Palm Coast,FL,32400,2023-04-26,Yes,SMS,Existing Client,$50K-$74K
C003072,CL008,James Thomas,Newberry,FL,33868,2019-10-10,Yes,Email,Google Search,$75K-$99K
C003073,CL011,Ryan Miller,Boca Raton,FL,33611,2019-11-15,Yes,Email,Existing Client,$150K+
C003074,CL012,Daniel Nguyen,Fort Myers,FL,34231,2019-05-02,Yes,Phone,Google Search,$100K-$149K
C003075,CL009,Logan Baker,Lakeland,FL,34146,2021-12-14,No,Email,Google Search,<$50K
C003076,CL010,Elijah Taylor,Fort Myers,FL,32010,2020-08-20,Yes,SMS,Community Event,$75K-$99K
C003077,CL009,Mason Allen,Lake City,FL,33904,2021-02-21,Yes,SMS,Community Event,$50K-$74K
C003078,CL001,Robert Johnson,Palm Coast,FL,33703,2023-07-25,Yes,Phone,Referral,$50K-$74K
C003079,CL009,Ethan Wilson,Newberry,FL,34664,2023-01-23,No,Email,Referral,$75K-$99K
C003080,CL010,Henry Baker,Naples,FL,33412,2023-08-24,Yes,Phone,Existing Client,$50K-$74K
C003081,CL002,Ethan King,Clearwater,FL,33785,2021-06-29,Yes,SMS,Google Search,$100K-$149K
C003082,CL008,Elijah Baker,Pensacola,FL,34220,2019-02-07,No,SMS,Referral,$50K-$74K
C003083,CL002,Robert Sanchez,Tallahassee,FL,33206,2019-08-04,Yes,SMS,Social Media,$50K-$74K
C003084,CL001,Olivia Jackson,Jacksonville,FL,34733,2021-01-04,No,Email,Walk-In,$100K-$149K
C003085,CL008,Jackson Roberts,Gainesville,FL,33382,2019-07-14,Yes,Phone,Social Media,$150K+
C003086,CL005,Mason Jones,Naples,FL,32402,2023-12-22,Yes,Phone,Referral,<$50K
C003087,CL006,David Clark,Miami,FL,34858,2019-05-22,Yes,Email,Community Event,<$50K
C003088,CL011,Ella Williams,Gainesville,FL,33877,2019-07-06,Yes,SMS,Referral,$75K-$99K
C003089,CL001,Jackson Hall,Gainesville,FL,34167,2021-04-18,Yes,SMS,Google Search,$50K-$74K
C003090,CL004,David Martin,St. Petersburg,FL,33231,2022-02-08,Yes,SMS,Google Search,$50K-$74K
C003091,CL008,Michael Jones,Lakeland,FL,32661,2021-10-05,Yes,SMS,Google Search,$100K-$149K
C003092,CL007,Lauren Williams,Sarasota,FL,34095,2020-09-18,Yes,Phone,Referral,$100K-$149K
C003093,CL004,Jackson Flores,Tampa,FL,32302,2018-05-27,Yes,Email,Walk-In,<$50K
C003094,CL005,Luna Davis,Ocala,FL,32227,2020-12-29,No,Email,Social Media,$75K-$99K
C003095,CL001,Megan Allen,Fort Myers,FL,32371,2019-07-29,No,SMS,Google Search,$100K-$149K
C003096,CL002,Mia Thompson,Palm Coast,FL,34643,2020-06-09,Yes,SMS,Existing Client,$100K-$149K
C003097,CL011,Ava Moore,Palm Coast,FL,33382,2023-12-10,Yes,SMS,Google Search,$75K-$99K
C003098,CL004,Isabella Martin,Orlando,FL,34366,2018-08-02,Yes,SMS,Walk-In,$100K-$149K
C003099,CL010,Jack Rodriguez,Delray Beach,FL,32832,2023-10-07,Yes,SMS,Referral,$50K-$74K
C003100,CL003,Emma Smith,Clearwater,FL,32391,2022-05-02,Yes,SMS,Referral,$50K-$74K
C003101,CL007,Amanda Hernandez,Sarasota,FL,33224,2021-07-23,No,Phone,Referral,$100K-$149K
C003102,CL001,Jackson Anderson,Gainesville,FL,32473,2020-05-01,Yes,SMS,Google Search,$150K+
C003103,CL009,Audrey Lewis,Newberry,FL,33858,2023-09-24,Yes,Email,Community Event,$75K-$99K
C003104,CL008,Mateo Young,Pensacola,FL,34622,2020-02-14,Yes,Phone,Existing Client,<$50K
C003105,CL009,Elijah Hall,Pensacola,FL,34149,2021-10-04,Yes,SMS,Community Event,$50K-$74K
C003106,CL011,Benjamin Mitchell,Lakeland,FL,33398,2020-05-05,Yes,SMS,Social Media,<$50K
C003107,CL006,Charlotte Sanchez,Orlando,FL,33888,2023-05-14,Yes,Email,Community Event,$50K-$74K
C003108,CL008,Sofia Adams,Lake City,FL,34930,2023-04-05,No,SMS,Social Media,<$50K
C003109,CL008,Ava Moore,Ocala,FL,34119,2022-06-07,No,Phone,Existing Client,$100K-$149K
C003110,CL003,Ethan Rivera,St. Petersburg,FL,34189,2021-10-26,Yes,SMS,Community Event,<$50K
C003111,CL011,Emma Green,Lake City,FL,33871,2021-03-07,Yes,Email,Walk-In,$150K+
C003112,CL006,Lucas Lewis,Naples,FL,34170,2019-03-15,Yes,SMS,Community Event,$75K-$99K
C003113,CL009,Grace Johnson,Boca Raton,FL,32854,2019-06-04,No,Phone,Referral,$50K-$74K
C003114,CL003,Ashley Johnson,Gainesville,FL,33059,2023-04-08,No,SMS,Referral,$150K+
C003115,CL003,Jack Wright,Lakeland,FL,33036,2021-11-07,Yes,SMS,Walk-In,$100K-$149K
C003116,CL010,Robert Thompson,Gainesville,FL,33299,2020-11-03,Yes,Phone,Walk-In,$150K+
C003117,CL008,Lucas Robinson,Gainesville,FL,33496,2018-09-18,No,SMS,Social Media,$50K-$74K
C003118,CL010,Logan Hernandez,Tallahassee,FL,32060,2018-03-06,Yes,Phone,Google Search,<$50K
C003119,CL002,Harper Young,Jacksonville,FL,33073,2022-05-11,Yes,Phone,Walk-In,$100K-$149K
C003120,CL011,Camila Miller,Miami,FL,34462,2018-05-27,Yes,Email,Referral,<$50K
C003121,CL001,Ava Rivera,Pensacola,FL,34184,2023-03-30,Yes,SMS,Social Media,<$50K
C003122,CL009,Lucas Mitchell,Jacksonville,FL,34645,2021-07-07,Yes,Email,Google Search,<$50K
C003123,CL005,Rachel Hill,Miami,FL,33079,2023-03-05,Yes,SMS,Referral,$50K-$74K
C003124,CL007,Liam Campbell,Naples,FL,32517,2020-12-30,Yes,SMS,Existing Client,$150K+
C003125,CL007,Elijah Jones,Pensacola,FL,34644,2020-04-08,Yes,SMS,Community Event,$100K-$149K
C003126,CL009,Luna Martinez,Gainesville,FL,32051,2018-12-14,No,SMS,Community Event,$150K+
C003127,CL012,Jason Roberts,Ocala,FL,34650,2020-05-22,Yes,Email,Walk-In,$150K+
C003128,CL005,Lauren Davis,Lake City,FL,34489,2022-07-25,Yes,Email,Google Search,<$50K
C003129,CL003,Sofia Robinson,Jacksonville,FL,34000,2019-03-28,Yes,Email,Community Event,<$50K
C003130,CL007,Amelia Flores,Sarasota,FL,34768,2022-06-11,No,Phone,Walk-In,<$50K
C003131,CL002,Sophia Anderson,Delray Beach,FL,32320,2019-10-14,Yes,SMS,Referral,<$50K
C003132,CL001,Camila Vilaihong,Tallahassee,FL,33085,2020-11-10,Yes,SMS,Community Event,$75K-$99K
C003133,CL006,Mateo Smith,Miami,FL,32357,2021-10-09,Yes,Email,Community Event,$50K-$74K
C003134,CL011,Benjamin Torres,Fort Myers,FL,33241,2018-09-15,No,Email,Walk-In,$150K+
C003135,CL002,Sarah Harris,Miami,FL,33150,2021-04-03,No,Email,Referral,$50K-$74K
C003136,CL004,Ashley Hernandez,Sarasota,FL,32456,2022-01-26,Yes,Phone,Social Media,$150K+
C003137,CL007,Megan Lewis,Sarasota,FL,34846,2018-07-22,Yes,Email,Google Search,<$50K
C003138,CL012,Emma Thomas,Boca Raton,FL,32604,2023-03-25,No,SMS,Existing Client,$75K-$99K
C003139,CL003,Jessica Flores,Fort Myers,FL,33779,2023-05-10,No,SMS,Social Media,$50K-$74K
C003140,CL009,Elijah Johnson,Sarasota,FL,34800,2019-05-02,No,SMS,Referral,$100K-$149K
C003141,CL003,Sofia Allen,Boca Raton,FL,34049,2018-03-18,Yes,SMS,Google Search,$75K-$99K
C003142,CL006,Mia Wright,Fort Myers,FL,34678,2023-03-27,No,Email,Social Media,<$50K
C003143,CL002,Camila Green,Clearwater,FL,33153,2019-06-22,Yes,SMS,Community Event,$75K-$99K
C003144,CL011,Noah Perez,Lakeland,FL,34312,2021-05-09,No,SMS,Social Media,$50K-$74K
C003145,CL002,Ava Clark,St. Petersburg,FL,32667,2019-01-16,Yes,Phone,Community Event,<$50K
C003146,CL012,Robert Vilaihong,Newberry,FL,34034,2022-03-13,No,SMS,Existing Client,$50K-$74K
C003147,CL008,Isabella Allen,Newberry,FL,32460,2022-01-06,Yes,SMS,Google Search,$100K-$149K
C003148,CL002,Camila Harris,Tallahassee,FL,34656,2018-07-25,No,Phone,Community Event,$150K+
C003149,CL002,Ryan Carter,Alachua,FL,34060,2020-12-24,No,Phone,Walk-In,$75K-$99K
C003150,CL006,Amanda Hall,Tampa,FL,34928,2021-10-23,No,SMS,Walk-In,$100K-$149K
C003151,CL004,Rachel Taylor,Lakeland,FL,32755,2022-12-12,Yes,Phone,Walk-In,$150K+
C003152,CL001,Sophia Nelson,Fort Myers,FL,32778,2023-08-08,Yes,Email,Existing Client,$50K-$74K
C003153,CL007,Audrey Perez,Sarasota,FL,34312,2019-01-05,Yes,Email,Existing Client,$100K-$149K
C003154,CL010,Isabella Lee,St. Petersburg,FL,33743,2019-03-15,Yes,Phone,Community Event,$50K-$74K
C003155,CL001,Michael Hall,Miami,FL,32299,2021-04-19,Yes,SMS,Google Search,<$50K
C003156,CL001,Ava Perez,Naples,FL,34861,2020-02-27,No,Phone,Google Search,<$50K
C003157,CL011,Ryan Carter,Newberry,FL,32537,2022-04-30,Yes,SMS,Google Search,$100K-$149K
C003158,CL006,Harper Torres,Alachua,FL,33252,2020-02-08,Yes,Email,Existing Client,$75K-$99K
C003159,CL001,Mason Williams,Naples,FL,32077,2023-09-07,No,Phone,Referral,$75K-$99K
C003160,CL006,Jack Ramirez,Sarasota,FL,34144,2021-09-02,Yes,Email,Social Media,$75K-$99K
C003161,CL011,Harper Wilson,Lake City,FL,33360,2022-01-08,Yes,SMS,Existing Client,$150K+
C003162,CL006,Amelia Carter,Alachua,FL,33723,2023-06-01,No,SMS,Referral,$75K-$99K
C003163,CL010,Logan Ramirez,Sarasota,FL,33989,2018-10-23,Yes,Email,Google Search,$75K-$99K
C003164,CL012,Ella Miller,St. Petersburg,FL,33607,2023-06-23,Yes,SMS,Google Search,$100K-$149K
C003165,CL012,Isabella Moore,Tallahassee,FL,33145,2023-02-15,No,Email,Walk-In,$75K-$99K
C003166,CL005,Jack Vilaihong,Ocala,FL,34683,2020-12-17,Yes,SMS,Social Media,$150K+
C003167,CL001,Logan Harris,Miami,FL,33994,2022-04-23,Yes,SMS,Google Search,<$50K
C003168,CL010,Jackson Moore,St. Petersburg,FL,33431,2018-02-02,No,Phone,Google Search,$150K+
C003169,CL003,Isabella Martinez,Pensacola,FL,32602,2022-08-27,No,Email,Community Event,<$50K
C003170,CL010,Elijah Scott,Lake City,FL,32362,2022-02-02,Yes,Phone,Walk-In,$50K-$74K
C003171,CL005,Isabella Martin,Boca Raton,FL,33432,2019-01-01,Yes,SMS,Referral,<$50K
C003172,CL009,Mason Adams,Pensacola,FL,32801,2021-06-22,Yes,SMS,Walk-In,$100K-$149K
C003173,CL002,Isabella Taylor,Ocala,FL,34004,2019-02-14,Yes,Phone,Social Media,<$50K
C003174,CL002,Grace Martin,Jacksonville,FL,32850,2020-02-07,Yes,SMS,Referral,<$50K
C003175,CL010,Camila Carter,Jacksonville,FL,32617,2018-03-03,Yes,SMS,Existing Client,<$50K
C003176,CL003,Mateo Smith,Pensacola,FL,33189,2020-01-02,Yes,Phone,Walk-In,$50K-$74K
C003177,CL006,Ethan Roberts,Jacksonville,FL,34546,2018-08-25,Yes,Phone,Social Media,$100K-$149K
C003178,CL008,Amelia Hall,Tampa,FL,33205,2023-10-06,No,Phone,Social Media,<$50K
C003179,CL008,Lucas Mitchell,Sarasota,FL,32710,2020-01-15,No,SMS,Referral,$75K-$99K
C003180,CL006,Benjamin Young,Tallahassee,FL,34796,2022-09-22,No,Phone,Social Media,$150K+
C003181,CL004,Rachel Lopez,Clearwater,FL,33192,2021-04-22,No,SMS,Walk-In,$150K+
C003182,CL012,Kevin Lewis,Lakeland,FL,34138,2020-04-17,Yes,Email,Walk-In,$75K-$99K
C003183,CL002,Henry Lewis,Boca Raton,FL,32215,2020-07-04,Yes,Phone,Referral,$100K-$149K
C003184,CL006,Sofia Robinson,Boca Raton,FL,34549,2022-09-03,Yes,Email,Existing Client,$100K-$149K
C003185,CL009,Mason Torres,Naples,FL,34612,2022-09-07,No,Email,Referral,$50K-$74K
C003186,CL001,Jessica Mitchell,Newberry,FL,33484,2019-12-10,Yes,Email,Walk-In,<$50K
C003187,CL001,Lauren Nelson,Gainesville,FL,34867,2020-03-05,Yes,SMS,Referral,$150K+
C003188,CL003,Jessica Lee,Tallahassee,FL,34066,2019-04-12,Yes,Email,Existing Client,$75K-$99K
C003189,CL004,Noah Rivera,Pensacola,FL,34121,2020-03-10,Yes,Email,Community Event,$150K+
C003190,CL006,Nick Jones,Pensacola,FL,34283,2020-12-02,Yes,Phone,Referral,$75K-$99K
C003191,CL004,Amanda Davis,Lakeland,FL,33805,2022-03-23,Yes,SMS,Walk-In,$75K-$99K
C003192,CL008,Audrey Harris,Miami,FL,33615,2023-05-09,Yes,Phone,Referral,$50K-$74K
C003193,CL010,Isabella Wilson,Lake City,FL,32631,2019-08-08,Yes,SMS,Social Media,$75K-$99K
C003194,CL011,Harper Martin,Orlando,FL,32207,2019-02-09,No,SMS,Community Event,<$50K
C003195,CL007,Lauren Perez,Palm Coast,FL,34139,2021-09-05,Yes,SMS,Google Search,$100K-$149K
C003196,CL001,Harper Hernandez,Pensacola,FL,32040,2018-11-19,No,Email,Referral,$75K-$99K
C003197,CL010,Logan King,Lakeland,FL,34229,2023-11-27,Yes,Email,Social Media,$50K-$74K
C003198,CL003,Michael Sanchez,Sarasota,FL,33668,2023-08-20,Yes,SMS,Referral,$75K-$99K
C003199,CL008,Harper Johnson,Palm Coast,FL,32840,2020-06-13,No,SMS,Existing Client,$50K-$74K
C003200,CL002,Ella Johnson,St. Petersburg,FL,34018,2021-06-28,Yes,Phone,Existing Client,$100K-$149K
C003201,CL006,Elijah Taylor,Lakeland,FL,32561,2020-10-13,Yes,SMS,Community Event,$100K-$149K
C003202,CL011,Jason Jackson,Pensacola,FL,33180,2022-01-20,Yes,SMS,Google Search,$50K-$74K
C003203,CL001,Amanda Thompson,St. Petersburg,FL,33957,2021-09-11,No,SMS,Existing Client,$150K+
C003204,CL012,Sofia White,Delray Beach,FL,34430,2023-02-06,Yes,Phone,Walk-In,$100K-$149K
C003205,CL006,Noah Hill,St. Petersburg,FL,32667,2018-01-31,Yes,Email,Social Media,$75K-$99K
C003206,CL008,Evelyn Thompson,Alachua,FL,32949,2021-02-04,Yes,Email,Social Media,<$50K
C003207,CL003,Ryan Sanchez,Lake City,FL,32229,2021-07-31,No,SMS,Existing Client,$100K-$149K
C003208,CL008,Sophia Wilson,Delray Beach,FL,32086,2023-09-09,No,Email,Community Event,$150K+
C003209,CL011,Charlotte Vilaihong,Newberry,FL,34574,2022-01-13,Yes,SMS,Social Media,<$50K
C003210,CL004,Noah Rivera,Lake City,FL,32484,2019-04-02,Yes,SMS,Walk-In,$100K-$149K
C003211,CL008,Noah Hall,Newberry,FL,33704,2020-07-28,Yes,SMS,Google Search,$150K+
C003212,CL004,Mia Vilaihong,Lakeland,FL,33172,2022-09-24,Yes,Email,Existing Client,$50K-$74K
C003213,CL004,James Martin,Lake City,FL,33944,2022-10-10,Yes,SMS,Community Event,$100K-$149K
C003214,CL009,Harper Walker,Tallahassee,FL,32607,2020-08-18,Yes,SMS,Existing Client,$100K-$149K
C003215,CL001,Logan Young,Tampa,FL,32165,2018-12-31,Yes,SMS,Referral,$150K+
C003216,CL007,Harper Miller,Naples,FL,33365,2020-12-02,Yes,SMS,Referral,$75K-$99K
C003217,CL004,Liam Anderson,Palm Coast,FL,34456,2018-08-31,Yes,SMS,Social Media,$150K+
C003218,CL008,Olivia Wright,Miami,FL,32967,2023-02-10,Yes,SMS,Referral,<$50K
C003219,CL002,Chloe Johnson,Clearwater,FL,34143,2021-09-01,Yes,Email,Referral,$150K+
C003220,CL012,Jackson Smith,Alachua,FL,34519,2019-05-02,No,Phone,Existing Client,$50K-$74K
C003221,CL002,Mason Thompson,Sarasota,FL,32757,2021-05-06,Yes,SMS,Social Media,$100K-$149K
C003222,CL010,Kevin Moore,Alachua,FL,32330,2019-07-03,Yes,Phone,Existing Client,<$50K
C003223,CL008,Jack Wright,Orlando,FL,34899,2021-03-07,Yes,SMS,Google Search,$75K-$99K
C003224,CL006,Elijah Thompson,Miami,FL,33241,2020-12-03,Yes,SMS,Walk-In,$150K+
C003225,CL001,Ethan Roberts,Tampa,FL,33119,2023-09-13,Yes,Email,Existing Client,$150K+
C003226,CL005,Liam Rivera,Orlando,FL,33727,2023-03-19,Yes,Email,Community Event,$150K+
C003227,CL002,Liam Smith,Palm Coast,FL,34922,2020-02-18,Yes,Email,Existing Client,$150K+
C003228,CL004,Amanda Green,Tampa,FL,33028,2021-06-18,Yes,SMS,Community Event,<$50K
C003229,CL001,James Clark,Clearwater,FL,32404,2018-03-13,Yes,Email,Social Media,$100K-$149K
C003230,CL011,Olivia Thomas,Miami,FL,32371,2023-04-26,Yes,SMS,Referral,<$50K
C003231,CL008,Logan Carter,Lake City,FL,34912,2020-10-04,No,Email,Referral,$75K-$99K
C003232,CL011,Mason Rodriguez,Naples,FL,34388,2018-12-20,No,SMS,Google Search,$100K-$149K
C003233,CL008,Nick Nelson,Lake City,FL,33306,2022-02-11,No,SMS,Walk-In,$100K-$149K
C003234,CL002,Grace Johnson,Orlando,FL,33955,2018-06-03,Yes,Email,Google Search,<$50K
C003235,CL008,Sofia Young,Newberry,FL,32857,2023-11-27,Yes,SMS,Referral,<$50K
C003236,CL006,Elijah Martin,Ocala,FL,32248,2022-10-21,Yes,Email,Google Search,$150K+
C003237,CL008,Noah Torres,Delray Beach,FL,32912,2019-12-19,Yes,SMS,Google Search,$50K-$74K
C003238,CL009,Ethan Miller,Ocala,FL,32522,2018-06-09,Yes,Email,Google Search,$75K-$99K
C003239,CL001,Kevin Smith,Delray Beach,FL,32054,2022-06-27,Yes,Phone,Existing Client,$100K-$149K
C003240,CL011,Megan Roberts,Tallahassee,FL,33774,2018-06-15,No,SMS,Existing Client,$100K-$149K
C003241,CL001,Sophia Perez,Tampa,FL,33196,2022-03-15,Yes,SMS,Social Media,$75K-$99K
C003242,CL009,Isabella Ramirez,Clearwater,FL,33883,2021-08-23,Yes,SMS,Walk-In,$150K+
C003243,CL001,Sofia Flores,Newberry,FL,34809,2021-09-20,Yes,Phone,Referral,$50K-$74K
C003244,CL002,Harper Scott,Lakeland,FL,34737,2022-05-04,No,SMS,Referral,$50K-$74K
C003245,CL001,Henry Martin,Fort Myers,FL,32830,2018-10-06,Yes,SMS,Walk-In,$75K-$99K
C003246,CL002,Kevin Williams,Orlando,FL,33785,2019-05-16,Yes,Email,Referral,$50K-$74K
C003247,CL008,Emma Williams,Tampa,FL,32876,2019-02-03,Yes,Email,Community Event,$100K-$149K
C003248,CL010,Audrey Rivera,Delray Beach,FL,32735,2019-05-18,Yes,SMS,Walk-In,<$50K
C003249,CL006,Liam Rivera,Naples,FL,34901,2018-10-18,Yes,SMS,Existing Client,$150K+
C003250,CL003,Emily Smith,Tampa,FL,33610,2021-06-30,Yes,SMS,Community Event,<$50K
C003251,CL005,Jason Lewis,Pensacola,FL,32662,2021-11-21,Yes,Phone,Existing Client,$150K+
C003252,CL006,Jack Campbell,Newberry,FL,33034,2018-05-30,Yes,Phone,Community Event,$50K-$74K
C003253,CL001,Mateo Harris,Delray Beach,FL,33914,2018-09-28,Yes,Email,Existing Client,<$50K
C003254,CL004,Evelyn Nelson,Lakeland,FL,32826,2023-04-06,Yes,SMS,Referral,<$50K
C003255,CL010,Grace Allen,Gainesville,FL,34962,2022-06-14,No,SMS,Walk-In,<$50K
C003256,CL008,Noah Roberts,Palm Coast,FL,33748,2020-02-29,No,Phone,Community Event,$100K-$149K
C003257,CL005,Jessica Hill,Newberry,FL,33827,2018-09-30,No,SMS,Walk-In,$50K-$74K
C003258,CL005,Charlotte Mitchell,Alachua,FL,34669,2018-11-27,Yes,SMS,Community Event,$75K-$99K
C003259,CL007,Henry Hall,Fort Myers,FL,34736,2020-03-16,No,SMS,Existing Client,$150K+
C003260,CL004,Grace Rivera,Fort Myers,FL,32385,2018-07-08,No,Phone,Existing Client,$50K-$74K
C003261,CL002,Evelyn Martinez,Clearwater,FL,33432,2021-08-06,Yes,SMS,Referral,$100K-$149K
C003262,CL005,Mia White,St. Petersburg,FL,33628,2018-01-21,Yes,SMS,Social Media,$50K-$74K
C003263,CL011,Lauren Moore,Clearwater,FL,32345,2021-09-09,No,SMS,Community Event,<$50K
C003264,CL004,Sofia Allen,Orlando,FL,33013,2020-07-08,Yes,SMS,Community Event,$150K+
C003265,CL010,David Hall,Newberry,FL,33727,2018-12-11,Yes,SMS,Walk-In,$75K-$99K
C003266,CL008,Audrey Anderson,Ocala,FL,33289,2023-05-22,Yes,Email,Referral,$50K-$74K
C003267,CL009,Jack Martinez,Ocala,FL,34584,2019-08-03,Yes,Phone,Walk-In,$50K-$74K
C003268,CL011,Emily Torres,Boca Raton,FL,33995,2021-09-12,No,SMS,Google Search,$75K-$99K
C003269,CL004,Lucas Vilaihong,Clearwater,FL,34544,2022-10-01,Yes,Phone,Referral,$75K-$99K
C003270,CL001,Harper Nguyen,Tampa,FL,32715,2023-05-22,Yes,SMS,Referral,$50K-$74K
C003271,CL002,Kevin Hernandez,Alachua,FL,33410,2023-08-04,Yes,Email,Referral,$50K-$74K
C003272,CL005,Nick Wright,Orlando,FL,34594,2018-03-21,Yes,Phone,Social Media,$50K-$74K
C003273,CL004,Grace Thomas,Clearwater,FL,32568,2022-03-20,Yes,SMS,Community Event,$50K-$74K
C003274,CL010,Harper Lee,Tallahassee,FL,33399,2020-11-26,No,SMS,Walk-In,$50K-$74K
C003275,CL008,David Rodriguez,Tallahassee,FL,33612,2023-03-29,Yes,Phone,Google Search,$100K-$149K
C003276,CL011,Audrey Nguyen,Newberry,FL,33744,2022-11-30,Yes,SMS,Social Media,$150K+
C003277,CL005,Mia Johnson,Sarasota,FL,34647,2023-05-08,No,Phone,Existing Client,$75K-$99K
C003278,CL010,Henry White,Pensacola,FL,34909,2022-02-11,Yes,Email,Walk-In,$100K-$149K
C003279,CL006,Liam Johnson,Newberry,FL,33485,2018-01-27,Yes,SMS,Walk-In,$75K-$99K
C003280,CL012,Jack Wright,Boca Raton,FL,32356,2020-03-19,Yes,Email,Social Media,$150K+
C003281,CL012,Ashley Torres,Orlando,FL,33829,2022-06-18,No,Email,Walk-In,$50K-$74K
C003282,CL010,Ryan Adams,Orlando,FL,32549,2020-09-08,Yes,Phone,Walk-In,$75K-$99K
C003283,CL005,Jack Baker,Boca Raton,FL,32694,2018-11-16,Yes,Email,Social Media,<$50K
C003284,CL011,Lucas Sanchez,Boca Raton,FL,34937,2020-06-14,No,Phone,Referral,<$50K
C003285,CL012,James Lewis,Lake City,FL,34128,2023-01-08,No,Email,Google Search,$75K-$99K
C003286,CL006,James Carter,Sarasota,FL,34853,2020-05-18,Yes,SMS,Social Media,$100K-$149K
C003287,CL012,Sarah Gonzalez,Naples,FL,33029,2023-08-13,Yes,Phone,Existing Client,<$50K
C003288,CL002,Chloe Thomas,Tallahassee,FL,32776,2019-06-05,Yes,Phone,Social Media,$75K-$99K
C003289,CL011,Amelia Martin,Sarasota,FL,32380,2022-05-10,No,Phone,Walk-In,<$50K
C003290,CL012,Charlotte Scott,Miami,FL,32654,2021-09-01,Yes,Phone,Community Event,$100K-$149K
C003291,CL010,Jason Anderson,Tampa,FL,32782,2021-01-04,Yes,Phone,Referral,$100K-$149K
C003292,CL008,Charlotte Gonzalez,Tampa,FL,33811,2023-03-05,No,Phone,Google Search,$150K+
C003293,CL010,Henry Wilson,Gainesville,FL,33900,2019-01-23,Yes,SMS,Walk-In,$50K-$74K
C003294,CL007,Mason Clark,Delray Beach,FL,32300,2018-06-27,Yes,Phone,Google Search,$150K+
C003295,CL008,Rachel Clark,Miami,FL,33452,2021-05-01,Yes,SMS,Social Media,$150K+
C003296,CL002,Amanda Lewis,Pensacola,FL,33535,2023-03-28,No,SMS,Social Media,$100K-$149K
C003297,CL007,Ella Sanchez,Fort Myers,FL,33480,2021-08-07,Yes,SMS,Community Event,$100K-$149K
C003298,CL004,Elijah Lee,Jacksonville,FL,33005,2020-08-08,Yes,SMS,Google Search,$100K-$149K
C003299,CL009,Ava Gonzalez,Clearwater,FL,32062,2022-02-16,Yes,SMS,Existing Client,$150K+
C003300,CL006,Logan Johnson,Lakeland,FL,32572,2023-02-06,Yes,Phone,Community Event,$50K-$74K
C003301,CL012,David Davis,Gainesville,FL,33617,2021-01-14,No,SMS,Walk-In,$75K-$99K
C003302,CL005,Sarah Taylor,Orlando,FL,33906,2022-06-18,Yes,Phone,Referral,$100K-$149K
C003303,CL005,Luna Baker,Palm Coast,FL,33997,2019-11-04,No,Phone,Google Search,$75K-$99K
C003304,CL002,Noah Martinez,Naples,FL,34661,2021-07-20,Yes,Email,Existing Client,<$50K
C003305,CL008,Sofia Hill,Fort Myers,FL,33143,2020-01-18,Yes,SMS,Google Search,$150K+
C003306,CL009,Lucas Hall,Lake City,FL,34880,2020-12-22,Yes,SMS,Referral,$100K-$149K
C003307,CL012,Evelyn Vilaihong,Boca Raton,FL,32084,2022-03-31,Yes,Email,Referral,$50K-$74K
C003308,CL007,Emma Lewis,St. Petersburg,FL,32059,2021-12-04,No,SMS,Google Search,$50K-$74K
C003309,CL003,Jason Ramirez,Palm Coast,FL,32894,2018-11-26,Yes,Email,Google Search,$50K-$74K
C003310,CL001,Audrey Wilson,Palm Coast,FL,33664,2021-07-01,Yes,Email,Community Event,<$50K
C003311,CL008,David Martinez,Delray Beach,FL,34750,2021-07-25,No,SMS,Existing Client,$75K-$99K
C003312,CL007,Elijah Martinez,Tampa,FL,34438,2023-06-06,Yes,SMS,Referral,$100K-$149K
C003313,CL003,Jessica Gonzalez,Alachua,FL,34686,2019-08-18,Yes,Email,Google Search,$100K-$149K
C003314,CL007,Jason Nguyen,Clearwater,FL,34539,2021-08-27,Yes,SMS,Community Event,$75K-$99K
C003315,CL003,Elijah Wright,Lakeland,FL,34055,2020-10-05,Yes,SMS,Google Search,$75K-$99K
C003316,CL002,Benjamin Gonzalez,Lake City,FL,33661,2019-07-07,Yes,Email,Social Media,$50K-$74K
C003317,CL006,Benjamin Baker,Lake City,FL,33015,2019-07-27,Yes,SMS,Walk-In,$50K-$74K
C003318,CL002,Lauren Wilson,Lake City,FL,32515,2019-12-21,Yes,Email,Google Search,$50K-$74K
C003319,CL009,Sophia Thompson,Gainesville,FL,32549,2023-04-14,No,SMS,Community Event,$100K-$149K
C003320,CL005,Sarah Brown,Naples,FL,33602,2022-07-12,Yes,SMS,Google Search,$150K+
C003321,CL009,Camila Jones,St. Petersburg,FL,33024,2020-12-31,No,SMS,Google Search,$150K+
C003322,CL011,Lauren Martinez,St. Petersburg,FL,32804,2021-12-29,Yes,SMS,Referral,$50K-$74K
C003323,CL011,Luna Smith,Ocala,FL,34017,2023-02-28,No,Email,Referral,$50K-$74K
C003324,CL005,Emma Sanchez,Jacksonville,FL,33524,2021-06-18,No,SMS,Walk-In,<$50K
C003325,CL012,Emma Adams,Tallahassee,FL,32613,2022-11-26,Yes,Email,Social Media,<$50K
C003326,CL001,Noah Lee,Tallahassee,FL,32335,2022-10-20,Yes,SMS,Walk-In,$75K-$99K
C003327,CL010,Noah Lewis,Boca Raton,FL,33528,2023-08-06,Yes,SMS,Google Search,$75K-$99K
C003328,CL005,Michael Harris,Pensacola,FL,33836,2022-03-16,Yes,SMS,Walk-In,$75K-$99K
C003329,CL003,Amanda Vilaihong,Clearwater,FL,33599,2021-01-12,Yes,SMS,Community Event,$150K+
C003330,CL009,Isabella Anderson,Clearwater,FL,33538,2018-05-04,No,SMS,Community Event,$100K-$149K
C003331,CL001,Lauren King,Tampa,FL,33441,2019-11-30,Yes,SMS,Referral,$150K+
C003332,CL008,Sofia White,Tallahassee,FL,34965,2021-06-09,Yes,Phone,Community Event,$100K-$149K
C003333,CL001,Amelia Jackson,Lakeland,FL,33815,2022-01-27,Yes,Email,Social Media,$100K-$149K
C003334,CL010,Olivia Davis,Orlando,FL,34058,2019-07-18,Yes,Email,Community Event,$150K+
C003335,CL010,Grace Baker,Delray Beach,FL,33848,2018-04-19,Yes,SMS,Existing Client,$150K+
C003336,CL005,Camila Rivera,Tallahassee,FL,34350,2019-09-21,No,SMS,Google Search,$150K+
C003337,CL007,Grace Hall,Naples,FL,34691,2023-02-08,Yes,SMS,Social Media,$150K+
C003338,CL011,Evelyn Vilaihong,Naples,FL,32725,2022-02-22,No,SMS,Google Search,$100K-$149K
C003339,CL001,Evelyn Rivera,St. Petersburg,FL,32941,2022-08-24,Yes,SMS,Social Media,$100K-$149K
C003340,CL004,Ethan Nelson,Newberry,FL,32207,2023-05-12,Yes,SMS,Existing Client,$100K-$149K
C003341,CL009,Emily Lopez,Tallahassee,FL,33002,2019-06-06,Yes,Phone,Walk-In,$100K-$149K
C003342,CL010,Jack White,Alachua,FL,34366,2020-08-23,Yes,SMS,Walk-In,$75K-$99K
C003343,CL007,David Clark,Tallahassee,FL,34811,2023-10-28,No,Email,Referral,<$50K
C003344,CL010,Nick Nelson,Delray Beach,FL,33886,2019-02-10,Yes,Email,Existing Client,$150K+
C003345,CL005,Amanda Rivera,Orlando,FL,34136,2022-02-25,Yes,Email,Google Search,<$50K
C003346,CL008,Evelyn Jackson,Jacksonville,FL,32061,2023-01-10,No,Phone,Existing Client,$50K-$74K
C003347,CL002,Elijah Garcia,St. Petersburg,FL,33359,2019-08-05,No,Phone,Walk-In,$100K-$149K
C003348,CL004,Daniel Rodriguez,Tallahassee,FL,33891,2020-12-23,No,Email,Walk-In,<$50K
C003349,CL012,Logan Smith,Clearwater,FL,32993,2023-06-08,No,SMS,Existing Client,$75K-$99K
C003350,CL007,Lauren Baker,Sarasota,FL,33049,2018-07-19,Yes,Phone,Existing Client,$50K-$74K
C003351,CL008,Megan Hernandez,Clearwater,FL,33345,2019-09-23,Yes,SMS,Social Media,$150K+
C003352,CL011,Sarah Davis,Tallahassee,FL,32592,2023-12-04,Yes,SMS,Community Event,<$50K
C003353,CL004,Mia Rodriguez,Lakeland,FL,32031,2020-02-21,Yes,Phone,Google Search,$100K-$149K
C003354,CL005,Sarah Flores,Orlando,FL,32185,2022-03-05,No,SMS,Existing Client,$150K+
C003355,CL007,Audrey Thompson,Orlando,FL,34165,2018-08-11,Yes,SMS,Walk-In,$75K-$99K
C003356,CL001,Ashley Nelson,Gainesville,FL,34234,2018-11-05,Yes,SMS,Google Search,$150K+
C003357,CL012,Amanda Vilaihong,St. Petersburg,FL,34500,2022-07-25,Yes,SMS,Google Search,$75K-$99K
C003358,CL005,Emma Rodriguez,Fort Myers,FL,33057,2023-11-06,Yes,Email,Social Media,$150K+
C003359,CL011,Mia Nelson,Sarasota,FL,34626,2020-03-03,No,SMS,Social Media,$50K-$74K
C003360,CL012,James Green,Sarasota,FL,32505,2018-04-30,Yes,SMS,Walk-In,$75K-$99K
C003361,CL010,Benjamin Martin,Pensacola,FL,32531,2023-03-31,Yes,SMS,Community Event,$75K-$99K
C003362,CL005,Olivia Wilson,Delray Beach,FL,33367,2022-03-04,No,Phone,Referral,$150K+
C003363,CL012,Elijah Nguyen,Lake City,FL,34224,2018-02-01,Yes,Email,Community Event,$100K-$149K
C003364,CL007,Daniel Smith,Pensacola,FL,33069,2018-01-08,Yes,Email,Walk-In,$75K-$99K
C003365,CL009,Ryan Smith,Miami,FL,33235,2023-12-18,No,Phone,Referral,$100K-$149K
C003366,CL011,Sophia Nguyen,Lake City,FL,33802,2020-01-14,Yes,Phone,Referral,$100K-$149K
C003367,CL001,Michael Garcia,Newberry,FL,34821,2022-09-21,Yes,SMS,Walk-In,$75K-$99K
C003368,CL005,Rachel Walker,Newberry,FL,33122,2023-07-26,No,Phone,Existing Client,$100K-$149K
C003369,CL001,Amanda Flores,Delray Beach,FL,32725,2023-02-13,Yes,Phone,Google Search,<$50K
C003370,CL012,Noah Wright,St. Petersburg,FL,33802,2023-11-08,Yes,Phone,Google Search,<$50K
C003371,CL009,Sofia Smith,Miami,FL,33185,2022-09-19,No,SMS,Social Media,<$50K
C003372,CL009,Chloe Johnson,Lakeland,FL,32858,2019-05-22,No,SMS,Community Event,$75K-$99K
C003373,CL007,Elijah Hall,Alachua,FL,33244,2021-11-28,No,Email,Google Search,<$50K
C003374,CL002,Emma Vilaihong,Clearwater,FL,33942,2020-05-08,No,Email,Community Event,$75K-$99K
C003375,CL012,Daniel Flores,Tallahassee,FL,32923,2020-12-14,Yes,Phone,Community Event,<$50K
C003376,CL003,Emma Vilaihong,Naples,FL,34438,2018-11-05,Yes,Email,Existing Client,$100K-$149K
C003377,CL012,Ella Robinson,Sarasota,FL,33954,2018-02-25,No,Email,Social Media,$100K-$149K
C003378,CL004,Michael Taylor,Ocala,FL,34285,2022-06-30,No,Phone,Community Event,<$50K
C003379,CL002,Daniel Martinez,Gainesville,FL,34294,2018-01-14,No,SMS,Walk-In,$100K-$149K
C003380,CL003,Jack Smith,Tampa,FL,32214,2020-06-10,No,SMS,Social Media,$75K-$99K
C003381,CL001,Isabella Wright,Tampa,FL,34197,2022-11-25,Yes,SMS,Google Search,$100K-$149K
C003382,CL008,Isabella Jones,Tallahassee,FL,32711,2019-12-29,Yes,SMS,Google Search,<$50K
C003383,CL001,Chloe Hill,Fort Myers,FL,34490,2021-09-03,No,Phone,Social Media,$150K+
C003384,CL004,Ryan Harris,Delray Beach,FL,33721,2021-01-16,No,Email,Social Media,$150K+
C003385,CL006,Megan Smith,Pensacola,FL,34658,2021-10-22,Yes,SMS,Referral,$75K-$99K
C003386,CL009,Charlotte Perez,Palm Coast,FL,34568,2023-06-05,Yes,SMS,Walk-In,$100K-$149K
C003387,CL012,Olivia Rodriguez,Newberry,FL,34194,2019-05-14,No,SMS,Existing Client,$150K+
C003388,CL009,Luna King,St. Petersburg,FL,33909,2021-10-31,Yes,Email,Walk-In,$75K-$99K
C003389,CL009,Henry Clark,Lake City,FL,33973,2020-03-10,Yes,SMS,Community Event,$50K-$74K
C003390,CL005,Luna Adams,Newberry,FL,32916,2018-08-24,Yes,SMS,Community Event,<$50K
C003391,CL010,Liam Taylor,St. Petersburg,FL,33284,2022-03-12,Yes,SMS,Existing Client,$150K+
C003392,CL012,Michael Jackson,Lake City,FL,32873,2018-04-23,Yes,SMS,Social Media,$100K-$149K
C003393,CL007,James Moore,Alachua,FL,34929,2018-07-29,Yes,SMS,Referral,$50K-$74K
C003394,CL003,Nick Moore,Lakeland,FL,33016,2019-04-13,Yes,Email,Community Event,<$50K
C003395,CL006,Elijah Davis,Miami,FL,32140,2021-01-17,No,SMS,Referral,<$50K
C003396,CL001,Chloe Campbell,Boca Raton,FL,32562,2023-02-16,No,SMS,Social Media,<$50K
C003397,CL011,Logan Williams,Pensacola,FL,32992,2022-07-31,Yes,Phone,Community Event,$150K+
C003398,CL006,Lucas Gonzalez,St. Petersburg,FL,32317,2022-09-16,Yes,Phone,Community Event,$50K-$74K
C003399,CL009,Lauren Perez,Tallahassee,FL,32462,2022-01-31,No,SMS,Walk-In,$100K-$149K
C003400,CL007,Sofia King,Tampa,FL,34199,2020-08-12,Yes,SMS,Community Event,$50K-$74K
C003401,CL010,Mia Clark,Jacksonville,FL,32620,2021-05-24,Yes,Email,Social Media,$50K-$74K
C003402,CL011,Liam Hall,Fort Myers,FL,32269,2021-04-06,Yes,SMS,Referral,$75K-$99K
C003403,CL005,Olivia Clark,Jacksonville,FL,32681,2023-07-12,Yes,Phone,Referral,$150K+
C003404,CL003,Evelyn Taylor,Palm Coast,FL,32037,2020-03-24,Yes,Phone,Existing Client,$100K-$149K
C003405,CL012,Henry Jackson,Fort Myers,FL,34284,2023-12-16,No,SMS,Referral,<$50K
C003406,CL010,Harper Brown,Ocala,FL,32787,2018-07-09,No,Phone,Google Search,$100K-$149K
C003407,CL005,Isabella Lee,Alachua,FL,33163,2022-07-10,Yes,Phone,Existing Client,$50K-$74K
C003408,CL011,Lauren Lewis,Boca Raton,FL,34220,2023-06-30,Yes,SMS,Existing Client,$50K-$74K
C003409,CL010,Olivia Anderson,Jacksonville,FL,33334,2019-03-09,No,SMS,Community Event,$100K-$149K
C003410,CL003,Sophia Green,Tampa,FL,32646,2018-09-10,Yes,Email,Community Event,$150K+
C003411,CL002,Luna Clark,Orlando,FL,34931,2020-11-22,Yes,Phone,Existing Client,$150K+
C003412,CL010,Mason Gonzalez,Boca Raton,FL,33731,2018-04-05,Yes,SMS,Social Media,$150K+
C003413,CL011,Ryan Robinson,Alachua,FL,32859,2019-09-06,Yes,Phone,Walk-In,$50K-$74K
C003414,CL003,David Martin,Clearwater,FL,32439,2022-03-26,No,SMS,Google Search,$50K-$74K
C003415,CL012,Harper Wilson,Delray Beach,FL,33811,2019-08-10,No,Phone,Walk-In,$150K+
C003416,CL004,Grace Baker,Naples,FL,32602,2021-02-23,No,Phone,Google Search,$100K-$149K
C003417,CL006,Chloe Baker,Fort Myers,FL,32518,2020-10-15,No,SMS,Walk-In,<$50K
C003418,CL012,Camila Jones,Sarasota,FL,34591,2018-07-26,Yes,Email,Community Event,$50K-$74K
C003419,CL003,Benjamin Adams,Sarasota,FL,34845,2020-01-30,Yes,Phone,Community Event,<$50K
C003420,CL007,Nick Smith,Clearwater,FL,32197,2020-12-13,Yes,SMS,Google Search,<$50K
C003421,CL005,Jack Jones,Ocala,FL,33412,2021-11-07,Yes,SMS,Community Event,$100K-$149K
C003422,CL011,Emily Wilson,Lakeland,FL,32236,2019-07-02,Yes,Phone,Walk-In,$75K-$99K
C003423,CL005,Jessica Garcia,Boca Raton,FL,32957,2018-01-17,No,Phone,Community Event,$75K-$99K
C003424,CL002,Mateo Wilson,Palm Coast,FL,34806,2022-08-10,Yes,Email,Existing Client,$50K-$74K
C003425,CL006,David Miller,Boca Raton,FL,34891,2018-01-10,Yes,SMS,Google Search,$75K-$99K
C003426,CL008,Harper Carter,Clearwater,FL,34474,2022-09-19,Yes,Phone,Social Media,$75K-$99K
C003427,CL011,Mateo Wright,Fort Myers,FL,34702,2019-08-17,Yes,SMS,Existing Client,$100K-$149K
C003428,CL004,Rachel Hernandez,Ocala,FL,33537,2018-01-19,Yes,Phone,Social Media,$50K-$74K
C003429,CL007,Michael Wilson,Lakeland,FL,32625,2021-11-26,No,Email,Community Event,$50K-$74K
C003430,CL012,Emma Thomas,Alachua,FL,32209,2020-03-10,Yes,SMS,Existing Client,$100K-$149K
C003431,CL010,Rachel Johnson,Tampa,FL,32917,2020-02-01,Yes,SMS,Referral,$75K-$99K
C003432,CL004,Ashley Smith,Pensacola,FL,32829,2019-04-07,Yes,SMS,Referral,$75K-$99K
C003433,CL012,Charlotte Taylor,Ocala,FL,33669,2021-05-31,Yes,SMS,Community Event,<$50K
C003434,CL002,Ella Scott,Boca Raton,FL,32361,2019-12-06,Yes,SMS,Community Event,$50K-$74K
C003435,CL011,Camila Thompson,Lake City,FL,33857,2019-05-21,Yes,Email,Google Search,$150K+
C003436,CL007,Ashley Rivera,Naples,FL,32634,2022-09-14,Yes,SMS,Community Event,<$50K
C003437,CL003,Camila Sanchez,Pensacola,FL,34406,2022-03-09,No,SMS,Google Search,$100K-$149K
C003438,CL005,Harper Scott,Lakeland,FL,33085,2019-08-25,Yes,SMS,Social Media,<$50K
C003439,CL008,Elijah Campbell,Pensacola,FL,34926,2018-04-29,Yes,SMS,Google Search,<$50K
C003440,CL004,David Harris,Tallahassee,FL,34287,2023-12-03,No,SMS,Community Event,$50K-$74K
C003441,CL012,Camila Harris,Fort Myers,FL,33056,2018-08-07,No,SMS,Social Media,$100K-$149K
C003442,CL002,Amelia Wilson,Lake City,FL,34361,2018-01-22,No,Phone,Google Search,$75K-$99K
C003443,CL001,Olivia Ramirez,Gainesville,FL,33300,2018-10-02,No,Phone,Community Event,$150K+
C003444,CL011,Mason Campbell,Pensacola,FL,33005,2022-08-12,No,SMS,Referral,$75K-$99K
C003445,CL010,Charlotte Green,Tampa,FL,34737,2022-10-24,Yes,Phone,Google Search,$50K-$74K
C003446,CL009,Emma Hernandez,Jacksonville,FL,33563,2020-08-03,No,Phone,Social Media,<$50K
C003447,CL007,Sofia Miller,Tallahassee,FL,33031,2019-07-21,No,Email,Community Event,$75K-$99K
C003448,CL010,Sofia Wilson,Pensacola,FL,34637,2023-03-29,Yes,Email,Walk-In,<$50K
C003449,CL012,Benjamin Wilson,Fort Myers,FL,33830,2019-07-23,No,SMS,Google Search,$75K-$99K
C003450,CL001,Lauren Jones,St. Petersburg,FL,33228,2021-03-12,No,Phone,Referral,$50K-$74K
C003451,CL005,Evelyn Lee,Boca Raton,FL,34744,2022-08-30,Yes,SMS,Referral,<$50K
C003452,CL006,Ava Perez,Clearwater,FL,33315,2019-01-21,Yes,Email,Community Event,$100K-$149K
C003453,CL005,Jack Wilson,Sarasota,FL,32620,2018-01-02,Yes,Email,Social Media,$50K-$74K
C003454,CL011,Ethan Lewis,Jacksonville,FL,34433,2023-10-23,Yes,SMS,Referral,$50K-$74K
C003455,CL003,Jessica Vilaihong,St. Petersburg,FL,34169,2020-01-20,Yes,Phone,Existing Client,$100K-$149K
C003456,CL010,Olivia Hall,Boca Raton,FL,34478,2021-11-30,No,SMS,Referral,$75K-$99K
C003457,CL002,Chloe Johnson,Tampa,FL,34564,2019-02-04,Yes,SMS,Community Event,$50K-$74K
C003458,CL004,Camila Anderson,Orlando,FL,34948,2020-02-28,Yes,SMS,Walk-In,<$50K
C003459,CL011,Robert Mitchell,Sarasota,FL,32149,2022-01-12,No,Email,Google Search,$150K+
C003460,CL009,Megan Williams,Alachua,FL,33497,2019-02-22,No,SMS,Walk-In,$50K-$74K
C003461,CL006,Jessica Harris,Gainesville,FL,33239,2018-12-29,Yes,SMS,Walk-In,$100K-$149K
C003462,CL012,Rachel Wright,Newberry,FL,34142,2022-11-04,Yes,Phone,Existing Client,<$50K
C003463,CL004,Lauren Hill,Lake City,FL,32017,2022-09-22,No,SMS,Referral,$75K-$99K
C003464,CL005,Elijah Perez,St. Petersburg,FL,34008,2022-06-09,Yes,Phone,Walk-In,<$50K
C003465,CL009,Lauren Young,Miami,FL,32210,2019-02-12,Yes,Phone,Existing Client,$75K-$99K
C003466,CL004,Mateo Rivera,Lake City,FL,32769,2023-10-29,Yes,SMS,Referral,$100K-$149K
C003467,CL005,Amelia Jackson,Naples,FL,34804,2023-06-30,Yes,SMS,Social Media,<$50K
C003468,CL010,Daniel King,Alachua,FL,34400,2018-12-23,Yes,Email,Social Media,$100K-$149K
C003469,CL011,Daniel Walker,Pensacola,FL,33817,2022-07-10,Yes,Email,Google Search,$50K-$74K
C003470,CL012,Logan White,Newberry,FL,32971,2017-12-30,Yes,SMS,Referral,$150K+
C003471,CL011,Isabella Campbell,Palm Coast,FL,33567,2021-05-18,Yes,Email,Google Search,<$50K
C003472,CL006,Isabella Walker,Newberry,FL,32344,2021-09-12,Yes,Phone,Walk-In,$100K-$149K
C003473,CL006,Amanda Rivera,Sarasota,FL,33731,2018-05-01,Yes,Phone,Walk-In,<$50K
C003474,CL006,Michael Davis,St. Petersburg,FL,32326,2019-12-30,No,SMS,Google Search,<$50K
C003475,CL011,Liam Hall,Clearwater,FL,34713,2018-05-12,Yes,Phone,Walk-In,$150K+
C003476,CL004,Chloe Johnson,Tallahassee,FL,32016,2023-07-14,Yes,SMS,Existing Client,$100K-$149K
C003477,CL001,Kevin Sanchez,Gainesville,FL,33621,2020-10-14,Yes,Phone,Community Event,<$50K
C003478,CL004,Jessica Miller,Sarasota,FL,33127,2021-06-05,Yes,SMS,Social Media,<$50K
C003479,CL002,Ava Roberts,Gainesville,FL,34173,2023-11-29,Yes,Email,Social Media,$75K-$99K
C003480,CL007,David Perez,Palm Coast,FL,34609,2023-12-14,Yes,SMS,Existing Client,$75K-$99K
C003481,CL012,Evelyn Ramirez,Jacksonville,FL,34443,2023-12-04,Yes,SMS,Google Search,$100K-$149K
C003482,CL009,Ethan Hernandez,Newberry,FL,33016,2023-01-03,Yes,Email,Referral,$50K-$74K
C003483,CL003,Logan Thomas,Ocala,FL,34186,2018-10-20,Yes,Email,Google Search,$75K-$99K
C003484,CL010,Olivia Wright,Sarasota,FL,33580,2020-04-16,Yes,SMS,Referral,$75K-$99K
C003485,CL001,Sofia Lewis,St. Petersburg,FL,34820,2022-07-08,No,Phone,Existing Client,$150K+
C003486,CL011,Amelia Thomas,Lake City,FL,33033,2023-07-13,No,SMS,Social Media,<$50K
C003487,CL003,Emma Robinson,Boca Raton,FL,34088,2019-01-04,No,SMS,Social Media,$50K-$74K
C003488,CL007,Rachel Young,St. Petersburg,FL,33790,2019-12-18,No,Email,Walk-In,<$50K
C003489,CL001,Sarah Adams,Tallahassee,FL,32763,2019-01-06,Yes,Email,Social Media,$150K+
C003490,CL005,Camila Brown,Alachua,FL,33912,2018-06-02,Yes,Email,Walk-In,$75K-$99K
C003491,CL007,Ryan Clark,Palm Coast,FL,34538,2023-04-27,No,Phone,Referral,$150K+
C003492,CL009,Mia Rivera,Tampa,FL,32936,2022-01-20,No,Phone,Community Event,$75K-$99K
C003493,CL003,Ethan Williams,Alachua,FL,33152,2018-05-15,Yes,SMS,Existing Client,$75K-$99K
C003494,CL011,Camila Sanchez,Alachua,FL,34587,2022-03-17,Yes,Email,Google Search,$100K-$149K
C003495,CL007,Jackson Torres,Jacksonville,FL,34692,2020-03-24,Yes,SMS,Community Event,<$50K
C003496,CL009,Emma Hill,Pensacola,FL,33357,2022-11-06,Yes,Email,Existing Client,$50K-$74K
C003497,CL012,Elijah Scott,Orlando,FL,33152,2020-12-20,Yes,Phone,Existing Client,<$50K
C003498,CL006,Mason Lewis,Clearwater,FL,32858,2018-04-26,Yes,Email,Google Search,$100K-$149K
C003499,CL002,Ethan Nelson,Boca Raton,FL,32237,2019-11-14,Yes,Email,Walk-In,$75K-$99K
C003500,CL009,Kevin Ramirez,Ocala,FL,34593,2020-01-01,Yes,Phone,Community Event,$75K-$99K
C003501,CL012,Henry Flores,Palm Coast,FL,32873,2018-02-05,No,SMS,Existing Client,$150K+
C003502,CL008,Michael Johnson,Clearwater,FL,34927,2022-05-03,Yes,SMS,Existing Client,$100K-$149K
C003503,CL011,Luna Moore,Newberry,FL,33606,2019-01-22,Yes,Phone,Referral,$100K-$149K
C003504,CL008,Jack Campbell,Tallahassee,FL,33399,2021-10-05,No,Phone,Google Search,$150K+
C003505,CL007,Noah Lee,Tampa,FL,32897,2022-05-06,No,SMS,Community Event,$100K-$149K
C003506,CL006,Megan Anderson,Tampa,FL,32536,2018-07-04,Yes,Phone,Social Media,$75K-$99K
C003507,CL005,Luna Carter,Tallahassee,FL,34282,2019-04-02,No,Email,Existing Client,$150K+
C003508,CL005,Ella Rodriguez,Naples,FL,34051,2019-06-12,Yes,SMS,Community Event,$150K+
C003509,CL001,Mason Ramirez,Fort Myers,FL,33428,2022-11-07,No,Email,Existing Client,$50K-$74K
C003510,CL002,Rachel Miller,Orlando,FL,32151,2020-03-16,No,SMS,Google Search,$100K-$149K
C003511,CL003,Noah Perez,St. Petersburg,FL,34666,2022-12-16,Yes,Phone,Social Media,$75K-$99K
C003512,CL004,Benjamin White,Jacksonville,FL,32237,2020-06-24,Yes,SMS,Existing Client,$75K-$99K
C003513,CL002,Ethan Robinson,Alachua,FL,34488,2020-07-24,Yes,Email,Social Media,$50K-$74K
C003514,CL005,Sarah Taylor,Tampa,FL,34916,2021-01-30,No,SMS,Referral,$100K-$149K
C003515,CL007,Michael Wilson,Alachua,FL,32461,2020-08-02,Yes,Phone,Referral,$75K-$99K
C003516,CL010,Rachel Gonzalez,Newberry,FL,33876,2022-03-09,Yes,SMS,Social Media,$150K+
C003517,CL004,Luna Clark,Naples,FL,34577,2020-04-13,Yes,Phone,Social Media,$100K-$149K
C003518,CL005,Amelia Green,St. Petersburg,FL,34049,2021-10-17,Yes,Phone,Social Media,$50K-$74K
C003519,CL010,Mateo King,Tallahassee,FL,33353,2023-10-10,Yes,SMS,Google Search,$75K-$99K
C003520,CL006,Rachel Garcia,Tallahassee,FL,34177,2022-06-19,No,Phone,Referral,$150K+
C003521,CL007,David Baker,Miami,FL,34274,2023-09-27,No,SMS,Google Search,$100K-$149K
C003522,CL005,Liam White,Alachua,FL,33225,2019-06-14,Yes,Email,Google Search,<$50K
C003523,CL002,Ava Ramirez,Naples,FL,33609,2018-03-31,Yes,Phone,Referral,<$50K
C003524,CL001,Charlotte Clark,St. Petersburg,FL,33853,2018-04-09,No,Phone,Community Event,$75K-$99K
C003525,CL004,Olivia Campbell,Ocala,FL,34684,2021-10-18,Yes,SMS,Existing Client,<$50K
C003526,CL012,James Hill,Pensacola,FL,32422,2023-11-22,No,Phone,Community Event,$50K-$74K
C003527,CL006,Isabella Anderson,Orlando,FL,34980,2022-04-19,Yes,SMS,Walk-In,$75K-$99K
C003528,CL009,Ava Lee,Boca Raton,FL,32551,2023-06-28,Yes,Phone,Google Search,<$50K
C003529,CL001,Sophia Robinson,Lakeland,FL,33917,2021-05-18,No,Phone,Existing Client,$150K+
C003530,CL007,Mason Hernandez,Tallahassee,FL,32719,2019-05-24,No,Email,Google Search,$150K+
C003531,CL001,Benjamin Scott,Fort Myers,FL,33937,2018-07-10,Yes,SMS,Existing Client,$150K+
C003532,CL002,Grace Taylor,Delray Beach,FL,33878,2023-02-25,Yes,Email,Existing Client,$100K-$149K
C003533,CL002,Camila Torres,Sarasota,FL,34417,2022-10-02,Yes,Phone,Social Media,$50K-$74K
C003534,CL010,Daniel Robinson,Orlando,FL,32943,2021-12-26,No,Phone,Existing Client,$100K-$149K
C003535,CL011,Mateo Martin,Lakeland,FL,32388,2020-12-21,Yes,Email,Referral,<$50K
C003536,CL002,Amanda Rivera,Ocala,FL,33335,2023-12-28,Yes,SMS,Walk-In,$150K+
C003537,CL010,Emily Brown,Clearwater,FL,33826,2019-11-26,Yes,SMS,Google Search,$100K-$149K
C003538,CL007,Ryan Scott,Gainesville,FL,32500,2020-12-10,Yes,Email,Google Search,$75K-$99K
C003539,CL005,Amanda Perez,Lakeland,FL,33848,2022-01-08,Yes,Phone,Google Search,$50K-$74K
C003540,CL004,Sarah White,Newberry,FL,32474,2021-02-28,No,Phone,Walk-In,$100K-$149K
C003541,CL012,Sophia Lewis,Tallahassee,FL,34539,2020-02-26,Yes,SMS,Google Search,$75K-$99K
C003542,CL001,Chloe Anderson,Pensacola,FL,34638,2019-08-09,Yes,Email,Existing Client,$100K-$149K
C003543,CL004,Emily Vilaihong,Pensacola,FL,34025,2018-06-30,No,SMS,Google Search,$75K-$99K
C003544,CL001,Henry Lee,Miami,FL,32481,2018-11-29,No,Email,Existing Client,$75K-$99K
C003545,CL010,Sophia Moore,Gainesville,FL,32143,2019-05-31,Yes,Email,Referral,$150K+
C003546,CL011,Luna Gonzalez,Palm Coast,FL,33027,2018-11-28,No,SMS,Social Media,$50K-$74K
C003547,CL004,Michael Jackson,Clearwater,FL,34354,2022-02-27,No,Phone,Walk-In,$150K+
C003548,CL009,Ashley Jones,Lake City,FL,33755,2023-11-21,Yes,Phone,Community Event,<$50K
C003549,CL005,Harper Garcia,Newberry,FL,33673,2019-02-23,No,SMS,Social Media,$100K-$149K
C003550,CL004,Charlotte Mitchell,Pensacola,FL,33681,2020-03-13,Yes,SMS,Referral,<$50K
C003551,CL006,Amanda Davis,Orlando,FL,33716,2018-10-22,Yes,SMS,Community Event,$50K-$74K
C003552,CL002,Sophia Smith,Fort Myers,FL,33605,2023-01-15,Yes,Phone,Walk-In,$50K-$74K
C003553,CL009,Evelyn Perez,Palm Coast,FL,32493,2022-03-06,Yes,SMS,Social Media,$100K-$149K
C003554,CL010,Nick Lewis,Tallahassee,FL,34635,2020-11-22,Yes,SMS,Community Event,<$50K
C003555,CL005,Henry Green,Alachua,FL,33619,2019-05-21,Yes,Email,Social Media,$75K-$99K
C003556,CL001,Jackson Smith,Lakeland,FL,33931,2023-11-28,Yes,Phone,Social Media,<$50K
C003557,CL012,David Roberts,Fort Myers,FL,34442,2018-07-17,Yes,Email,Community Event,$50K-$74K
C003558,CL012,David Adams,Lakeland,FL,33241,2022-04-16,No,Email,Google Search,$50K-$74K
C003559,CL006,Rachel Moore,Lake City,FL,32410,2021-10-30,Yes,SMS,Referral,$150K+
C003560,CL008,Kevin Martin,Delray Beach,FL,33470,2019-11-01,Yes,Email,Existing Client,$75K-$99K
C003561,CL001,Camila Johnson,St. Petersburg,FL,33051,2020-10-21,Yes,SMS,Social Media,$150K+
C003562,CL004,Benjamin Allen,Newberry,FL,33308,2021-07-14,Yes,Phone,Referral,$150K+
C003563,CL012,Amanda Mitchell,Orlando,FL,34462,2022-05-01,No,Phone,Referral,$100K-$149K
C003564,CL007,Jackson Miller,Palm Coast,FL,32370,2022-07-05,Yes,SMS,Google Search,$100K-$149K
C003565,CL007,Liam Taylor,Pensacola,FL,32160,2019-06-29,No,SMS,Existing Client,$75K-$99K
C003566,CL008,Michael Martin,Palm Coast,FL,34679,2018-01-01,Yes,Phone,Google Search,$75K-$99K
C003567,CL004,Ella Rodriguez,Jacksonville,FL,32063,2020-12-10,Yes,SMS,Walk-In,$75K-$99K
C003568,CL003,Chloe Lewis,Clearwater,FL,34589,2022-01-29,Yes,SMS,Community Event,<$50K
C003569,CL004,Logan Rodriguez,Alachua,FL,34010,2021-10-14,No,SMS,Referral,<$50K
C003570,CL005,Camila Thompson,Lake City,FL,33834,2022-04-21,Yes,Phone,Walk-In,$50K-$74K
C003571,CL011,Mia Jones,Miami,FL,34258,2020-04-10,Yes,Phone,Community Event,$150K+
C003572,CL006,David Hernandez,Newberry,FL,33756,2020-05-09,Yes,Phone,Walk-In,$75K-$99K
C003573,CL011,Amanda Hernandez,Miami,FL,33196,2019-05-06,Yes,Phone,Walk-In,<$50K
C003574,CL012,Ava Ramirez,Tampa,FL,33819,2020-02-21,No,Email,Google Search,$150K+
C003575,CL005,Amanda Roberts,Tampa,FL,33850,2019-02-08,Yes,SMS,Community Event,$75K-$99K
C003576,CL008,Lucas Green,Miami,FL,33540,2022-02-21,Yes,Email,Existing Client,$50K-$74K
C003577,CL008,Sofia Clark,Lake City,FL,32678,2021-12-03,Yes,SMS,Google Search,$100K-$149K
C003578,CL010,Sofia Flores,Fort Myers,FL,32394,2021-09-18,No,Phone,Social Media,$150K+
C003579,CL010,Mia Wilson,Alachua,FL,32966,2023-10-16,Yes,SMS,Social Media,$100K-$149K
C003580,CL007,Sophia Anderson,Gainesville,FL,34001,2021-08-22,No,SMS,Referral,$50K-$74K
C003581,CL004,Emily Roberts,St. Petersburg,FL,33387,2022-04-28,Yes,SMS,Walk-In,$75K-$99K
C003582,CL009,Charlotte Moore,Tampa,FL,34168,2022-08-06,No,SMS,Social Media,$50K-$74K
C003583,CL012,Daniel Brown,Clearwater,FL,34986,2018-01-04,No,Email,Walk-In,$100K-$149K
C003584,CL006,Logan Nguyen,Miami,FL,32380,2021-12-02,Yes,SMS,Social Media,<$50K
C003585,CL010,David Wilson,Lake City,FL,34424,2020-08-18,Yes,SMS,Social Media,$150K+
C003586,CL002,Robert Lee,Palm Coast,FL,33729,2018-12-03,Yes,SMS,Existing Client,$50K-$74K
C003587,CL010,Lucas Thomas,Lake City,FL,33571,2019-07-18,No,Email,Community Event,$75K-$99K
C003588,CL009,Lucas Wright,Tallahassee,FL,32230,2021-05-24,Yes,SMS,Referral,$100K-$149K
C003589,CL004,Harper Lopez,Alachua,FL,34570,2019-12-13,Yes,SMS,Referral,$75K-$99K
C003590,CL011,Mateo Hall,Jacksonville,FL,34948,2018-06-25,Yes,Email,Google Search,$50K-$74K
C003591,CL012,Lucas Brown,Naples,FL,33963,2018-01-08,Yes,SMS,Community Event,$150K+
C003592,CL011,Jason Lewis,Clearwater,FL,33239,2020-08-19,No,Email,Walk-In,$50K-$74K
C003593,CL012,Mason Garcia,Ocala,FL,32268,2023-02-12,Yes,SMS,Social Media,$50K-$74K
C003594,CL005,Mia Johnson,Delray Beach,FL,34171,2018-03-14,Yes,Email,Google Search,<$50K
C003595,CL002,Ashley Lewis,Fort Myers,FL,33068,2021-04-19,Yes,SMS,Google Search,$100K-$149K
C003596,CL001,Benjamin White,Tallahassee,FL,33413,2023-03-15,No,Email,Community Event,$50K-$74K
C003597,CL008,Robert Miller,St. Petersburg,FL,33119,2020-11-30,Yes,Phone,Walk-In,$75K-$99K
C003598,CL010,Michael Robinson,Delray Beach,FL,33655,2019-08-10,Yes,Email,Google Search,<$50K
C003599,CL008,Ella Harris,Jacksonville,FL,33608,2019-01-20,Yes,SMS,Referral,$50K-$74K
C003600,CL010,Megan Hill,Lakeland,FL,32417,2019-05-18,Yes,Email,Referral,$50K-$74K
C003601,CL008,Amanda Hall,Sarasota,FL,34484,2020-10-03,Yes,Email,Google Search,$75K-$99K
C003602,CL012,Audrey Brown,Boca Raton,FL,33375,2018-02-01,Yes,Phone,Google Search,$150K+
C003603,CL004,Robert Thompson,Palm Coast,FL,33394,2020-08-06,No,SMS,Walk-In,$50K-$74K
C003604,CL012,Lauren Hernandez,Lakeland,FL,32526,2021-03-29,No,Phone,Social Media,<$50K
C003605,CL011,Ella Vilaihong,Clearwater,FL,33896,2020-10-05,Yes,Phone,Google Search,$100K-$149K
C003606,CL011,Lauren Taylor,Lake City,FL,33469,2023-05-10,No,SMS,Social Media,$50K-$74K
C003607,CL008,Sophia Moore,Newberry,FL,34753,2018-03-01,Yes,SMS,Google Search,$100K-$149K
C003608,CL011,Jack Young,Clearwater,FL,33280,2023-02-01,Yes,Phone,Walk-In,<$50K
C003609,CL012,Benjamin Davis,Alachua,FL,34763,2023-10-08,No,Email,Social Media,$50K-$74K
C003610,CL008,Megan Roberts,Delray Beach,FL,32090,2021-04-08,No,SMS,Existing Client,$150K+
C003611,CL005,Mason Garcia,Jacksonville,FL,33545,2020-06-07,Yes,SMS,Existing Client,$100K-$149K
C003612,CL011,James Carter,Newberry,FL,32900,2019-12-06,Yes,SMS,Existing Client,<$50K
C003613,CL001,Sophia Miller,Ocala,FL,34134,2020-07-23,Yes,SMS,Community Event,$100K-$149K
C003614,CL002,David Wilson,St. Petersburg,FL,33394,2019-04-14,No,Email,Referral,<$50K
C003615,CL011,Luna Carter,Naples,FL,32740,2021-10-31,No,SMS,Community Event,$50K-$74K
C003616,CL010,Megan Walker,Fort Myers,FL,32341,2023-05-11,Yes,Phone,Existing Client,<$50K
C003617,CL009,Amelia Rodriguez,Fort Myers,FL,33123,2020-02-05,Yes,SMS,Referral,<$50K
C003618,CL002,Emma Harris,Boca Raton,FL,33799,2022-10-12,Yes,Phone,Social Media,$75K-$99K
C003619,CL010,Jack Robinson,Fort Myers,FL,32722,2023-11-05,Yes,Email,Existing Client,$100K-$149K
C003620,CL005,Jack Nelson,Lake City,FL,33342,2022-10-01,Yes,Email,Walk-In,$100K-$149K
C003621,CL001,Logan Miller,Miami,FL,34360,2020-05-09,Yes,SMS,Walk-In,$75K-$99K
C003622,CL010,Daniel Torres,Miami,FL,34319,2019-10-19,Yes,Email,Social Media,$100K-$149K
C003623,CL002,Grace Jackson,Delray Beach,FL,32571,2019-05-07,Yes,SMS,Google Search,<$50K
C003624,CL002,Lauren Johnson,Clearwater,FL,32709,2020-10-02,Yes,Phone,Community Event,$100K-$149K
C003625,CL010,Kevin Nelson,Fort Myers,FL,34585,2019-05-30,No,Phone,Existing Client,$50K-$74K
C003626,CL011,Benjamin Wilson,St. Petersburg,FL,34004,2020-05-15,No,SMS,Walk-In,<$50K
C003627,CL005,Ava Rivera,Delray Beach,FL,34081,2022-11-02,Yes,Email,Referral,$150K+
C003628,CL007,Noah Scott,St. Petersburg,FL,32891,2019-08-30,Yes,SMS,Existing Client,$150K+
C003629,CL006,Ashley Young,Lakeland,FL,32149,2021-04-04,Yes,Email,Google Search,$50K-$74K
C003630,CL012,Emily Vilaihong,Tallahassee,FL,32042,2021-12-16,Yes,Phone,Referral,$100K-$149K
C003631,CL009,Sofia Anderson,Gainesville,FL,34939,2023-05-18,Yes,SMS,Community Event,$75K-$99K
C003632,CL012,Olivia Mitchell,Sarasota,FL,34712,2021-02-11,Yes,Email,Social Media,$150K+
C003633,CL007,Audrey Martin,Miami,FL,32564,2020-07-28,Yes,SMS,Google Search,$150K+
C003634,CL006,Olivia Thomas,Jacksonville,FL,32302,2019-06-27,No,SMS,Existing Client,$75K-$99K
C003635,CL002,Isabella Johnson,Clearwater,FL,34793,2023-12-08,Yes,Email,Social Media,$150K+
C003636,CL003,Mateo Thompson,Ocala,FL,34072,2019-03-13,Yes,Phone,Walk-In,$150K+
C003637,CL011,Jessica Walker,Gainesville,FL,32202,2019-04-24,No,Phone,Existing Client,$150K+
C003638,CL012,Lauren Lopez,Jacksonville,FL,33333,2019-07-30,Yes,SMS,Community Event,$75K-$99K
C003639,CL001,Emma Wilson,Tallahassee,FL,34441,2018-09-07,No,SMS,Walk-In,$50K-$74K
C003640,CL006,Chloe Clark,Clearwater,FL,32276,2021-04-30,Yes,Email,Community Event,$50K-$74K
C003641,CL006,Logan Johnson,Pensacola,FL,32011,2023-11-27,Yes,Phone,Community Event,$75K-$99K
C003642,CL001,Lauren Torres,Gainesville,FL,34938,2022-11-27,Yes,Email,Referral,$75K-$99K
C003643,CL009,Evelyn Clark,Ocala,FL,34182,2018-10-07,Yes,Email,Google Search,$150K+
C003644,CL003,Lauren Miller,Sarasota,FL,32631,2023-05-04,Yes,Email,Google Search,$100K-$149K
C003645,CL009,Ashley Moore,Jacksonville,FL,32455,2020-10-23,Yes,SMS,Community Event,$75K-$99K
C003646,CL004,Jackson White,Ocala,FL,32604,2021-07-22,No,SMS,Community Event,$75K-$99K
C003647,CL010,Lauren Johnson,Delray Beach,FL,33643,2023-01-10,No,SMS,Google Search,$100K-$149K
C003648,CL001,Jason Harris,Newberry,FL,32836,2023-01-04,Yes,SMS,Community Event,<$50K
C003649,CL011,Luna Lewis,Pensacola,FL,32616,2021-07-04,Yes,Email,Google Search,$75K-$99K
C003650,CL011,James Johnson,Palm Coast,FL,33194,2023-04-16,Yes,SMS,Referral,$50K-$74K
C003651,CL005,Benjamin Nguyen,Jacksonville,FL,32113,2019-12-14,No,SMS,Walk-In,$150K+
C003652,CL003,Kevin Martinez,Naples,FL,34452,2021-02-02,No,SMS,Existing Client,$50K-$74K
C003653,CL012,Benjamin Gonzalez,Lakeland,FL,32077,2020-08-29,Yes,SMS,Social Media,$75K-$99K
C003654,CL001,Sarah Torres,Palm Coast,FL,33582,2018-12-21,Yes,SMS,Referral,<$50K
C003655,CL008,Elijah Allen,Pensacola,FL,32689,2022-02-18,Yes,SMS,Existing Client,$75K-$99K
C003656,CL010,Isabella Nguyen,Alachua,FL,34916,2021-09-27,No,Phone,Existing Client,<$50K
C003657,CL005,Michael Flores,Lakeland,FL,34280,2021-11-03,No,SMS,Referral,$100K-$149K
C003658,CL011,Camila Thompson,St. Petersburg,FL,33358,2020-02-12,Yes,Email,Google Search,$75K-$99K
C003659,CL012,Mia Mitchell,Alachua,FL,33947,2020-02-12,No,SMS,Social Media,$75K-$99K
C003660,CL001,Emma Nguyen,Jacksonville,FL,33450,2023-03-31,Yes,SMS,Social Media,$50K-$74K
C003661,CL004,Elijah Hill,Sarasota,FL,34285,2018-12-24,No,Email,Google Search,<$50K
C003662,CL004,Sofia Martinez,Clearwater,FL,34904,2021-06-25,Yes,Email,Existing Client,$50K-$74K
C003663,CL009,Lauren Carter,Orlando,FL,33516,2022-03-05,Yes,Email,Referral,$100K-$149K
C003664,CL008,Amanda Mitchell,St. Petersburg,FL,32149,2020-09-27,Yes,Email,Existing Client,$150K+
C003665,CL002,Amelia Williams,Naples,FL,33014,2021-07-21,Yes,SMS,Walk-In,$100K-$149K
C003666,CL011,Mateo Nguyen,Ocala,FL,34784,2021-05-31,Yes,SMS,Community Event,$75K-$99K
C003667,CL004,Mason Lewis,Delray Beach,FL,34856,2019-09-19,Yes,Email,Existing Client,$150K+
C003668,CL001,Rachel Roberts,Jacksonville,FL,32171,2018-07-05,Yes,SMS,Walk-In,$100K-$149K
C003669,CL009,Charlotte Rivera,Tampa,FL,34347,2022-01-11,Yes,Phone,Existing Client,$75K-$99K
C003670,CL003,Jack Hill,Jacksonville,FL,32829,2020-09-18,Yes,Email,Google Search,$100K-$149K
C003671,CL006,Henry Ramirez,Ocala,FL,34047,2018-05-30,Yes,Phone,Social Media,$50K-$74K
C003672,CL005,Amelia Harris,Newberry,FL,34684,2020-07-04,No,SMS,Walk-In,$50K-$74K
C003673,CL003,Amanda Ramirez,Orlando,FL,32660,2021-07-21,Yes,Email,Referral,$150K+
C003674,CL002,David King,Delray Beach,FL,32625,2023-05-07,No,Phone,Google Search,<$50K
C003675,CL006,Amanda Lewis,Pensacola,FL,34850,2020-01-29,No,Email,Google Search,$75K-$99K
C003676,CL005,Rachel Brown,Gainesville,FL,32584,2021-02-19,Yes,SMS,Referral,$150K+
C003677,CL008,Sophia Anderson,Tampa,FL,33806,2019-09-17,Yes,Phone,Community Event,$75K-$99K
C003678,CL009,Jason Perez,Ocala,FL,32359,2021-01-02,Yes,Email,Referral,$75K-$99K
C003679,CL012,Ryan Lopez,Palm Coast,FL,33257,2019-08-18,No,Phone,Walk-In,$100K-$149K
C003680,CL001,Ethan Brown,Pensacola,FL,32854,2018-06-11,Yes,SMS,Existing Client,$100K-$149K
C003681,CL007,Grace Lee,Ocala,FL,33773,2019-02-21,Yes,SMS,Google Search,$100K-$149K
C003682,CL005,Robert Lopez,Fort Myers,FL,32269,2022-08-24,No,Email,Walk-In,$75K-$99K
C003683,CL007,Megan Gonzalez,Orlando,FL,32910,2019-03-20,No,Phone,Community Event,$50K-$74K
C003684,CL005,Sofia Nguyen,Lake City,FL,32087,2022-05-01,Yes,SMS,Existing Client,$50K-$74K
C003685,CL008,Michael Lopez,St. Petersburg,FL,34184,2023-04-19,Yes,SMS,Referral,$75K-$99K
C003686,CL002,Amelia Jones,Sarasota,FL,32876,2022-07-31,No,Phone,Referral,$75K-$99K
C003687,CL003,Emily Nguyen,Sarasota,FL,34527,2018-11-11,Yes,SMS,Existing Client,<$50K
C003688,CL006,Lucas Nguyen,Tallahassee,FL,33122,2023-08-18,Yes,Email,Community Event,$100K-$149K
C003689,CL011,Emma Ramirez,Naples,FL,34473,2018-11-18,Yes,Email,Social Media,<$50K
C003690,CL003,Audrey Sanchez,Alachua,FL,33043,2023-07-24,Yes,Email,Community Event,<$50K
C003691,CL005,Emily Lewis,Fort Myers,FL,32863,2018-06-11,Yes,Email,Community Event,$75K-$99K
C003692,CL007,Ashley White,Tampa,FL,34000,2023-06-05,No,Email,Community Event,$75K-$99K
C003693,CL006,Mateo Sanchez,Orlando,FL,32153,2022-08-30,Yes,Phone,Social Media,$100K-$149K
C003694,CL012,Harper Campbell,Ocala,FL,32700,2021-03-20,Yes,SMS,Google Search,$50K-$74K
C003695,CL003,Camila Jones,Sarasota,FL,34691,2021-12-21,No,Email,Community Event,$50K-$74K
C003696,CL010,Mia Lewis,Miami,FL,33332,2022-02-06,Yes,Phone,Google Search,$50K-$74K
C003697,CL006,Nick Campbell,Naples,FL,32715,2021-11-30,No,SMS,Existing Client,$150K+
C003698,CL001,Jason Hall,Sarasota,FL,33094,2023-12-17,Yes,SMS,Community Event,$150K+
C003699,CL009,Ella Lopez,Fort Myers,FL,33720,2023-01-09,No,SMS,Social Media,<$50K
C003700,CL011,Nick Campbell,Ocala,FL,34869,2018-05-21,No,Phone,Referral,$100K-$149K
C003701,CL008,David Thomas,Sarasota,FL,32545,2021-09-02,Yes,Phone,Community Event,<$50K
C003702,CL011,Ashley Davis,Lake City,FL,32550,2021-11-29,No,SMS,Existing Client,$75K-$99K
C003703,CL001,Sarah Williams,Ocala,FL,32978,2021-02-05,Yes,SMS,Social Media,<$50K
C003704,CL002,Ethan Perez,Sarasota,FL,32512,2020-04-05,Yes,Email,Social Media,$50K-$74K
C003705,CL001,Megan Campbell,Delray Beach,FL,34313,2019-02-26,No,SMS,Referral,$50K-$74K
C003706,CL008,Ethan Moore,Newberry,FL,33735,2022-12-16,Yes,Phone,Community Event,$50K-$74K
C003707,CL003,Harper Allen,Sarasota,FL,32975,2020-07-19,Yes,Email,Community Event,$75K-$99K
C003708,CL010,Ashley Young,Newberry,FL,33883,2018-02-04,No,Phone,Existing Client,$50K-$74K
C003709,CL001,Logan Nguyen,Ocala,FL,34635,2022-03-29,No,SMS,Walk-In,$100K-$149K
C003710,CL005,Harper Rodriguez,Jacksonville,FL,34211,2020-07-04,Yes,SMS,Referral,$75K-$99K
C003711,CL007,Henry Roberts,Sarasota,FL,32037,2020-02-06,No,Phone,Google Search,$50K-$74K
C003712,CL012,Sofia Hernandez,Miami,FL,33678,2018-11-28,Yes,SMS,Community Event,$150K+
C003713,CL006,Emily Harris,Boca Raton,FL,32021,2018-11-22,Yes,SMS,Google Search,<$50K
C003714,CL001,Lucas Roberts,Delray Beach,FL,33810,2021-08-22,Yes,SMS,Google Search,$50K-$74K
C003715,CL010,Mason Hernandez,Sarasota,FL,34180,2019-04-02,Yes,Email,Community Event,$150K+
C003716,CL006,Daniel Lewis,St. Petersburg,FL,34333,2023-02-06,Yes,SMS,Social Media,$100K-$149K
C003717,CL001,Luna Lopez,Clearwater,FL,32246,2020-06-08,Yes,Phone,Existing Client,<$50K
C003718,CL007,Ashley Wright,Orlando,FL,34957,2020-03-18,Yes,Phone,Existing Client,$50K-$74K
C003719,CL001,Ella Sanchez,Fort Myers,FL,33857,2019-12-02,No,SMS,Community Event,$100K-$149K
C003720,CL002,Isabella Martinez,Orlando,FL,33657,2018-07-28,No,Email,Social Media,$100K-$149K
C003721,CL007,Jack Perez,Delray Beach,FL,34800,2021-06-21,No,SMS,Google Search,$75K-$99K
C003722,CL007,Sarah Walker,Naples,FL,33158,2020-01-14,No,SMS,Social Media,<$50K
C003723,CL011,Nick Thomas,Delray Beach,FL,33024,2019-06-19,Yes,Phone,Walk-In,<$50K
C003724,CL004,Liam Mitchell,Gainesville,FL,32568,2020-09-26,Yes,Phone,Walk-In,$150K+
C003725,CL010,Olivia Brown,Lakeland,FL,33918,2022-04-06,Yes,SMS,Walk-In,$100K-$149K
C003726,CL002,Henry Thomas,Orlando,FL,34025,2018-10-19,No,SMS,Existing Client,$150K+
C003727,CL001,Harper Wilson,Lake City,FL,32116,2018-03-22,No,SMS,Walk-In,$50K-$74K
C003728,CL007,Noah Anderson,Fort Myers,FL,33503,2018-05-12,No,SMS,Community Event,$150K+
C003729,CL005,Nick White,Tallahassee,FL,32577,2023-03-20,Yes,SMS,Referral,$150K+
C003730,CL004,Emma Anderson,Pensacola,FL,32104,2020-07-23,No,SMS,Existing Client,$75K-$99K
C003731,CL011,Ethan Hall,Clearwater,FL,32419,2023-07-08,Yes,Phone,Google Search,<$50K
C003732,CL012,James Clark,Gainesville,FL,32548,2022-10-20,Yes,Phone,Walk-In,$75K-$99K
C003733,CL006,Camila Carter,Jacksonville,FL,32340,2023-01-13,No,SMS,Community Event,<$50K
C003734,CL006,Evelyn Flores,Alachua,FL,34820,2022-07-05,Yes,Email,Social Media,$100K-$149K
C003735,CL006,Ryan Young,Newberry,FL,33936,2023-11-22,Yes,Phone,Existing Client,$75K-$99K
C003736,CL012,Emma Nguyen,Miami,FL,32808,2017-12-30,Yes,Phone,Social Media,$100K-$149K
C003737,CL005,Ava Mitchell,Lake City,FL,34264,2022-09-04,Yes,SMS,Existing Client,$50K-$74K
C003738,CL011,Daniel Green,Tallahassee,FL,33875,2019-09-11,Yes,SMS,Existing Client,$100K-$149K
C003739,CL003,Robert Smith,Orlando,FL,33724,2022-10-14,No,Phone,Existing Client,$150K+
C003740,CL002,Evelyn Harris,Fort Myers,FL,34185,2022-07-29,Yes,SMS,Existing Client,$100K-$149K
C003741,CL001,Camila Wilson,Orlando,FL,32519,2023-04-07,Yes,Phone,Community Event,$75K-$99K
C003742,CL005,Mia Taylor,Orlando,FL,33988,2021-03-28,No,Phone,Google Search,$100K-$149K
C003743,CL003,Sarah Gonzalez,Gainesville,FL,34357,2020-09-07,Yes,Email,Existing Client,$150K+
C003744,CL005,Audrey Lopez,Delray Beach,FL,33730,2020-08-04,Yes,Phone,Existing Client,$50K-$74K
C003745,CL003,Jason Vilaihong,Gainesville,FL,34183,2020-10-15,Yes,SMS,Community Event,$100K-$149K
C003746,CL001,Ava Rodriguez,Ocala,FL,33868,2020-09-26,No,Phone,Google Search,$75K-$99K
C003747,CL001,Noah Miller,Ocala,FL,32408,2020-11-24,Yes,Phone,Existing Client,$75K-$99K
C003748,CL012,Liam White,Delray Beach,FL,34781,2019-10-20,Yes,SMS,Community Event,$75K-$99K
C003749,CL007,Daniel Hernandez,Palm Coast,FL,34784,2022-10-26,No,SMS,Social Media,$150K+
C003750,CL011,Elijah Hall,Tampa,FL,33462,2020-02-24,Yes,SMS,Google Search,$100K-$149K
C003751,CL005,Mason Green,Fort Myers,FL,34748,2019-06-17,Yes,Phone,Social Media,$100K-$149K
C003752,CL012,Grace Williams,Lakeland,FL,33652,2023-12-27,No,SMS,Community Event,$150K+
C003753,CL004,Chloe Mitchell,Sarasota,FL,34092,2021-05-21,Yes,SMS,Google Search,<$50K
C003754,CL008,Michael Moore,Jacksonville,FL,32879,2022-02-06,No,SMS,Google Search,$150K+
C003755,CL002,Lauren Scott,Naples,FL,34777,2021-12-31,Yes,Phone,Community Event,<$50K
C003756,CL012,Benjamin Baker,Alachua,FL,34299,2021-04-09,Yes,Email,Existing Client,<$50K
C003757,CL001,Emily Perez,Pensacola,FL,33353,2018-09-03,Yes,SMS,Community Event,<$50K
C003758,CL008,David Ramirez,Alachua,FL,34689,2020-03-04,No,Email,Google Search,$50K-$74K
C003759,CL003,James Garcia,Lake City,FL,32305,2023-10-31,Yes,SMS,Google Search,$75K-$99K
C003760,CL009,Emma Walker,St. Petersburg,FL,34567,2022-12-15,Yes,SMS,Community Event,$50K-$74K
C003761,CL006,Jason Perez,Naples,FL,34378,2021-01-01,Yes,SMS,Walk-In,$50K-$74K
C003762,CL004,James Miller,Delray Beach,FL,33110,2023-05-25,No,Phone,Referral,$75K-$99K
C003763,CL012,Noah Harris,Tampa,FL,33871,2021-09-29,Yes,Phone,Referral,$100K-$149K
C003764,CL002,Grace Brown,Tampa,FL,33568,2019-07-06,No,SMS,Referral,$150K+
C003765,CL001,Charlotte Miller,Newberry,FL,34820,2020-12-26,Yes,Email,Social Media,$100K-$149K
C003766,CL008,Audrey Walker,Miami,FL,32467,2020-08-08,No,SMS,Existing Client,$50K-$74K
C003767,CL007,Liam Miller,Clearwater,FL,32305,2018-12-19,No,SMS,Referral,$50K-$74K
C003768,CL008,Jason Sanchez,Palm Coast,FL,32082,2021-11-11,Yes,SMS,Walk-In,$100K-$149K
C003769,CL005,Robert Smith,Palm Coast,FL,33917,2019-01-02,Yes,SMS,Referral,$75K-$99K
C003770,CL009,David Jones,Delray Beach,FL,32573,2019-07-28,Yes,Email,Referral,$150K+
C003771,CL006,Mia Martin,Alachua,FL,34811,2022-12-02,No,Phone,Community Event,$75K-$99K
C003772,CL009,Mateo Sanchez,Tampa,FL,32136,2019-02-14,Yes,Phone,Google Search,$75K-$99K
C003773,CL004,Grace Davis,Palm Coast,FL,34131,2022-02-07,Yes,Email,Google Search,$150K+
C003774,CL008,Kevin Allen,Miami,FL,32661,2018-11-19,No,SMS,Referral,$75K-$99K
C003775,CL002,Robert Martin,St. Petersburg,FL,32319,2020-10-22,No,Phone,Walk-In,$150K+
C003776,CL005,Olivia Moore,Naples,FL,33152,2019-09-03,No,SMS,Referral,<$50K
C003777,CL012,Sophia Nelson,Alachua,FL,34714,2022-07-03,Yes,Email,Referral,$150K+
C003778,CL007,David Moore,Newberry,FL,34079,2022-06-09,Yes,SMS,Community Event,<$50K
C003779,CL007,Nick Wilson,Palm Coast,FL,33937,2023-12-08,No,Email,Social Media,$100K-$149K
C003780,CL009,David Robinson,Orlando,FL,33030,2022-07-28,Yes,Phone,Social Media,<$50K
C003781,CL008,Sofia Brown,Naples,FL,34061,2020-09-07,No,SMS,Google Search,<$50K
C003782,CL004,Daniel Adams,Miami,FL,33070,2022-08-09,Yes,SMS,Social Media,$150K+
C003783,CL003,Sarah Sanchez,St. Petersburg,FL,34449,2021-09-10,Yes,SMS,Walk-In,<$50K
C003784,CL006,Luna Hernandez,Jacksonville,FL,34054,2023-01-14,Yes,Email,Walk-In,<$50K
C003785,CL003,Mateo Hernandez,Clearwater,FL,32525,2022-04-02,No,Email,Social Media,$50K-$74K
C003786,CL009,Ashley Johnson,Ocala,FL,32778,2019-02-10,Yes,Phone,Community Event,$100K-$149K
C003787,CL012,Lauren Thompson,Delray Beach,FL,32011,2019-05-01,Yes,SMS,Referral,<$50K
C003788,CL003,Mia Nguyen,Jacksonville,FL,33553,2022-11-03,No,SMS,Google Search,$150K+
C003789,CL011,Daniel Anderson,Pensacola,FL,32277,2022-12-22,Yes,SMS,Walk-In,$150K+
C003790,CL009,Mia Taylor,Pensacola,FL,34566,2022-04-17,No,Email,Google Search,<$50K
C003791,CL008,Isabella Garcia,Pensacola,FL,34131,2020-03-31,Yes,Phone,Existing Client,$100K-$149K
C003792,CL009,Sophia Mitchell,Naples,FL,33155,2021-01-04,No,Email,Social Media,$50K-$74K
C003793,CL007,Luna Johnson,Newberry,FL,33417,2021-07-24,No,SMS,Google Search,$150K+
C003794,CL007,Jack Jones,Tallahassee,FL,32760,2019-11-21,No,Email,Walk-In,$100K-$149K
C003795,CL007,Henry Green,Jacksonville,FL,34140,2019-07-24,No,Email,Referral,$150K+
C003796,CL008,Evelyn Gonzalez,Lake City,FL,32496,2021-01-18,Yes,SMS,Community Event,$150K+
C003797,CL005,Daniel Garcia,Lakeland,FL,34728,2018-10-16,No,Phone,Walk-In,<$50K
C003798,CL007,Ella Mitchell,St. Petersburg,FL,34073,2023-10-31,Yes,SMS,Existing Client,<$50K
C003799,CL007,Emily Moore,Alachua,FL,33448,2019-11-24,No,Phone,Walk-In,$75K-$99K
C003800,CL012,Amanda Campbell,Tallahassee,FL,33816,2022-06-30,No,SMS,Google Search,<$50K
C003801,CL011,James Nelson,St. Petersburg,FL,34435,2019-05-10,Yes,Email,Existing Client,<$50K
C003802,CL011,Camila Flores,Lakeland,FL,34359,2019-03-26,Yes,SMS,Google Search,$75K-$99K
C003803,CL002,Rachel Young,Orlando,FL,33725,2019-09-20,Yes,SMS,Existing Client,$150K+
C003804,CL010,Isabella Brown,Ocala,FL,34754,2022-10-14,No,SMS,Referral,$150K+
C003805,CL004,Liam Hall,Miami,FL,33506,2023-12-01,Yes,Phone,Walk-In,$100K-$149K
C003806,CL012,Sarah Smith,Ocala,FL,32467,2021-10-11,Yes,SMS,Referral,$75K-$99K
C003807,CL009,Logan Flores,Tampa,FL,34788,2020-07-25,Yes,SMS,Community Event,$50K-$74K
C003808,CL012,Ava Allen,St. Petersburg,FL,34025,2020-11-29,Yes,Phone,Existing Client,$75K-$99K
C003809,CL003,Ella Roberts,Clearwater,FL,34889,2023-02-03,Yes,Phone,Community Event,<$50K
C003810,CL010,Liam Adams,Delray Beach,FL,34139,2018-02-06,Yes,Phone,Google Search,$150K+
C003811,CL009,Amanda Scott,Delray Beach,FL,32241,2019-06-09,Yes,SMS,Google Search,$100K-$149K
C003812,CL007,Luna Sanchez,Tampa,FL,34915,2021-04-11,No,Email,Existing Client,$50K-$74K
C003813,CL009,Henry Gonzalez,Newberry,FL,34742,2019-09-01,No,Email,Referral,$150K+
C003814,CL008,Mia Allen,Orlando,FL,32453,2020-01-03,Yes,Phone,Social Media,$150K+
C003815,CL005,Logan Davis,Tampa,FL,33663,2018-01-12,No,SMS,Google Search,$150K+
C003816,CL007,Emma Wilson,Ocala,FL,34848,2019-06-22,Yes,Phone,Existing Client,$150K+
C003817,CL012,Amelia Miller,Newberry,FL,33362,2021-01-08,Yes,Email,Referral,$150K+
C003818,CL004,Mateo Martinez,Clearwater,FL,32698,2022-03-30,Yes,SMS,Walk-In,$100K-$149K
C003819,CL008,Ava Jackson,Jacksonville,FL,34553,2020-11-18,Yes,Email,Walk-In,$100K-$149K
C003820,CL004,Sarah Allen,Orlando,FL,34314,2023-07-03,Yes,SMS,Community Event,<$50K
C003821,CL003,Evelyn Lee,Gainesville,FL,32230,2022-08-02,Yes,Email,Community Event,<$50K
C003822,CL011,Emily Robinson,Alachua,FL,32151,2020-09-17,No,Email,Social Media,$100K-$149K
C003823,CL003,Lucas Adams,Tallahassee,FL,33274,2019-03-17,No,Email,Social Media,$75K-$99K
C003824,CL010,Evelyn Nguyen,Boca Raton,FL,33808,2022-10-05,Yes,SMS,Community Event,$150K+
C003825,CL006,Jack Lee,Sarasota,FL,33203,2018-08-31,Yes,Email,Walk-In,$50K-$74K
C003826,CL006,Emily King,Ocala,FL,32905,2023-03-09,Yes,SMS,Social Media,<$50K
C003827,CL011,Emily Thompson,Delray Beach,FL,34941,2021-07-01,Yes,SMS,Walk-In,$100K-$149K
C003828,CL008,Chloe Green,Tampa,FL,32580,2022-07-15,Yes,Phone,Google Search,$150K+
C003829,CL004,Ryan Williams,Tallahassee,FL,34333,2023-04-05,Yes,Email,Community Event,$75K-$99K
C003830,CL006,Amanda Clark,Newberry,FL,34637,2022-10-23,No,Email,Community Event,$100K-$149K
C003831,CL006,Rachel Robinson,Gainesville,FL,33452,2019-05-11,Yes,Phone,Google Search,$50K-$74K
C003832,CL009,Lucas Allen,Boca Raton,FL,34143,2019-02-20,No,SMS,Referral,$50K-$74K
C003833,CL006,Chloe Martinez,Orlando,FL,33952,2018-04-05,No,Phone,Referral,<$50K
C003834,CL003,Henry Hall,Clearwater,FL,34200,2023-06-11,Yes,SMS,Walk-In,$75K-$99K
C003835,CL006,Megan Rivera,Jacksonville,FL,32477,2022-01-31,Yes,SMS,Existing Client,$75K-$99K
C003836,CL001,Lucas Martinez,Clearwater,FL,33096,2019-04-14,No,SMS,Existing Client,$150K+
C003837,CL007,Elijah Martin,Sarasota,FL,33225,2019-12-24,Yes,SMS,Walk-In,$100K-$149K
C003838,CL009,Mia Clark,Pensacola,FL,32160,2019-01-02,No,Phone,Social Media,$150K+
C003839,CL008,Camila Sanchez,Alachua,FL,34993,2020-05-14,Yes,SMS,Walk-In,$150K+
C003840,CL008,Emily Thompson,Jacksonville,FL,33475,2020-11-29,No,SMS,Google Search,$50K-$74K
C003841,CL008,Robert Williams,Delray Beach,FL,33809,2022-08-01,No,Phone,Walk-In,$100K-$149K
C003842,CL010,Amanda Miller,Delray Beach,FL,32018,2022-03-14,No,SMS,Existing Client,$100K-$149K
C003843,CL011,Lucas Lee,Ocala,FL,34800,2020-10-09,No,SMS,Walk-In,$150K+
C003844,CL012,Jackson Flores,Tampa,FL,34577,2020-11-07,Yes,Phone,Existing Client,$150K+
C003845,CL006,Henry Scott,Clearwater,FL,33248,2020-04-24,Yes,SMS,Referral,$75K-$99K
C003846,CL012,Michael Williams,Pensacola,FL,32280,2018-10-03,Yes,Phone,Community Event,$100K-$149K
C003847,CL012,Elijah Sanchez,Palm Coast,FL,33914,2023-08-22,Yes,Phone,Google Search,<$50K
C003848,CL012,Luna Nguyen,Alachua,FL,32866,2023-10-28,Yes,Email,Community Event,$100K-$149K
C003849,CL006,Benjamin Miller,Tampa,FL,34090,2018-11-06,Yes,Email,Referral,<$50K
C003850,CL012,Sofia Harris,Pensacola,FL,33369,2020-06-13,Yes,SMS,Google Search,$100K-$149K
C003851,CL005,Mia Anderson,Fort Myers,FL,32304,2020-05-31,Yes,Phone,Existing Client,<$50K
C003852,CL012,Camila Walker,Delray Beach,FL,32740,2018-02-25,Yes,Phone,Walk-In,$50K-$74K
C003853,CL006,Jackson Hall,Lake City,FL,34633,2020-09-08,Yes,SMS,Social Media,$150K+
C003854,CL005,Ashley Thomas,Lake City,FL,32688,2023-12-20,Yes,SMS,Existing Client,$75K-$99K
C003855,CL006,Lauren Perez,Alachua,FL,34670,2020-11-09,Yes,SMS,Google Search,<$50K
C003856,CL008,Emily Flores,St. Petersburg,FL,33321,2022-05-05,Yes,SMS,Google Search,$100K-$149K
C003857,CL010,Mateo Wilson,Delray Beach,FL,32687,2019-12-16,Yes,SMS,Community Event,$50K-$74K
C003858,CL003,Nick King,Lake City,FL,32404,2023-10-05,Yes,SMS,Walk-In,$50K-$74K
C003859,CL004,Ethan Gonzalez,Jacksonville,FL,34776,2018-12-10,Yes,SMS,Google Search,<$50K
C003860,CL003,Noah Anderson,Tallahassee,FL,34699,2020-10-27,Yes,Email,Community Event,<$50K
C003861,CL001,Daniel Roberts,St. Petersburg,FL,33527,2021-09-12,Yes,SMS,Social Media,$150K+
C003862,CL001,Emily Wilson,Tallahassee,FL,33789,2021-01-07,Yes,Phone,Referral,$75K-$99K
C003863,CL011,Ethan Adams,Lake City,FL,34557,2020-06-08,Yes,Phone,Google Search,$50K-$74K
C003864,CL007,Ethan King,Clearwater,FL,32229,2019-01-23,No,SMS,Existing Client,$150K+
C003865,CL001,Emma Ramirez,Jacksonville,FL,32728,2018-12-19,Yes,SMS,Referral,<$50K
C003866,CL002,Isabella Taylor,Fort Myers,FL,32554,2018-10-22,Yes,Email,Referral,$100K-$149K
C003867,CL011,David Carter,Clearwater,FL,33759,2021-09-12,Yes,Phone,Google Search,<$50K
C003868,CL006,Ethan Flores,Clearwater,FL,32991,2019-04-01,No,Email,Social Media,<$50K
C003869,CL005,Sofia Miller,Gainesville,FL,32931,2023-10-16,Yes,SMS,Google Search,$75K-$99K
C003870,CL001,Evelyn Clark,Delray Beach,FL,32513,2023-06-14,Yes,SMS,Community Event,$100K-$149K
C003871,CL007,Sofia Smith,Delray Beach,FL,32771,2020-06-09,No,Phone,Google Search,$150K+
C003872,CL006,Lucas Rivera,Alachua,FL,32243,2022-07-23,No,SMS,Social Media,$100K-$149K
C003873,CL009,Jack Wilson,Lake City,FL,34018,2022-11-16,No,Phone,Community Event,$150K+
C003874,CL011,Rachel Johnson,Boca Raton,FL,33280,2020-04-20,No,SMS,Google Search,<$50K
C003875,CL006,Grace Scott,Ocala,FL,32440,2022-11-02,Yes,Phone,Referral,<$50K
C003876,CL004,Noah Anderson,Clearwater,FL,33163,2022-07-07,No,Email,Existing Client,$75K-$99K
C003877,CL009,Kevin Green,Newberry,FL,34162,2019-06-17,No,SMS,Existing Client,<$50K
C003878,CL008,Henry Thompson,Fort Myers,FL,34780,2019-03-21,Yes,SMS,Walk-In,$75K-$99K
C003879,CL011,Ryan Smith,Tallahassee,FL,34406,2019-08-20,Yes,SMS,Community Event,$150K+
C003880,CL007,Mateo Nelson,Ocala,FL,33540,2018-01-24,No,Email,Google Search,$75K-$99K
C003881,CL010,Elijah Hernandez,Delray Beach,FL,34001,2017-12-26,No,Phone,Community Event,<$50K
C003882,CL009,Jessica King,Miami,FL,34139,2021-01-15,No,Email,Walk-In,$150K+
C003883,CL004,David Vilaihong,Fort Myers,FL,32061,2021-10-06,No,SMS,Walk-In,$100K-$149K
C003884,CL007,Chloe Campbell,Lakeland,FL,34954,2023-11-12,Yes,SMS,Existing Client,$100K-$149K
C003885,CL010,Henry Davis,Boca Raton,FL,34216,2018-06-01,No,SMS,Community Event,$100K-$149K
C003886,CL003,James Johnson,Delray Beach,FL,33511,2019-02-01,No,Phone,Social Media,$50K-$74K
C003887,CL012,Emma Ramirez,Lakeland,FL,33339,2021-06-07,Yes,SMS,Google Search,$50K-$74K
C003888,CL001,Robert Clark,Boca Raton,FL,33617,2022-09-07,Yes,Phone,Social Media,$100K-$149K
C003889,CL003,Lucas Williams,Delray Beach,FL,33219,2020-09-08,No,Email,Referral,$100K-$149K
C003890,CL001,Emma Ramirez,Lakeland,FL,34786,2023-02-05,Yes,SMS,Existing Client,$50K-$74K
C003891,CL006,Isabella Wright,Ocala,FL,32605,2018-09-12,Yes,Phone,Social Media,$50K-$74K
C003892,CL012,Jason Harris,Fort Myers,FL,32749,2018-08-03,Yes,SMS,Community Event,$150K+
C003893,CL007,Michael Walker,Miami,FL,34932,2020-09-17,Yes,Email,Walk-In,$100K-$149K
C003894,CL006,Jessica Hill,Newberry,FL,34416,2021-06-23,Yes,SMS,Social Media,<$50K
C003895,CL012,Sofia Scott,Newberry,FL,34492,2023-09-14,No,Email,Google Search,$75K-$99K
C003896,CL001,Ella Hernandez,Boca Raton,FL,33346,2022-11-06,Yes,Phone,Google Search,$75K-$99K
C003897,CL002,Michael Brown,Pensacola,FL,32224,2022-06-06,No,SMS,Social Media,$50K-$74K
C003898,CL006,Ryan Vilaihong,St. Petersburg,FL,32709,2021-11-21,Yes,SMS,Walk-In,$150K+
C003899,CL009,Emma Wilson,Orlando,FL,33830,2020-08-27,Yes,Phone,Community Event,$100K-$149K
C003900,CL004,Michael Baker,Lake City,FL,32514,2021-09-15,Yes,Phone,Social Media,$100K-$149K
C003901,CL009,Amelia Vilaihong,Lake City,FL,34699,2021-03-26,Yes,Phone,Referral,$50K-$74K
C003902,CL008,Lauren Carter,Jacksonville,FL,34890,2023-10-07,Yes,Email,Walk-In,<$50K
C003903,CL003,Sarah Moore,Ocala,FL,32464,2019-08-17,Yes,SMS,Referral,$100K-$149K
C003904,CL012,Amanda Baker,Palm Coast,FL,32032,2022-08-03,No,SMS,Google Search,$100K-$149K
C003905,CL005,Jason Clark,Boca Raton,FL,32021,2022-05-05,Yes,Email,Referral,$150K+
C003906,CL006,Jack King,St. Petersburg,FL,32028,2020-03-29,Yes,SMS,Google Search,$150K+
C003907,CL002,Charlotte Martin,Pensacola,FL,33608,2020-01-05,Yes,SMS,Google Search,$100K-$149K
C003908,CL010,Mason Smith,Tallahassee,FL,32621,2018-05-03,Yes,SMS,Referral,$50K-$74K
C003909,CL009,Henry Hill,Pensacola,FL,34850,2023-07-19,No,SMS,Google Search,$75K-$99K
C003910,CL003,Ethan Brown,Alachua,FL,34420,2018-09-19,Yes,SMS,Community Event,$100K-$149K
C003911,CL009,Sofia Jones,Sarasota,FL,34255,2021-06-08,Yes,SMS,Referral,$75K-$99K
C003912,CL010,Benjamin Thomas,Lakeland,FL,33334,2023-06-13,Yes,Email,Walk-In,<$50K
C003913,CL003,Elijah Carter,Jacksonville,FL,33052,2022-08-28,Yes,Phone,Walk-In,$75K-$99K
C003914,CL005,Emma Ramirez,Newberry,FL,32192,2022-12-16,Yes,SMS,Community Event,$50K-$74K
C003915,CL010,Mason Sanchez,Ocala,FL,34007,2019-05-02,Yes,SMS,Referral,$100K-$149K
C003916,CL005,Chloe Rivera,Boca Raton,FL,33942,2021-06-30,Yes,SMS,Existing Client,<$50K
C003917,CL005,Sophia Hall,St. Petersburg,FL,34459,2020-04-27,No,SMS,Social Media,<$50K
C003918,CL002,Robert Lewis,Newberry,FL,32136,2019-06-14,Yes,Email,Google Search,$150K+
C003919,CL005,David King,St. Petersburg,FL,34501,2023-05-13,Yes,Phone,Social Media,<$50K
C003920,CL003,Sofia Moore,Fort Myers,FL,32958,2021-07-29,Yes,SMS,Community Event,$50K-$74K
C003921,CL001,Emily Torres,Delray Beach,FL,32227,2019-01-19,Yes,SMS,Referral,$50K-$74K
C003922,CL002,Lauren Vilaihong,Sarasota,FL,34829,2020-05-03,No,SMS,Walk-In,$50K-$74K
C003923,CL005,Ethan Johnson,Gainesville,FL,33186,2018-03-02,Yes,Email,Referral,<$50K
C003924,CL007,Lauren Jones,Lake City,FL,33224,2023-10-20,No,Email,Referral,$50K-$74K
C003925,CL008,Elijah Hernandez,Orlando,FL,34740,2020-09-07,No,SMS,Walk-In,$75K-$99K
C003926,CL009,Sofia Williams,Fort Myers,FL,34585,2023-07-24,No,Email,Walk-In,$50K-$74K
C003927,CL005,Daniel Brown,Lake City,FL,34347,2019-04-29,Yes,Email,Google Search,$75K-$99K
C003928,CL007,Ashley Thompson,Boca Raton,FL,33541,2018-11-04,No,SMS,Existing Client,<$50K
C003929,CL004,Lauren Ramirez,Palm Coast,FL,32703,2018-11-16,Yes,Email,Existing Client,$75K-$99K
C003930,CL010,Charlotte Green,Pensacola,FL,32966,2019-05-07,Yes,Phone,Referral,$50K-$74K
C003931,CL009,Mateo Davis,Jacksonville,FL,32581,2020-11-15,No,Phone,Google Search,<$50K
C003932,CL004,Luna Martin,Delray Beach,FL,34748,2021-04-10,No,Email,Referral,$75K-$99K
C003933,CL011,Audrey Scott,Ocala,FL,33896,2019-05-08,Yes,Email,Referral,$50K-$74K
C003934,CL011,Sophia Robinson,Jacksonville,FL,33309,2018-04-03,Yes,Email,Referral,$50K-$74K
C003935,CL011,David Vilaihong,Lake City,FL,32469,2018-09-18,Yes,Phone,Community Event,$100K-$149K
C003936,CL006,Noah Lewis,Ocala,FL,34046,2020-08-18,Yes,SMS,Walk-In,<$50K
C003937,CL007,Elijah Mitchell,Delray Beach,FL,32971,2022-01-02,Yes,Phone,Social Media,$75K-$99K
C003938,CL001,Emily Rodriguez,Boca Raton,FL,34150,2023-06-29,No,SMS,Referral,$50K-$74K
C003939,CL006,Sofia Campbell,Tallahassee,FL,32572,2020-02-28,Yes,SMS,Existing Client,<$50K
C003940,CL001,Mason Lewis,Lakeland,FL,32384,2022-11-12,No,SMS,Google Search,<$50K
C003941,CL011,Amanda Young,Ocala,FL,34514,2018-09-16,Yes,Phone,Existing Client,$150K+
C003942,CL003,Evelyn Jones,Miami,FL,33884,2020-02-16,Yes,SMS,Walk-In,$100K-$149K
C003943,CL011,Rachel Carter,Miami,FL,34214,2023-10-16,No,SMS,Referral,<$50K
C003944,CL010,Sofia Vilaihong,Tallahassee,FL,34769,2019-04-06,Yes,SMS,Google Search,$75K-$99K
C003945,CL008,Mason Martin,Palm Coast,FL,34917,2021-11-16,No,SMS,Existing Client,$50K-$74K
C003946,CL008,Harper Hernandez,Lake City,FL,32475,2022-01-10,Yes,SMS,Google Search,$50K-$74K
C003947,CL012,Robert Mitchell,Alachua,FL,33997,2020-02-09,No,Phone,Social Media,<$50K
C003948,CL010,Ethan Jones,Tallahassee,FL,32058,2021-12-10,No,SMS,Existing Client,$100K-$149K
C003949,CL003,Audrey Jones,Sarasota,FL,32658,2018-11-01,Yes,Email,Community Event,$50K-$74K
C003950,CL009,Ava Davis,Alachua,FL,34551,2019-02-17,No,SMS,Walk-In,$50K-$74K
C003951,CL006,Amelia Walker,Tampa,FL,33195,2018-07-10,No,SMS,Community Event,$150K+
C003952,CL006,Olivia Jackson,Lakeland,FL,34029,2019-08-28,Yes,Phone,Social Media,$50K-$74K
C003953,CL004,Grace Young,Jacksonville,FL,34192,2018-04-08,No,Phone,Social Media,$150K+
C003954,CL005,Amanda Davis,Palm Coast,FL,32871,2019-12-10,Yes,Phone,Community Event,$50K-$74K
C003955,CL010,Jack Clark,Delray Beach,FL,34584,2022-01-11,No,Email,Google Search,$100K-$149K
C003956,CL011,Jackson Clark,Palm Coast,FL,33738,2019-05-16,Yes,SMS,Referral,$100K-$149K
C003957,CL003,Nick Martinez,Miami,FL,32717,2023-01-25,Yes,SMS,Existing Client,$50K-$74K
C003958,CL007,Sarah Walker,Orlando,FL,32476,2021-12-04,Yes,Phone,Walk-In,$150K+
C003959,CL012,Isabella Sanchez,Boca Raton,FL,34170,2019-12-08,No,SMS,Existing Client,$50K-$74K
C003960,CL009,Luna Wilson,Newberry,FL,34569,2022-02-05,No,Email,Community Event,$100K-$149K
C003961,CL001,Robert Nelson,Fort Myers,FL,33614,2017-12-30,Yes,SMS,Community Event,$100K-$149K
C003962,CL005,Grace Brown,Delray Beach,FL,32261,2023-02-21,Yes,SMS,Referral,<$50K
C003963,CL002,Robert Lopez,St. Petersburg,FL,33042,2018-11-18,No,Email,Referral,$50K-$74K
C003964,CL011,Kevin Hill,Miami,FL,33251,2023-06-14,No,Email,Google Search,$50K-$74K
C003965,CL007,Jessica King,Boca Raton,FL,34843,2023-06-19,No,Email,Walk-In,$50K-$74K
C003966,CL005,Chloe Green,Jacksonville,FL,32610,2018-12-27,No,SMS,Community Event,$150K+
C003967,CL010,Jack Wright,Gainesville,FL,33743,2023-12-18,Yes,SMS,Social Media,$150K+
C003968,CL006,Jessica Wright,Naples,FL,34334,2020-01-19,No,SMS,Social Media,<$50K
C003969,CL010,Ryan Miller,Clearwater,FL,33596,2021-11-11,Yes,SMS,Existing Client,$100K-$149K
C003970,CL008,Luna King,Boca Raton,FL,33590,2020-02-15,Yes,Email,Referral,$150K+
C003971,CL008,Noah Sanchez,Tallahassee,FL,32122,2023-05-04,Yes,SMS,Social Media,$75K-$99K
C003972,CL007,Elijah Nelson,St. Petersburg,FL,34722,2019-01-26,Yes,Email,Referral,$50K-$74K
C003973,CL003,Robert Carter,Naples,FL,33259,2020-03-31,Yes,Email,Walk-In,<$50K
C003974,CL009,Nick Davis,Miami,FL,32989,2022-03-22,Yes,Email,Walk-In,$100K-$149K
C003975,CL006,Henry Wilson,Gainesville,FL,32366,2020-06-19,Yes,SMS,Social Media,$75K-$99K
C003976,CL005,Henry Ramirez,Gainesville,FL,34973,2018-06-04,Yes,Phone,Social Media,<$50K
C003977,CL006,Jessica Roberts,Naples,FL,33656,2018-06-12,No,SMS,Existing Client,$75K-$99K
C003978,CL002,James Hernandez,Lakeland,FL,34836,2018-04-26,Yes,SMS,Community Event,$100K-$149K
C003979,CL006,Harper Nelson,Clearwater,FL,32929,2021-03-18,No,Email,Walk-In,$50K-$74K
C003980,CL010,Luna Rodriguez,Ocala,FL,32593,2023-08-03,No,Phone,Social Media,$50K-$74K
C003981,CL009,Jack Roberts,St. Petersburg,FL,32468,2023-09-22,No,SMS,Walk-In,$50K-$74K
C003982,CL010,Jackson Hill,Tampa,FL,34313,2020-04-04,Yes,Email,Walk-In,<$50K
C003983,CL011,Jessica Lopez,Gainesville,FL,34101,2021-06-26,No,SMS,Walk-In,$150K+
C003984,CL004,Mason Perez,Newberry,FL,32136,2018-11-05,Yes,Email,Social Media,$50K-$74K
C003985,CL007,Logan Mitchell,St. Petersburg,FL,32880,2021-02-12,No,Email,Community Event,$150K+
C003986,CL007,Ashley Garcia,Delray Beach,FL,33329,2021-04-16,Yes,SMS,Social Media,$75K-$99K
C003987,CL004,Kevin Williams,Boca Raton,FL,33232,2023-02-08,No,SMS,Google Search,<$50K
C003988,CL004,Nick Scott,Boca Raton,FL,34186,2022-07-24,Yes,Phone,Walk-In,$150K+
C003989,CL005,Isabella Hill,Naples,FL,32748,2018-12-16,No,SMS,Walk-In,$75K-$99K
C003990,CL012,Audrey Taylor,St. Petersburg,FL,33952,2022-12-28,No,Email,Google Search,$50K-$74K
C003991,CL007,Audrey Robinson,Newberry,FL,34419,2018-02-09,Yes,SMS,Existing Client,<$50K
C003992,CL012,Jason Ramirez,Clearwater,FL,32518,2022-10-22,No,Phone,Google Search,<$50K
C003993,CL010,Harper Johnson,Orlando,FL,34223,2022-10-27,Yes,SMS,Referral,$50K-$74K
C003994,CL010,Daniel Torres,Naples,FL,33154,2019-02-01,No,Phone,Community Event,$100K-$149K
C003995,CL007,Emma Moore,Pensacola,FL,34898,2022-11-28,Yes,Email,Referral,$50K-$74K
C003996,CL001,Kevin Nguyen,Naples,FL,34309,2021-08-10,Yes,SMS,Walk-In,$100K-$149K
C003997,CL005,Benjamin Moore,Tallahassee,FL,32323,2023-10-08,Yes,SMS,Community Event,$150K+
C003998,CL002,Henry Wright,Naples,FL,34529,2022-03-03,Yes,Email,Existing Client,$100K-$149K
C003999,CL006,Lucas Young,Boca Raton,FL,32566,2019-05-18,Yes,Phone,Community Event,$75K-$99K
C004000,CL001,Camila Anderson,Gainesville,FL,34398,2021-02-21,Yes,Phone,Google Search,$50K-$74K
C004001,CL007,Mia Garcia,Pensacola,FL,33825,2019-04-23,Yes,SMS,Community Event,$150K+
C004002,CL004,Ryan Hernandez,Clearwater,FL,33723,2021-02-23,No,SMS,Referral,<$50K
C004003,CL001,Sofia Green,Palm Coast,FL,34658,2020-04-12,No,SMS,Existing Client,<$50K
C004004,CL002,Jack White,St. Petersburg,FL,34078,2022-07-14,No,Email,Existing Client,$75K-$99K
C004005,CL004,Olivia Torres,Orlando,FL,33966,2018-04-12,Yes,SMS,Google Search,<$50K
C004006,CL006,Daniel Thompson,Pensacola,FL,33529,2021-08-01,No,SMS,Referral,$100K-$149K
C004007,CL003,Luna Hill,St. Petersburg,FL,34428,2022-11-10,Yes,SMS,Social Media,$75K-$99K
C004008,CL002,Camila Martin,Boca Raton,FL,34206,2023-01-21,Yes,SMS,Existing Client,<$50K
C004009,CL006,Amanda Green,Sarasota,FL,33097,2022-06-24,Yes,SMS,Referral,$100K-$149K
C004010,CL002,James Johnson,Jacksonville,FL,34844,2023-12-29,Yes,Phone,Referral,$150K+
C004011,CL006,Lucas Jones,Alachua,FL,32766,2020-07-20,Yes,SMS,Community Event,$100K-$149K
C004012,CL004,Audrey Torres,Lake City,FL,32982,2021-02-14,Yes,Email,Community Event,<$50K
C004013,CL008,Noah Allen,Miami,FL,33297,2018-11-11,Yes,Phone,Referral,$50K-$74K
C004014,CL002,Chloe Taylor,Newberry,FL,33445,2020-11-28,Yes,Email,Google Search,<$50K
C004015,CL010,Ava Martinez,Lake City,FL,33195,2023-04-01,Yes,Phone,Social Media,$50K-$74K
C004016,CL003,Ryan Carter,Ocala,FL,34070,2021-04-22,No,Phone,Google Search,$150K+
C004017,CL008,Mia Brown,Jacksonville,FL,33590,2023-07-30,No,SMS,Existing Client,$50K-$74K
C004018,CL006,Noah Carter,Fort Myers,FL,33550,2018-06-25,No,Email,Social Media,$75K-$99K
C004019,CL011,Sofia Williams,Pensacola,FL,33468,2022-10-15,Yes,Phone,Google Search,$100K-$149K
C004020,CL003,Jessica Harris,Delray Beach,FL,33761,2021-09-14,No,Phone,Social Media,$150K+
C004021,CL008,Logan Martin,Lake City,FL,34847,2021-09-25,Yes,SMS,Social Media,$50K-$74K
C004022,CL001,Kevin Nelson,Naples,FL,33602,2023-12-01,No,SMS,Referral,$50K-$74K
C004023,CL012,Nick Sanchez,Naples,FL,32645,2020-02-10,No,Phone,Community Event,$150K+
C004024,CL004,Chloe Lopez,Orlando,FL,33726,2021-05-28,Yes,Email,Community Event,$150K+
C004025,CL004,Jessica Perez,Newberry,FL,34590,2021-07-26,Yes,Phone,Social Media,$50K-$74K
C004026,CL005,Logan Taylor,Fort Myers,FL,34609,2020-03-01,Yes,SMS,Community Event,$50K-$74K
C004027,CL010,Mason Robinson,Miami,FL,33990,2022-07-20,No,SMS,Walk-In,$100K-$149K
C004028,CL004,Emma Gonzalez,St. Petersburg,FL,32317,2020-06-18,No,SMS,Referral,$75K-$99K
C004029,CL001,Amelia Harris,Lakeland,FL,33852,2021-02-20,No,SMS,Community Event,$50K-$74K
C004030,CL001,Henry Rodriguez,Miami,FL,34236,2018-11-17,Yes,SMS,Community Event,$75K-$99K
C004031,CL002,Lauren Rivera,Newberry,FL,34274,2019-02-08,Yes,SMS,Existing Client,$100K-$149K
C004032,CL010,Charlotte King,Sarasota,FL,32179,2020-09-26,Yes,SMS,Community Event,$75K-$99K
C004033,CL005,Luna Williams,Tampa,FL,32652,2023-08-02,Yes,Email,Existing Client,$100K-$149K
C004034,CL009,Mia Smith,Fort Myers,FL,33014,2019-09-14,Yes,SMS,Existing Client,$50K-$74K
C004035,CL012,Elijah Taylor,Delray Beach,FL,34923,2019-12-09,Yes,Phone,Google Search,$50K-$74K
C004036,CL006,Ryan Clark,Pensacola,FL,34110,2023-01-03,No,SMS,Walk-In,$150K+
C004037,CL002,Ethan Miller,Newberry,FL,32699,2018-09-19,Yes,Email,Social Media,$100K-$149K
C004038,CL006,Lucas Johnson,Newberry,FL,32390,2018-12-16,Yes,SMS,Referral,$150K+
C004039,CL007,Sophia Wilson,Clearwater,FL,32563,2021-02-19,Yes,SMS,Existing Client,$100K-$149K
C004040,CL008,Megan Lewis,Gainesville,FL,32420,2018-01-15,Yes,SMS,Referral,$150K+
C004041,CL005,Daniel Adams,Orlando,FL,33753,2020-03-17,No,SMS,Existing Client,$100K-$149K
C004042,CL006,Jackson Lewis,Newberry,FL,34712,2021-10-04,No,Phone,Social Media,$75K-$99K
C004043,CL012,Olivia Robinson,Tallahassee,FL,32424,2023-11-01,Yes,Phone,Social Media,$50K-$74K
C004044,CL006,Noah Mitchell,Orlando,FL,33577,2019-07-11,No,SMS,Social Media,$50K-$74K
C004045,CL009,Luna White,Naples,FL,32989,2019-11-14,Yes,Phone,Google Search,$150K+
C004046,CL001,Mason Baker,Fort Myers,FL,32378,2021-04-16,No,SMS,Google Search,<$50K
C004047,CL005,Henry Carter,St. Petersburg,FL,33872,2021-06-08,No,SMS,Social Media,$50K-$74K
C004048,CL009,Emma Anderson,Lake City,FL,32225,2022-01-19,Yes,Email,Referral,<$50K
C004049,CL005,Rachel Lewis,Naples,FL,33225,2021-01-13,Yes,Email,Social Media,$50K-$74K
C004050,CL007,Mia Wilson,Fort Myers,FL,33317,2020-09-10,Yes,SMS,Community Event,$100K-$149K
C004051,CL006,Megan Thompson,Pensacola,FL,32140,2018-02-17,Yes,Email,Existing Client,$150K+
C004052,CL003,Luna Roberts,Tampa,FL,33589,2019-08-06,Yes,SMS,Referral,$50K-$74K
C004053,CL012,Harper Torres,Tampa,FL,32089,2020-04-10,No,Email,Social Media,$50K-$74K
C004054,CL006,Michael Lopez,Delray Beach,FL,34691,2023-08-13,Yes,Email,Social Media,$150K+
C004055,CL001,Ryan Garcia,St. Petersburg,FL,32107,2020-09-15,Yes,SMS,Google Search,$50K-$74K
C004056,CL003,Nick Torres,Clearwater,FL,33673,2023-05-08,No,Email,Community Event,$75K-$99K
C004057,CL004,Sarah Nguyen,Orlando,FL,33887,2020-07-24,Yes,SMS,Social Media,$50K-$74K
C004058,CL008,Emily Brown,Palm Coast,FL,34582,2020-12-27,No,Email,Existing Client,$50K-$74K
C004059,CL006,Daniel Garcia,Alachua,FL,34860,2019-06-08,Yes,Phone,Existing Client,<$50K
C004060,CL011,Audrey Campbell,Naples,FL,33347,2021-02-04,No,Email,Community Event,<$50K
C004061,CL002,Ryan Vilaihong,Clearwater,FL,33046,2018-01-31,Yes,SMS,Google Search,$75K-$99K
C004062,CL011,Mateo Thomas,Clearwater,FL,34504,2018-04-10,Yes,SMS,Existing Client,$50K-$74K
C004063,CL001,Amanda Mitchell,Tampa,FL,33260,2020-02-07,Yes,SMS,Referral,$50K-$74K
C004064,CL002,Robert Baker,Tallahassee,FL,34031,2018-09-28,Yes,SMS,Existing Client,$100K-$149K
C004065,CL002,Emily Martin,Palm Coast,FL,32200,2019-01-22,No,SMS,Social Media,$75K-$99K
C004066,CL006,Robert Brown,Lakeland,FL,34195,2023-05-16,Yes,Email,Social Media,$75K-$99K
C004067,CL007,Mateo Walker,Clearwater,FL,34172,2022-10-16,No,Email,Existing Client,$150K+
C004068,CL010,James Adams,Orlando,FL,32954,2018-12-11,Yes,Email,Community Event,<$50K
C004069,CL007,Daniel Scott,Sarasota,FL,33131,2022-04-03,Yes,Phone,Social Media,$75K-$99K
C004070,CL004,Evelyn Carter,Sarasota,FL,33868,2018-09-10,No,Email,Community Event,<$50K
C004071,CL001,Jackson Anderson,Pensacola,FL,33830,2019-10-27,No,SMS,Walk-In,$100K-$149K
C004072,CL008,Ella Mitchell,Tallahassee,FL,33874,2018-06-25,No,Email,Existing Client,$100K-$149K
C004073,CL005,Henry Torres,Lake City,FL,32677,2022-11-27,Yes,Email,Google Search,$100K-$149K
C004074,CL002,Sofia Flores,Boca Raton,FL,33845,2022-08-03,No,Email,Social Media,$150K+
C004075,CL009,Logan Adams,Alachua,FL,32664,2021-06-26,Yes,Phone,Social Media,$50K-$74K
C004076,CL001,Elijah Harris,Ocala,FL,32065,2017-12-23,Yes,Phone,Walk-In,$150K+
C004077,CL010,Audrey Green,Fort Myers,FL,32954,2022-03-22,Yes,Phone,Community Event,<$50K
C004078,CL007,Camila Torres,Orlando,FL,32049,2021-09-10,Yes,SMS,Existing Client,$50K-$74K
C004079,CL001,Noah Johnson,Palm Coast,FL,32593,2021-04-16,Yes,Phone,Social Media,$50K-$74K
C004080,CL003,Benjamin Hernandez,Lake City,FL,33518,2018-10-29,Yes,SMS,Referral,<$50K
C004081,CL008,Mason Ramirez,Naples,FL,34542,2021-12-03,No,SMS,Existing Client,$100K-$149K
C004082,CL003,Camila Moore,Lake City,FL,32866,2021-01-24,Yes,SMS,Google Search,$100K-$149K
C004083,CL005,Ashley Ramirez,Orlando,FL,34954,2018-02-14,Yes,SMS,Google Search,$75K-$99K
C004084,CL007,Kevin King,Alachua,FL,34446,2022-01-01,No,Email,Referral,$100K-$149K
C004085,CL007,Daniel Brown,Miami,FL,33898,2020-09-09,Yes,SMS,Community Event,$100K-$149K
C004086,CL005,Amanda Anderson,Jacksonville,FL,32930,2020-01-02,Yes,SMS,Community Event,<$50K
C004087,CL007,Daniel Gonzalez,Boca Raton,FL,34426,2022-04-28,No,SMS,Community Event,$75K-$99K
C004088,CL011,Noah Young,Ocala,FL,34493,2023-04-25,No,SMS,Existing Client,<$50K
C004089,CL012,Lucas Ramirez,Boca Raton,FL,33772,2017-12-24,No,Phone,Referral,$50K-$74K
C004090,CL004,Mia Campbell,Tampa,FL,32503,2018-12-09,No,Phone,Google Search,<$50K
C004091,CL008,David King,Lake City,FL,34477,2018-03-17,Yes,SMS,Social Media,$150K+
C004092,CL008,Evelyn Wilson,Boca Raton,FL,33933,2018-04-19,Yes,SMS,Existing Client,$150K+
C004093,CL012,Jack Lewis,St. Petersburg,FL,32681,2021-08-30,No,SMS,Referral,$100K-$149K
C004094,CL001,Emma Jackson,Tampa,FL,34310,2023-10-05,No,SMS,Social Media,$100K-$149K
C004095,CL009,Mateo Williams,Delray Beach,FL,32640,2018-03-11,Yes,SMS,Existing Client,$100K-$149K
C004096,CL010,Logan Ramirez,Newberry,FL,34459,2020-12-26,Yes,Phone,Referral,$150K+
C004097,CL001,Sophia Martinez,Pensacola,FL,34519,2019-06-30,Yes,Phone,Existing Client,$100K-$149K
C004098,CL006,Sophia Moore,Fort Myers,FL,32201,2022-10-16,Yes,Email,Social Media,$75K-$99K
C004099,CL003,Emma Thompson,Alachua,FL,33248,2023-04-14,Yes,SMS,Walk-In,$150K+
C004100,CL011,Benjamin Rodriguez,Palm Coast,FL,32307,2020-09-22,Yes,Phone,Social Media,<$50K
C004101,CL012,Lucas Baker,Jacksonville,FL,32837,2019-01-11,Yes,Phone,Walk-In,$75K-$99K
C004102,CL006,Logan Jackson,Tallahassee,FL,33950,2020-02-06,Yes,Phone,Existing Client,$50K-$74K
C004103,CL002,Harper Hill,Gainesville,FL,32673,2019-06-16,Yes,SMS,Existing Client,<$50K
C004104,CL002,Sofia Rodriguez,Delray Beach,FL,34655,2021-05-19,Yes,Phone,Existing Client,$150K+
C004105,CL003,Ryan Martinez,Palm Coast,FL,32153,2023-05-01,Yes,Phone,Referral,$150K+
C004106,CL002,Grace Lee,Jacksonville,FL,33727,2021-04-06,Yes,SMS,Walk-In,<$50K
C004107,CL001,Elijah Allen,St. Petersburg,FL,34696,2023-01-14,Yes,Phone,Google Search,$150K+
C004108,CL012,Daniel Jones,Lake City,FL,34759,2019-07-03,Yes,Phone,Social Media,$75K-$99K
C004109,CL009,Emma Lewis,Palm Coast,FL,32244,2018-08-09,Yes,Phone,Walk-In,<$50K
C004110,CL007,Luna Allen,Fort Myers,FL,32026,2022-01-14,Yes,Email,Google Search,$150K+
C004111,CL012,Benjamin Roberts,Tallahassee,FL,34503,2020-07-08,Yes,Phone,Google Search,$150K+
C004112,CL008,Mia Sanchez,Miami,FL,32305,2020-07-15,No,Email,Google Search,$100K-$149K
C004113,CL010,Henry Brown,Clearwater,FL,34042,2021-06-03,No,Email,Referral,$75K-$99K
C004114,CL012,James Campbell,Clearwater,FL,34899,2018-10-31,Yes,SMS,Existing Client,$75K-$99K
C004115,CL012,James Lopez,Ocala,FL,32777,2018-08-24,Yes,SMS,Walk-In,$150K+
C004116,CL004,Amelia Nelson,Ocala,FL,33545,2018-10-13,Yes,SMS,Existing Client,$100K-$149K
C004117,CL010,David Hernandez,Naples,FL,34742,2018-05-21,No,SMS,Referral,$150K+
C004118,CL005,Jason Martinez,Gainesville,FL,34575,2021-07-25,Yes,Phone,Walk-In,$150K+
C004119,CL003,James Perez,Lake City,FL,34319,2021-02-13,Yes,SMS,Community Event,$75K-$99K
C004120,CL002,Henry Hall,St. Petersburg,FL,32046,2019-09-27,Yes,SMS,Community Event,<$50K
C004121,CL004,Michael Wilson,Newberry,FL,32621,2018-07-27,No,Phone,Existing Client,$100K-$149K
C004122,CL010,Audrey Baker,Fort Myers,FL,34620,2020-11-02,No,SMS,Existing Client,$75K-$99K
C004123,CL001,Lauren Thompson,Pensacola,FL,33574,2018-08-09,Yes,SMS,Google Search,<$50K
C004124,CL003,Benjamin Hall,Lake City,FL,34093,2021-06-28,No,SMS,Walk-In,$150K+
C004125,CL005,Chloe Allen,Boca Raton,FL,34946,2019-09-19,Yes,SMS,Community Event,$75K-$99K
C004126,CL006,Harper Robinson,Sarasota,FL,34189,2022-01-11,Yes,Phone,Social Media,$50K-$74K
C004127,CL010,Evelyn Lopez,Fort Myers,FL,34062,2023-06-20,Yes,Phone,Social Media,<$50K
C004128,CL011,Mateo Davis,Jacksonville,FL,32561,2018-10-08,Yes,SMS,Walk-In,$150K+
C004129,CL012,Evelyn Garcia,Gainesville,FL,34238,2023-01-27,No,Email,Google Search,$50K-$74K
C004130,CL001,Daniel Rivera,Gainesville,FL,34462,2018-03-06,Yes,SMS,Community Event,<$50K
C004131,CL011,Grace Thomas,Newberry,FL,33361,2020-11-11,No,Phone,Community Event,$150K+
C004132,CL008,Evelyn Moore,Newberry,FL,32904,2018-07-23,Yes,Email,Google Search,$150K+
C004133,CL005,Ella Lewis,Tallahassee,FL,34364,2021-01-10,Yes,SMS,Community Event,$75K-$99K
C004134,CL012,Jackson Clark,Naples,FL,32326,2022-12-03,Yes,SMS,Social Media,<$50K
C004135,CL008,Noah Wilson,Tampa,FL,34607,2019-05-05,No,SMS,Walk-In,$100K-$149K
C004136,CL005,Nick Walker,Clearwater,FL,33563,2019-02-13,No,Phone,Social Media,$100K-$149K
C004137,CL005,Sofia Lee,Palm Coast,FL,33605,2022-12-02,No,SMS,Community Event,$100K-$149K
C004138,CL011,Logan Flores,Fort Myers,FL,32667,2020-08-04,Yes,SMS,Existing Client,$150K+
C004139,CL005,Jackson Torres,Boca Raton,FL,32065,2023-09-30,No,SMS,Existing Client,$75K-$99K
C004140,CL001,Emma Hall,Naples,FL,32636,2020-12-22,Yes,SMS,Google Search,$150K+
C004141,CL007,Henry Lee,Ocala,FL,33229,2021-03-28,Yes,SMS,Community Event,$150K+
C004142,CL010,Ethan Nguyen,Lakeland,FL,34953,2022-07-06,Yes,Phone,Social Media,$150K+
C004143,CL001,Ashley Hernandez,St. Petersburg,FL,34669,2019-11-16,Yes,SMS,Google Search,$100K-$149K
C004144,CL002,Luna Wright,Tallahassee,FL,32207,2020-02-10,Yes,SMS,Google Search,$75K-$99K
C004145,CL005,Rachel Rodriguez,Alachua,FL,33500,2019-05-29,Yes,SMS,Social Media,$100K-$149K
C004146,CL009,Amanda Green,Sarasota,FL,33469,2022-06-12,Yes,Phone,Social Media,$150K+
C004147,CL011,Jessica Sanchez,Lakeland,FL,34939,2018-10-25,Yes,Email,Existing Client,$150K+
C004148,CL002,Audrey Walker,Boca Raton,FL,34786,2020-09-24,Yes,Email,Social Media,$75K-$99K
C004149,CL009,Luna Garcia,Tallahassee,FL,34249,2022-10-14,No,Phone,Community Event,$150K+
C004150,CL004,Sophia Nelson,Newberry,FL,34811,2021-03-27,Yes,SMS,Social Media,$100K-$149K
C004151,CL003,Emily Taylor,St. Petersburg,FL,34382,2022-04-28,No,Phone,Existing Client,$50K-$74K
C004152,CL010,Ashley Wilson,Jacksonville,FL,33211,2022-11-08,Yes,Email,Google Search,$100K-$149K
C004153,CL010,Charlotte Gonzalez,Clearwater,FL,33637,2021-09-01,No,SMS,Google Search,<$50K
C004154,CL004,Ethan Flores,St. Petersburg,FL,34886,2019-09-12,No,SMS,Community Event,$150K+
C004155,CL005,Luna Young,Sarasota,FL,32506,2021-06-29,Yes,SMS,Existing Client,$75K-$99K
C004156,CL005,Luna Lewis,Jacksonville,FL,34827,2021-11-22,Yes,Email,Referral,$75K-$99K
C004157,CL007,Mia Hill,Delray Beach,FL,32521,2020-09-10,No,SMS,Social Media,$50K-$74K
C004158,CL001,Noah Baker,Miami,FL,34725,2019-10-18,No,SMS,Community Event,<$50K
C004159,CL009,Emma Roberts,Gainesville,FL,32182,2023-06-21,Yes,SMS,Google Search,$150K+
C004160,CL012,Lauren Jackson,Pensacola,FL,34238,2020-03-25,Yes,SMS,Existing Client,$50K-$74K
C004161,CL011,Ashley Roberts,Miami,FL,34605,2022-12-09,Yes,SMS,Google Search,$100K-$149K
C004162,CL004,Ella White,Lakeland,FL,34449,2022-08-18,Yes,SMS,Existing Client,$150K+
C004163,CL002,Mason Nelson,Lakeland,FL,34492,2021-07-23,Yes,SMS,Google Search,<$50K
C004164,CL002,Audrey Adams,Newberry,FL,34593,2018-07-12,Yes,SMS,Existing Client,$100K-$149K
C004165,CL011,Lucas Walker,St. Petersburg,FL,32750,2019-09-14,No,Phone,Social Media,$150K+
C004166,CL006,Michael Martin,Ocala,FL,33180,2019-07-26,Yes,Phone,Walk-In,$75K-$99K
C004167,CL012,Evelyn Vilaihong,Pensacola,FL,34305,2021-06-20,Yes,SMS,Referral,$150K+
C004168,CL002,Ashley Wilson,Naples,FL,33047,2018-03-24,Yes,SMS,Referral,<$50K
C004169,CL004,Michael Rodriguez,Tampa,FL,34550,2022-02-28,No,Email,Community Event,$150K+
C004170,CL012,Mason Davis,Miami,FL,34499,2018-05-25,Yes,Phone,Referral,<$50K
C004171,CL010,Ashley Wright,Boca Raton,FL,33361,2022-09-01,Yes,Email,Referral,$75K-$99K
C004172,CL002,Michael Martinez,Delray Beach,FL,32999,2019-11-18,No,Email,Walk-In,$75K-$99K
C004173,CL005,Robert Green,Tampa,FL,34542,2022-05-11,Yes,Phone,Social Media,$150K+
C004174,CL008,James Martin,St. Petersburg,FL,33705,2018-10-11,No,Email,Community Event,$50K-$74K
C004175,CL011,Jason King,Tampa,FL,34643,2018-06-24,Yes,Phone,Community Event,$100K-$149K
C004176,CL005,Logan Lewis,Pensacola,FL,33623,2018-06-23,No,Phone,Google Search,$75K-$99K
C004177,CL003,Michael Anderson,Pensacola,FL,34013,2021-02-03,No,SMS,Existing Client,$50K-$74K
C004178,CL001,Grace Johnson,Lakeland,FL,32476,2021-12-26,No,SMS,Walk-In,$150K+
C004179,CL005,Isabella Brown,Tampa,FL,34322,2018-10-29,No,SMS,Existing Client,<$50K
C004180,CL009,Liam Walker,Tallahassee,FL,32595,2022-10-27,Yes,Email,Referral,<$50K
C004181,CL009,Ethan Torres,Naples,FL,32383,2019-07-27,Yes,SMS,Google Search,$50K-$74K
C004182,CL012,Amelia Nguyen,Lake City,FL,33218,2018-10-04,Yes,Email,Existing Client,$100K-$149K
C004183,CL008,Ethan Mitchell,Clearwater,FL,32303,2018-07-09,No,SMS,Existing Client,$50K-$74K
C004184,CL011,Olivia Walker,Fort Myers,FL,32349,2018-03-18,Yes,Phone,Existing Client,<$50K
C004185,CL009,Sophia Carter,Fort Myers,FL,32208,2021-04-20,Yes,SMS,Existing Client,$75K-$99K
C004186,CL007,Ethan Walker,Miami,FL,34560,2023-12-18,Yes,Phone,Community Event,$50K-$74K
C004187,CL008,Mia Allen,Jacksonville,FL,34295,2020-11-02,No,Email,Google Search,<$50K
C004188,CL011,Nick Lopez,Palm Coast,FL,33727,2019-11-22,No,SMS,Referral,$75K-$99K
C004189,CL012,Noah Campbell,Fort Myers,FL,34302,2019-02-12,Yes,Email,Referral,$75K-$99K
C004190,CL011,Benjamin Lopez,Lakeland,FL,34136,2019-02-24,Yes,SMS,Google Search,$150K+
C004191,CL006,James Wright,Tampa,FL,32024,2020-01-22,Yes,Email,Google Search,$150K+
C004192,CL002,Sophia Young,Tallahassee,FL,33609,2018-03-18,No,Phone,Existing Client,$150K+
C004193,CL011,Sarah Lewis,Alachua,FL,34623,2020-02-18,Yes,SMS,Community Event,$150K+
C004194,CL002,Michael Ramirez,Boca Raton,FL,32494,2022-10-30,No,SMS,Walk-In,$50K-$74K
C004195,CL007,Sophia Williams,Tampa,FL,32463,2021-08-04,No,SMS,Walk-In,$50K-$74K
C004196,CL007,Ava Nelson,Tallahassee,FL,32619,2019-07-22,Yes,Email,Community Event,<$50K
C004197,CL001,Ethan Young,Alachua,FL,32066,2022-08-05,Yes,SMS,Walk-In,<$50K
C004198,CL005,Elijah Thomas,Boca Raton,FL,32498,2022-01-01,No,Email,Walk-In,$150K+
C004199,CL005,Sofia Hall,Tampa,FL,32773,2018-09-17,No,SMS,Google Search,$50K-$74K
C004200,CL010,Nick Smith,Tallahassee,FL,33626,2021-06-13,Yes,SMS,Community Event,<$50K
C004201,CL006,Robert Scott,Naples,FL,33591,2022-05-31,No,Phone,Existing Client,$150K+
C004202,CL006,Michael Mitchell,Sarasota,FL,34096,2019-12-04,Yes,Email,Existing Client,$150K+
C004203,CL012,Logan Baker,Alachua,FL,34280,2019-04-05,Yes,Phone,Walk-In,$50K-$74K
C004204,CL004,Jason Martinez,Alachua,FL,34486,2017-12-24,Yes,Phone,Walk-In,$75K-$99K
C004205,CL012,Camila Smith,Boca Raton,FL,34466,2018-06-07,No,SMS,Social Media,$50K-$74K
C004206,CL009,Michael Lopez,Alachua,FL,32913,2021-12-31,Yes,Phone,Social Media,<$50K
C004207,CL002,Charlotte Nguyen,Ocala,FL,34476,2018-02-16,Yes,SMS,Community Event,$150K+
C004208,CL006,Sofia Nelson,Fort Myers,FL,32876,2021-10-11,No,SMS,Existing Client,$100K-$149K
C004209,CL012,Sofia Sanchez,Alachua,FL,34854,2020-04-01,No,SMS,Referral,$150K+
C004210,CL004,Noah Sanchez,Tallahassee,FL,34071,2022-01-08,Yes,Phone,Referral,$100K-$149K
C004211,CL002,Elijah Lopez,Miami,FL,34691,2020-06-14,No,Email,Referral,<$50K
C004212,CL003,Evelyn Brown,Jacksonville,FL,33020,2023-11-05,Yes,SMS,Social Media,$50K-$74K
C004213,CL009,Isabella Clark,Clearwater,FL,34371,2021-07-13,Yes,Phone,Walk-In,$75K-$99K
C004214,CL011,Benjamin Davis,Pensacola,FL,33343,2022-10-01,Yes,Phone,Google Search,$50K-$74K
C004215,CL001,Audrey Scott,Orlando,FL,34359,2019-04-03,Yes,Phone,Social Media,$50K-$74K
C004216,CL009,Ashley Torres,Tampa,FL,33879,2018-08-19,Yes,Phone,Social Media,$100K-$149K
C004217,CL007,Nick Jackson,Sarasota,FL,32589,2019-09-28,No,SMS,Referral,$75K-$99K
C004218,CL008,Jason Anderson,Jacksonville,FL,33323,2022-01-11,No,Email,Referral,$100K-$149K
C004219,CL012,Ethan Nelson,Palm Coast,FL,32487,2022-12-05,Yes,SMS,Community Event,<$50K
C004220,CL003,Liam Rivera,Tampa,FL,34308,2018-07-07,Yes,SMS,Walk-In,<$50K
C004221,CL007,Mateo Rodriguez,Jacksonville,FL,32933,2021-01-11,No,SMS,Community Event,$150K+
C004222,CL006,Elijah Green,Lakeland,FL,34057,2022-01-26,No,SMS,Existing Client,<$50K
C004223,CL006,Chloe Lewis,Naples,FL,34419,2019-05-08,Yes,Email,Walk-In,$100K-$149K
C004224,CL006,Lucas Hall,Lake City,FL,32051,2019-07-23,No,Email,Google Search,$100K-$149K
C004225,CL010,Henry Walker,Clearwater,FL,34579,2018-02-01,No,SMS,Social Media,$150K+
C004226,CL004,Amelia Sanchez,Pensacola,FL,32721,2023-10-30,Yes,SMS,Existing Client,$50K-$74K
C004227,CL007,Benjamin Green,Clearwater,FL,33573,2022-03-11,No,SMS,Social Media,$50K-$74K
C004228,CL001,Sophia Sanchez,Delray Beach,FL,32617,2020-04-03,Yes,SMS,Google Search,$75K-$99K
C004229,CL011,Jackson Young,Alachua,FL,33355,2022-04-22,Yes,Email,Community Event,$150K+
C004230,CL006,Ethan Nelson,Tallahassee,FL,32332,2018-08-03,Yes,Phone,Existing Client,<$50K
C004231,CL001,Mia Rodriguez,Fort Myers,FL,34864,2022-01-09,Yes,SMS,Social Media,$75K-$99K
C004232,CL011,Robert Taylor,Sarasota,FL,33976,2021-12-30,Yes,SMS,Referral,$50K-$74K
C004233,CL008,Luna Moore,Tampa,FL,33972,2021-06-20,Yes,Email,Community Event,$50K-$74K
C004234,CL012,David Lewis,Jacksonville,FL,34217,2021-11-02,Yes,Email,Referral,<$50K
C004235,CL012,Mia Perez,Delray Beach,FL,32466,2018-02-24,No,SMS,Community Event,$100K-$149K
C004236,CL006,Camila Rivera,Palm Coast,FL,34953,2018-09-04,Yes,Email,Walk-In,$50K-$74K
C004237,CL002,Megan Davis,Sarasota,FL,33106,2023-09-02,Yes,Email,Walk-In,$50K-$74K
C004238,CL002,Luna Jackson,Ocala,FL,32946,2021-03-04,No,Email,Social Media,$75K-$99K
C004239,CL009,Jason Nelson,Lake City,FL,34116,2023-03-01,Yes,Phone,Social Media,$150K+
C004240,CL012,Sophia Adams,Clearwater,FL,33449,2018-02-23,Yes,SMS,Google Search,$100K-$149K
C004241,CL011,Charlotte Walker,Palm Coast,FL,33415,2020-02-12,Yes,Phone,Community Event,<$50K
C004242,CL009,Henry Hall,Miami,FL,34913,2019-06-02,Yes,Phone,Google Search,$100K-$149K
C004243,CL009,Audrey King,Lake City,FL,34973,2019-02-09,Yes,SMS,Existing Client,$150K+
C004244,CL009,Emma Nguyen,Delray Beach,FL,33849,2022-12-27,Yes,Phone,Referral,$150K+
C004245,CL010,Emily Martin,Palm Coast,FL,33300,2018-07-27,Yes,SMS,Walk-In,<$50K
C004246,CL007,Sofia Wilson,Clearwater,FL,34554,2023-06-22,No,Phone,Social Media,$150K+
C004247,CL007,Evelyn Johnson,Gainesville,FL,34164,2020-08-21,Yes,SMS,Google Search,<$50K
C004248,CL001,Mia Walker,Tallahassee,FL,32155,2018-03-16,No,Email,Walk-In,$100K-$149K
C004249,CL001,Ella Jones,Delray Beach,FL,33969,2019-02-07,Yes,SMS,Google Search,$100K-$149K
C004250,CL002,Ava Lee,Alachua,FL,33995,2022-08-24,No,SMS,Referral,$50K-$74K
C004251,CL002,Lauren Johnson,Newberry,FL,32596,2020-08-02,No,SMS,Google Search,<$50K
C004252,CL004,Ryan Hill,St. Petersburg,FL,34943,2023-10-16,Yes,Email,Referral,<$50K
C004253,CL004,Liam Campbell,Lakeland,FL,32956,2022-04-28,Yes,SMS,Existing Client,$75K-$99K
C004254,CL002,Camila Rivera,St. Petersburg,FL,32718,2019-04-06,Yes,Email,Referral,$150K+
C004255,CL004,Sophia Garcia,Gainesville,FL,33938,2024-01-01,No,SMS,Existing Client,$150K+
C004256,CL004,Megan Vilaihong,Orlando,FL,33121,2020-10-26,Yes,SMS,Social Media,$50K-$74K
C004257,CL001,Jason Scott,Naples,FL,33001,2023-09-30,Yes,Email,Referral,<$50K
C004258,CL002,Emma Allen,Palm Coast,FL,33968,2023-10-02,Yes,Phone,Community Event,$150K+
C004259,CL003,Evelyn Taylor,Tallahassee,FL,33667,2022-12-14,No,SMS,Social Media,$50K-$74K
C004260,CL001,Rachel Garcia,Newberry,FL,32312,2018-05-09,No,SMS,Referral,$100K-$149K
C004261,CL007,David Baker,Delray Beach,FL,33561,2018-03-29,No,SMS,Referral,<$50K
C004262,CL011,Isabella Baker,Clearwater,FL,34438,2018-05-05,Yes,SMS,Referral,$75K-$99K
C004263,CL008,Amanda Rodriguez,Ocala,FL,32502,2023-04-02,Yes,SMS,Social Media,$50K-$74K
C004264,CL011,Benjamin Sanchez,Miami,FL,33965,2022-04-10,No,Phone,Community Event,$100K-$149K
C004265,CL012,Elijah Hall,Pensacola,FL,34893,2019-12-19,Yes,SMS,Community Event,$75K-$99K
C004266,CL004,Ava King,Orlando,FL,34673,2021-02-20,Yes,SMS,Existing Client,$50K-$74K
C004267,CL005,Ashley Moore,Alachua,FL,34721,2023-03-23,Yes,SMS,Referral,$50K-$74K
C004268,CL009,Elijah Green,Ocala,FL,32195,2021-03-16,No,SMS,Existing Client,$150K+
C004269,CL005,David Mitchell,Tampa,FL,33005,2022-06-30,No,Email,Referral,$150K+
C004270,CL012,Emily Taylor,Tampa,FL,33979,2019-01-09,Yes,SMS,Walk-In,$50K-$74K
C004271,CL002,Audrey Lewis,Jacksonville,FL,34235,2022-11-26,Yes,SMS,Referral,<$50K
C004272,CL008,Camila Scott,Miami,FL,34173,2023-08-02,No,Email,Referral,$50K-$74K
C004273,CL004,Jack White,Jacksonville,FL,32366,2022-12-29,Yes,Phone,Google Search,$150K+
C004274,CL007,Grace Jackson,Tallahassee,FL,34777,2020-06-03,Yes,SMS,Walk-In,$50K-$74K
C004275,CL011,Chloe Hall,Sarasota,FL,34189,2019-01-15,Yes,Email,Social Media,$75K-$99K
C004276,CL003,Mateo Martinez,Jacksonville,FL,33487,2018-06-28,Yes,Phone,Google Search,$100K-$149K
C004277,CL008,Ryan Brown,Tampa,FL,32871,2020-09-10,Yes,SMS,Existing Client,$50K-$74K
C004278,CL009,Ashley Martinez,Delray Beach,FL,32441,2023-01-28,Yes,Phone,Existing Client,$100K-$149K
C004279,CL002,Evelyn Nguyen,Alachua,FL,34876,2018-02-20,Yes,Email,Existing Client,$75K-$99K
C004280,CL006,Jason Martin,Alachua,FL,33567,2022-07-17,No,Phone,Google Search,<$50K
C004281,CL002,Ethan Harris,Orlando,FL,33863,2022-05-30,Yes,SMS,Community Event,$75K-$99K
C004282,CL011,Sarah Flores,St. Petersburg,FL,33419,2021-04-02,Yes,SMS,Social Media,$150K+
C004283,CL005,Elijah Robinson,Miami,FL,33025,2019-11-02,Yes,SMS,Walk-In,$50K-$74K
C004284,CL001,Robert Miller,Lakeland,FL,33376,2018-06-04,Yes,SMS,Community Event,$150K+
C004285,CL004,Ashley Harris,Gainesville,FL,33275,2022-12-15,Yes,SMS,Referral,$100K-$149K
C004286,CL002,David Scott,Tampa,FL,34703,2019-01-08,Yes,Phone,Existing Client,$150K+
C004287,CL004,Luna Davis,Ocala,FL,32674,2019-03-29,Yes,Phone,Existing Client,$100K-$149K
C004288,CL002,Jack Hernandez,Tampa,FL,32058,2020-05-28,No,Phone,Social Media,$50K-$74K
C004289,CL011,Amanda Adams,Gainesville,FL,34892,2018-04-19,Yes,SMS,Walk-In,$150K+
C004290,CL003,James Campbell,Boca Raton,FL,32359,2022-02-03,Yes,SMS,Walk-In,$50K-$74K
C004291,CL010,Jack Thomas,Alachua,FL,32484,2023-09-06,Yes,Email,Referral,$75K-$99K
C004292,CL011,Sophia Ramirez,Orlando,FL,33333,2020-02-09,No,SMS,Referral,$150K+
C004293,CL006,Liam Davis,Miami,FL,33537,2018-12-14,Yes,SMS,Existing Client,<$50K
C004294,CL008,Emma Mitchell,Newberry,FL,33017,2021-03-19,Yes,Email,Referral,$100K-$149K
C004295,CL005,Liam Lewis,Pensacola,FL,32307,2022-10-05,Yes,SMS,Community Event,$75K-$99K
C004296,CL007,Grace Davis,Lake City,FL,33620,2022-07-03,Yes,SMS,Existing Client,$75K-$99K
C004297,CL007,Daniel King,Delray Beach,FL,34400,2019-03-22,Yes,Email,Walk-In,$75K-$99K
C004298,CL006,Grace Hill,Alachua,FL,34355,2019-06-23,Yes,SMS,Social Media,$150K+
C004299,CL008,Sarah Johnson,Clearwater,FL,32701,2023-01-14,Yes,SMS,Google Search,<$50K
C004300,CL007,Olivia Adams,Orlando,FL,32636,2023-08-13,Yes,Phone,Existing Client,$100K-$149K
C004301,CL001,Nick Clark,Orlando,FL,33717,2022-11-06,Yes,Phone,Existing Client,$75K-$99K
C004302,CL002,James Robinson,Clearwater,FL,33216,2020-05-02,No,SMS,Community Event,$150K+
C004303,CL005,Jackson Taylor,Alachua,FL,32492,2018-12-24,No,Email,Google Search,<$50K
C004304,CL011,Luna Nelson,St. Petersburg,FL,33121,2023-10-24,No,Phone,Social Media,$150K+
C004305,CL007,Ella Martin,Sarasota,FL,34513,2019-09-06,No,SMS,Existing Client,$100K-$149K
C004306,CL008,Sophia Allen,Alachua,FL,34809,2018-08-27,Yes,SMS,Community Event,$100K-$149K
C004307,CL005,Evelyn Davis,Lakeland,FL,32782,2022-03-22,No,SMS,Community Event,$75K-$99K
C004308,CL005,Ella Hall,Sarasota,FL,32499,2019-02-05,Yes,Phone,Existing Client,$75K-$99K
C004309,CL001,James Wilson,Sarasota,FL,32971,2020-04-25,Yes,SMS,Social Media,$50K-$74K
C004310,CL009,Megan Robinson,Naples,FL,32533,2021-07-06,Yes,Email,Google Search,$100K-$149K
C004311,CL001,Michael Roberts,Gainesville,FL,32291,2022-10-23,Yes,Email,Social Media,$100K-$149K
C004312,CL008,Audrey Taylor,Ocala,FL,32221,2018-02-14,Yes,Phone,Google Search,$75K-$99K
C004313,CL012,Jason Roberts,Fort Myers,FL,34897,2023-02-24,No,Email,Referral,<$50K
C004314,CL002,Michael Carter,Fort Myers,FL,32402,2019-06-18,Yes,SMS,Referral,$50K-$74K
C004315,CL012,Michael Rodriguez,Naples,FL,33319,2018-01-03,Yes,SMS,Community Event,$50K-$74K
C004316,CL003,Sarah Brown,Alachua,FL,34616,2018-12-01,No,SMS,Existing Client,<$50K
C004317,CL002,Grace Nelson,Boca Raton,FL,33630,2018-08-18,Yes,SMS,Community Event,$50K-$74K
C004318,CL011,Sarah Carter,Sarasota,FL,33624,2022-04-28,Yes,SMS,Google Search,$50K-$74K
C004319,CL010,James Moore,Pensacola,FL,32155,2018-04-12,Yes,SMS,Google Search,$100K-$149K
C004320,CL010,Noah Thompson,Tampa,FL,32242,2018-08-23,Yes,SMS,Walk-In,<$50K
C004321,CL004,Sophia Robinson,Fort Myers,FL,34710,2021-04-23,No,Email,Community Event,$150K+
C004322,CL002,Amelia Thompson,Palm Coast,FL,32150,2021-09-09,Yes,SMS,Social Media,<$50K
C004323,CL008,Ashley Wright,Jacksonville,FL,32921,2020-08-27,Yes,Phone,Social Media,$150K+
C004324,CL006,Jackson Mitchell,Newberry,FL,33004,2020-07-05,Yes,Email,Social Media,$75K-$99K
C004325,CL002,Jessica Taylor,Alachua,FL,32651,2018-04-27,Yes,SMS,Google Search,<$50K
C004326,CL012,Michael Roberts,Tampa,FL,34838,2022-01-20,Yes,Email,Referral,$100K-$149K
C004327,CL008,Amanda Johnson,Orlando,FL,33214,2019-03-27,Yes,Phone,Google Search,$75K-$99K
C004328,CL004,Kevin Davis,Lakeland,FL,34579,2019-07-13,Yes,SMS,Community Event,$100K-$149K
C004329,CL011,James Rivera,Gainesville,FL,32386,2020-10-28,Yes,Email,Community Event,$150K+
C004330,CL002,Ella Jackson,Lakeland,FL,32906,2021-04-16,No,SMS,Community Event,$100K-$149K
C004331,CL008,Mateo Hill,Naples,FL,34129,2019-09-04,Yes,Email,Referral,$150K+
C004332,CL012,David Moore,Boca Raton,FL,32206,2023-11-11,Yes,SMS,Walk-In,$100K-$149K
C004333,CL004,Harper Jackson,Lakeland,FL,32412,2018-03-08,Yes,SMS,Existing Client,$100K-$149K
C004334,CL006,Emily Clark,Lakeland,FL,33023,2022-10-05,Yes,Email,Referral,$75K-$99K
C004335,CL005,Sofia Adams,Newberry,FL,33162,2023-05-23,Yes,SMS,Walk-In,<$50K
C004336,CL007,Amelia Thomas,Lakeland,FL,33934,2020-11-07,No,SMS,Existing Client,$50K-$74K
C004337,CL006,Rachel Davis,Palm Coast,FL,32927,2020-12-30,Yes,SMS,Google Search,<$50K
C004338,CL009,Rachel Anderson,Orlando,FL,32916,2021-05-22,Yes,SMS,Existing Client,<$50K
C004339,CL009,Sophia Moore,Lakeland,FL,33476,2019-02-19,No,Email,Referral,$150K+
C004340,CL007,Ella Flores,Tallahassee,FL,34361,2021-04-16,Yes,Phone,Referral,$100K-$149K
C004341,CL010,Ethan Williams,Clearwater,FL,33572,2023-04-10,No,SMS,Community Event,$150K+
C004342,CL002,Isabella Allen,Ocala,FL,34196,2018-02-28,Yes,Phone,Walk-In,$150K+
C004343,CL008,Luna Robinson,Naples,FL,34370,2018-05-28,Yes,Email,Existing Client,$150K+
C004344,CL004,Sarah Ramirez,Naples,FL,32892,2022-11-01,Yes,Phone,Google Search,$50K-$74K
C004345,CL005,Audrey Hill,Newberry,FL,32710,2023-01-02,No,SMS,Google Search,<$50K
C004346,CL009,Megan Jackson,Sarasota,FL,34037,2022-06-11,Yes,SMS,Existing Client,$150K+
C004347,CL010,James White,Alachua,FL,33055,2018-08-03,Yes,Email,Walk-In,$50K-$74K
C004348,CL006,Noah Martin,Orlando,FL,33052,2018-08-11,Yes,Email,Walk-In,$50K-$74K
C004349,CL006,Emily Taylor,Lakeland,FL,33796,2019-04-15,Yes,Phone,Existing Client,$75K-$99K
C004350,CL005,Emma Sanchez,Sarasota,FL,33031,2022-03-17,Yes,Email,Social Media,<$50K
C004351,CL004,Robert White,Ocala,FL,32062,2019-05-26,Yes,Phone,Existing Client,$50K-$74K
C004352,CL009,Mason Jackson,Jacksonville,FL,32057,2020-09-08,Yes,SMS,Referral,$75K-$99K
C004353,CL004,Ryan Nguyen,Fort Myers,FL,34774,2023-10-02,No,SMS,Google Search,$75K-$99K
C004354,CL010,Chloe Harris,St. Petersburg,FL,33318,2023-05-14,Yes,SMS,Walk-In,$75K-$99K
C004355,CL007,Olivia Baker,Sarasota,FL,33620,2023-09-11,Yes,Phone,Existing Client,$150K+
C004356,CL001,Sophia Hill,Orlando,FL,33988,2022-07-04,No,SMS,Community Event,$75K-$99K
C004357,CL004,Robert Perez,St. Petersburg,FL,32459,2020-01-27,No,SMS,Community Event,$75K-$99K
C004358,CL002,Noah Brown,St. Petersburg,FL,34829,2022-07-29,Yes,Email,Community Event,$75K-$99K
C004359,CL003,Charlotte Sanchez,Jacksonville,FL,34842,2018-09-24,Yes,SMS,Google Search,$150K+
C004360,CL003,Mateo Gonzalez,Alachua,FL,32877,2023-05-29,Yes,Email,Community Event,$75K-$99K
C004361,CL001,Luna Adams,Naples,FL,34329,2019-10-01,No,Phone,Existing Client,$50K-$74K
C004362,CL012,Liam Rodriguez,Ocala,FL,32614,2023-05-29,Yes,Phone,Existing Client,<$50K
C004363,CL009,Jessica Jones,Pensacola,FL,32336,2022-06-01,Yes,SMS,Referral,<$50K
C004364,CL007,Kevin Sanchez,Jacksonville,FL,34476,2023-07-31,No,Email,Community Event,$75K-$99K
C004365,CL008,Mia Sanchez,Lakeland,FL,33628,2021-09-30,Yes,Phone,Walk-In,$50K-$74K
C004366,CL001,Amanda Wilson,Gainesville,FL,33144,2019-06-20,No,Phone,Existing Client,$75K-$99K
C004367,CL003,Elijah Robinson,Orlando,FL,32062,2021-03-13,Yes,Email,Community Event,$150K+
C004368,CL009,Grace Johnson,Pensacola,FL,33273,2020-10-03,No,SMS,Community Event,$75K-$99K
C004369,CL002,Megan Lee,Orlando,FL,33603,2018-01-14,No,SMS,Social Media,<$50K
C004370,CL002,Isabella Green,Miami,FL,34992,2019-01-12,Yes,SMS,Referral,$100K-$149K
C004371,CL002,Ashley Jones,Alachua,FL,32062,2019-10-03,Yes,Phone,Community Event,<$50K
C004372,CL012,Jack Roberts,Miami,FL,34138,2020-01-26,Yes,Phone,Google Search,$150K+
C004373,CL005,Megan Clark,Tallahassee,FL,34204,2021-02-18,No,Phone,Social Media,$50K-$74K
C004374,CL006,Sophia Adams,Pensacola,FL,32162,2020-09-10,Yes,Email,Social Media,$75K-$99K
C004375,CL002,Liam Taylor,Tampa,FL,32468,2018-03-01,No,SMS,Existing Client,$100K-$149K
C004376,CL007,Jason Ramirez,Alachua,FL,33574,2019-08-05,Yes,SMS,Google Search,$75K-$99K
C004377,CL003,Logan Carter,Naples,FL,32594,2022-12-14,Yes,Email,Existing Client,$150K+
C004378,CL009,Mia Mitchell,Gainesville,FL,34538,2020-11-07,Yes,Email,Existing Client,$75K-$99K
C004379,CL006,Robert Martinez,Naples,FL,34068,2020-05-06,No,SMS,Social Media,<$50K
C004380,CL010,Emily Flores,Delray Beach,FL,32743,2021-10-21,Yes,SMS,Referral,$100K-$149K
C004381,CL010,Emily Torres,Miami,FL,34267,2020-07-19,Yes,Email,Community Event,$150K+
C004382,CL007,Evelyn Baker,Jacksonville,FL,32643,2018-01-14,Yes,Phone,Social Media,$75K-$99K
C004383,CL012,Jason Thompson,Pensacola,FL,34545,2023-11-06,Yes,Phone,Social Media,$150K+
C004384,CL007,Olivia Mitchell,Tampa,FL,32240,2018-03-16,Yes,Phone,Existing Client,$50K-$74K
C004385,CL002,Daniel Roberts,Fort Myers,FL,33603,2019-07-23,Yes,SMS,Social Media,$150K+
C004386,CL007,Robert Adams,Sarasota,FL,32532,2020-01-04,Yes,SMS,Social Media,$150K+
C004387,CL003,Harper Lewis,Pensacola,FL,33153,2022-05-03,Yes,SMS,Google Search,<$50K
C004388,CL003,Olivia Thomas,Palm Coast,FL,33912,2021-01-27,Yes,SMS,Community Event,<$50K
C004389,CL003,Lucas Jackson,Sarasota,FL,32892,2019-09-20,No,SMS,Walk-In,$75K-$99K
C004390,CL001,Grace Taylor,Gainesville,FL,34344,2021-10-23,No,SMS,Google Search,$75K-$99K
C004391,CL007,Emily Torres,Boca Raton,FL,33183,2020-09-08,No,Phone,Google Search,$150K+
C004392,CL001,Sofia Anderson,Lakeland,FL,32560,2023-09-07,No,Phone,Google Search,$50K-$74K
C004393,CL002,Ethan Young,Ocala,FL,34374,2019-05-15,No,SMS,Walk-In,$50K-$74K
C004394,CL002,Mateo Clark,Gainesville,FL,32439,2018-06-19,No,Phone,Existing Client,$50K-$74K
C004395,CL002,Emma Jackson,Lake City,FL,32582,2018-10-14,Yes,SMS,Referral,$50K-$74K
C004396,CL002,Lauren Wright,Boca Raton,FL,34653,2022-01-23,Yes,SMS,Existing Client,$150K+
C004397,CL005,Audrey Johnson,Lakeland,FL,33202,2021-08-08,Yes,Email,Walk-In,$50K-$74K
C004398,CL006,Rachel Davis,Newberry,FL,34165,2021-08-20,Yes,SMS,Referral,$50K-$74K
C004399,CL008,Elijah Martinez,Newberry,FL,34883,2020-08-30,Yes,Phone,Google Search,<$50K
C004400,CL005,Olivia Martin,Pensacola,FL,33207,2019-07-10,No,Phone,Referral,$100K-$149K
C004401,CL008,Michael Smith,Newberry,FL,34591,2018-08-12,Yes,Email,Social Media,$100K-$149K
C004402,CL001,Elijah Rivera,Fort Myers,FL,34425,2018-06-26,Yes,Email,Google Search,<$50K
C004403,CL009,Mia White,Fort Myers,FL,33319,2023-01-15,Yes,Phone,Referral,$75K-$99K
C004404,CL010,Harper Taylor,Tallahassee,FL,33136,2022-03-29,Yes,SMS,Referral,$100K-$149K
C004405,CL011,Charlotte Robinson,Lakeland,FL,33122,2023-09-30,Yes,SMS,Community Event,$50K-$74K
C004406,CL004,Mia Miller,Sarasota,FL,33752,2022-04-30,Yes,Phone,Walk-In,$100K-$149K
C004407,CL006,Logan Lewis,Orlando,FL,33672,2019-01-12,No,Phone,Google Search,$75K-$99K
C004408,CL011,Michael Martinez,Ocala,FL,32936,2019-02-10,Yes,SMS,Social Media,$100K-$149K
C004409,CL007,Isabella Hall,Boca Raton,FL,32988,2018-05-04,Yes,Email,Walk-In,$150K+
C004410,CL006,Emily Smith,Palm Coast,FL,34882,2018-03-26,Yes,Phone,Existing Client,$150K+
C004411,CL010,Chloe Lopez,Ocala,FL,34678,2018-04-17,Yes,Email,Community Event,$100K-$149K
C004412,CL006,Amelia Jackson,Jacksonville,FL,34765,2019-07-30,Yes,SMS,Existing Client,<$50K
C004413,CL011,Ethan Lewis,Sarasota,FL,32406,2019-09-27,Yes,SMS,Walk-In,<$50K
C004414,CL004,Ryan Martin,Lake City,FL,34006,2022-12-16,No,SMS,Referral,$100K-$149K
C004415,CL005,Robert Lee,Delray Beach,FL,33639,2019-04-13,Yes,Phone,Walk-In,$150K+
C004416,CL005,Charlotte Robinson,Tampa,FL,34582,2021-12-08,Yes,Email,Existing Client,$75K-$99K
C004417,CL010,Kevin Clark,Delray Beach,FL,34931,2018-09-19,Yes,Email,Referral,$150K+
C004418,CL008,Robert Jones,Clearwater,FL,33087,2023-05-09,Yes,SMS,Social Media,$75K-$99K
C004419,CL009,Benjamin King,Jacksonville,FL,34453,2018-02-15,Yes,SMS,Community Event,<$50K
C004420,CL010,Ethan Lee,Pensacola,FL,32767,2018-05-20,No,Phone,Referral,$75K-$99K
C004421,CL001,Jessica Campbell,Jacksonville,FL,32642,2021-06-04,No,Email,Referral,$100K-$149K
C004422,CL012,James Miller,Fort Myers,FL,34614,2022-03-12,No,SMS,Walk-In,$100K-$149K
C004423,CL012,Jackson Wilson,Newberry,FL,34062,2018-08-29,Yes,Phone,Social Media,$75K-$99K
C004424,CL006,Harper Brown,Boca Raton,FL,33678,2019-07-21,Yes,SMS,Walk-In,$75K-$99K
C004425,CL006,Nick Mitchell,Tampa,FL,32113,2019-05-30,Yes,Email,Existing Client,$150K+
C004426,CL002,Michael Scott,Miami,FL,34641,2018-07-11,Yes,Phone,Walk-In,<$50K
C004427,CL004,Sofia Rodriguez,Boca Raton,FL,34101,2022-03-01,Yes,Phone,Referral,$150K+
C004428,CL005,Henry Flores,Lake City,FL,34080,2019-04-20,No,Email,Google Search,$150K+
C004429,CL002,Isabella Adams,Lakeland,FL,33220,2018-10-12,No,Phone,Google Search,$50K-$74K
C004430,CL008,Kevin Martinez,Pensacola,FL,34766,2019-10-04,No,SMS,Social Media,$75K-$99K
C004431,CL002,Jessica Clark,Lake City,FL,32943,2020-09-14,Yes,Email,Walk-In,$150K+
C004432,CL012,Amanda White,St. Petersburg,FL,34783,2019-04-10,No,Email,Social Media,$150K+
C004433,CL001,Olivia Hill,Ocala,FL,34720,2019-12-15,Yes,SMS,Google Search,$150K+
C004434,CL008,Nick Rodriguez,Lake City,FL,32376,2018-07-29,Yes,Email,Walk-In,$50K-$74K
C004435,CL008,Charlotte Gonzalez,Gainesville,FL,32212,2022-10-20,Yes,SMS,Walk-In,$75K-$99K
C004436,CL008,Isabella Campbell,Boca Raton,FL,33487,2022-10-16,No,Email,Existing Client,<$50K
C004437,CL009,Evelyn Ramirez,Gainesville,FL,34430,2019-06-09,Yes,Phone,Social Media,$75K-$99K
C004438,CL004,Audrey Williams,St. Petersburg,FL,33401,2022-10-20,Yes,SMS,Google Search,$100K-$149K
C004439,CL012,Logan Garcia,Pensacola,FL,32750,2021-03-14,No,SMS,Existing Client,$50K-$74K
C004440,CL011,Mateo Martinez,Lakeland,FL,34897,2018-09-16,No,Phone,Google Search,<$50K
C004441,CL010,Lauren Sanchez,Clearwater,FL,34336,2021-07-20,No,Email,Existing Client,$50K-$74K
C004442,CL011,Camila Young,Lakeland,FL,33579,2020-04-09,Yes,SMS,Community Event,$150K+
C004443,CL010,Liam Smith,Tallahassee,FL,33563,2023-10-26,Yes,SMS,Social Media,$50K-$74K
C004444,CL007,Jason Hill,Jacksonville,FL,32898,2022-03-19,Yes,SMS,Social Media,$150K+
C004445,CL010,Nick Roberts,Alachua,FL,33801,2022-09-11,Yes,SMS,Google Search,$100K-$149K
C004446,CL008,Mason Moore,Newberry,FL,34441,2022-11-11,Yes,Email,Walk-In,<$50K
C004447,CL001,Chloe Moore,Lake City,FL,34658,2023-10-20,Yes,Phone,Walk-In,$75K-$99K
C004448,CL005,Liam Nguyen,Alachua,FL,34810,2020-06-09,Yes,Phone,Social Media,$150K+
C004449,CL009,Nick Lopez,Gainesville,FL,34697,2018-05-06,Yes,SMS,Existing Client,$150K+
C004450,CL012,Jack Torres,Sarasota,FL,32975,2020-10-18,Yes,Email,Community Event,$50K-$74K
C004451,CL004,Emma Rodriguez,Gainesville,FL,34783,2022-04-05,Yes,SMS,Google Search,$100K-$149K
C004452,CL007,James Clark,Lake City,FL,34106,2022-06-05,No,SMS,Social Media,$100K-$149K
C004453,CL004,David Robinson,Boca Raton,FL,34275,2019-09-14,Yes,Email,Google Search,$150K+
C004454,CL007,Amanda Vilaihong,Palm Coast,FL,32131,2020-03-18,Yes,Phone,Walk-In,<$50K
C004455,CL012,Ava Green,Gainesville,FL,34555,2019-03-01,Yes,SMS,Referral,$75K-$99K
C004456,CL004,Emily Taylor,Orlando,FL,32226,2020-06-06,No,SMS,Google Search,$150K+
C004457,CL006,Grace Hernandez,Pensacola,FL,34284,2022-09-03,Yes,Phone,Walk-In,$75K-$99K
C004458,CL007,Jackson Harris,Jacksonville,FL,32802,2019-10-22,Yes,SMS,Existing Client,$150K+
C004459,CL004,Jessica Wilson,Lakeland,FL,34153,2023-10-27,Yes,Phone,Google Search,$50K-$74K
C004460,CL010,Charlotte Williams,Naples,FL,34304,2020-05-21,Yes,SMS,Existing Client,$100K-$149K
C004461,CL001,Jackson Adams,Delray Beach,FL,32627,2021-09-06,No,SMS,Social Media,$150K+
C004462,CL011,Henry Adams,Boca Raton,FL,32526,2023-06-02,Yes,SMS,Social Media,$100K-$149K
C004463,CL002,Kevin Wright,Sarasota,FL,33776,2019-09-21,Yes,Phone,Referral,$75K-$99K
C004464,CL007,Jessica Rodriguez,Newberry,FL,34013,2020-09-21,Yes,SMS,Existing Client,$75K-$99K
C004465,CL002,Logan Wright,Tampa,FL,32908,2021-09-07,Yes,SMS,Walk-In,$100K-$149K
C004466,CL006,Emily Brown,Tallahassee,FL,32806,2021-02-22,No,Phone,Existing Client,$75K-$99K
C004467,CL002,Liam Roberts,Tampa,FL,32667,2020-12-24,No,Email,Existing Client,$50K-$74K
C004468,CL003,Audrey Hernandez,Tallahassee,FL,34593,2022-10-23,Yes,Email,Google Search,<$50K
C004469,CL008,Mason Vilaihong,Newberry,FL,32129,2019-02-26,No,SMS,Walk-In,$75K-$99K
C004470,CL001,Mia Wright,Palm Coast,FL,32820,2020-05-10,No,SMS,Community Event,<$50K
C004471,CL010,Liam Hill,Jacksonville,FL,33946,2018-08-17,Yes,Phone,Referral,$50K-$74K
C004472,CL004,Robert Johnson,Tampa,FL,32804,2023-01-23,Yes,Phone,Existing Client,$150K+
C004473,CL004,Isabella Walker,Pensacola,FL,34326,2021-09-11,No,Email,Walk-In,$75K-$99K
C004474,CL006,Camila Hall,Tampa,FL,33462,2020-06-03,Yes,SMS,Google Search,$50K-$74K
C004475,CL001,Ryan Moore,Alachua,FL,33334,2020-02-27,Yes,SMS,Community Event,$50K-$74K
C004476,CL008,Kevin Miller,Tampa,FL,34196,2023-10-09,Yes,SMS,Existing Client,$100K-$149K
C004477,CL012,Olivia Davis,Lakeland,FL,32319,2023-10-20,Yes,SMS,Google Search,$75K-$99K
C004478,CL002,Emma Williams,Newberry,FL,32700,2021-12-09,Yes,Email,Existing Client,$100K-$149K
C004479,CL003,David Ramirez,Orlando,FL,33677,2023-04-01,Yes,SMS,Community Event,$75K-$99K
C004480,CL011,Mason Hill,Newberry,FL,33716,2020-12-14,Yes,SMS,Referral,<$50K
C004481,CL010,Evelyn Wilson,Miami,FL,34809,2023-04-25,Yes,SMS,Referral,<$50K
C004482,CL002,Liam Perez,Delray Beach,FL,33692,2020-07-17,Yes,Phone,Social Media,$100K-$149K
C004483,CL010,Emily Carter,Clearwater,FL,32986,2023-07-08,No,Phone,Walk-In,$75K-$99K
C004484,CL008,Chloe Walker,Lakeland,FL,33948,2021-01-04,Yes,Phone,Google Search,$100K-$149K
C004485,CL006,Jackson Thomas,Fort Myers,FL,33942,2018-11-22,No,Phone,Google Search,$100K-$149K
C004486,CL007,Jessica Davis,Lake City,FL,33251,2021-01-16,Yes,SMS,Social Media,$75K-$99K
C004487,CL011,Chloe Johnson,Lake City,FL,34625,2021-12-09,Yes,SMS,Google Search,$50K-$74K
C004488,CL006,Jason Hall,Lake City,FL,34559,2019-11-03,Yes,Email,Existing Client,$50K-$74K
C004489,CL003,Ava Wright,Alachua,FL,32650,2019-03-03,Yes,Email,Walk-In,<$50K
C004490,CL011,Charlotte Jackson,Orlando,FL,32651,2020-12-29,Yes,SMS,Google Search,$100K-$149K
C004491,CL008,Jason Jackson,Miami,FL,33512,2019-09-27,Yes,SMS,Walk-In,$150K+
C004492,CL001,Camila Rivera,Pensacola,FL,33241,2021-10-08,Yes,SMS,Walk-In,<$50K
C004493,CL007,Mason Flores,Miami,FL,34077,2023-05-12,No,SMS,Existing Client,$150K+
C004494,CL002,Emma Lopez,Orlando,FL,34447,2021-06-12,Yes,Email,Referral,$50K-$74K
C004495,CL003,Ella Smith,Delray Beach,FL,32247,2021-11-19,Yes,SMS,Google Search,$150K+
C004496,CL011,Mason Campbell,Fort Myers,FL,32949,2019-01-02,Yes,SMS,Referral,$75K-$99K
C004497,CL004,Liam Jones,Lake City,FL,32574,2023-12-10,Yes,Email,Social Media,$100K-$149K
C004498,CL006,Liam Ramirez,Newberry,FL,34904,2021-07-16,Yes,Email,Referral,$50K-$74K
C004499,CL011,Henry Lopez,Delray Beach,FL,33028,2018-08-29,Yes,SMS,Community Event,$50K-$74K
C004500,CL006,Kevin Torres,Tampa,FL,33506,2020-07-20,Yes,SMS,Community Event,$150K+
C004501,CL005,Henry Harris,Palm Coast,FL,32793,2020-12-31,No,SMS,Google Search,$100K-$149K
C004502,CL001,Mia Rodriguez,Orlando,FL,32286,2020-07-25,No,SMS,Referral,$100K-$149K
C004503,CL005,David Moore,Boca Raton,FL,32460,2023-10-21,Yes,Email,Existing Client,$150K+
C004504,CL004,Mason Harris,Tampa,FL,33563,2022-11-18,No,SMS,Walk-In,$75K-$99K
C004505,CL005,Kevin Miller,Naples,FL,32029,2018-05-15,No,SMS,Walk-In,$100K-$149K
C004506,CL010,Rachel Hall,Ocala,FL,33114,2020-08-02,Yes,Phone,Walk-In,$150K+
C004507,CL001,Evelyn Sanchez,Newberry,FL,34475,2018-12-21,No,Phone,Social Media,$100K-$149K
C004508,CL005,Megan Harris,Boca Raton,FL,32479,2019-01-31,Yes,SMS,Referral,$50K-$74K
C004509,CL002,Ella Perez,St. Petersburg,FL,32989,2022-12-10,Yes,SMS,Google Search,$100K-$149K
C004510,CL012,Liam Ramirez,Lakeland,FL,34847,2019-06-03,Yes,SMS,Existing Client,$75K-$99K
C004511,CL003,Megan Torres,Jacksonville,FL,34222,2022-09-20,Yes,SMS,Social Media,<$50K
C004512,CL011,Nick Walker,Tallahassee,FL,34048,2020-07-17,Yes,Phone,Community Event,$75K-$99K
C004513,CL005,Audrey Garcia,Orlando,FL,32840,2021-03-12,No,Phone,Walk-In,$100K-$149K
C004514,CL003,Amanda Anderson,Boca Raton,FL,32111,2021-07-12,Yes,Phone,Community Event,$100K-$149K
C004515,CL011,Evelyn Hill,Orlando,FL,33082,2019-06-15,Yes,SMS,Existing Client,$50K-$74K
C004516,CL008,Jessica Allen,Naples,FL,32820,2019-09-08,Yes,SMS,Community Event,<$50K
C004517,CL002,Grace Lopez,Tallahassee,FL,34089,2021-10-10,No,Email,Google Search,$100K-$149K
C004518,CL011,Benjamin Adams,Alachua,FL,32214,2018-10-23,Yes,SMS,Walk-In,<$50K
C004519,CL011,Chloe Jones,Orlando,FL,34291,2020-01-04,Yes,SMS,Community Event,$75K-$99K
C004520,CL011,Noah Mitchell,Miami,FL,32689,2018-04-20,Yes,Email,Walk-In,<$50K
C004521,CL008,Amelia Allen,Gainesville,FL,34890,2018-03-10,Yes,Email,Referral,$100K-$149K
C004522,CL009,Noah Jackson,Fort Myers,FL,34728,2020-03-27,Yes,SMS,Google Search,$100K-$149K
C004523,CL010,Jessica Green,Alachua,FL,34124,2019-03-14,No,Phone,Walk-In,$150K+
C004524,CL001,Jackson Robinson,Sarasota,FL,34870,2019-07-27,Yes,SMS,Existing Client,$50K-$74K
C004525,CL009,Sarah White,Naples,FL,33410,2022-05-23,Yes,SMS,Social Media,<$50K
C004526,CL011,Mia Flores,Lake City,FL,32170,2023-12-07,No,SMS,Referral,$75K-$99K
C004527,CL002,Liam Nelson,Jacksonville,FL,32580,2023-12-25,Yes,SMS,Existing Client,$75K-$99K
C004528,CL012,Noah Jones,Newberry,FL,34829,2019-08-31,Yes,SMS,Existing Client,$150K+
C004529,CL002,Elijah Gonzalez,Tallahassee,FL,33806,2023-01-23,Yes,Email,Referral,$150K+
C004530,CL005,Kevin King,Ocala,FL,33458,2023-02-18,No,Email,Community Event,$150K+
C004531,CL003,Camila Brown,Sarasota,FL,34392,2020-01-12,No,SMS,Referral,$100K-$149K
C004532,CL011,Ethan Baker,Jacksonville,FL,32188,2018-09-07,Yes,SMS,Google Search,$75K-$99K
C004533,CL002,Grace White,Sarasota,FL,32746,2020-09-16,Yes,SMS,Referral,$75K-$99K
C004534,CL007,Jackson Thomas,Fort Myers,FL,34471,2019-09-12,Yes,Phone,Google Search,$75K-$99K
C004535,CL004,Emily Hernandez,Sarasota,FL,34952,2022-04-30,Yes,SMS,Walk-In,$100K-$149K
C004536,CL006,Amelia Young,Palm Coast,FL,32774,2021-07-29,Yes,SMS,Walk-In,$75K-$99K
C004537,CL001,Olivia Lopez,Orlando,FL,32268,2019-01-16,Yes,SMS,Referral,<$50K
C004538,CL012,Noah Williams,Lake City,FL,33891,2020-12-13,Yes,SMS,Referral,<$50K
C004539,CL012,Olivia Garcia,Sarasota,FL,33355,2019-05-10,Yes,Phone,Google Search,$100K-$149K
C004540,CL007,Ryan Adams,Alachua,FL,33636,2020-07-18,Yes,Phone,Existing Client,$50K-$74K
C004541,CL008,Michael Johnson,St. Petersburg,FL,32942,2023-12-27,Yes,Email,Community Event,$50K-$74K
C004542,CL012,Lauren Roberts,Fort Myers,FL,33156,2020-08-04,Yes,Email,Community Event,$50K-$74K
C004543,CL011,Ella White,Pensacola,FL,34470,2020-12-20,No,SMS,Social Media,$75K-$99K
C004544,CL008,Ryan Clark,Naples,FL,32900,2021-07-14,No,Email,Existing Client,$50K-$74K
C004545,CL002,Amelia Lopez,Pensacola,FL,33572,2019-02-21,Yes,Email,Referral,$75K-$99K
C004546,CL010,Grace Jackson,Tallahassee,FL,34553,2023-12-14,Yes,SMS,Social Media,$150K+
C004547,CL005,Camila Anderson,Palm Coast,FL,34577,2018-01-26,No,SMS,Social Media,$150K+
C004548,CL010,Emily Jones,Clearwater,FL,33563,2022-09-23,Yes,Phone,Community Event,$150K+
C004549,CL005,Daniel Perez,Tampa,FL,32751,2021-01-27,No,SMS,Walk-In,<$50K
C004550,CL011,Rachel Adams,Boca Raton,FL,32787,2020-05-26,Yes,Phone,Referral,$75K-$99K
C004551,CL011,David Taylor,Tallahassee,FL,33767,2020-05-31,Yes,SMS,Referral,$75K-$99K
C004552,CL003,Emily Lee,Clearwater,FL,32816,2023-12-10,Yes,SMS,Google Search,$100K-$149K
C004553,CL007,Luna Roberts,Gainesville,FL,33714,2020-06-09,No,SMS,Referral,$50K-$74K
C004554,CL006,Sofia Baker,Clearwater,FL,33278,2021-06-16,No,Email,Walk-In,$100K-$149K
C004555,CL002,Evelyn Hill,Ocala,FL,32774,2022-02-26,Yes,Phone,Social Media,$150K+
C004556,CL009,Benjamin Thompson,Lake City,FL,32751,2018-11-15,Yes,SMS,Social Media,$100K-$149K
C004557,CL010,Jack Rivera,St. Petersburg,FL,33725,2021-01-30,Yes,SMS,Existing Client,$75K-$99K
C004558,CL002,Sophia King,Jacksonville,FL,34078,2021-10-18,Yes,Email,Social Media,$75K-$99K
C004559,CL008,Harper Scott,Lakeland,FL,34813,2020-12-13,Yes,SMS,Existing Client,$100K-$149K
C004560,CL004,Daniel Robinson,Lakeland,FL,33949,2022-09-13,No,SMS,Community Event,$50K-$74K
C004561,CL006,Lauren Harris,Lake City,FL,34230,2020-07-22,Yes,SMS,Referral,<$50K
C004562,CL010,Jack Johnson,Jacksonville,FL,33463,2020-10-23,Yes,SMS,Google Search,$75K-$99K
C004563,CL003,Henry Garcia,Fort Myers,FL,34712,2019-11-11,Yes,SMS,Community Event,$75K-$99K
C004564,CL002,Chloe Carter,Ocala,FL,32062,2021-04-14,No,SMS,Referral,$100K-$149K
C004565,CL012,Ryan Torres,Naples,FL,32012,2019-05-03,Yes,SMS,Walk-In,$75K-$99K
C004566,CL007,Nick Anderson,Pensacola,FL,32348,2020-08-10,Yes,Email,Referral,<$50K
C004567,CL008,Elijah Anderson,Lake City,FL,34934,2021-07-22,No,SMS,Existing Client,$150K+
C004568,CL011,Harper Martin,Fort Myers,FL,34653,2020-10-26,Yes,Phone,Referral,$150K+
C004569,CL012,Harper Wilson,Jacksonville,FL,33726,2023-07-29,Yes,SMS,Social Media,$75K-$99K
C004570,CL002,Ethan Gonzalez,Orlando,FL,32420,2023-06-20,Yes,SMS,Referral,<$50K
C004571,CL002,Harper White,Delray Beach,FL,32190,2018-09-14,Yes,Phone,Community Event,$100K-$149K
C004572,CL010,Evelyn Anderson,Lake City,FL,34895,2023-07-23,No,SMS,Walk-In,$50K-$74K
C004573,CL006,Henry Hernandez,St. Petersburg,FL,34813,2022-05-30,Yes,Email,Community Event,$50K-$74K
C004574,CL008,Sarah Garcia,Boca Raton,FL,32593,2018-09-29,Yes,Email,Google Search,$150K+
C004575,CL010,James Roberts,Delray Beach,FL,34688,2023-07-30,No,Email,Existing Client,$75K-$99K
C004576,CL001,Sophia Ramirez,Jacksonville,FL,34707,2023-06-13,Yes,Phone,Walk-In,$50K-$74K
C004577,CL004,Lauren Wilson,Miami,FL,33136,2019-10-12,Yes,SMS,Existing Client,$50K-$74K
C004578,CL001,Sophia Rivera,Pensacola,FL,32062,2023-06-19,Yes,Email,Existing Client,<$50K
C004579,CL001,Charlotte White,Newberry,FL,34819,2022-11-11,Yes,Email,Community Event,$150K+
C004580,CL001,Lucas Miller,Sarasota,FL,33259,2020-03-03,Yes,Email,Community Event,$100K-$149K
C004581,CL008,Evelyn Lopez,Newberry,FL,32546,2019-12-23,No,Phone,Referral,$150K+
C004582,CL009,Rachel Hill,Sarasota,FL,33737,2021-09-06,No,SMS,Walk-In,$75K-$99K
C004583,CL009,Emma Harris,Pensacola,FL,32711,2022-06-22,Yes,SMS,Walk-In,$50K-$74K
C004584,CL012,Isabella Lee,Delray Beach,FL,33945,2021-02-28,Yes,SMS,Referral,<$50K
C004585,CL007,Chloe Adams,Delray Beach,FL,34196,2022-06-30,No,SMS,Referral,<$50K
C004586,CL009,Daniel Clark,Newberry,FL,34733,2020-11-27,Yes,Phone,Community Event,<$50K
C004587,CL005,Jessica Green,Gainesville,FL,33684,2019-11-29,Yes,SMS,Social Media,$100K-$149K
C004588,CL003,Elijah Torres,Miami,FL,32188,2023-08-23,No,SMS,Google Search,$75K-$99K
C004589,CL011,Isabella Hall,Ocala,FL,34387,2019-11-02,No,SMS,Walk-In,$150K+
C004590,CL005,Liam Roberts,Newberry,FL,34002,2018-03-13,Yes,Email,Community Event,$75K-$99K
C004591,CL012,Megan Scott,Pensacola,FL,33330,2019-03-18,No,Phone,Walk-In,$75K-$99K
C004592,CL004,Charlotte Lee,Palm Coast,FL,34915,2019-02-08,Yes,Email,Existing Client,$75K-$99K
C004593,CL010,Sophia Vilaihong,Alachua,FL,34936,2019-03-21,No,SMS,Existing Client,$100K-$149K
C004594,CL012,Lucas Jackson,Tallahassee,FL,34107,2018-12-24,No,Phone,Social Media,<$50K
C004595,CL005,Amanda Young,Lakeland,FL,32685,2019-02-19,No,SMS,Referral,$50K-$74K
C004596,CL005,Jason Wright,Sarasota,FL,32607,2020-03-27,No,SMS,Referral,$150K+
C004597,CL008,Audrey Ramirez,Lakeland,FL,34616,2022-01-13,No,SMS,Google Search,$50K-$74K
C004598,CL004,Chloe Hill,Lake City,FL,34223,2021-10-10,No,Phone,Social Media,$50K-$74K
C004599,CL001,Ashley Martin,Delray Beach,FL,32055,2020-05-10,Yes,Email,Social Media,<$50K
C004600,CL002,Jessica King,Sarasota,FL,32371,2018-03-06,Yes,Email,Referral,$50K-$74K
C004601,CL002,Benjamin Torres,Pensacola,FL,32259,2020-01-14,No,Phone,Walk-In,$75K-$99K
C004602,CL011,Rachel Miller,Miami,FL,33750,2023-01-24,Yes,Email,Social Media,$50K-$74K
C004603,CL007,Isabella Davis,Lake City,FL,32107,2020-08-01,No,SMS,Community Event,$150K+
C004604,CL006,Lucas Baker,Newberry,FL,33431,2021-02-28,Yes,Phone,Social Media,$75K-$99K
C004605,CL011,Mason Anderson,Delray Beach,FL,32787,2018-10-26,No,SMS,Existing Client,$150K+
C004606,CL001,Ava Roberts,Tallahassee,FL,32861,2017-12-30,Yes,Email,Walk-In,$150K+
C004607,CL011,Audrey Flores,Lakeland,FL,32867,2018-08-15,Yes,SMS,Community Event,$150K+
C004608,CL001,Benjamin Smith,Tallahassee,FL,32647,2019-03-12,No,SMS,Walk-In,$150K+
C004609,CL011,Jessica Young,Orlando,FL,34116,2023-10-19,Yes,SMS,Referral,$75K-$99K
C004610,CL002,Mason Allen,Jacksonville,FL,32283,2023-10-15,Yes,SMS,Google Search,$150K+
C004611,CL007,Camila White,Orlando,FL,34981,2020-02-10,Yes,SMS,Walk-In,$50K-$74K
C004612,CL005,Amelia Anderson,Tampa,FL,34194,2018-01-16,Yes,Email,Google Search,<$50K
C004613,CL004,Harper Ramirez,Fort Myers,FL,34771,2020-08-02,Yes,SMS,Social Media,<$50K
C004614,CL009,David Lee,Ocala,FL,32478,2020-11-29,Yes,Email,Referral,$50K-$74K
C004615,CL004,James Robinson,Clearwater,FL,32815,2019-07-30,No,Email,Referral,$75K-$99K
C004616,CL012,Charlotte Davis,Alachua,FL,34354,2018-04-27,No,SMS,Social Media,$100K-$149K
C004617,CL001,Amanda Scott,Boca Raton,FL,32822,2022-02-07,No,Phone,Google Search,$75K-$99K
C004618,CL011,Daniel Adams,Orlando,FL,34525,2019-02-21,Yes,Email,Social Media,$50K-$74K
C004619,CL003,James Clark,Naples,FL,32923,2020-08-15,No,Phone,Walk-In,$50K-$74K
C004620,CL002,Chloe Campbell,Clearwater,FL,33707,2019-06-18,Yes,SMS,Community Event,$75K-$99K
C004621,CL002,Sophia Young,Alachua,FL,32774,2018-04-17,No,Phone,Existing Client,$150K+
C004622,CL004,Amanda King,Tampa,FL,32533,2019-11-27,Yes,SMS,Community Event,$100K-$149K
C004623,CL003,Nick Scott,Tampa,FL,32457,2023-11-17,Yes,Phone,Community Event,<$50K
C004624,CL011,Mia Brown,Sarasota,FL,34869,2022-05-16,No,Email,Existing Client,$100K-$149K
C004625,CL008,Emily Lopez,Alachua,FL,32150,2018-03-05,Yes,SMS,Existing Client,$100K-$149K
C004626,CL010,Audrey Vilaihong,Tampa,FL,32290,2020-07-28,Yes,SMS,Walk-In,$150K+
C004627,CL002,James Scott,Orlando,FL,32029,2018-08-18,Yes,SMS,Referral,$100K-$149K
C004628,CL003,Olivia Lewis,Clearwater,FL,34186,2020-10-28,Yes,SMS,Google Search,<$50K
C004629,CL010,Ella Torres,Palm Coast,FL,32411,2023-01-17,Yes,Phone,Walk-In,<$50K
C004630,CL011,James White,Pensacola,FL,32223,2019-05-12,Yes,Email,Referral,<$50K
C004631,CL008,Sophia Lewis,Miami,FL,32194,2022-06-24,Yes,SMS,Google Search,$150K+
C004632,CL006,Megan Campbell,St. Petersburg,FL,34930,2023-09-16,Yes,SMS,Social Media,$75K-$99K
C004633,CL003,Ashley Scott,Ocala,FL,32287,2022-11-20,Yes,SMS,Community Event,<$50K
C004634,CL001,Daniel Garcia,Delray Beach,FL,32118,2021-02-09,Yes,Email,Walk-In,$150K+
C004635,CL010,Lauren Vilaihong,St. Petersburg,FL,34803,2020-01-17,No,Email,Google Search,$100K-$149K
C004636,CL010,Audrey Flores,St. Petersburg,FL,32800,2022-07-19,No,Phone,Existing Client,$100K-$149K
C004637,CL006,Rachel Hernandez,Palm Coast,FL,32589,2022-11-29,Yes,Phone,Referral,$75K-$99K
C004638,CL006,Chloe Rodriguez,Lakeland,FL,32733,2020-04-01,No,SMS,Walk-In,$50K-$74K
C004639,CL011,Mason Hall,Pensacola,FL,34759,2019-11-16,Yes,Phone,Existing Client,$150K+
C004640,CL008,Ryan Lewis,Alachua,FL,33290,2021-01-18,Yes,Phone,Existing Client,$150K+
C004641,CL007,Robert Hill,Fort Myers,FL,34829,2021-09-24,No,SMS,Community Event,$100K-$149K
C004642,CL004,James Nguyen,Ocala,FL,33390,2021-12-14,Yes,SMS,Google Search,<$50K
C004643,CL001,Isabella Davis,Lakeland,FL,34171,2022-05-05,Yes,Email,Walk-In,$100K-$149K
C004644,CL011,Ethan Rodriguez,Jacksonville,FL,33067,2023-08-03,Yes,Email,Existing Client,$150K+
C004645,CL007,Michael Hernandez,Fort Myers,FL,32263,2020-03-07,Yes,Email,Google Search,<$50K
C004646,CL005,Mia Green,Palm Coast,FL,33381,2020-06-24,No,SMS,Google Search,<$50K
C004647,CL008,Mia Gonzalez,Alachua,FL,33236,2022-08-23,No,Phone,Walk-In,<$50K
C004648,CL004,Charlotte Jackson,Orlando,FL,33584,2021-06-19,No,SMS,Existing Client,$100K-$149K
C004649,CL005,Jackson Harris,Boca Raton,FL,34498,2022-08-29,Yes,SMS,Existing Client,<$50K
C004650,CL006,Jason Hernandez,Newberry,FL,33874,2020-07-10,Yes,SMS,Walk-In,$150K+
C004651,CL009,Harper Williams,Delray Beach,FL,32337,2018-04-15,Yes,SMS,Walk-In,$50K-$74K
C004652,CL006,Elijah Gonzalez,Delray Beach,FL,34100,2023-12-15,Yes,SMS,Google Search,$100K-$149K
C004653,CL006,David Allen,Lake City,FL,34586,2021-06-18,No,SMS,Community Event,$100K-$149K
C004654,CL006,Emily Thompson,Lakeland,FL,32116,2018-08-24,No,SMS,Walk-In,$100K-$149K
C004655,CL009,Amanda Davis,Clearwater,FL,34604,2019-03-20,No,Email,Google Search,$150K+
C004656,CL012,David White,St. Petersburg,FL,33665,2020-09-17,No,SMS,Social Media,$75K-$99K
C004657,CL011,James Scott,Gainesville,FL,34661,2018-05-11,Yes,SMS,Google Search,<$50K
C004658,CL002,Kevin Hill,Palm Coast,FL,34079,2022-12-02,No,Phone,Walk-In,$100K-$149K
C004659,CL001,Mateo Ramirez,Pensacola,FL,33238,2018-12-31,Yes,SMS,Social Media,$100K-$149K
C004660,CL002,Rachel Martinez,Gainesville,FL,33753,2019-09-27,No,SMS,Referral,$100K-$149K
C004661,CL005,Ryan Lee,Clearwater,FL,32205,2023-08-06,Yes,Email,Walk-In,<$50K
C004662,CL001,Elijah Brown,Ocala,FL,32697,2018-05-02,Yes,Phone,Walk-In,$150K+
C004663,CL001,Mia Torres,Pensacola,FL,32883,2019-05-28,Yes,Phone,Referral,$100K-$149K
C004664,CL010,Kevin Martinez,Tallahassee,FL,34600,2020-01-14,Yes,SMS,Social Media,$75K-$99K
C004665,CL003,Jackson Green,Miami,FL,32658,2018-07-29,Yes,Phone,Social Media,$75K-$99K
C004666,CL009,Mia Vilaihong,Alachua,FL,32924,2019-02-26,No,SMS,Google Search,$75K-$99K
C004667,CL002,Mia Young,Ocala,FL,32023,2022-03-04,No,Email,Walk-In,$150K+
C004668,CL011,Liam Rodriguez,Pensacola,FL,33840,2023-06-12,Yes,SMS,Social Media,$150K+
C004669,CL004,Camila Clark,Palm Coast,FL,33877,2020-12-21,Yes,Email,Social Media,$100K-$149K
C004670,CL010,David Torres,St. Petersburg,FL,34972,2022-09-22,Yes,Email,Social Media,$75K-$99K
C004671,CL002,Jessica Vilaihong,Orlando,FL,34677,2021-09-25,Yes,Email,Existing Client,$50K-$74K
C004672,CL012,Ashley Young,Ocala,FL,33001,2020-08-31,Yes,Email,Google Search,$50K-$74K
C004673,CL006,Amanda Adams,Clearwater,FL,34423,2022-07-29,No,SMS,Existing Client,$75K-$99K
C004674,CL003,Jason Vilaihong,Fort Myers,FL,32483,2023-11-05,No,Email,Referral,$75K-$99K
C004675,CL002,Lauren Torres,Newberry,FL,34166,2021-12-26,No,Email,Google Search,$150K+
C004676,CL004,Nick Taylor,Naples,FL,33597,2022-11-07,Yes,Email,Community Event,$150K+
C004677,CL008,Sophia Hernandez,Boca Raton,FL,34877,2022-07-10,Yes,Email,Existing Client,$50K-$74K
C004678,CL011,Benjamin Miller,Fort Myers,FL,32265,2019-06-26,Yes,SMS,Walk-In,$100K-$149K
C004679,CL003,Henry Torres,Sarasota,FL,33650,2022-11-13,Yes,Phone,Google Search,$50K-$74K
C004680,CL005,James Mitchell,Jacksonville,FL,32777,2020-10-04,No,SMS,Walk-In,<$50K
C004681,CL001,David Perez,Orlando,FL,34255,2022-06-01,Yes,Phone,Existing Client,$50K-$74K
C004682,CL010,Ava Vilaihong,Naples,FL,33868,2018-06-16,Yes,SMS,Existing Client,$150K+
C004683,CL008,Emily Brown,Alachua,FL,33380,2019-11-11,Yes,Phone,Google Search,$50K-$74K
C004684,CL009,Ava Nelson,Fort Myers,FL,32460,2018-08-15,Yes,SMS,Walk-In,$150K+
C004685,CL012,Lucas Rodriguez,Newberry,FL,34494,2018-08-04,No,Phone,Walk-In,$100K-$149K
C004686,CL003,Harper Hernandez,Gainesville,FL,32141,2021-11-27,No,SMS,Community Event,$50K-$74K
C004687,CL001,Sarah Harris,Ocala,FL,33268,2023-11-24,Yes,Phone,Community Event,$50K-$74K
C004688,CL004,Lucas Williams,Miami,FL,34288,2020-11-15,Yes,Phone,Referral,$50K-$74K
C004689,CL011,Jack Brown,Lake City,FL,34905,2023-08-08,Yes,SMS,Existing Client,$75K-$99K
C004690,CL004,Ethan Mitchell,Clearwater,FL,34255,2021-03-24,Yes,Email,Social Media,$100K-$149K
C004691,CL006,Emily Davis,Ocala,FL,33315,2021-11-02,No,SMS,Referral,$50K-$74K
C004692,CL011,Noah Robinson,Alachua,FL,32857,2022-02-26,Yes,SMS,Google Search,$75K-$99K
C004693,CL011,Camila Lewis,Boca Raton,FL,32799,2023-03-09,Yes,Email,Walk-In,<$50K
C004694,CL004,Sofia Wilson,Pensacola,FL,32044,2023-09-03,Yes,SMS,Social Media,<$50K
C004695,CL010,Mateo Ramirez,Miami,FL,34567,2021-08-15,Yes,Email,Google Search,$50K-$74K
C004696,CL009,Amelia Hall,Sarasota,FL,32320,2021-10-17,Yes,SMS,Walk-In,$50K-$74K
C004697,CL001,Elijah Campbell,Lakeland,FL,34250,2023-07-23,Yes,Email,Existing Client,$50K-$74K
C004698,CL005,Mateo Rivera,Sarasota,FL,32943,2023-12-08,No,SMS,Google Search,$75K-$99K
C004699,CL012,Robert Anderson,Miami,FL,32942,2022-10-24,Yes,Phone,Walk-In,$150K+
C004700,CL004,Logan Hernandez,Boca Raton,FL,33152,2020-01-11,No,SMS,Existing Client,$50K-$74K
C004701,CL010,Jessica Perez,Sarasota,FL,34502,2020-11-22,Yes,Email,Walk-In,$50K-$74K
C004702,CL012,Camila Flores,Fort Myers,FL,34656,2023-02-04,Yes,SMS,Referral,$100K-$149K
C004703,CL007,Jason Wilson,Tampa,FL,32989,2019-04-07,Yes,SMS,Referral,$150K+
C004704,CL004,Grace Taylor,Lake City,FL,32007,2021-12-10,No,SMS,Existing Client,$75K-$99K
C004705,CL010,Ashley Vilaihong,Miami,FL,33854,2021-04-03,Yes,Phone,Community Event,$150K+
C004706,CL004,Ryan Brown,Ocala,FL,32310,2019-06-02,Yes,SMS,Google Search,$50K-$74K
C004707,CL001,Luna Ramirez,Sarasota,FL,34515,2021-03-12,No,SMS,Existing Client,$50K-$74K
C004708,CL008,Lauren Davis,Miami,FL,32277,2022-11-20,Yes,SMS,Referral,$100K-$149K
C004709,CL008,Ethan Allen,Jacksonville,FL,34944,2023-09-10,No,Email,Google Search,<$50K
C004710,CL003,Emma Lee,Tallahassee,FL,34435,2020-04-19,No,SMS,Community Event,$100K-$149K
C004711,CL007,Jessica Flores,Palm Coast,FL,32379,2020-07-06,Yes,SMS,Google Search,$100K-$149K
C004712,CL007,Isabella Campbell,Boca Raton,FL,33315,2022-06-13,Yes,Email,Community Event,$100K-$149K
C004713,CL004,Audrey Smith,Jacksonville,FL,33835,2019-03-26,Yes,Email,Walk-In,$75K-$99K
C004714,CL007,Chloe Allen,Orlando,FL,34517,2019-11-21,No,Phone,Referral,<$50K
C004715,CL005,Logan Ramirez,Boca Raton,FL,32657,2022-03-02,No,Email,Community Event,$150K+
C004716,CL005,Sofia Robinson,Lake City,FL,32372,2021-07-11,No,Phone,Social Media,$50K-$74K
C004717,CL002,Sofia Campbell,Lakeland,FL,32987,2023-10-16,Yes,SMS,Referral,<$50K
C004718,CL004,Jason Hill,Boca Raton,FL,34914,2021-06-24,Yes,SMS,Social Media,$50K-$74K
C004719,CL008,Elijah Wilson,Jacksonville,FL,33953,2020-03-04,Yes,Phone,Community Event,$100K-$149K
C004720,CL006,Mason Vilaihong,Clearwater,FL,34784,2019-11-18,Yes,Email,Walk-In,$50K-$74K
C004721,CL001,Amelia Mitchell,Palm Coast,FL,32862,2018-12-23,Yes,SMS,Existing Client,<$50K
C004722,CL007,Jack Jones,Naples,FL,33875,2019-05-28,Yes,SMS,Existing Client,<$50K
C004723,CL010,Lucas Smith,Orlando,FL,32096,2019-02-02,Yes,SMS,Existing Client,$50K-$74K
C004724,CL007,Mason Walker,Palm Coast,FL,34072,2023-05-03,Yes,Email,Existing Client,$75K-$99K
C004725,CL006,Amelia Rivera,Boca Raton,FL,32188,2022-06-17,Yes,SMS,Existing Client,$100K-$149K
C004726,CL007,Henry Rodriguez,Boca Raton,FL,33516,2019-02-08,Yes,Email,Walk-In,$150K+
C004727,CL007,Henry Davis,Tallahassee,FL,34342,2020-03-13,Yes,SMS,Walk-In,$100K-$149K
C004728,CL001,Lucas Torres,Tallahassee,FL,34680,2022-02-07,Yes,SMS,Community Event,$75K-$99K
C004729,CL011,Michael Gonzalez,Sarasota,FL,34833,2019-09-05,Yes,SMS,Community Event,<$50K
C004730,CL005,David Brown,Pensacola,FL,34664,2020-08-23,Yes,Email,Walk-In,$50K-$74K
C004731,CL012,Sarah Wilson,Delray Beach,FL,34864,2023-02-18,Yes,SMS,Walk-In,$75K-$99K
C004732,CL004,Jackson Perez,Fort Myers,FL,32662,2018-03-05,Yes,Email,Walk-In,$100K-$149K
C004733,CL003,Benjamin Thomas,Pensacola,FL,34134,2020-07-18,No,SMS,Referral,$50K-$74K
C004734,CL011,Sarah Martinez,Jacksonville,FL,33030,2019-07-03,No,Email,Existing Client,$100K-$149K
C004735,CL009,Jason Martinez,Ocala,FL,33731,2019-11-30,Yes,SMS,Community Event,$50K-$74K
C004736,CL012,Emily Rivera,Tallahassee,FL,34549,2019-08-21,Yes,SMS,Google Search,$100K-$149K
C004737,CL004,Noah Martinez,Lake City,FL,34973,2022-12-22,Yes,SMS,Google Search,$75K-$99K
C004738,CL003,Elijah Baker,Ocala,FL,34963,2019-01-31,Yes,SMS,Walk-In,$50K-$74K
C004739,CL012,Kevin Taylor,Fort Myers,FL,32134,2021-03-27,Yes,Email,Google Search,$75K-$99K
C004740,CL001,Grace Hernandez,Alachua,FL,33109,2019-03-13,No,Email,Existing Client,$100K-$149K
C004741,CL007,Megan Rodriguez,Sarasota,FL,32445,2023-07-08,Yes,Phone,Google Search,<$50K
C004742,CL010,Mateo Sanchez,Jacksonville,FL,34102,2018-08-21,Yes,Email,Community Event,$100K-$149K
C004743,CL009,Emily Thomas,Delray Beach,FL,34317,2020-03-31,Yes,Email,Existing Client,$150K+
C004744,CL006,Sofia Perez,Lake City,FL,33667,2019-01-21,Yes,Email,Walk-In,$100K-$149K
C004745,CL006,Charlotte Martin,Fort Myers,FL,32858,2018-08-04,Yes,SMS,Existing Client,$75K-$99K
C004746,CL010,Jessica Campbell,Clearwater,FL,34703,2023-02-17,No,Phone,Walk-In,<$50K
C004747,CL003,Ava Rivera,Pensacola,FL,34133,2023-11-24,Yes,SMS,Referral,<$50K
C004748,CL010,Audrey Baker,Pensacola,FL,33980,2022-04-09,Yes,Phone,Social Media,<$50K
C004749,CL003,Megan Martin,Sarasota,FL,33918,2021-10-16,No,SMS,Social Media,$50K-$74K
C004750,CL001,Audrey Adams,Tallahassee,FL,32032,2023-05-18,Yes,SMS,Google Search,$100K-$149K
C004751,CL010,Jason Mitchell,Tampa,FL,33426,2019-10-18,Yes,Email,Google Search,<$50K
C004752,CL011,Audrey Gonzalez,Orlando,FL,32563,2019-01-11,Yes,Email,Social Media,$150K+
C004753,CL001,Ella Perez,Clearwater,FL,33712,2019-12-01,Yes,Email,Walk-In,$150K+
C004754,CL007,Harper Gonzalez,Miami,FL,33881,2023-02-09,Yes,Email,Walk-In,<$50K
C004755,CL008,Mia Anderson,St. Petersburg,FL,32853,2023-07-25,Yes,Email,Google Search,$75K-$99K
C004756,CL009,Mia Thomas,Tampa,FL,33092,2020-01-12,Yes,SMS,Walk-In,$50K-$74K
C004757,CL007,Evelyn Campbell,Lakeland,FL,34363,2023-09-20,Yes,Phone,Referral,<$50K
C004758,CL008,Chloe Robinson,Boca Raton,FL,32755,2020-11-03,Yes,Phone,Existing Client,$75K-$99K
C004759,CL010,Chloe Martin,Clearwater,FL,34799,2022-04-23,No,Phone,Referral,<$50K
C004760,CL008,Mason Martinez,Naples,FL,32247,2023-12-11,Yes,Phone,Social Media,$150K+
C004761,CL002,Logan Clark,Delray Beach,FL,33831,2019-03-24,Yes,SMS,Google Search,<$50K
C004762,CL001,Jason Jackson,Miami,FL,33748,2022-11-22,Yes,Email,Google Search,<$50K
C004763,CL011,Robert Johnson,Clearwater,FL,33715,2022-08-12,Yes,Email,Walk-In,$100K-$149K
C004764,CL002,Luna Hall,Jacksonville,FL,32163,2022-10-22,No,SMS,Referral,<$50K
C004765,CL009,Ashley Torres,Delray Beach,FL,32017,2022-10-02,Yes,SMS,Referral,<$50K
C004766,CL012,Megan Garcia,Lakeland,FL,32270,2020-09-18,Yes,SMS,Google Search,$75K-$99K
C004767,CL001,Olivia Flores,Gainesville,FL,33970,2018-10-13,Yes,SMS,Referral,$75K-$99K
C004768,CL002,Jason Wright,Ocala,FL,33881,2019-01-15,No,SMS,Walk-In,<$50K
C004769,CL008,Camila Adams,Lakeland,FL,34929,2019-05-26,Yes,Phone,Walk-In,$100K-$149K
C004770,CL001,Sofia Baker,Newberry,FL,32693,2019-04-14,No,SMS,Social Media,$50K-$74K
C004771,CL002,Amanda Vilaihong,Orlando,FL,32341,2018-07-19,Yes,Phone,Existing Client,$100K-$149K
C004772,CL002,Audrey Green,Boca Raton,FL,34205,2021-01-05,No,Phone,Existing Client,$75K-$99K
C004773,CL005,Elijah Johnson,Lake City,FL,33731,2019-09-18,Yes,SMS,Existing Client,$150K+
C004774,CL002,Noah Allen,Ocala,FL,33834,2019-04-25,Yes,Email,Social Media,<$50K
C004775,CL012,Emma Roberts,Gainesville,FL,34880,2023-07-02,No,Phone,Social Media,<$50K
C004776,CL010,Camila Sanchez,Ocala,FL,34995,2019-12-27,Yes,Phone,Referral,$150K+
C004777,CL001,Mateo Perez,Lakeland,FL,33368,2020-06-28,No,Phone,Google Search,$150K+
C004778,CL010,Elijah Hall,Fort Myers,FL,33087,2023-06-01,No,Phone,Community Event,$50K-$74K
C004779,CL010,Mia Harris,Delray Beach,FL,34864,2021-12-27,Yes,SMS,Walk-In,$50K-$74K
C004780,CL009,Rachel Thomas,Delray Beach,FL,33288,2020-08-04,Yes,SMS,Community Event,$75K-$99K
C004781,CL005,Evelyn Vilaihong,Ocala,FL,34814,2022-06-21,Yes,SMS,Walk-In,$150K+
C004782,CL003,Ella Anderson,Lake City,FL,33967,2023-07-22,No,Phone,Community Event,$150K+
C004783,CL009,Michael Clark,Jacksonville,FL,32872,2018-03-18,No,SMS,Existing Client,$150K+
C004784,CL008,Luna Scott,Miami,FL,34591,2023-10-26,Yes,Email,Social Media,<$50K
C004785,CL002,Evelyn Lopez,Lake City,FL,34101,2023-11-18,Yes,Email,Referral,$150K+
C004786,CL012,Audrey Brown,Palm Coast,FL,33026,2023-08-24,Yes,SMS,Referral,$150K+
C004787,CL003,Grace Lopez,Boca Raton,FL,33015,2021-01-12,No,Email,Community Event,$50K-$74K
C004788,CL005,Grace Ramirez,Pensacola,FL,33309,2023-05-09,Yes,SMS,Community Event,$150K+
C004789,CL010,Mia Ramirez,Sarasota,FL,32505,2020-12-13,Yes,Email,Existing Client,$50K-$74K
C004790,CL008,Mateo Lee,Boca Raton,FL,33558,2018-11-28,Yes,Email,Walk-In,$50K-$74K
C004791,CL005,Jack Brown,Lakeland,FL,33498,2018-07-13,Yes,Email,Walk-In,<$50K
C004792,CL010,Grace Scott,Sarasota,FL,33834,2023-07-11,Yes,SMS,Referral,$50K-$74K
C004793,CL006,Audrey Mitchell,Newberry,FL,33714,2020-08-18,No,SMS,Existing Client,$50K-$74K
C004794,CL007,Henry Rodriguez,Gainesville,FL,33398,2019-05-25,No,SMS,Google Search,$50K-$74K
C004795,CL010,Sophia Perez,Jacksonville,FL,34107,2020-04-12,No,SMS,Social Media,$50K-$74K
C004796,CL008,Amanda Hill,Newberry,FL,33751,2022-01-29,No,Email,Google Search,$75K-$99K
C004797,CL002,Logan Smith,Fort Myers,FL,32087,2018-06-25,Yes,SMS,Existing Client,$100K-$149K
C004798,CL007,Ella Clark,Palm Coast,FL,34146,2020-05-20,Yes,Phone,Community Event,$50K-$74K
C004799,CL007,Amelia Adams,Sarasota,FL,33529,2019-09-28,Yes,Email,Existing Client,$100K-$149K
C004800,CL009,Benjamin Hall,Lake City,FL,34493,2019-12-08,Yes,SMS,Referral,$75K-$99K
C004801,CL007,Chloe Hill,Gainesville,FL,34634,2021-10-19,No,SMS,Community Event,$50K-$74K
C004802,CL001,Chloe Garcia,Clearwater,FL,33139,2019-08-02,Yes,SMS,Community Event,$75K-$99K
C004803,CL003,Megan Lopez,Jacksonville,FL,34790,2020-05-28,No,Email,Walk-In,$100K-$149K
C004804,CL007,James White,Fort Myers,FL,32069,2023-03-23,No,SMS,Referral,<$50K
C004805,CL008,Jason Williams,Fort Myers,FL,33227,2020-10-21,Yes,SMS,Referral,$75K-$99K
C004806,CL006,Audrey Williams,Clearwater,FL,34551,2021-04-30,Yes,SMS,Google Search,<$50K
C004807,CL010,Benjamin Jackson,Sarasota,FL,33660,2018-06-27,Yes,Email,Social Media,$75K-$99K
C004808,CL008,Jessica Jackson,Delray Beach,FL,34971,2022-11-07,Yes,Phone,Referral,$75K-$99K
C004809,CL009,Elijah Walker,Gainesville,FL,32459,2022-02-22,Yes,Email,Social Media,$50K-$74K
C004810,CL006,James Ramirez,St. Petersburg,FL,33879,2022-07-24,Yes,SMS,Social Media,$100K-$149K
C004811,CL010,Logan Moore,Boca Raton,FL,32120,2022-07-30,No,Phone,Walk-In,$50K-$74K
C004812,CL003,Liam King,Lake City,FL,32044,2019-04-19,Yes,SMS,Google Search,$150K+
C004813,CL002,Jackson Moore,Newberry,FL,32695,2020-08-27,Yes,SMS,Community Event,$50K-$74K
C004814,CL009,Sofia Clark,Sarasota,FL,32561,2023-09-10,Yes,SMS,Existing Client,$150K+
C004815,CL007,David Walker,Ocala,FL,33173,2022-02-14,Yes,Email,Community Event,$150K+
C004816,CL011,Charlotte Rivera,Lakeland,FL,33817,2019-07-31,No,Phone,Community Event,$75K-$99K
C004817,CL009,Lauren Wilson,Jacksonville,FL,34055,2018-05-29,Yes,SMS,Google Search,$50K-$74K
C004818,CL006,Kevin Allen,Orlando,FL,32038,2020-12-16,Yes,SMS,Google Search,$75K-$99K
C004819,CL007,Ella Brown,Clearwater,FL,33782,2020-12-03,Yes,Phone,Referral,<$50K
C004820,CL006,Olivia Sanchez,Clearwater,FL,32158,2023-05-19,Yes,Phone,Community Event,$75K-$99K
C004821,CL007,Camila Anderson,Orlando,FL,33869,2019-12-17,No,SMS,Walk-In,$75K-$99K
C004822,CL008,Logan Lopez,Lakeland,FL,32224,2018-05-31,Yes,SMS,Walk-In,$50K-$74K
C004823,CL004,Daniel Davis,St. Petersburg,FL,32748,2019-12-29,Yes,Phone,Social Media,$75K-$99K
C004824,CL009,Sarah Anderson,Fort Myers,FL,32633,2022-09-30,No,Phone,Referral,$50K-$74K
C004825,CL011,Grace Rivera,Jacksonville,FL,33400,2020-10-29,No,Phone,Referral,$150K+
C004826,CL012,Olivia Hill,Ocala,FL,33051,2023-11-09,Yes,SMS,Existing Client,<$50K
C004827,CL009,Nick Campbell,Orlando,FL,34032,2018-12-05,Yes,Phone,Walk-In,$100K-$149K
C004828,CL001,Emma Rivera,Boca Raton,FL,34167,2022-04-23,Yes,Phone,Google Search,$50K-$74K
C004829,CL001,James Jones,Tallahassee,FL,34364,2019-05-08,Yes,SMS,Walk-In,$100K-$149K
C004830,CL002,Jack Taylor,Jacksonville,FL,34650,2023-11-08,Yes,Email,Social Media,$75K-$99K
C004831,CL005,Ethan Robinson,Jacksonville,FL,33286,2020-07-06,Yes,SMS,Referral,$75K-$99K
C004832,CL004,Lauren Thompson,St. Petersburg,FL,33918,2022-11-11,Yes,SMS,Social Media,$50K-$74K
C004833,CL002,Ella Baker,Tallahassee,FL,34642,2023-09-19,Yes,Phone,Google Search,$75K-$99K
C004834,CL009,Lauren Nelson,Pensacola,FL,32103,2023-01-10,No,SMS,Existing Client,$75K-$99K
C004835,CL012,Lauren Williams,Alachua,FL,33629,2019-01-25,Yes,Email,Existing Client,$50K-$74K
C004836,CL003,Benjamin Roberts,Newberry,FL,34994,2018-06-29,Yes,Email,Social Media,$100K-$149K
C004837,CL003,Luna Hernandez,Gainesville,FL,33391,2018-10-29,Yes,Phone,Social Media,<$50K
C004838,CL005,Mia Lee,St. Petersburg,FL,33836,2018-04-13,No,SMS,Existing Client,$150K+
C004839,CL008,Jessica Miller,Tallahassee,FL,32967,2019-06-19,Yes,SMS,Referral,$50K-$74K
C004840,CL009,Megan Flores,Naples,FL,33833,2018-05-04,Yes,SMS,Referral,$150K+
C004841,CL006,Rachel Scott,Pensacola,FL,34924,2018-06-22,No,SMS,Referral,$150K+
C004842,CL003,Emily Brown,Sarasota,FL,34695,2023-04-07,Yes,SMS,Google Search,$150K+
C004843,CL004,Ella Lee,Gainesville,FL,32797,2021-05-29,No,SMS,Existing Client,$150K+
C004844,CL001,Kevin Robinson,Delray Beach,FL,34568,2020-04-08,Yes,SMS,Social Media,<$50K
C004845,CL001,Sophia Anderson,Alachua,FL,34770,2019-12-25,No,SMS,Community Event,$150K+
C004846,CL003,Amanda Clark,Tallahassee,FL,33209,2020-09-19,Yes,SMS,Existing Client,$75K-$99K
C004847,CL008,Rachel King,Jacksonville,FL,33733,2022-01-27,Yes,Phone,Google Search,$75K-$99K
C004848,CL002,Mia Young,Sarasota,FL,34112,2018-06-13,Yes,SMS,Walk-In,$50K-$74K
C004849,CL006,Jack Baker,Gainesville,FL,33641,2018-09-20,Yes,SMS,Walk-In,$75K-$99K
C004850,CL003,Jessica Harris,Delray Beach,FL,34623,2021-01-15,Yes,SMS,Existing Client,$75K-$99K
C004851,CL008,Jason Roberts,Naples,FL,32481,2020-06-18,Yes,SMS,Walk-In,$150K+
C004852,CL010,Liam Hall,Clearwater,FL,33579,2019-08-25,Yes,Phone,Existing Client,$100K-$149K
C004853,CL001,Henry Martinez,Lake City,FL,34351,2020-01-15,No,Phone,Walk-In,$75K-$99K
C004854,CL002,Emma Jones,Ocala,FL,32629,2020-04-06,No,Email,Community Event,$150K+
C004855,CL001,Sofia Taylor,Naples,FL,34430,2020-05-15,No,Phone,Referral,$150K+
C004856,CL009,Evelyn Williams,Naples,FL,34729,2022-03-06,Yes,Phone,Community Event,$100K-$149K
C004857,CL009,Chloe Thomas,Newberry,FL,34154,2022-08-08,Yes,Phone,Community Event,$150K+
C004858,CL007,Harper Nelson,Sarasota,FL,34688,2020-07-20,Yes,Phone,Google Search,<$50K
C004859,CL009,Amelia Taylor,Palm Coast,FL,33171,2020-08-03,No,SMS,Existing Client,<$50K
C004860,CL006,Logan Hernandez,Clearwater,FL,34394,2020-10-11,No,SMS,Google Search,$100K-$149K
C004861,CL005,Michael Hernandez,Tallahassee,FL,34524,2022-08-11,Yes,Phone,Community Event,$50K-$74K
C004862,CL009,Ashley Williams,Fort Myers,FL,34340,2021-01-18,Yes,SMS,Existing Client,$100K-$149K
C004863,CL011,Camila Anderson,Naples,FL,32604,2019-01-24,Yes,Phone,Walk-In,$100K-$149K
C004864,CL012,Michael Baker,Lakeland,FL,33438,2019-04-01,Yes,SMS,Referral,$100K-$149K
C004865,CL007,Mateo Campbell,Boca Raton,FL,34227,2019-02-10,Yes,SMS,Referral,$50K-$74K
C004866,CL009,Kevin Vilaihong,Lakeland,FL,33501,2023-06-06,Yes,Phone,Social Media,$50K-$74K
C004867,CL005,Rachel Smith,Jacksonville,FL,32161,2019-01-20,Yes,Email,Community Event,<$50K
C004868,CL001,Mason Rivera,Orlando,FL,34312,2020-12-28,No,SMS,Walk-In,$50K-$74K
C004869,CL008,Logan Davis,Palm Coast,FL,34072,2020-05-31,Yes,Phone,Social Media,$100K-$149K
C004870,CL004,Ella Scott,Clearwater,FL,34600,2021-02-25,Yes,SMS,Walk-In,$50K-$74K
C004871,CL006,Amanda Baker,St. Petersburg,FL,33753,2020-07-23,No,SMS,Walk-In,$75K-$99K
C004872,CL007,Emily Sanchez,Ocala,FL,33075,2019-11-02,No,Email,Google Search,<$50K
C004873,CL002,Ava Jones,St. Petersburg,FL,33689,2021-04-13,No,Email,Google Search,$100K-$149K
C004874,CL003,Emily Young,Ocala,FL,32840,2019-03-17,Yes,Phone,Social Media,<$50K
C004875,CL005,Isabella Williams,Naples,FL,33308,2023-08-27,No,Phone,Google Search,$50K-$74K
C004876,CL006,Michael Martinez,Tallahassee,FL,34375,2018-06-12,No,Email,Community Event,$50K-$74K
C004877,CL004,Amanda Hernandez,Alachua,FL,34335,2021-07-06,Yes,Phone,Google Search,$75K-$99K
C004878,CL002,Ryan Lopez,Alachua,FL,33494,2019-05-23,No,Phone,Existing Client,$50K-$74K
C004879,CL008,David Nelson,Miami,FL,32114,2022-11-09,Yes,Email,Existing Client,$150K+
C004880,CL007,Emma Wilson,Sarasota,FL,34511,2022-11-22,No,SMS,Referral,$150K+
C004881,CL009,Lucas Davis,Pensacola,FL,33304,2018-05-23,No,SMS,Community Event,$75K-$99K
C004882,CL004,Amanda Adams,Palm Coast,FL,34017,2019-01-17,Yes,SMS,Community Event,<$50K
C004883,CL008,Camila Lewis,Fort Myers,FL,33221,2023-10-29,Yes,Phone,Walk-In,<$50K
C004884,CL010,Emily Robinson,St. Petersburg,FL,33247,2018-08-25,Yes,Phone,Social Media,$50K-$74K
C004885,CL002,Harper Scott,Alachua,FL,34710,2020-01-14,Yes,SMS,Existing Client,<$50K
C004886,CL006,Megan Walker,Delray Beach,FL,32793,2019-03-08,Yes,Email,Community Event,$50K-$74K
C004887,CL012,Benjamin White,Clearwater,FL,33229,2020-07-29,Yes,SMS,Social Media,$75K-$99K
C004888,CL008,Logan Taylor,Orlando,FL,34233,2023-01-30,Yes,SMS,Existing Client,$50K-$74K
C004889,CL008,Amelia Hall,Pensacola,FL,32231,2022-03-05,Yes,Email,Google Search,$100K-$149K
C004890,CL007,Benjamin Torres,Ocala,FL,34033,2021-01-24,Yes,Email,Community Event,$100K-$149K
C004891,CL011,Sophia Green,Delray Beach,FL,34841,2023-08-21,Yes,Email,Walk-In,$150K+
C004892,CL011,Ashley Brown,Lakeland,FL,32604,2019-01-08,Yes,SMS,Community Event,$75K-$99K
C004893,CL012,Noah Thomas,Clearwater,FL,32410,2021-07-01,Yes,SMS,Existing Client,<$50K
C004894,CL005,Mateo Roberts,Orlando,FL,33467,2020-01-13,No,SMS,Referral,$100K-$149K
C004895,CL009,Amelia Sanchez,Sarasota,FL,34095,2021-04-08,Yes,SMS,Community Event,<$50K
C004896,CL010,Audrey Taylor,Lake City,FL,33480,2022-08-26,No,Email,Community Event,$75K-$99K
C004897,CL002,Ella Carter,Delray Beach,FL,33044,2018-09-06,Yes,SMS,Google Search,$75K-$99K
C004898,CL010,Grace Jackson,Miami,FL,33262,2023-09-03,No,SMS,Community Event,$150K+
C004899,CL002,Rachel Baker,Alachua,FL,32146,2021-09-25,Yes,SMS,Social Media,$50K-$74K
C004900,CL008,Robert Rivera,Tampa,FL,33882,2023-06-08,No,Email,Walk-In,$150K+
C004901,CL008,Grace Garcia,Naples,FL,34937,2022-02-03,Yes,Phone,Community Event,$75K-$99K
C004902,CL012,Olivia Williams,Jacksonville,FL,32389,2023-01-24,No,Email,Google Search,$75K-$99K
C004903,CL010,Megan Perez,Pensacola,FL,33705,2022-12-20,Yes,Phone,Social Media,$50K-$74K
C004904,CL005,Daniel Hernandez,Fort Myers,FL,33731,2019-06-25,No,SMS,Social Media,$75K-$99K
C004905,CL006,Luna Ramirez,Boca Raton,FL,33400,2018-10-15,Yes,Email,Walk-In,$100K-$149K
C004906,CL008,Liam Sanchez,Tallahassee,FL,32699,2018-01-16,No,SMS,Walk-In,$50K-$74K
C004907,CL002,Ava Taylor,Naples,FL,33053,2019-01-26,Yes,Email,Walk-In,$150K+
C004908,CL011,Isabella White,Jacksonville,FL,33621,2018-09-12,Yes,Email,Community Event,<$50K
C004909,CL007,Charlotte Moore,St. Petersburg,FL,32208,2021-09-21,Yes,Phone,Walk-In,$50K-$74K
C004910,CL008,Olivia Jones,Clearwater,FL,34886,2020-01-03,Yes,SMS,Social Media,$150K+
C004911,CL006,Camila Martin,Naples,FL,34366,2021-12-26,No,Email,Google Search,$50K-$74K
C004912,CL011,Ethan Green,Fort Myers,FL,34008,2021-08-08,Yes,SMS,Referral,$75K-$99K
C004913,CL008,Mateo Perez,Delray Beach,FL,32510,2021-06-06,Yes,SMS,Social Media,$100K-$149K
C004914,CL006,Luna Nguyen,Alachua,FL,33956,2020-06-07,Yes,Phone,Social Media,$150K+
C004915,CL003,Jason Roberts,Delray Beach,FL,32145,2022-11-10,Yes,Phone,Existing Client,$75K-$99K
C004916,CL002,Camila Ramirez,Tampa,FL,32323,2020-07-20,Yes,SMS,Existing Client,$150K+
C004917,CL001,Ashley Vilaihong,St. Petersburg,FL,32178,2019-12-04,Yes,Email,Social Media,$150K+
C004918,CL010,Luna Wilson,Naples,FL,32136,2022-09-16,No,SMS,Walk-In,$50K-$74K
C004919,CL001,Mateo Torres,Orlando,FL,33248,2022-09-01,Yes,SMS,Walk-In,$75K-$99K
C004920,CL003,Nick Mitchell,Newberry,FL,33250,2020-01-07,Yes,Email,Walk-In,<$50K
C004921,CL001,Mateo White,Palm Coast,FL,33422,2019-04-16,Yes,SMS,Walk-In,$50K-$74K
C004922,CL005,Lauren Carter,Newberry,FL,32382,2018-07-14,Yes,Phone,Existing Client,$100K-$149K
C004923,CL010,Olivia Williams,Tampa,FL,33806,2022-07-03,Yes,SMS,Google Search,$100K-$149K
C004924,CL006,Sophia Wilson,Palm Coast,FL,33947,2023-06-14,No,SMS,Referral,$50K-$74K
C004925,CL007,Noah Campbell,Jacksonville,FL,33201,2022-09-07,No,SMS,Referral,$100K-$149K
C004926,CL009,Sarah Nguyen,Ocala,FL,33701,2023-08-31,No,SMS,Community Event,<$50K
C004927,CL001,Kevin Rodriguez,Alachua,FL,33493,2020-02-23,No,Email,Existing Client,<$50K
C004928,CL004,Harper Ramirez,Gainesville,FL,34170,2020-05-01,Yes,Email,Walk-In,$75K-$99K
C004929,CL010,Audrey Anderson,Jacksonville,FL,32612,2023-06-06,No,Phone,Social Media,<$50K
C004930,CL009,Jack Moore,Clearwater,FL,34227,2023-05-08,Yes,Phone,Existing Client,$75K-$99K
C004931,CL008,Amelia Jackson,Palm Coast,FL,34226,2021-11-18,Yes,SMS,Walk-In,$100K-$149K
C004932,CL007,Sofia Garcia,Naples,FL,32206,2018-02-13,Yes,SMS,Walk-In,$50K-$74K
C004933,CL005,Mia Moore,Lakeland,FL,33611,2019-03-29,Yes,Email,Referral,$75K-$99K
C004934,CL001,Luna Perez,Tampa,FL,34161,2018-06-08,Yes,SMS,Social Media,$100K-$149K
C004935,CL004,James Rivera,Palm Coast,FL,33805,2023-07-09,Yes,Email,Google Search,$75K-$99K
C004936,CL011,Daniel Brown,Gainesville,FL,34476,2018-01-12,No,SMS,Google Search,$50K-$74K
C004937,CL004,Sofia Carter,Sarasota,FL,32687,2019-08-07,Yes,SMS,Google Search,$100K-$149K
C004938,CL011,Jason Scott,Palm Coast,FL,32489,2021-04-28,Yes,SMS,Referral,$75K-$99K
C004939,CL010,Audrey Young,Lakeland,FL,34106,2018-01-09,No,Phone,Community Event,<$50K
C004940,CL011,Ashley Thomas,Pensacola,FL,34712,2021-06-28,No,Phone,Community Event,$50K-$74K
C004941,CL011,Amanda Rivera,Pensacola,FL,32326,2020-11-22,Yes,Phone,Google Search,$75K-$99K
C004942,CL006,Robert Lee,Orlando,FL,33171,2019-07-20,No,Email,Social Media,$150K+
C004943,CL004,James Walker,Ocala,FL,33301,2022-04-10,Yes,SMS,Walk-In,<$50K
C004944,CL005,Audrey Brown,Ocala,FL,32647,2018-05-28,Yes,SMS,Referral,$100K-$149K
C004945,CL008,Isabella Smith,Ocala,FL,33000,2022-12-10,Yes,Email,Walk-In,$150K+
C004946,CL012,Emma Vilaihong,Newberry,FL,33060,2020-07-06,No,SMS,Google Search,$100K-$149K
C004947,CL001,Daniel Young,Pensacola,FL,34470,2018-11-29,No,Phone,Referral,<$50K
C004948,CL009,David Robinson,Sarasota,FL,33510,2018-10-06,Yes,Email,Walk-In,$150K+
C004949,CL007,Charlotte Martinez,Sarasota,FL,34350,2019-10-24,No,SMS,Existing Client,<$50K
C004950,CL003,Ashley Rivera,Ocala,FL,33664,2019-07-26,Yes,Phone,Community Event,$150K+
C004951,CL007,Amelia Hill,Sarasota,FL,33981,2022-10-01,Yes,SMS,Google Search,$100K-$149K
C004952,CL001,Noah Allen,Fort Myers,FL,32425,2022-01-27,No,SMS,Google Search,$150K+
C004953,CL002,Evelyn Anderson,Naples,FL,33077,2021-10-11,No,SMS,Social Media,$75K-$99K
C004954,CL005,Jason Robinson,Fort Myers,FL,33467,2020-04-23,Yes,SMS,Social Media,$50K-$74K
C004955,CL001,Amanda Hall,Delray Beach,FL,32401,2021-06-30,Yes,Email,Existing Client,$150K+
C004956,CL003,Ethan Wright,Fort Myers,FL,33757,2018-11-11,Yes,SMS,Referral,$150K+
C004957,CL011,Luna Clark,Ocala,FL,32627,2020-04-12,Yes,Phone,Referral,$150K+
C004958,CL008,Grace Jackson,Jacksonville,FL,34599,2022-07-31,Yes,Phone,Community Event,$100K-$149K
C004959,CL012,Ella Hernandez,Naples,FL,34547,2023-05-15,Yes,Phone,Community Event,<$50K
C004960,CL004,Logan Hill,Lake City,FL,33457,2018-10-22,Yes,Phone,Referral,$150K+
C004961,CL011,Lauren Wilson,Miami,FL,34648,2023-03-04,Yes,SMS,Walk-In,$75K-$99K
C004962,CL012,Jackson Thomas,Fort Myers,FL,33595,2023-03-25,No,Email,Community Event,$100K-$149K
C004963,CL007,Ella Jackson,Alachua,FL,34608,2020-10-30,Yes,SMS,Walk-In,$50K-$74K
C004964,CL005,Noah Sanchez,St. Petersburg,FL,33588,2018-04-04,Yes,SMS,Social Media,$75K-$99K
C004965,CL010,Emily Perez,St. Petersburg,FL,32556,2017-12-31,Yes,Phone,Community Event,$75K-$99K
C004966,CL005,Jackson Thomas,Clearwater,FL,33766,2023-04-27,Yes,Phone,Existing Client,$100K-$149K
C004967,CL009,Grace Scott,Naples,FL,34610,2023-10-05,Yes,Phone,Community Event,<$50K
C004968,CL007,Liam Adams,Lake City,FL,32723,2018-03-25,No,SMS,Referral,$75K-$99K
C004969,CL006,Henry Lewis,Delray Beach,FL,32502,2022-01-07,Yes,Phone,Referral,$75K-$99K
C004970,CL011,Nick Nelson,Boca Raton,FL,34030,2020-11-21,Yes,Phone,Social Media,<$50K
C004971,CL001,Isabella Wright,Naples,FL,34894,2019-01-13,No,Phone,Existing Client,$75K-$99K
C004972,CL010,Luna Wilson,Delray Beach,FL,32728,2018-10-24,Yes,SMS,Referral,$100K-$149K
C004973,CL002,Liam Gonzalez,Orlando,FL,34407,2023-04-28,Yes,SMS,Social Media,$75K-$99K
C004974,CL012,Mateo Smith,Alachua,FL,33519,2019-03-24,Yes,SMS,Social Media,$150K+
C004975,CL009,Henry Smith,Naples,FL,33567,2019-04-04,Yes,Email,Google Search,$100K-$149K
C004976,CL010,Michael Young,Lakeland,FL,34171,2020-02-29,Yes,Email,Walk-In,$150K+
C004977,CL003,Mason Hill,Tallahassee,FL,33283,2018-06-26,Yes,Email,Community Event,$150K+
C004978,CL007,Daniel Clark,Newberry,FL,34511,2019-06-18,Yes,SMS,Social Media,$50K-$74K
C004979,CL012,Chloe Hall,Lakeland,FL,33021,2017-12-27,Yes,Phone,Social Media,$150K+
C004980,CL001,Jason Perez,Sarasota,FL,32655,2021-09-21,Yes,SMS,Google Search,<$50K
C004981,CL007,Megan Martin,Fort Myers,FL,32723,2019-05-03,Yes,Email,Google Search,$150K+
C004982,CL003,Sofia Martin,Gainesville,FL,34139,2023-03-25,Yes,SMS,Existing Client,$150K+
C004983,CL004,Camila King,Gainesville,FL,33665,2021-06-11,Yes,Phone,Community Event,$50K-$74K
C004984,CL011,Mateo Wright,Newberry,FL,34210,2019-12-26,No,SMS,Community Event,$150K+
C004985,CL009,Ava Sanchez,Fort Myers,FL,34155,2021-10-01,No,Phone,Google Search,$150K+
C004986,CL010,Audrey Vilaihong,Miami,FL,34622,2018-08-01,Yes,SMS,Social Media,<$50K
C004987,CL001,Ethan Brown,Tallahassee,FL,32857,2022-03-07,Yes,Phone,Walk-In,$150K+
C004988,CL011,Mia Hall,Tampa,FL,33896,2023-09-10,No,SMS,Walk-In,$150K+
C004989,CL009,Daniel Thompson,Jacksonville,FL,32070,2022-06-15,No,Email,Existing Client,$50K-$74K
C004990,CL001,Isabella Perez,Clearwater,FL,34007,2023-04-06,Yes,SMS,Community Event,$150K+
C004991,CL008,Mason Williams,Palm Coast,FL,33840,2019-01-01,Yes,SMS,Social Media,<$50K
C004992,CL002,Sophia Williams,Palm Coast,FL,32758,2023-07-19,Yes,Email,Google Search,$75K-$99K
C004993,CL007,Sophia Campbell,Pensacola,FL,32565,2021-02-10,Yes,SMS,Social Media,$150K+
C004994,CL008,Emily Lopez,Sarasota,FL,33827,2018-09-20,Yes,Phone,Social Media,$50K-$74K
C004995,CL006,Michael Sanchez,Tampa,FL,33268,2020-08-16,No,Phone,Community Event,$75K-$99K
C004996,CL004,Amanda Adams,Tallahassee,FL,34203,2020-05-08,Yes,SMS,Walk-In,$150K+
C004997,CL004,Benjamin Martin,Clearwater,FL,32148,2023-08-26,Yes,SMS,Google Search,$150K+
C004998,CL005,Chloe Wilson,Boca Raton,FL,32077,2018-10-28,No,Phone,Google Search,<$50K
C004999,CL005,Emma Martinez,Gainesville,FL,34487,2019-09-03,Yes,SMS,Google Search,$100K-$149K
C005000,CL005,Ava Jackson,Miami,FL,34155,2019-09-04,No,SMS,Referral,$75K-$99K
C005001,CL004,Harper Clark,Fort Myers,FL,32232,2019-12-13,Yes,Phone,Referral,$100K-$149K
C005002,CL012,Jason Brown,Sarasota,FL,33395,2020-11-08,No,SMS,Community Event,$150K+
C005003,CL002,Robert Gonzalez,Lake City,FL,33187,2022-02-16,Yes,Phone,Referral,$100K-$149K
C005004,CL010,Sophia Brown,Gainesville,FL,34054,2023-09-26,Yes,SMS,Social Media,$150K+
C005005,CL012,Noah Garcia,Gainesville,FL,34164,2018-04-07,No,SMS,Google Search,<$50K
C005006,CL004,Megan Torres,Palm Coast,FL,33474,2022-05-09,Yes,SMS,Walk-In,$150K+
C005007,CL006,Mason Nguyen,Delray Beach,FL,32295,2018-07-06,Yes,SMS,Existing Client,$150K+
C005008,CL004,Ethan Garcia,Clearwater,FL,34782,2020-12-25,Yes,SMS,Community Event,<$50K
C005009,CL012,Logan Martin,Lakeland,FL,34550,2023-03-15,Yes,SMS,Referral,$75K-$99K
C005010,CL012,Amanda Baker,Delray Beach,FL,34653,2018-12-25,Yes,Phone,Community Event,$50K-$74K
C005011,CL002,Ava Walker,Jacksonville,FL,33963,2020-11-03,No,Email,Google Search,$100K-$149K
C005012,CL006,Logan Jones,Newberry,FL,32995,2022-08-25,Yes,Email,Referral,$75K-$99K
C005013,CL001,James Vilaihong,Jacksonville,FL,33169,2021-06-26,No,SMS,Existing Client,$50K-$74K
C005014,CL001,David Campbell,Fort Myers,FL,32294,2022-12-25,Yes,Email,Existing Client,<$50K
C005015,CL011,Charlotte Scott,Tampa,FL,33994,2022-10-05,Yes,Email,Community Event,$150K+
C005016,CL004,Nick Hernandez,Newberry,FL,33735,2021-09-12,No,Phone,Social Media,$50K-$74K
C005017,CL006,Rachel Wilson,Orlando,FL,34751,2018-06-03,No,Phone,Walk-In,<$50K
C005018,CL011,Ella Mitchell,Jacksonville,FL,34979,2021-02-19,Yes,SMS,Community Event,$75K-$99K
C005019,CL003,Lucas Flores,Orlando,FL,34764,2018-11-11,Yes,SMS,Walk-In,$50K-$74K
C005020,CL003,Lauren Carter,Pensacola,FL,34180,2023-11-21,Yes,Email,Walk-In,$75K-$99K
C005021,CL009,Jackson Vilaihong,Alachua,FL,32320,2018-10-04,No,Email,Google Search,$75K-$99K
C005022,CL010,Ethan Green,Alachua,FL,33818,2019-06-01,Yes,SMS,Referral,$100K-$149K
C005023,CL010,Elijah Perez,Lakeland,FL,34861,2018-02-08,No,SMS,Community Event,$75K-$99K
C005024,CL008,David Gonzalez,Sarasota,FL,32994,2019-10-15,Yes,Email,Walk-In,$50K-$74K
C005025,CL012,Chloe Carter,Gainesville,FL,32439,2023-12-08,Yes,SMS,Walk-In,$150K+
C005026,CL009,Daniel Rodriguez,Miami,FL,33867,2020-05-17,Yes,SMS,Google Search,$75K-$99K
C005027,CL002,Olivia Flores,Sarasota,FL,33202,2022-07-01,Yes,Phone,Existing Client,$75K-$99K
C005028,CL009,Ashley Baker,Fort Myers,FL,34361,2022-06-21,Yes,Email,Walk-In,$75K-$99K
C005029,CL012,Grace Garcia,Fort Myers,FL,32414,2022-11-22,No,SMS,Google Search,$50K-$74K
C005030,CL004,Ethan Thomas,Tampa,FL,34524,2022-09-16,No,SMS,Walk-In,$100K-$149K
C005031,CL009,Logan Johnson,Palm Coast,FL,34952,2018-05-29,Yes,Email,Google Search,$50K-$74K
C005032,CL010,Audrey Davis,Pensacola,FL,32686,2018-10-19,No,SMS,Google Search,$75K-$99K
C005033,CL008,Luna Williams,Lake City,FL,34063,2023-12-01,Yes,Phone,Existing Client,$100K-$149K
C005034,CL006,Sophia Thompson,Ocala,FL,34654,2020-07-08,Yes,Phone,Referral,$100K-$149K
C005035,CL007,Lucas King,Tampa,FL,33298,2018-07-05,No,SMS,Referral,$100K-$149K
C005036,CL011,Nick Allen,Delray Beach,FL,33742,2022-06-24,Yes,Phone,Referral,$50K-$74K
C005037,CL011,Sophia Jackson,Orlando,FL,33136,2023-11-14,Yes,SMS,Community Event,$50K-$74K
C005038,CL008,Liam King,Gainesville,FL,33938,2018-09-29,Yes,SMS,Referral,$150K+
C005039,CL007,Henry Gonzalez,Ocala,FL,34122,2021-11-08,No,Phone,Community Event,<$50K
C005040,CL003,Benjamin Flores,Sarasota,FL,34244,2021-07-09,Yes,Email,Google Search,$75K-$99K
C005041,CL009,Logan Rivera,Lakeland,FL,34930,2021-07-22,Yes,SMS,Social Media,<$50K
C005042,CL003,Emily Allen,Tallahassee,FL,33298,2019-09-11,No,SMS,Existing Client,$150K+
C005043,CL002,David Jones,Ocala,FL,34548,2020-10-03,Yes,Phone,Existing Client,<$50K
C005044,CL009,Ashley Williams,Orlando,FL,34336,2020-12-24,No,Phone,Referral,$150K+
C005045,CL002,Harper Vilaihong,Orlando,FL,34869,2021-11-04,Yes,Phone,Existing Client,$75K-$99K
C005046,CL001,Evelyn White,St. Petersburg,FL,32532,2023-07-12,Yes,Phone,Social Media,$150K+
C005047,CL011,Megan Rodriguez,Sarasota,FL,33380,2019-11-05,No,Phone,Walk-In,$75K-$99K
C005048,CL001,Olivia Jackson,Ocala,FL,34350,2022-06-12,Yes,SMS,Referral,<$50K
C005049,CL009,Lauren Harris,Lakeland,FL,33267,2018-06-28,Yes,Phone,Social Media,$50K-$74K
C005050,CL008,Jack Nguyen,Palm Coast,FL,34170,2019-05-14,Yes,Email,Community Event,$50K-$74K
C005051,CL002,Luna Nelson,Tampa,FL,32655,2023-02-01,Yes,SMS,Community Event,$100K-$149K
C005052,CL008,Kevin Flores,Sarasota,FL,33170,2021-12-18,No,SMS,Referral,$50K-$74K
C005053,CL004,Sarah Ramirez,Alachua,FL,32491,2019-11-04,Yes,SMS,Existing Client,$50K-$74K
C005054,CL008,Noah Moore,Tallahassee,FL,33041,2022-10-27,Yes,Phone,Existing Client,$75K-$99K
C005055,CL008,Ava Torres,Orlando,FL,34491,2018-05-21,No,SMS,Community Event,$100K-$149K
C005056,CL004,Audrey Torres,Palm Coast,FL,32551,2023-12-23,Yes,Phone,Google Search,$100K-$149K
C005057,CL004,Sophia Hernandez,Tampa,FL,32675,2018-07-11,No,SMS,Existing Client,$100K-$149K
C005058,CL003,Ava Scott,Sarasota,FL,33910,2023-06-17,Yes,SMS,Walk-In,<$50K
C005059,CL004,Rachel Baker,Jacksonville,FL,34941,2019-02-25,No,SMS,Community Event,<$50K
C005060,CL001,Rachel Clark,Clearwater,FL,32077,2023-01-30,Yes,SMS,Existing Client,$150K+
C005061,CL001,Amelia Martinez,Sarasota,FL,34549,2022-11-01,Yes,Email,Referral,<$50K
C005062,CL008,Lucas Davis,Orlando,FL,34177,2022-08-12,No,SMS,Walk-In,$150K+
C005063,CL001,Liam Campbell,Tampa,FL,32274,2021-03-22,No,Phone,Community Event,$75K-$99K
C005064,CL003,Mateo Robinson,Newberry,FL,33792,2023-07-30,No,Phone,Existing Client,$50K-$74K
C005065,CL010,Megan Johnson,Tallahassee,FL,34464,2021-10-28,No,Email,Social Media,$100K-$149K
C005066,CL008,Olivia Hall,Pensacola,FL,33027,2019-02-09,No,Phone,Referral,$75K-$99K
C005067,CL010,Amelia Martin,Fort Myers,FL,34646,2020-05-08,No,SMS,Walk-In,$75K-$99K
C005068,CL002,Mia Roberts,St. Petersburg,FL,32330,2021-12-31,Yes,Email,Social Media,$75K-$99K
C005069,CL003,Jackson Mitchell,Pensacola,FL,32360,2018-12-27,Yes,SMS,Existing Client,<$50K
C005070,CL002,Robert Thomas,Boca Raton,FL,34138,2018-09-07,No,SMS,Social Media,$50K-$74K
C005071,CL003,Noah Wright,Alachua,FL,34124,2018-11-05,Yes,SMS,Google Search,$50K-$74K
C005072,CL011,Olivia Adams,St. Petersburg,FL,32974,2020-05-17,No,SMS,Walk-In,$150K+
C005073,CL009,Robert Sanchez,Miami,FL,34445,2020-05-26,Yes,Phone,Social Media,$50K-$74K
C005074,CL004,Olivia Garcia,Orlando,FL,32902,2022-03-28,Yes,Phone,Google Search,$50K-$74K
C005075,CL007,Emily Harris,Naples,FL,33551,2023-07-14,No,SMS,Community Event,<$50K
C005076,CL007,Liam Brown,Newberry,FL,32962,2018-12-19,Yes,SMS,Community Event,$50K-$74K
C005077,CL006,Ella Scott,Alachua,FL,34487,2020-05-18,Yes,SMS,Social Media,$75K-$99K
C005078,CL011,Emily Moore,Tallahassee,FL,34685,2021-02-26,Yes,Phone,Walk-In,<$50K
C005079,CL006,Isabella Thomas,Palm Coast,FL,32716,2020-07-08,Yes,SMS,Google Search,<$50K
C005080,CL006,Kevin Gonzalez,St. Petersburg,FL,33309,2020-02-05,No,Phone,Existing Client,$100K-$149K
C005081,CL003,Liam Anderson,Lake City,FL,34358,2022-08-30,Yes,SMS,Walk-In,$75K-$99K
C005082,CL009,Liam Lewis,Gainesville,FL,32290,2019-11-24,No,Phone,Walk-In,<$50K
C005083,CL004,Mateo Torres,Delray Beach,FL,32773,2023-09-08,No,Phone,Social Media,$100K-$149K
C005084,CL012,Noah Rodriguez,Naples,FL,32477,2021-07-13,Yes,Phone,Referral,$50K-$74K
C005085,CL002,Nick Thomas,St. Petersburg,FL,34393,2019-10-08,No,Email,Walk-In,<$50K
C005086,CL010,Sofia Moore,St. Petersburg,FL,32376,2020-07-13,No,SMS,Community Event,$50K-$74K
C005087,CL001,Lucas Perez,Tallahassee,FL,32844,2023-11-22,Yes,Phone,Social Media,$150K+
C005088,CL012,Mateo Martinez,Newberry,FL,32271,2020-02-21,Yes,SMS,Social Media,$150K+
C005089,CL002,Benjamin Thompson,Pensacola,FL,32701,2023-11-02,Yes,SMS,Referral,$75K-$99K
C005090,CL007,Charlotte Smith,Naples,FL,34682,2019-07-09,Yes,Phone,Walk-In,$100K-$149K
C005091,CL002,Michael White,Orlando,FL,34757,2021-05-15,No,Phone,Walk-In,$75K-$99K
C005092,CL005,Sophia Moore,Orlando,FL,32840,2019-09-03,Yes,SMS,Walk-In,$100K-$149K
C005093,CL005,Amelia Wright,Palm Coast,FL,32278,2020-09-12,Yes,Phone,Community Event,<$50K
C005094,CL011,Mateo Lewis,Gainesville,FL,33838,2022-02-14,No,SMS,Existing Client,$150K+
C005095,CL004,Robert White,Naples,FL,33458,2019-11-22,Yes,Email,Walk-In,$75K-$99K
C005096,CL006,David Lopez,Orlando,FL,34315,2019-06-04,Yes,Email,Existing Client,<$50K
C005097,CL012,Amelia Gonzalez,St. Petersburg,FL,34857,2022-10-20,Yes,Email,Community Event,$75K-$99K
C005098,CL010,Elijah Campbell,Tampa,FL,33435,2020-01-06,Yes,Phone,Referral,$100K-$149K
C005099,CL012,Ella Walker,Naples,FL,34572,2019-04-22,Yes,Phone,Google Search,$150K+
C005100,CL003,Harper King,Lake City,FL,32262,2022-10-05,Yes,Phone,Referral,<$50K
C005101,CL006,Mateo Allen,Sarasota,FL,34243,2019-10-30,No,SMS,Referral,$50K-$74K
C005102,CL012,Amanda Vilaihong,Lakeland,FL,34058,2019-05-01,Yes,Phone,Walk-In,$150K+
C005103,CL012,Chloe Scott,Fort Myers,FL,34905,2018-06-22,Yes,Phone,Walk-In,$150K+
C005104,CL002,Mateo Moore,Lakeland,FL,34640,2018-06-13,No,SMS,Referral,$150K+
C005105,CL004,Audrey Hill,Alachua,FL,34042,2019-01-19,Yes,SMS,Social Media,$75K-$99K
C005106,CL008,Mateo Brown,Lake City,FL,33222,2022-09-28,No,SMS,Referral,<$50K
C005107,CL002,Grace Roberts,Clearwater,FL,32991,2022-01-28,Yes,Email,Social Media,$75K-$99K
C005108,CL004,Emma Perez,Boca Raton,FL,32657,2023-09-15,Yes,Phone,Walk-In,$50K-$74K
C005109,CL004,Ryan Campbell,Miami,FL,32066,2023-09-24,Yes,SMS,Social Media,$100K-$149K
C005110,CL001,Jackson Clark,Gainesville,FL,32692,2019-02-04,Yes,SMS,Google Search,$50K-$74K
C005111,CL007,Ella Johnson,Tallahassee,FL,34889,2021-08-17,No,Phone,Social Media,$50K-$74K
C005112,CL009,Mason Thomas,Gainesville,FL,34144,2022-02-08,Yes,Phone,Referral,$100K-$149K
C005113,CL001,Ashley Taylor,Pensacola,FL,32238,2020-12-24,Yes,SMS,Community Event,$75K-$99K
C005114,CL011,Megan Baker,Lakeland,FL,32521,2023-01-22,Yes,SMS,Walk-In,$75K-$99K
C005115,CL006,Liam Lopez,Naples,FL,32134,2022-01-25,Yes,SMS,Google Search,$50K-$74K
C005116,CL008,Amanda Lee,Tallahassee,FL,34565,2020-12-25,No,SMS,Google Search,$75K-$99K
C005117,CL003,Jack Thomas,Alachua,FL,32059,2018-01-14,Yes,SMS,Community Event,$50K-$74K
C005118,CL003,Lauren Taylor,Naples,FL,32608,2021-11-27,Yes,Email,Google Search,$50K-$74K
C005119,CL006,Mia Hall,Fort Myers,FL,33696,2023-09-13,Yes,SMS,Social Media,<$50K
C005120,CL012,Ryan Sanchez,Pensacola,FL,34597,2021-03-26,Yes,Email,Google Search,$75K-$99K
C005121,CL004,Charlotte Nguyen,Sarasota,FL,32598,2023-01-16,No,Email,Community Event,$75K-$99K
C005122,CL012,Sofia Williams,Lake City,FL,33598,2018-09-10,Yes,SMS,Community Event,$100K-$149K
C005123,CL008,Michael Jackson,Orlando,FL,34456,2021-07-31,Yes,SMS,Referral,$75K-$99K
C005124,CL009,Ethan Young,Tallahassee,FL,33118,2018-03-11,Yes,SMS,Walk-In,$75K-$99K
C005125,CL005,Charlotte Martin,St. Petersburg,FL,34025,2018-05-17,Yes,SMS,Existing Client,$100K-$149K
C005126,CL010,Amanda Harris,Lake City,FL,34751,2022-05-16,No,SMS,Referral,$75K-$99K
C005127,CL002,Jackson Carter,Fort Myers,FL,33482,2023-07-24,Yes,Phone,Google Search,$75K-$99K
C005128,CL005,Sofia Hall,Alachua,FL,33580,2022-02-18,No,SMS,Community Event,$150K+
C005129,CL004,Mateo Ramirez,Tallahassee,FL,33954,2022-10-09,Yes,Phone,Referral,$75K-$99K
C005130,CL008,Noah Miller,St. Petersburg,FL,32587,2022-06-11,Yes,SMS,Social Media,$75K-$99K
C005131,CL002,Benjamin Thompson,Sarasota,FL,34506,2020-09-14,Yes,Email,Community Event,$50K-$74K
C005132,CL006,Elijah Hernandez,St. Petersburg,FL,32919,2023-09-06,No,SMS,Social Media,$100K-$149K
C005133,CL002,Daniel Taylor,Palm Coast,FL,33834,2018-02-11,No,Email,Social Media,$100K-$149K
C005134,CL004,Ashley Rodriguez,Delray Beach,FL,33879,2020-03-27,No,Email,Walk-In,$75K-$99K
C005135,CL008,Evelyn Adams,Lakeland,FL,32460,2019-07-28,Yes,SMS,Existing Client,<$50K
C005136,CL009,Luna Brown,Palm Coast,FL,32576,2022-03-24,No,SMS,Walk-In,$150K+
C005137,CL009,Jack Green,Fort Myers,FL,33497,2019-11-22,Yes,Phone,Existing Client,<$50K
C005138,CL007,Chloe Carter,St. Petersburg,FL,33341,2018-05-22,No,Phone,Walk-In,$75K-$99K
C005139,CL005,Mason Brown,Pensacola,FL,32669,2020-06-05,Yes,SMS,Walk-In,$50K-$74K
C005140,CL003,Audrey Nguyen,Palm Coast,FL,33493,2021-10-29,No,Phone,Community Event,$50K-$74K
C005141,CL005,Sarah Garcia,Sarasota,FL,32523,2021-02-13,Yes,SMS,Referral,<$50K
C005142,CL005,Lauren Thompson,Lakeland,FL,34655,2019-03-03,Yes,SMS,Referral,$150K+
C005143,CL006,Evelyn White,Clearwater,FL,33290,2022-07-04,Yes,SMS,Social Media,$75K-$99K
C005144,CL005,Ava Martin,Lake City,FL,32683,2023-11-04,Yes,Email,Social Media,$50K-$74K
C005145,CL007,Emma Lopez,Ocala,FL,32050,2021-04-17,No,SMS,Social Media,$50K-$74K
C005146,CL008,Amelia Allen,Gainesville,FL,32604,2018-06-10,No,SMS,Walk-In,<$50K
C005147,CL001,Ava Lewis,Fort Myers,FL,33319,2018-12-25,Yes,Email,Referral,<$50K
C005148,CL004,Elijah Green,Tampa,FL,32214,2022-03-16,Yes,Email,Community Event,$100K-$149K
C005149,CL003,Sofia Miller,Delray Beach,FL,33370,2019-09-14,Yes,Email,Social Media,$150K+
C005150,CL011,Audrey Nelson,Delray Beach,FL,32543,2021-08-14,Yes,Phone,Social Media,$100K-$149K
C005151,CL011,Sarah Garcia,Tallahassee,FL,32919,2022-06-21,Yes,SMS,Referral,$100K-$149K
C005152,CL011,Sophia Ramirez,Lakeland,FL,33545,2019-03-19,No,SMS,Referral,$50K-$74K
C005153,CL007,Ashley Nelson,Palm Coast,FL,33688,2019-04-12,Yes,Phone,Google Search,$75K-$99K
C005154,CL007,Camila Hernandez,Alachua,FL,32597,2021-07-09,Yes,Email,Walk-In,<$50K
C005155,CL008,James King,Newberry,FL,34121,2022-01-06,No,Phone,Referral,$150K+
C005156,CL008,Megan Harris,Gainesville,FL,32721,2022-02-06,Yes,SMS,Referral,$75K-$99K
C005157,CL012,Emma Hall,Gainesville,FL,32147,2018-05-27,Yes,SMS,Referral,$50K-$74K
C005158,CL002,Charlotte Jones,Pensacola,FL,32851,2023-09-19,Yes,Email,Social Media,$100K-$149K
C005159,CL008,Camila Thomas,Jacksonville,FL,32248,2021-08-04,Yes,Phone,Walk-In,$75K-$99K
C005160,CL002,Amanda Garcia,Lakeland,FL,34467,2019-03-28,No,SMS,Existing Client,$100K-$149K
C005161,CL002,Robert Moore,Lake City,FL,32332,2018-07-23,No,Phone,Referral,$75K-$99K
C005162,CL006,Mateo Moore,Jacksonville,FL,34764,2018-05-30,Yes,Email,Referral,$50K-$74K
C005163,CL010,Luna Martinez,Tallahassee,FL,34320,2020-11-12,Yes,Email,Social Media,<$50K
C005164,CL001,Daniel Nelson,Tallahassee,FL,33190,2021-11-28,Yes,SMS,Walk-In,$50K-$74K
C005165,CL007,Audrey Allen,Delray Beach,FL,33456,2021-11-28,No,Phone,Walk-In,$100K-$149K
C005166,CL001,Noah Roberts,Naples,FL,34250,2023-11-23,Yes,Email,Referral,$50K-$74K
C005167,CL010,Amanda Thomas,Delray Beach,FL,33692,2023-09-30,No,Email,Google Search,$50K-$74K
C005168,CL008,Noah King,Clearwater,FL,33110,2022-08-11,Yes,Phone,Community Event,$100K-$149K
C005169,CL004,Benjamin Lee,Pensacola,FL,34726,2023-09-11,No,SMS,Walk-In,<$50K
C005170,CL006,Emma Martin,Pensacola,FL,33982,2018-08-24,No,SMS,Walk-In,$150K+
C005171,CL008,Evelyn Johnson,Naples,FL,33240,2020-08-30,Yes,Phone,Social Media,$150K+
C005172,CL010,Sophia Jackson,Miami,FL,33970,2018-01-12,Yes,SMS,Referral,$75K-$99K
C005173,CL007,Ella Allen,Miami,FL,32580,2018-03-10,No,Phone,Referral,$150K+
C005174,CL007,Mia Thompson,Palm Coast,FL,34951,2020-11-13,Yes,Email,Referral,<$50K
C005175,CL009,Sarah Wright,Gainesville,FL,32913,2023-09-30,Yes,SMS,Referral,$100K-$149K
C005176,CL008,Nick Wilson,Miami,FL,34630,2022-05-03,No,SMS,Google Search,<$50K
C005177,CL006,Sarah Rodriguez,St. Petersburg,FL,33551,2022-04-07,No,SMS,Walk-In,<$50K
C005178,CL010,Rachel Martinez,Miami,FL,32874,2019-03-29,Yes,Email,Google Search,$50K-$74K
C005179,CL001,Jack Jackson,Lake City,FL,32293,2018-03-24,Yes,SMS,Social Media,$75K-$99K
C005180,CL005,Rachel Johnson,Gainesville,FL,33783,2018-09-29,No,Email,Community Event,$150K+
C005181,CL007,Benjamin Jackson,St. Petersburg,FL,33007,2019-05-12,Yes,Email,Existing Client,$50K-$74K
C005182,CL008,Sarah Johnson,Tallahassee,FL,34155,2020-11-16,No,SMS,Community Event,$50K-$74K
C005183,CL003,Olivia Jones,Delray Beach,FL,33894,2023-08-15,Yes,Email,Walk-In,$150K+
C005184,CL004,Henry Johnson,St. Petersburg,FL,34096,2020-05-12,Yes,Email,Referral,$150K+
C005185,CL009,Mia Scott,Clearwater,FL,32102,2018-11-13,No,SMS,Google Search,$100K-$149K
C005186,CL009,Jackson Thomas,Alachua,FL,34297,2019-05-12,No,Email,Existing Client,<$50K
C005187,CL010,Henry Robinson,Tampa,FL,33535,2020-02-26,Yes,SMS,Google Search,$75K-$99K
C005188,CL006,Lucas Williams,Gainesville,FL,34937,2023-10-24,Yes,Email,Referral,$150K+
C005189,CL010,Mason Jones,Palm Coast,FL,33987,2020-09-05,Yes,SMS,Social Media,$100K-$149K
C005190,CL001,Evelyn Rodriguez,Miami,FL,32636,2023-10-18,No,Phone,Referral,<$50K
C005191,CL007,Emma Hall,Clearwater,FL,34620,2023-10-07,No,Email,Community Event,$100K-$149K
C005192,CL004,Rachel Roberts,Clearwater,FL,34837,2020-10-22,Yes,SMS,Google Search,<$50K
C005193,CL007,Robert Roberts,Alachua,FL,32429,2023-04-17,Yes,SMS,Walk-In,$100K-$149K
C005194,CL007,Mason Martinez,Tallahassee,FL,34128,2018-01-14,Yes,Email,Existing Client,<$50K
C005195,CL001,Evelyn Brown,Sarasota,FL,33531,2021-10-31,Yes,Email,Google Search,<$50K
C005196,CL010,Ethan Anderson,Gainesville,FL,33170,2023-01-28,Yes,SMS,Google Search,$75K-$99K
C005197,CL005,Daniel King,Clearwater,FL,33450,2023-03-10,No,SMS,Community Event,$75K-$99K
C005198,CL006,Rachel Rivera,St. Petersburg,FL,32349,2023-01-18,Yes,Phone,Referral,<$50K
C005199,CL006,Elijah Thomas,Pensacola,FL,33241,2019-10-03,No,Email,Existing Client,$100K-$149K
C005200,CL001,Kevin Flores,Newberry,FL,34882,2020-04-24,No,SMS,Community Event,<$50K
C005201,CL006,Camila Scott,Delray Beach,FL,32016,2019-09-25,Yes,Phone,Community Event,$150K+
C005202,CL012,Emma Baker,Pensacola,FL,32355,2023-08-31,Yes,SMS,Social Media,$100K-$149K
C005203,CL001,Amelia Young,Jacksonville,FL,33653,2021-08-01,No,SMS,Community Event,<$50K
C005204,CL001,Harper Martinez,Tampa,FL,33662,2021-12-22,No,Email,Social Media,$50K-$74K
C005205,CL003,Jack Flores,Tallahassee,FL,34303,2021-10-08,No,SMS,Referral,$100K-$149K
C005206,CL008,Audrey Flores,Newberry,FL,34543,2018-09-26,No,SMS,Referral,$75K-$99K
C005207,CL007,Megan Hernandez,St. Petersburg,FL,34263,2020-01-20,No,Email,Existing Client,<$50K
C005208,CL012,David Robinson,Jacksonville,FL,32569,2022-03-07,Yes,Phone,Referral,$150K+
C005209,CL006,Jason Lee,Jacksonville,FL,33615,2020-10-07,Yes,SMS,Google Search,$75K-$99K
C005210,CL002,Jackson Carter,Orlando,FL,32941,2020-05-20,Yes,Email,Community Event,$50K-$74K
C005211,CL007,Audrey Jackson,Lake City,FL,32907,2023-01-17,Yes,Email,Community Event,<$50K
C005212,CL004,Sarah Gonzalez,Clearwater,FL,32065,2021-03-31,Yes,SMS,Walk-In,$50K-$74K
C005213,CL012,Kevin Harris,Alachua,FL,32578,2022-12-05,No,SMS,Social Media,$75K-$99K
C005214,CL012,Audrey Smith,Jacksonville,FL,34815,2019-04-18,Yes,SMS,Community Event,$50K-$74K
C005215,CL001,Sofia Nguyen,Boca Raton,FL,34335,2022-10-19,Yes,SMS,Social Media,$100K-$149K
C005216,CL009,Ryan Martinez,Gainesville,FL,34748,2020-04-07,No,Email,Existing Client,<$50K
C005217,CL006,Daniel Mitchell,Boca Raton,FL,32742,2020-03-07,No,SMS,Community Event,$100K-$149K
C005218,CL002,Luna Anderson,Palm Coast,FL,32651,2018-05-05,Yes,Email,Referral,$100K-$149K
C005219,CL008,Luna Harris,Boca Raton,FL,34350,2022-05-06,Yes,SMS,Social Media,<$50K
C005220,CL010,Kevin Wilson,Alachua,FL,33536,2020-08-02,No,SMS,Existing Client,$75K-$99K
C005221,CL011,Kevin White,Boca Raton,FL,32841,2019-05-23,Yes,Email,Referral,$50K-$74K
C005222,CL008,Emily Smith,Clearwater,FL,32519,2019-11-01,No,SMS,Referral,$50K-$74K
C005223,CL001,Ava Flores,Delray Beach,FL,33711,2022-12-18,Yes,SMS,Google Search,$100K-$149K
C005224,CL006,Audrey Allen,Delray Beach,FL,33512,2020-04-04,Yes,Phone,Walk-In,$150K+
C005225,CL011,Ethan Garcia,Tampa,FL,34503,2018-05-21,No,SMS,Referral,$50K-$74K
C005226,CL005,Elijah Taylor,Pensacola,FL,32573,2023-03-04,Yes,Email,Existing Client,$50K-$74K
C005227,CL002,Nick Nguyen,Lakeland,FL,33542,2018-10-09,No,Email,Referral,$75K-$99K
C005228,CL009,Elijah Martinez,Palm Coast,FL,32051,2023-10-22,Yes,Email,Google Search,<$50K
C005229,CL008,Camila Johnson,Lake City,FL,34843,2018-10-04,Yes,SMS,Referral,<$50K
C005230,CL005,Jack Martin,Lakeland,FL,33361,2018-07-05,No,Phone,Community Event,$75K-$99K
C005231,CL012,Lucas Young,Orlando,FL,34797,2018-03-02,Yes,Phone,Existing Client,$75K-$99K
C005232,CL007,Benjamin Wright,Delray Beach,FL,32252,2020-08-02,Yes,SMS,Walk-In,$100K-$149K
C005233,CL008,Lucas Clark,Miami,FL,33077,2021-10-12,No,Phone,Social Media,$150K+
C005234,CL006,Elijah Hernandez,Ocala,FL,34252,2019-05-23,Yes,SMS,Referral,$150K+
C005235,CL003,Ethan Walker,Jacksonville,FL,33123,2019-10-28,No,SMS,Referral,$50K-$74K
C005236,CL003,Amelia Jackson,Tallahassee,FL,32413,2023-04-16,Yes,SMS,Walk-In,$150K+
C005237,CL001,Jack Baker,Miami,FL,33814,2022-12-06,No,SMS,Google Search,$75K-$99K
C005238,CL012,Daniel Anderson,Ocala,FL,34691,2019-09-12,Yes,Phone,Google Search,$100K-$149K
C005239,CL008,Emily Mitchell,Clearwater,FL,32172,2023-11-04,Yes,SMS,Social Media,$150K+
C005240,CL012,Ella Rodriguez,Delray Beach,FL,34545,2018-06-20,Yes,SMS,Social Media,$150K+
C005241,CL011,Ryan Thompson,Naples,FL,34319,2022-07-08,Yes,Phone,Social Media,$75K-$99K
C005242,CL012,Benjamin Allen,Pensacola,FL,33449,2022-01-04,No,SMS,Existing Client,$100K-$149K
C005243,CL004,Benjamin King,Pensacola,FL,32958,2023-03-06,Yes,Phone,Google Search,$50K-$74K
C005244,CL005,James Brown,St. Petersburg,FL,32318,2023-01-14,No,SMS,Social Media,<$50K
C005245,CL004,Ava Perez,Fort Myers,FL,34870,2020-07-14,Yes,SMS,Walk-In,$100K-$149K
C005246,CL012,Liam Nelson,Delray Beach,FL,34109,2019-09-07,Yes,Phone,Social Media,$75K-$99K
C005247,CL010,Nick Harris,Boca Raton,FL,34358,2023-11-18,Yes,Email,Walk-In,$100K-$149K
C005248,CL004,Jack Smith,Ocala,FL,34402,2023-07-21,Yes,SMS,Existing Client,$100K-$149K
C005249,CL008,Camila Hernandez,St. Petersburg,FL,32317,2023-09-15,No,Phone,Social Media,$150K+
C005250,CL009,Luna Ramirez,Newberry,FL,32773,2021-05-28,No,Email,Walk-In,$150K+
C005251,CL001,Ethan Williams,Naples,FL,33243,2020-10-04,Yes,Phone,Walk-In,$75K-$99K
C005252,CL006,Isabella Lee,St. Petersburg,FL,34749,2022-01-26,Yes,SMS,Google Search,$100K-$149K
C005253,CL003,Camila Torres,Miami,FL,34348,2019-03-13,Yes,Email,Walk-In,$75K-$99K
C005254,CL001,David Adams,Tampa,FL,32134,2022-05-18,No,SMS,Walk-In,$75K-$99K
C005255,CL004,Chloe Moore,Lakeland,FL,33035,2019-09-11,No,Email,Walk-In,$150K+
C005256,CL005,Liam Clark,Naples,FL,34486,2020-11-19,Yes,SMS,Referral,<$50K
C005257,CL006,James Lopez,Naples,FL,32133,2022-07-18,No,Email,Social Media,$100K-$149K
C005258,CL009,Lucas Wright,Fort Myers,FL,32520,2020-09-10,No,SMS,Walk-In,$75K-$99K
C005259,CL002,Ava Sanchez,Lakeland,FL,32103,2020-12-03,No,SMS,Community Event,<$50K
C005260,CL008,Harper Green,Miami,FL,33152,2022-05-23,Yes,SMS,Community Event,$150K+
C005261,CL008,Robert Ramirez,Lake City,FL,33648,2023-01-29,Yes,SMS,Existing Client,$50K-$74K
C005262,CL005,Jason Lewis,Lake City,FL,33447,2022-11-17,No,SMS,Community Event,$100K-$149K
C005263,CL009,Ashley Moore,Palm Coast,FL,34498,2019-08-10,Yes,Email,Referral,$75K-$99K
C005264,CL012,Jason Anderson,Pensacola,FL,34632,2018-11-16,Yes,Email,Walk-In,$150K+
C005265,CL008,Mason Harris,Boca Raton,FL,34123,2020-04-23,Yes,SMS,Existing Client,<$50K
C005266,CL005,Liam Wright,Alachua,FL,32770,2019-12-02,No,SMS,Social Media,$75K-$99K
C005267,CL002,Jessica Wilson,Clearwater,FL,33798,2019-10-07,Yes,Phone,Google Search,$50K-$74K
C005268,CL011,Camila Flores,Clearwater,FL,34977,2018-02-05,Yes,SMS,Walk-In,$100K-$149K
C005269,CL011,Jason Perez,Lake City,FL,33484,2023-09-27,Yes,Email,Social Media,<$50K
C005270,CL011,Emma Lewis,Naples,FL,33504,2022-05-10,No,Phone,Community Event,<$50K
C005271,CL007,Evelyn Wilson,Tallahassee,FL,32309,2018-11-05,Yes,Phone,Existing Client,$150K+
C005272,CL003,Harper Sanchez,Orlando,FL,33054,2023-11-21,Yes,SMS,Social Media,$75K-$99K
C005273,CL012,Ella Lopez,Naples,FL,33172,2021-08-22,Yes,Email,Community Event,$75K-$99K
C005274,CL009,Amanda Jones,Clearwater,FL,34827,2022-02-11,Yes,Email,Community Event,$75K-$99K
C005275,CL003,Ella Davis,Newberry,FL,32844,2021-09-10,No,SMS,Walk-In,$150K+
C005276,CL004,Jason Taylor,Clearwater,FL,33647,2022-09-11,Yes,Phone,Existing Client,<$50K
C005277,CL009,Chloe Torres,Tampa,FL,32183,2018-10-04,No,SMS,Community Event,$150K+
C005278,CL010,Lauren Carter,Gainesville,FL,33077,2023-06-11,No,Phone,Walk-In,$100K-$149K
C005279,CL009,Grace Lewis,Naples,FL,33199,2019-05-20,Yes,Email,Referral,<$50K
C005280,CL004,Noah Lopez,Lake City,FL,34670,2020-10-06,Yes,Email,Existing Client,$150K+
C005281,CL008,Luna Martinez,Newberry,FL,33897,2018-04-09,Yes,Email,Community Event,$50K-$74K
C005282,CL010,Amelia Carter,Pensacola,FL,33328,2022-11-01,No,SMS,Walk-In,$75K-$99K
C005283,CL012,Mason Sanchez,St. Petersburg,FL,34117,2023-03-30,Yes,Email,Walk-In,$100K-$149K
C005284,CL012,Luna Scott,Palm Coast,FL,33141,2019-07-09,Yes,SMS,Existing Client,$100K-$149K
C005285,CL010,Isabella Mitchell,Jacksonville,FL,33550,2021-02-18,No,Email,Google Search,$100K-$149K
C005286,CL005,Luna Gonzalez,Ocala,FL,33667,2021-12-11,Yes,Phone,Existing Client,$75K-$99K
C005287,CL012,Emma Jones,Lakeland,FL,33120,2018-10-04,Yes,SMS,Existing Client,$150K+
C005288,CL002,James White,Delray Beach,FL,33406,2022-08-21,No,Email,Referral,<$50K
C005289,CL004,Logan Ramirez,Orlando,FL,32839,2020-10-10,Yes,Phone,Google Search,$50K-$74K
C005290,CL011,Luna Sanchez,Newberry,FL,33153,2018-06-17,Yes,Phone,Community Event,$100K-$149K
C005291,CL007,Benjamin Johnson,Delray Beach,FL,32734,2020-09-25,Yes,SMS,Google Search,$50K-$74K
C005292,CL012,Ryan Sanchez,Gainesville,FL,32375,2023-05-29,Yes,Email,Google Search,$150K+
C005293,CL012,Ava Martinez,Alachua,FL,32369,2022-11-03,No,Email,Walk-In,$75K-$99K
C005294,CL010,Amelia Anderson,St. Petersburg,FL,33042,2019-06-08,Yes,SMS,Google Search,$50K-$74K
C005295,CL012,Liam Wright,St. Petersburg,FL,34931,2021-03-31,No,Phone,Walk-In,<$50K
C005296,CL003,Grace Mitchell,St. Petersburg,FL,33298,2021-06-06,Yes,SMS,Google Search,$150K+
C005297,CL011,Grace Wilson,Jacksonville,FL,33719,2018-04-23,No,SMS,Social Media,<$50K
C005298,CL009,Amelia Green,Tallahassee,FL,34337,2023-06-12,Yes,Email,Google Search,$100K-$149K
C005299,CL001,Emily Rivera,Tampa,FL,34796,2018-03-30,No,SMS,Social Media,$100K-$149K
C005300,CL012,Jackson Davis,Lake City,FL,32158,2018-06-20,Yes,SMS,Walk-In,$75K-$99K
C005301,CL001,Ashley King,St. Petersburg,FL,33431,2022-02-18,No,Phone,Google Search,$75K-$99K
C005302,CL005,Mia Young,Tampa,FL,33092,2022-04-20,Yes,Phone,Referral,$50K-$74K
C005303,CL001,Logan Harris,Tallahassee,FL,33798,2018-09-15,Yes,Phone,Google Search,$50K-$74K
C005304,CL005,Harper Nguyen,Palm Coast,FL,33316,2022-04-13,No,SMS,Social Media,$150K+
C005305,CL012,Robert Walker,Tallahassee,FL,34075,2019-03-18,No,Email,Community Event,$150K+
C005306,CL002,Ryan Thompson,Orlando,FL,32780,2022-03-09,No,Phone,Existing Client,$75K-$99K
C005307,CL006,Lauren Jones,Fort Myers,FL,34254,2020-08-15,No,Email,Referral,$75K-$99K
C005308,CL012,Emma Brown,Clearwater,FL,34038,2020-04-26,Yes,SMS,Social Media,$50K-$74K
C005309,CL004,Amanda Garcia,Orlando,FL,32430,2023-09-15,Yes,Phone,Google Search,<$50K
C005310,CL004,Luna Garcia,Lakeland,FL,34647,2022-01-19,Yes,Phone,Community Event,$100K-$149K
C005311,CL004,Amelia Taylor,Pensacola,FL,32181,2022-11-26,Yes,Phone,Existing Client,<$50K
C005312,CL004,Camila Sanchez,Alachua,FL,34196,2020-06-08,Yes,SMS,Google Search,$75K-$99K
C005313,CL001,Ella Flores,Alachua,FL,34617,2023-10-11,No,SMS,Referral,$150K+
C005314,CL011,Mateo Roberts,Palm Coast,FL,34081,2020-04-13,Yes,Phone,Walk-In,<$50K
C005315,CL012,Henry Campbell,Lake City,FL,32213,2021-01-16,Yes,Phone,Social Media,<$50K
C005316,CL008,Jackson Nelson,Fort Myers,FL,34875,2022-05-29,Yes,Email,Google Search,$75K-$99K
C005317,CL002,Sarah Wright,Lake City,FL,33166,2018-02-12,No,Phone,Social Media,$100K-$149K
C005318,CL012,Lauren Hernandez,St. Petersburg,FL,34201,2022-08-30,Yes,SMS,Existing Client,<$50K
C005319,CL003,Kevin Nelson,Tallahassee,FL,34245,2020-09-16,Yes,Email,Walk-In,$75K-$99K
C005320,CL007,Nick Johnson,Palm Coast,FL,33914,2022-04-04,Yes,SMS,Walk-In,$150K+
C005321,CL001,Jack Allen,Delray Beach,FL,32467,2020-05-04,Yes,SMS,Walk-In,$100K-$149K
C005322,CL004,Michael Walker,Lakeland,FL,33739,2019-07-08,No,SMS,Google Search,$150K+
C005323,CL006,Logan Robinson,Clearwater,FL,34933,2018-08-05,Yes,SMS,Community Event,$150K+
C005324,CL011,Jack Anderson,Palm Coast,FL,33472,2020-08-11,Yes,SMS,Google Search,<$50K
C005325,CL001,Ava Nelson,Palm Coast,FL,32487,2018-06-26,No,Email,Referral,$100K-$149K
C005326,CL001,Benjamin Anderson,Lakeland,FL,32096,2018-04-06,Yes,SMS,Community Event,<$50K
C005327,CL007,Lauren Hall,Jacksonville,FL,34861,2020-02-10,No,SMS,Referral,$100K-$149K
C005328,CL003,Jessica Harris,Tallahassee,FL,32307,2020-08-11,Yes,Phone,Community Event,$100K-$149K
C005329,CL012,Charlotte Anderson,Miami,FL,34018,2020-07-19,Yes,SMS,Walk-In,$150K+
C005330,CL006,Jackson Anderson,Alachua,FL,34317,2023-05-14,Yes,SMS,Walk-In,$150K+
C005331,CL004,Ava Clark,Fort Myers,FL,34085,2018-07-16,Yes,Phone,Existing Client,$100K-$149K
C005332,CL008,Megan Flores,Alachua,FL,34081,2020-09-08,Yes,SMS,Walk-In,<$50K
C005333,CL002,Liam Nguyen,Pensacola,FL,33527,2022-01-27,Yes,SMS,Walk-In,$75K-$99K
C005334,CL008,Daniel Flores,Tampa,FL,32838,2021-06-01,No,SMS,Referral,$75K-$99K
C005335,CL010,Amanda Miller,St. Petersburg,FL,34482,2022-08-02,No,Phone,Google Search,$150K+
C005336,CL011,Liam Allen,Gainesville,FL,33203,2022-01-24,No,SMS,Google Search,$75K-$99K
C005337,CL001,Jackson Lewis,Ocala,FL,32056,2021-02-07,No,Phone,Referral,<$50K
C005338,CL006,Harper Young,Sarasota,FL,33055,2022-06-10,Yes,Email,Referral,$150K+
C005339,CL009,Audrey Vilaihong,Tampa,FL,34043,2023-10-25,No,Phone,Social Media,$75K-$99K
C005340,CL003,Noah Hall,Alachua,FL,33325,2021-10-17,Yes,Email,Social Media,$100K-$149K
C005341,CL010,Luna Wright,Delray Beach,FL,32341,2021-11-09,Yes,SMS,Referral,$75K-$99K
C005342,CL011,Robert Johnson,Clearwater,FL,32562,2021-01-03,No,SMS,Google Search,$100K-$149K
C005343,CL010,Ashley Anderson,Newberry,FL,33483,2023-08-03,Yes,Phone,Community Event,$50K-$74K
C005344,CL004,Noah Jackson,Ocala,FL,33985,2022-02-03,No,SMS,Referral,$75K-$99K
C005345,CL003,James Perez,St. Petersburg,FL,32677,2018-09-05,Yes,Phone,Google Search,<$50K
C005346,CL012,Mason Wilson,Naples,FL,33356,2022-02-25,Yes,SMS,Walk-In,$150K+
C005347,CL007,Jessica Davis,Ocala,FL,34147,2022-11-23,Yes,Email,Existing Client,$75K-$99K
C005348,CL003,Emma Mitchell,Orlando,FL,33266,2023-11-20,Yes,Phone,Walk-In,$100K-$149K
C005349,CL009,Evelyn Nguyen,Tallahassee,FL,34231,2019-11-29,No,SMS,Social Media,$100K-$149K
C005350,CL008,Olivia Jones,Lakeland,FL,33184,2020-09-12,No,SMS,Referral,$150K+
C005351,CL011,Luna Martin,Lakeland,FL,33732,2020-03-23,Yes,Email,Google Search,$75K-$99K
C005352,CL002,Elijah Wilson,Delray Beach,FL,32246,2021-02-06,Yes,Email,Walk-In,$100K-$149K
C005353,CL009,Camila Brown,Sarasota,FL,32511,2023-03-11,Yes,SMS,Walk-In,$50K-$74K
C005354,CL002,Evelyn King,Lake City,FL,32092,2022-06-19,Yes,Phone,Social Media,<$50K
C005355,CL010,Daniel Lopez,Alachua,FL,32203,2019-05-05,Yes,Email,Referral,$50K-$74K
C005356,CL010,Rachel Martin,Gainesville,FL,34909,2022-09-25,Yes,Phone,Walk-In,$75K-$99K
C005357,CL008,Robert Scott,St. Petersburg,FL,33676,2022-01-22,No,Email,Referral,$100K-$149K
C005358,CL005,Sarah Gonzalez,Jacksonville,FL,33254,2022-12-16,Yes,Email,Google Search,$75K-$99K
C005359,CL011,Emma Nguyen,Lake City,FL,34321,2023-11-01,Yes,Phone,Walk-In,$75K-$99K
C005360,CL005,Jack Adams,Gainesville,FL,34880,2020-09-26,Yes,Phone,Social Media,<$50K
C005361,CL002,Michael Brown,Sarasota,FL,33968,2019-06-02,No,SMS,Existing Client,$50K-$74K
C005362,CL003,Mason Lee,Boca Raton,FL,33180,2022-03-31,Yes,SMS,Referral,$150K+
C005363,CL010,Amanda Jackson,Fort Myers,FL,33573,2023-06-26,Yes,SMS,Walk-In,$50K-$74K
C005364,CL012,James King,Jacksonville,FL,32864,2019-07-22,Yes,Email,Walk-In,$50K-$74K
C005365,CL005,Grace Martin,Lake City,FL,34022,2023-05-24,Yes,Email,Walk-In,$150K+
C005366,CL001,Liam Mitchell,Gainesville,FL,33758,2022-10-31,Yes,Phone,Walk-In,<$50K
C005367,CL008,Mason Adams,Clearwater,FL,32104,2021-06-21,No,Email,Referral,$75K-$99K
C005368,CL007,Chloe Perez,Palm Coast,FL,32135,2018-07-14,No,Phone,Referral,$50K-$74K
C005369,CL002,Lauren King,Delray Beach,FL,32093,2019-09-27,No,SMS,Referral,$50K-$74K
C005370,CL012,Jack Clark,St. Petersburg,FL,34677,2023-02-10,Yes,SMS,Social Media,$75K-$99K
C005371,CL009,Jason Lopez,Lake City,FL,33639,2021-10-19,Yes,Email,Referral,<$50K
C005372,CL008,Chloe Brown,Tallahassee,FL,34855,2018-01-11,Yes,Phone,Community Event,$150K+
C005373,CL011,Megan Wright,Miami,FL,34707,2018-08-07,Yes,Phone,Community Event,$50K-$74K
C005374,CL003,Olivia Smith,Newberry,FL,32981,2019-07-12,No,SMS,Social Media,$100K-$149K
C005375,CL012,Emily Wright,Tallahassee,FL,33453,2021-08-05,No,SMS,Social Media,<$50K
C005376,CL006,Isabella Lopez,Lake City,FL,32037,2022-05-07,No,SMS,Referral,<$50K
C005377,CL011,Ava Miller,Alachua,FL,32436,2019-12-27,Yes,Phone,Existing Client,$150K+
C005378,CL004,Amanda Harris,Alachua,FL,34667,2023-06-01,No,Phone,Social Media,$100K-$149K
C005379,CL005,Megan Thompson,Pensacola,FL,34355,2018-05-23,Yes,SMS,Referral,$50K-$74K
C005380,CL009,Chloe Clark,Boca Raton,FL,34605,2020-03-04,No,Email,Google Search,$75K-$99K
C005381,CL010,Lucas Lee,Clearwater,FL,34584,2021-04-08,Yes,SMS,Social Media,$75K-$99K
C005382,CL008,Logan Clark,Clearwater,FL,34620,2022-02-17,Yes,SMS,Community Event,$100K-$149K
C005383,CL004,Nick Moore,Fort Myers,FL,33431,2024-01-01,Yes,SMS,Google Search,<$50K
C005384,CL010,Robert Rodriguez,St. Petersburg,FL,32812,2018-09-26,Yes,Phone,Walk-In,$100K-$149K
C005385,CL001,Henry Johnson,Tampa,FL,34749,2022-11-19,No,Email,Walk-In,$50K-$74K
C005386,CL006,Emma Rodriguez,Orlando,FL,32164,2022-05-17,No,SMS,Social Media,$75K-$99K
C005387,CL006,Grace Lewis,Jacksonville,FL,34535,2022-09-10,Yes,SMS,Social Media,$75K-$99K
C005388,CL001,Jessica Gonzalez,Orlando,FL,33769,2018-03-03,Yes,SMS,Google Search,$75K-$99K
C005389,CL010,Charlotte Walker,Naples,FL,33298,2022-05-06,Yes,SMS,Community Event,$150K+
C005390,CL008,Elijah Vilaihong,Miami,FL,34782,2018-04-10,Yes,Email,Social Media,$100K-$149K
C005391,CL010,Audrey Ramirez,Tallahassee,FL,32383,2021-02-26,Yes,Phone,Referral,<$50K
C005392,CL004,Jack Smith,Jacksonville,FL,34239,2018-04-16,Yes,SMS,Social Media,<$50K
C005393,CL009,David Wilson,Clearwater,FL,33913,2019-01-14,Yes,SMS,Community Event,$100K-$149K
C005394,CL006,Emma Wright,Gainesville,FL,34092,2018-05-29,Yes,Phone,Referral,$75K-$99K
C005395,CL004,David Young,Tampa,FL,34584,2021-07-03,Yes,SMS,Existing Client,$150K+
C005396,CL007,Ella Anderson,Pensacola,FL,34605,2019-11-22,Yes,SMS,Social Media,$75K-$99K
C005397,CL003,Harper White,Lakeland,FL,32102,2020-01-21,No,SMS,Walk-In,<$50K
C005398,CL005,Emily Torres,Lake City,FL,34039,2021-12-29,Yes,SMS,Google Search,$100K-$149K
C005399,CL001,Jason Green,Lake City,FL,33317,2018-05-11,Yes,Phone,Referral,<$50K
C005400,CL004,David Clark,Pensacola,FL,33568,2018-06-21,No,Phone,Walk-In,$150K+
C005401,CL007,Jason Gonzalez,Newberry,FL,33853,2019-05-31,Yes,Phone,Social Media,$50K-$74K
C005402,CL005,Liam King,Boca Raton,FL,32165,2018-03-08,No,SMS,Walk-In,<$50K
C005403,CL009,Lauren Nguyen,Boca Raton,FL,33788,2020-05-31,Yes,SMS,Google Search,$150K+
C005404,CL007,Logan Baker,Sarasota,FL,34145,2022-07-03,No,Email,Walk-In,$150K+
C005405,CL011,Mia White,Clearwater,FL,32681,2020-12-03,No,Email,Walk-In,$50K-$74K
C005406,CL009,Liam Nelson,Clearwater,FL,34597,2023-07-17,Yes,Email,Walk-In,$50K-$74K
C005407,CL008,Ashley Miller,Palm Coast,FL,33420,2018-04-20,Yes,SMS,Community Event,$50K-$74K
C005408,CL010,Henry Martinez,Miami,FL,34625,2021-05-18,Yes,Email,Existing Client,<$50K
C005409,CL002,Sophia Martinez,St. Petersburg,FL,33673,2021-02-11,Yes,SMS,Google Search,$150K+
C005410,CL004,Chloe Garcia,Gainesville,FL,34564,2023-06-13,Yes,SMS,Social Media,$150K+
C005411,CL003,Emily Anderson,St. Petersburg,FL,34211,2019-03-14,Yes,SMS,Existing Client,<$50K
C005412,CL009,Isabella Mitchell,Lake City,FL,32069,2022-01-21,No,SMS,Referral,<$50K
C005413,CL012,Audrey Carter,Boca Raton,FL,33749,2020-06-19,Yes,SMS,Social Media,$150K+
C005414,CL002,Emma White,Delray Beach,FL,32822,2018-08-09,No,Email,Social Media,$50K-$74K
C005415,CL007,James Mitchell,Newberry,FL,32244,2022-02-21,Yes,Email,Walk-In,<$50K
C005416,CL001,Lucas Wright,St. Petersburg,FL,32232,2018-05-14,No,Email,Social Media,$50K-$74K
C005417,CL009,Audrey Allen,Lake City,FL,34765,2019-11-02,No,Phone,Referral,<$50K
C005418,CL005,Mia Campbell,Jacksonville,FL,34211,2019-05-27,Yes,SMS,Community Event,<$50K
C005419,CL006,Emma Vilaihong,Gainesville,FL,32151,2023-08-25,Yes,SMS,Existing Client,$75K-$99K
C005420,CL005,Ava Torres,Sarasota,FL,34671,2023-02-03,No,SMS,Walk-In,$100K-$149K
C005421,CL008,Lauren Hall,Orlando,FL,32381,2019-06-23,No,Phone,Walk-In,$100K-$149K
C005422,CL002,Sarah Smith,Miami,FL,34496,2021-08-11,Yes,Email,Google Search,$100K-$149K
C005423,CL011,Jason Moore,Tampa,FL,33144,2018-04-29,Yes,Email,Existing Client,$50K-$74K
C005424,CL012,Grace Miller,Miami,FL,32430,2019-03-05,Yes,SMS,Social Media,<$50K
C005425,CL006,Jessica Martin,Alachua,FL,32538,2021-12-10,Yes,SMS,Social Media,$100K-$149K
C005426,CL007,Logan Roberts,Lake City,FL,34279,2023-06-16,Yes,Phone,Walk-In,$100K-$149K
C005427,CL008,Rachel Anderson,Naples,FL,33955,2020-05-22,Yes,SMS,Google Search,$100K-$149K
C005428,CL003,Robert Hall,Delray Beach,FL,34756,2021-05-13,Yes,SMS,Referral,$50K-$74K
C005429,CL009,Henry Roberts,Jacksonville,FL,32178,2019-03-08,No,SMS,Google Search,$75K-$99K
C005430,CL012,Mia Thomas,Tallahassee,FL,32707,2023-08-01,No,Email,Existing Client,$50K-$74K
C005431,CL010,Henry Carter,Fort Myers,FL,32282,2019-03-17,No,Email,Walk-In,$150K+
C005432,CL012,Mason Sanchez,Alachua,FL,32771,2023-11-14,Yes,SMS,Google Search,<$50K
C005433,CL009,Mateo Torres,Palm Coast,FL,33862,2020-06-15,Yes,SMS,Community Event,$100K-$149K
C005434,CL008,Robert Anderson,Fort Myers,FL,33480,2022-02-04,Yes,SMS,Community Event,$75K-$99K
C005435,CL002,Logan Anderson,Delray Beach,FL,32222,2020-09-09,No,Phone,Social Media,$100K-$149K
C005436,CL010,James White,Boca Raton,FL,33816,2023-03-27,No,SMS,Referral,<$50K
C005437,CL002,Daniel Carter,Alachua,FL,33255,2022-09-09,No,SMS,Walk-In,$50K-$74K
C005438,CL001,Kevin Smith,Tampa,FL,32685,2019-12-07,Yes,Email,Referral,$150K+
C005439,CL001,Ethan Scott,Lakeland,FL,33770,2018-07-27,No,Phone,Referral,$75K-$99K
C005440,CL007,Henry White,Alachua,FL,34054,2021-07-19,No,SMS,Walk-In,$50K-$74K
C005441,CL011,Ava Nelson,Naples,FL,32570,2023-12-31,No,SMS,Social Media,$75K-$99K
C005442,CL002,Robert Thomas,Fort Myers,FL,32854,2023-08-20,Yes,Phone,Existing Client,$50K-$74K
C005443,CL006,Michael Nelson,Tallahassee,FL,32621,2020-08-05,No,SMS,Google Search,$50K-$74K
C005444,CL005,Charlotte Young,Pensacola,FL,33493,2021-04-06,No,SMS,Google Search,$50K-$74K
C005445,CL006,Ashley Allen,St. Petersburg,FL,34157,2019-06-25,Yes,Email,Referral,$50K-$74K
C005446,CL002,Harper Jones,Ocala,FL,32422,2022-04-23,Yes,Email,Walk-In,$50K-$74K
C005447,CL005,Amanda Anderson,Sarasota,FL,32422,2022-05-27,No,Phone,Walk-In,<$50K
C005448,CL004,Emma Martinez,Tallahassee,FL,34763,2019-02-13,No,SMS,Google Search,$100K-$149K
C005449,CL012,Benjamin Allen,Orlando,FL,33527,2018-10-08,Yes,Email,Community Event,$50K-$74K
C005450,CL010,Rachel King,Delray Beach,FL,33368,2021-09-12,Yes,SMS,Referral,$50K-$74K
C005451,CL004,Benjamin White,Miami,FL,32897,2021-03-11,Yes,SMS,Community Event,$100K-$149K
C005452,CL010,Jack Ramirez,Fort Myers,FL,33186,2020-04-01,No,Phone,Walk-In,$75K-$99K
C005453,CL006,Camila Carter,Miami,FL,33577,2020-08-18,Yes,Phone,Google Search,$50K-$74K
C005454,CL010,Sofia Adams,Tampa,FL,33554,2021-10-14,No,Phone,Existing Client,$75K-$99K
C005455,CL009,Ashley Lopez,Lake City,FL,32371,2023-02-20,Yes,SMS,Referral,$75K-$99K
C005456,CL012,Sofia Williams,Delray Beach,FL,34449,2023-09-16,No,SMS,Community Event,$150K+
C005457,CL001,Jason Robinson,Gainesville,FL,34402,2022-10-05,Yes,Email,Social Media,<$50K
C005458,CL012,Jessica Perez,St. Petersburg,FL,34949,2018-04-07,Yes,Email,Walk-In,$100K-$149K
C005459,CL011,Daniel Gonzalez,Alachua,FL,33750,2018-02-04,No,Phone,Referral,$50K-$74K
C005460,CL008,Ethan Campbell,Tampa,FL,33135,2022-09-10,No,Phone,Existing Client,$75K-$99K
C005461,CL012,Lucas Lopez,Orlando,FL,34677,2022-12-25,Yes,Phone,Community Event,$100K-$149K
C005462,CL008,Emma Miller,Boca Raton,FL,32902,2021-05-05,Yes,SMS,Existing Client,$150K+
C005463,CL003,Jack Wright,Palm Coast,FL,33376,2018-10-18,Yes,SMS,Community Event,$75K-$99K
C005464,CL009,Jason Baker,Alachua,FL,32140,2023-07-28,Yes,Phone,Walk-In,<$50K
C005465,CL009,Sofia Lee,Tampa,FL,32468,2020-02-20,Yes,Email,Walk-In,<$50K
C005466,CL006,Chloe Campbell,Alachua,FL,34734,2022-10-31,No,Email,Social Media,$50K-$74K
C005467,CL003,Evelyn Jackson,Alachua,FL,32799,2023-03-16,No,Email,Google Search,$50K-$74K
C005468,CL009,Ava Sanchez,Jacksonville,FL,32008,2022-02-27,No,Email,Walk-In,$75K-$99K
C005469,CL009,Henry Robinson,Fort Myers,FL,32376,2018-07-20,No,Email,Social Media,$150K+
C005470,CL002,Logan Sanchez,Newberry,FL,32946,2023-05-06,No,Phone,Walk-In,$50K-$74K
C005471,CL010,Emma Vilaihong,Lake City,FL,34507,2022-02-12,No,SMS,Google Search,$100K-$149K
C005472,CL006,Mia Nguyen,Alachua,FL,34133,2020-10-22,Yes,SMS,Referral,$100K-$149K
C005473,CL003,Chloe Vilaihong,Naples,FL,34961,2022-05-06,Yes,SMS,Google Search,$100K-$149K
C005474,CL007,Camila Scott,Tampa,FL,33052,2018-12-02,Yes,Phone,Existing Client,$50K-$74K
C005475,CL004,Sofia Allen,Palm Coast,FL,33818,2019-08-29,Yes,SMS,Social Media,$75K-$99K
C005476,CL009,Elijah Garcia,Palm Coast,FL,33722,2018-12-23,Yes,Email,Existing Client,$75K-$99K
C005477,CL003,Amelia Clark,Ocala,FL,34223,2018-04-23,Yes,Email,Social Media,$150K+
C005478,CL001,Noah Harris,Alachua,FL,32980,2019-02-05,Yes,SMS,Walk-In,$100K-$149K
C005479,CL008,Mason Thomas,Newberry,FL,32755,2020-10-07,No,Phone,Social Media,<$50K
C005480,CL007,Michael Walker,Naples,FL,34802,2020-07-17,No,Phone,Referral,$100K-$149K
C005481,CL004,Lauren Williams,Miami,FL,32920,2021-02-28,No,Email,Walk-In,$100K-$149K
C005482,CL008,Mia Lopez,Palm Coast,FL,33562,2022-07-11,Yes,SMS,Community Event,$100K-$149K
C005483,CL001,Ethan Roberts,Tampa,FL,32271,2019-04-26,Yes,Email,Walk-In,<$50K
C005484,CL005,Jason Roberts,Tampa,FL,33250,2020-10-28,Yes,SMS,Google Search,<$50K
C005485,CL007,Isabella Baker,Newberry,FL,33110,2023-07-29,Yes,Email,Existing Client,<$50K
C005486,CL007,Lucas Moore,Delray Beach,FL,32229,2021-11-10,No,SMS,Social Media,$75K-$99K
C005487,CL005,Lucas Walker,Naples,FL,34004,2023-09-04,Yes,Email,Social Media,$150K+
C005488,CL006,Lauren Nguyen,Orlando,FL,32212,2020-10-18,No,SMS,Google Search,$75K-$99K
C005489,CL001,James Martinez,Pensacola,FL,32177,2021-06-13,Yes,Email,Community Event,$100K-$149K
C005490,CL001,Ryan Nelson,Newberry,FL,33681,2023-10-03,No,SMS,Referral,$100K-$149K
C005491,CL001,Amelia Baker,Naples,FL,33596,2021-11-09,Yes,Phone,Referral,$75K-$99K
C005492,CL008,Elijah Nguyen,Naples,FL,34943,2019-05-30,Yes,Phone,Walk-In,$150K+
C005493,CL004,Ryan Nguyen,Miami,FL,34352,2023-01-18,Yes,Phone,Social Media,$75K-$99K
C005494,CL007,Mia Young,Miami,FL,34623,2020-01-18,Yes,SMS,Social Media,$50K-$74K
C005495,CL003,Evelyn Nelson,Palm Coast,FL,34419,2018-03-06,Yes,SMS,Existing Client,<$50K
C005496,CL005,Mia Rodriguez,Sarasota,FL,33444,2023-01-29,Yes,SMS,Walk-In,$150K+
C005497,CL005,Lauren Perez,Boca Raton,FL,34744,2018-02-21,No,SMS,Social Media,<$50K
C005498,CL005,Ashley Anderson,Clearwater,FL,33144,2021-03-10,Yes,Email,Google Search,$100K-$149K
C005499,CL012,Sarah Sanchez,Miami,FL,33671,2022-01-08,No,SMS,Community Event,$50K-$74K
C005500,CL006,Emma Clark,Boca Raton,FL,33703,2022-07-02,Yes,SMS,Google Search,$150K+
C005501,CL008,Camila Mitchell,Lake City,FL,32377,2019-12-01,Yes,SMS,Google Search,$75K-$99K
C005502,CL012,Emily Scott,Ocala,FL,32772,2023-08-01,No,Email,Walk-In,$50K-$74K
C005503,CL004,Lauren Hall,Palm Coast,FL,34472,2020-11-07,No,Phone,Existing Client,$100K-$149K
C005504,CL010,Lucas Anderson,Tampa,FL,32911,2023-03-10,No,Email,Referral,<$50K
C005505,CL009,Amanda Taylor,Clearwater,FL,32667,2020-09-19,No,SMS,Existing Client,$150K+
C005506,CL012,Michael Scott,Delray Beach,FL,34894,2019-09-11,Yes,SMS,Social Media,$100K-$149K
C005507,CL006,Mason Johnson,Sarasota,FL,34313,2018-09-05,Yes,SMS,Social Media,$50K-$74K
C005508,CL002,Logan Martin,Pensacola,FL,33002,2021-01-26,Yes,SMS,Referral,$75K-$99K
C005509,CL007,Evelyn Harris,Miami,FL,33975,2023-07-05,No,SMS,Existing Client,$150K+
C005510,CL011,Isabella Allen,Tallahassee,FL,32346,2022-07-01,Yes,Email,Google Search,$75K-$99K
C005511,CL009,Nick Carter,Alachua,FL,33316,2018-10-06,No,Email,Community Event,$75K-$99K
C005512,CL007,Ashley Davis,Boca Raton,FL,34094,2022-10-17,Yes,Email,Existing Client,$75K-$99K
C005513,CL002,Emily Moore,Sarasota,FL,33199,2018-06-29,No,SMS,Walk-In,$100K-$149K
C005514,CL006,Megan Wilson,Delray Beach,FL,33920,2020-06-08,Yes,SMS,Walk-In,$50K-$74K
C005515,CL005,Mia Martinez,Miami,FL,34136,2023-11-27,No,SMS,Existing Client,$150K+
C005516,CL005,Audrey Rodriguez,Delray Beach,FL,33828,2019-05-13,Yes,Email,Walk-In,$100K-$149K
C005517,CL004,Emily Wilson,St. Petersburg,FL,34670,2018-09-03,Yes,SMS,Social Media,<$50K
C005518,CL001,Isabella Torres,Alachua,FL,33211,2018-08-30,Yes,SMS,Social Media,$150K+
C005519,CL008,Ava Flores,Fort Myers,FL,34104,2020-10-02,No,Phone,Existing Client,<$50K
C005520,CL003,Liam Wilson,Ocala,FL,33958,2023-04-09,Yes,Email,Google Search,$150K+
C005521,CL007,Ryan Miller,Miami,FL,32332,2023-07-03,Yes,Phone,Walk-In,$75K-$99K
C005522,CL006,Isabella Hill,Naples,FL,32880,2020-02-10,Yes,Phone,Walk-In,<$50K
C005523,CL004,Sophia Mitchell,Pensacola,FL,34485,2021-12-24,Yes,Email,Existing Client,$75K-$99K
C005524,CL006,Ava Moore,Lake City,FL,32106,2019-12-12,Yes,SMS,Existing Client,$100K-$149K
C005525,CL001,Logan Young,Boca Raton,FL,33287,2020-08-25,No,SMS,Referral,$50K-$74K
C005526,CL010,Kevin Walker,St. Petersburg,FL,32924,2021-03-12,Yes,SMS,Social Media,<$50K
C005527,CL008,Ashley Anderson,Tallahassee,FL,34591,2023-09-30,Yes,Email,Community Event,$50K-$74K
C005528,CL006,Noah Thomas,Alachua,FL,32996,2018-05-08,No,SMS,Google Search,$50K-$74K
C005529,CL008,Mateo Perez,Orlando,FL,32884,2022-09-12,No,Phone,Existing Client,<$50K
C005530,CL009,Olivia Green,St. Petersburg,FL,34219,2019-05-31,No,Phone,Referral,$100K-$149K
C005531,CL009,Amanda Williams,Boca Raton,FL,34795,2020-12-29,Yes,SMS,Referral,$50K-$74K
C005532,CL005,Evelyn Carter,Lakeland,FL,34741,2022-06-10,Yes,SMS,Community Event,<$50K
C005533,CL007,Sophia White,Orlando,FL,33938,2021-10-03,No,Phone,Social Media,$50K-$74K
C005534,CL010,Sophia Harris,Lake City,FL,32110,2019-01-31,No,Phone,Walk-In,<$50K
C005535,CL005,Logan Rodriguez,Delray Beach,FL,32418,2021-03-04,No,SMS,Google Search,$150K+
C005536,CL002,Noah White,Jacksonville,FL,34846,2021-10-04,No,SMS,Referral,$100K-$149K
C005537,CL007,Ava Torres,Pensacola,FL,34422,2022-08-06,Yes,SMS,Social Media,<$50K
C005538,CL006,Daniel Garcia,Palm Coast,FL,33538,2019-08-18,No,SMS,Social Media,$100K-$149K
C005539,CL006,Evelyn Miller,Sarasota,FL,32207,2023-07-05,No,Phone,Walk-In,$50K-$74K
C005540,CL011,Ella Carter,Delray Beach,FL,34873,2022-11-22,Yes,Phone,Community Event,$100K-$149K
C005541,CL009,Amanda Torres,Orlando,FL,34607,2018-06-26,Yes,Phone,Social Media,$75K-$99K
C005542,CL007,Megan Mitchell,Boca Raton,FL,33788,2020-06-23,Yes,SMS,Google Search,$50K-$74K
C005543,CL009,Lauren Carter,Delray Beach,FL,34008,2023-09-01,No,SMS,Google Search,$100K-$149K
C005544,CL009,Emily Martinez,Ocala,FL,32115,2023-10-07,Yes,SMS,Google Search,<$50K
C005545,CL008,Jessica Martin,Newberry,FL,34597,2023-12-30,Yes,Email,Walk-In,$150K+
C005546,CL001,Megan Hernandez,Newberry,FL,34333,2020-09-28,No,SMS,Referral,<$50K
C005547,CL003,Megan Thompson,Jacksonville,FL,33676,2021-12-23,Yes,Phone,Google Search,$75K-$99K
C005548,CL003,Isabella Ramirez,Alachua,FL,34289,2019-06-01,No,Phone,Community Event,<$50K
C005549,CL003,Megan Lee,Newberry,FL,34941,2023-05-22,Yes,SMS,Social Media,$150K+
C005550,CL005,Henry Thomas,Tampa,FL,34168,2020-03-22,Yes,SMS,Community Event,$150K+
C005551,CL005,Nick Rivera,Sarasota,FL,32938,2021-11-09,No,SMS,Social Media,<$50K
C005552,CL003,Logan Allen,Boca Raton,FL,33265,2018-05-11,No,Phone,Existing Client,$75K-$99K
C005553,CL003,Ryan Campbell,Sarasota,FL,32142,2019-11-20,Yes,Phone,Social Media,<$50K
C005554,CL002,Ryan Davis,Newberry,FL,32167,2019-07-04,Yes,Email,Community Event,$100K-$149K
C005555,CL002,Evelyn Williams,Ocala,FL,34286,2019-07-16,Yes,SMS,Existing Client,$150K+
C005556,CL002,Rachel Hall,St. Petersburg,FL,32224,2022-12-07,Yes,SMS,Existing Client,<$50K
C005557,CL012,Mason Perez,Clearwater,FL,32289,2018-06-11,No,SMS,Existing Client,$75K-$99K
C005558,CL011,Megan Williams,Clearwater,FL,33717,2019-02-22,No,SMS,Walk-In,$75K-$99K
C005559,CL012,Luna Clark,Newberry,FL,34567,2022-07-27,Yes,SMS,Walk-In,$75K-$99K
C005560,CL012,Noah King,Pensacola,FL,32393,2021-09-18,No,Phone,Existing Client,$75K-$99K
C005561,CL003,Amelia Brown,Tampa,FL,34492,2023-02-23,Yes,Phone,Walk-In,$150K+
C005562,CL009,Lucas Lee,Ocala,FL,32031,2023-09-20,Yes,Phone,Social Media,$100K-$149K
C005563,CL005,Benjamin Thompson,Alachua,FL,33604,2018-02-21,Yes,Phone,Walk-In,<$50K
C005564,CL012,Benjamin Jackson,Pensacola,FL,34348,2018-11-10,Yes,SMS,Referral,$150K+
C005565,CL008,Logan Clark,Ocala,FL,33434,2020-07-18,No,Email,Social Media,$100K-$149K
C005566,CL005,Jackson Flores,St. Petersburg,FL,32700,2018-09-07,No,Phone,Community Event,$100K-$149K
C005567,CL005,Ashley Williams,Miami,FL,34553,2021-02-06,No,SMS,Google Search,<$50K
C005568,CL003,Amanda Lee,Alachua,FL,33422,2018-08-18,Yes,Email,Existing Client,<$50K
C005569,CL006,Daniel Johnson,Clearwater,FL,33058,2018-06-07,No,Phone,Community Event,$75K-$99K
C005570,CL011,David Torres,Lake City,FL,33254,2018-03-20,No,SMS,Community Event,$50K-$74K
C005571,CL006,Mia Martinez,Orlando,FL,32712,2019-06-24,Yes,SMS,Social Media,$50K-$74K
C005572,CL011,Liam Brown,Pensacola,FL,34379,2022-10-20,Yes,SMS,Existing Client,<$50K
C005573,CL003,Ella Flores,Jacksonville,FL,34627,2020-03-24,No,SMS,Existing Client,<$50K
C005574,CL011,Ryan Martin,Tallahassee,FL,34496,2021-08-27,Yes,Phone,Social Media,$75K-$99K
C005575,CL011,Lauren Martin,Clearwater,FL,34379,2019-09-19,No,SMS,Social Media,$50K-$74K
C005576,CL005,Evelyn Campbell,Tallahassee,FL,33794,2021-08-15,Yes,Email,Referral,<$50K
C005577,CL007,Lauren Johnson,Lakeland,FL,34684,2019-11-14,Yes,SMS,Referral,$50K-$74K
C005578,CL004,Mason Moore,Naples,FL,34728,2018-08-30,No,SMS,Referral,$75K-$99K
C005579,CL011,Grace Ramirez,Lake City,FL,34788,2020-02-11,Yes,SMS,Walk-In,$100K-$149K
C005580,CL009,Amanda White,Naples,FL,33553,2020-02-24,No,Phone,Social Media,$150K+
C005581,CL001,Mason Campbell,Fort Myers,FL,34628,2019-09-02,Yes,SMS,Existing Client,<$50K
C005582,CL001,Nick Martin,Pensacola,FL,34487,2022-09-22,Yes,Phone,Referral,<$50K
C005583,CL003,Sophia Taylor,Alachua,FL,34191,2020-10-23,No,SMS,Google Search,$75K-$99K
C005584,CL012,Grace Lewis,St. Petersburg,FL,34262,2020-05-20,Yes,Phone,Google Search,$50K-$74K
C005585,CL003,Ryan Walker,Newberry,FL,33718,2021-03-04,Yes,SMS,Referral,$150K+
C005586,CL004,Evelyn Flores,St. Petersburg,FL,33626,2018-10-07,No,SMS,Referral,$100K-$149K
C005587,CL004,Jason Martinez,Clearwater,FL,32273,2021-06-24,No,Email,Existing Client,$50K-$74K
C005588,CL004,Sofia Robinson,Pensacola,FL,33839,2023-12-23,Yes,SMS,Walk-In,<$50K
C005589,CL007,Ashley Adams,Clearwater,FL,34900,2022-03-06,No,Email,Google Search,<$50K
C005590,CL002,Audrey Martinez,Miami,FL,32779,2023-04-18,No,Phone,Community Event,$75K-$99K
C005591,CL003,Kevin Nelson,Pensacola,FL,34565,2023-05-11,Yes,Phone,Existing Client,<$50K
C005592,CL001,Daniel Nelson,Newberry,FL,34086,2018-07-08,No,Phone,Community Event,$50K-$74K
C005593,CL010,Emily Campbell,Clearwater,FL,34368,2019-10-10,Yes,SMS,Walk-In,<$50K
C005594,CL005,Luna Miller,Newberry,FL,33713,2023-05-14,No,SMS,Social Media,$150K+
C005595,CL001,Lucas Moore,Lake City,FL,32287,2019-04-09,Yes,Email,Existing Client,$75K-$99K
C005596,CL009,Michael Williams,Orlando,FL,32112,2018-04-19,No,Email,Existing Client,$100K-$149K
C005597,CL007,Sophia Johnson,Orlando,FL,33886,2021-10-13,Yes,Phone,Community Event,<$50K
C005598,CL005,Amelia Lewis,Clearwater,FL,34819,2023-10-12,No,SMS,Google Search,<$50K
C005599,CL002,Jessica Hill,Naples,FL,32545,2019-01-27,Yes,SMS,Walk-In,$75K-$99K
C005600,CL003,Harper Thompson,Tallahassee,FL,32593,2020-10-10,Yes,Email,Social Media,$50K-$74K
C005601,CL005,Harper Thompson,Lakeland,FL,33398,2021-04-07,No,Phone,Referral,$100K-$149K
C005602,CL011,Rachel Miller,Miami,FL,32983,2019-12-30,No,SMS,Community Event,$50K-$74K
C005603,CL004,Ashley Gonzalez,Ocala,FL,33929,2018-06-05,No,SMS,Community Event,$50K-$74K
C005604,CL002,Megan Baker,Gainesville,FL,34276,2021-02-20,Yes,SMS,Social Media,$100K-$149K
C005605,CL010,Emma Flores,Boca Raton,FL,34042,2023-10-26,No,Phone,Community Event,$100K-$149K
C005606,CL008,Ella Allen,St. Petersburg,FL,33640,2019-05-24,Yes,SMS,Referral,$100K-$149K
C005607,CL002,Evelyn Green,Newberry,FL,33394,2019-05-27,Yes,Phone,Community Event,$150K+
C005608,CL002,Daniel Davis,Fort Myers,FL,32385,2020-11-25,Yes,Email,Social Media,$75K-$99K
C005609,CL012,Nick Wilson,Naples,FL,33544,2021-04-09,Yes,SMS,Social Media,$50K-$74K
C005610,CL004,Sarah Thomas,Sarasota,FL,34605,2019-01-29,No,SMS,Google Search,$50K-$74K
C005611,CL005,Jack Williams,St. Petersburg,FL,32468,2020-04-11,Yes,SMS,Walk-In,<$50K
C005612,CL011,Nick Moore,Newberry,FL,33962,2018-02-07,No,SMS,Walk-In,<$50K
C005613,CL005,Liam Lopez,Lake City,FL,34615,2019-12-24,Yes,SMS,Community Event,$50K-$74K
C005614,CL003,Lauren Carter,Delray Beach,FL,33355,2020-08-23,Yes,Email,Community Event,<$50K
C005615,CL003,Isabella Smith,Tallahassee,FL,34455,2020-02-24,No,SMS,Walk-In,$75K-$99K
C005616,CL003,Emma Smith,Delray Beach,FL,33704,2018-09-28,Yes,SMS,Google Search,$150K+
C005617,CL005,Mia Clark,Newberry,FL,32747,2019-10-06,Yes,SMS,Google Search,<$50K
C005618,CL010,Lucas Taylor,Orlando,FL,34513,2021-11-10,No,SMS,Social Media,$50K-$74K
C005619,CL003,Lucas Nguyen,Newberry,FL,32760,2020-07-14,No,SMS,Community Event,$150K+
C005620,CL003,Ashley Flores,St. Petersburg,FL,33505,2020-02-13,Yes,Phone,Google Search,<$50K
C005621,CL006,Ella Robinson,Orlando,FL,32294,2021-08-03,No,Phone,Google Search,<$50K
C005622,CL010,Amanda Rivera,Newberry,FL,32257,2020-04-06,Yes,SMS,Walk-In,$50K-$74K
C005623,CL003,Jackson Nelson,Miami,FL,32825,2021-07-08,No,SMS,Walk-In,$100K-$149K
C005624,CL003,Rachel Jackson,St. Petersburg,FL,33081,2020-08-26,No,Email,Referral,$100K-$149K
C005625,CL010,Rachel Brown,Orlando,FL,33669,2018-08-25,Yes,Email,Social Media,$100K-$149K
C005626,CL004,Amanda Thomas,Ocala,FL,32976,2018-12-27,Yes,Phone,Google Search,<$50K
C005627,CL010,Lauren Rodriguez,Tampa,FL,34143,2018-05-06,Yes,Email,Google Search,$150K+
C005628,CL009,Liam Nelson,Delray Beach,FL,33555,2019-12-01,No,SMS,Social Media,$100K-$149K
C005629,CL004,Grace Flores,Gainesville,FL,32795,2018-11-11,Yes,Email,Social Media,$100K-$149K
C005630,CL010,Rachel Jackson,Jacksonville,FL,32799,2019-05-08,No,SMS,Referral,$75K-$99K
C005631,CL005,Sarah Perez,Boca Raton,FL,32324,2021-09-15,No,SMS,Referral,$75K-$99K
C005632,CL009,Charlotte Perez,Pensacola,FL,34776,2021-09-08,Yes,SMS,Google Search,$50K-$74K
C005633,CL009,Ella King,Pensacola,FL,32008,2020-08-26,Yes,SMS,Existing Client,$100K-$149K
C005634,CL007,Olivia Lewis,Tampa,FL,34490,2022-12-02,No,Email,Community Event,$100K-$149K
C005635,CL009,Lauren Hernandez,Fort Myers,FL,32984,2022-09-27,No,Email,Google Search,$100K-$149K
C005636,CL005,Sarah Nelson,Sarasota,FL,33546,2022-10-09,Yes,SMS,Referral,$150K+
C005637,CL001,Grace Harris,Palm Coast,FL,32877,2022-09-17,No,Phone,Google Search,$75K-$99K
C005638,CL008,Sophia Wilson,Alachua,FL,33902,2021-02-26,No,Phone,Walk-In,$150K+
C005639,CL007,Chloe Martin,Ocala,FL,33017,2020-12-17,Yes,Email,Social Media,$150K+
C005640,CL007,Sofia Baker,Miami,FL,34425,2022-11-27,Yes,Phone,Walk-In,$75K-$99K
C005641,CL010,Lauren Walker,Delray Beach,FL,34995,2019-12-01,Yes,SMS,Existing Client,$50K-$74K
C005642,CL010,Olivia Thompson,Tallahassee,FL,32197,2023-01-15,Yes,SMS,Existing Client,$150K+
C005643,CL010,Jack Lewis,Tampa,FL,34246,2020-12-31,Yes,SMS,Social Media,<$50K
C005644,CL001,Elijah Davis,Gainesville,FL,34099,2023-09-02,Yes,Email,Community Event,$150K+
C005645,CL011,Isabella Flores,Tallahassee,FL,34508,2021-01-10,Yes,Phone,Existing Client,$100K-$149K
C005646,CL002,Amelia Walker,St. Petersburg,FL,32406,2019-08-20,Yes,Email,Google Search,<$50K
C005647,CL011,Rachel Rodriguez,Pensacola,FL,34941,2020-01-07,Yes,SMS,Referral,$150K+
C005648,CL002,Sarah Lewis,Tampa,FL,34022,2023-06-17,Yes,SMS,Existing Client,$50K-$74K
C005649,CL010,Ryan Rodriguez,Palm Coast,FL,34302,2020-08-15,Yes,Email,Existing Client,$50K-$74K
C005650,CL007,Lucas Gonzalez,Alachua,FL,34569,2021-05-16,No,SMS,Walk-In,<$50K
C005651,CL008,Charlotte Rivera,Ocala,FL,34236,2022-12-23,No,Email,Google Search,$100K-$149K
C005652,CL010,Charlotte Clark,Lake City,FL,34991,2023-04-05,No,SMS,Existing Client,$75K-$99K
C005653,CL007,Chloe Rodriguez,Sarasota,FL,33523,2023-03-23,Yes,Email,Google Search,<$50K
C005654,CL004,Emma Thompson,Sarasota,FL,33621,2021-03-31,No,SMS,Referral,$50K-$74K
C005655,CL005,Evelyn Moore,Sarasota,FL,32773,2019-06-21,Yes,SMS,Social Media,$150K+
C005656,CL001,Sofia Rivera,Newberry,FL,32099,2021-08-18,Yes,Email,Social Media,$150K+
C005657,CL004,Jessica Adams,St. Petersburg,FL,33540,2023-09-28,Yes,SMS,Walk-In,<$50K
C005658,CL003,Robert Thompson,Orlando,FL,34897,2018-10-23,Yes,Email,Existing Client,$100K-$149K
C005659,CL004,Amanda Hernandez,Fort Myers,FL,33079,2020-10-23,Yes,SMS,Referral,$75K-$99K
C005660,CL009,David Moore,Boca Raton,FL,32143,2018-11-26,No,SMS,Social Media,$150K+
C005661,CL009,Noah Vilaihong,Lakeland,FL,33273,2019-04-06,No,Phone,Walk-In,$50K-$74K
C005662,CL004,Luna Carter,Delray Beach,FL,32811,2019-08-18,Yes,Email,Existing Client,$150K+
C005663,CL005,Luna Davis,Ocala,FL,32289,2022-06-29,Yes,SMS,Google Search,$100K-$149K
C005664,CL008,Henry King,Newberry,FL,32750,2021-01-29,No,Phone,Social Media,<$50K
C005665,CL002,Jessica Nelson,Newberry,FL,32891,2020-11-27,Yes,SMS,Google Search,<$50K
C005666,CL008,Evelyn Scott,Sarasota,FL,34831,2021-10-19,No,SMS,Google Search,$75K-$99K
C005667,CL005,Jason Harris,Gainesville,FL,34841,2019-02-09,No,SMS,Community Event,$100K-$149K
C005668,CL005,Benjamin Hill,Clearwater,FL,32575,2021-09-23,Yes,SMS,Social Media,$150K+
C005669,CL011,Logan Baker,Orlando,FL,33481,2018-03-26,Yes,SMS,Referral,$75K-$99K
C005670,CL005,Charlotte Hernandez,St. Petersburg,FL,34849,2023-12-01,Yes,Phone,Community Event,$50K-$74K
C005671,CL003,Grace Lee,Palm Coast,FL,33163,2020-02-12,No,Email,Google Search,$150K+
C005672,CL001,Jessica Jackson,Gainesville,FL,32096,2018-12-14,Yes,Email,Referral,$50K-$74K
C005673,CL011,Nick Carter,Tampa,FL,32568,2021-04-15,Yes,SMS,Google Search,$50K-$74K
C005674,CL008,Jackson Scott,Newberry,FL,32222,2020-01-05,Yes,Email,Google Search,$75K-$99K
C005675,CL008,Isabella Thompson,Gainesville,FL,34478,2019-02-24,Yes,SMS,Walk-In,$50K-$74K
C005676,CL012,Audrey Roberts,Lakeland,FL,33268,2021-02-24,No,Phone,Google Search,$75K-$99K
C005677,CL010,Amanda Hall,Lakeland,FL,32952,2021-10-24,No,Phone,Google Search,<$50K
C005678,CL004,Liam Allen,Miami,FL,34098,2020-01-03,No,SMS,Existing Client,$100K-$149K
C005679,CL011,Ethan Hall,Ocala,FL,32844,2019-12-11,No,SMS,Walk-In,$100K-$149K
C005680,CL010,Benjamin Sanchez,Orlando,FL,33779,2020-08-26,No,Phone,Community Event,$50K-$74K
C005681,CL009,Benjamin Lee,Palm Coast,FL,32218,2020-12-15,Yes,Phone,Social Media,$150K+
C005682,CL008,Ethan Allen,Ocala,FL,34650,2019-09-10,No,Phone,Referral,$150K+
C005683,CL005,Ethan Johnson,Tampa,FL,32431,2022-06-03,Yes,SMS,Social Media,$75K-$99K
C005684,CL003,Grace Perez,Ocala,FL,32750,2018-03-26,Yes,Email,Google Search,$75K-$99K
C005685,CL009,Jessica Ramirez,Sarasota,FL,33102,2021-07-26,No,SMS,Walk-In,$75K-$99K
C005686,CL003,Jackson Sanchez,Tampa,FL,33798,2017-12-24,Yes,SMS,Google Search,<$50K
C005687,CL008,Lauren Nelson,Jacksonville,FL,32553,2019-12-29,Yes,SMS,Walk-In,$150K+
C005688,CL009,Benjamin Gonzalez,Lake City,FL,32895,2020-07-09,No,Phone,Google Search,<$50K
C005689,CL005,Noah Jones,Pensacola,FL,34726,2021-02-22,No,Email,Walk-In,$50K-$74K
C005690,CL003,Jason Torres,Boca Raton,FL,32226,2023-04-29,Yes,SMS,Community Event,$75K-$99K
C005691,CL007,Grace Nelson,Pensacola,FL,33311,2021-07-02,Yes,SMS,Referral,<$50K
C005692,CL002,Grace Smith,Sarasota,FL,34249,2020-12-18,No,SMS,Referral,$100K-$149K
C005693,CL009,Jack Thomas,Ocala,FL,32247,2020-07-16,Yes,SMS,Referral,$100K-$149K
C005694,CL001,Olivia Mitchell,Naples,FL,32885,2022-12-29,Yes,Phone,Referral,$150K+
C005695,CL007,Henry Clark,Boca Raton,FL,33175,2018-01-15,Yes,Phone,Existing Client,<$50K
C005696,CL003,Amelia Wilson,Sarasota,FL,32631,2022-02-20,Yes,SMS,Social Media,<$50K
C005697,CL008,Rachel Allen,Pensacola,FL,32552,2019-04-30,Yes,Phone,Social Media,$100K-$149K
C005698,CL012,Camila Roberts,Gainesville,FL,33248,2022-09-03,No,Phone,Community Event,<$50K
C005699,CL002,Amelia Thompson,Newberry,FL,34507,2018-03-01,No,SMS,Existing Client,$150K+
C005700,CL011,Olivia Sanchez,Sarasota,FL,34643,2020-07-05,Yes,Phone,Walk-In,$150K+
C005701,CL004,Grace Smith,Ocala,FL,34105,2022-03-17,No,Phone,Community Event,<$50K
C005702,CL011,James Moore,Lakeland,FL,32402,2017-12-26,Yes,SMS,Walk-In,$100K-$149K
C005703,CL007,Mateo Adams,Boca Raton,FL,33889,2022-09-15,No,SMS,Social Media,$50K-$74K
C005704,CL010,Jack Miller,Fort Myers,FL,32978,2019-03-04,Yes,SMS,Social Media,$150K+
C005705,CL002,Daniel Lewis,Clearwater,FL,32630,2018-07-23,No,Phone,Google Search,$50K-$74K
C005706,CL007,Daniel Davis,St. Petersburg,FL,32680,2022-09-04,Yes,Email,Referral,$150K+
C005707,CL011,Rachel Gonzalez,Gainesville,FL,34689,2018-07-04,No,Phone,Walk-In,$75K-$99K
C005708,CL007,Mateo Green,Jacksonville,FL,34452,2018-12-07,Yes,Email,Referral,$50K-$74K
C005709,CL005,Rachel Anderson,Palm Coast,FL,33334,2018-08-30,Yes,SMS,Google Search,$150K+
C005710,CL004,Ethan Nguyen,Lake City,FL,32538,2018-10-27,No,Email,Social Media,$50K-$74K
C005711,CL011,Emily Davis,Lakeland,FL,33898,2019-02-17,Yes,Phone,Community Event,$150K+
C005712,CL006,Logan Lewis,Pensacola,FL,32584,2021-11-28,No,SMS,Existing Client,$50K-$74K
C005713,CL007,Emma White,Fort Myers,FL,34461,2021-11-05,No,Email,Google Search,$100K-$149K
C005714,CL002,Lauren Brown,Clearwater,FL,33882,2019-12-21,No,Email,Walk-In,$150K+
C005715,CL006,Audrey Martin,Tampa,FL,32516,2020-06-27,Yes,SMS,Walk-In,$150K+
C005716,CL010,Megan Ramirez,St. Petersburg,FL,33256,2018-07-14,Yes,SMS,Social Media,<$50K
C005717,CL007,Mason Roberts,Delray Beach,FL,34853,2023-12-02,No,Email,Existing Client,$75K-$99K
C005718,CL011,Jason Green,Orlando,FL,34104,2021-08-31,Yes,SMS,Walk-In,$75K-$99K
C005719,CL009,Amelia Perez,Lakeland,FL,33981,2022-08-04,Yes,SMS,Community Event,$150K+
C005720,CL001,Sofia Rodriguez,Clearwater,FL,34355,2018-07-20,No,Email,Social Media,$100K-$149K
C005721,CL010,Mateo Rodriguez,Jacksonville,FL,33317,2021-05-14,No,SMS,Social Media,$100K-$149K
C005722,CL006,Benjamin Walker,Pensacola,FL,33642,2022-07-20,Yes,Email,Social Media,$75K-$99K
C005723,CL002,Sarah Johnson,Alachua,FL,33738,2021-03-18,Yes,SMS,Google Search,$75K-$99K
C005724,CL010,Daniel Williams,Fort Myers,FL,34227,2018-12-24,Yes,SMS,Existing Client,<$50K
C005725,CL009,Jackson Jackson,Naples,FL,32372,2018-07-08,Yes,SMS,Existing Client,<$50K
C005726,CL011,Lucas Lewis,Orlando,FL,34461,2023-07-06,No,Phone,Referral,$75K-$99K
C005727,CL001,Chloe Roberts,Ocala,FL,34061,2018-05-26,No,SMS,Walk-In,$50K-$74K
C005728,CL010,Ava Baker,Boca Raton,FL,32458,2021-10-09,Yes,SMS,Google Search,$50K-$74K
C005729,CL012,Emma Martin,Orlando,FL,33395,2019-03-15,Yes,SMS,Walk-In,$50K-$74K
C005730,CL005,Mia Garcia,Pensacola,FL,33858,2021-01-06,Yes,Phone,Community Event,$75K-$99K
C005731,CL008,Megan Williams,St. Petersburg,FL,32521,2023-06-15,Yes,SMS,Walk-In,$100K-$149K
C005732,CL009,Ella Allen,Sarasota,FL,34674,2018-02-08,Yes,SMS,Google Search,$75K-$99K
C005733,CL010,Nick Martinez,Sarasota,FL,32198,2018-03-16,Yes,Phone,Walk-In,$75K-$99K
C005734,CL009,James Brown,Alachua,FL,32510,2021-09-16,No,Email,Google Search,<$50K
C005735,CL010,Emily Hall,Lakeland,FL,33602,2021-04-06,No,Email,Community Event,<$50K
C005736,CL011,Logan Carter,Sarasota,FL,32424,2019-02-22,No,SMS,Community Event,<$50K
C005737,CL012,Liam Robinson,Fort Myers,FL,32746,2022-01-26,Yes,Email,Existing Client,$150K+
C005738,CL005,Mason Thomas,Lake City,FL,34838,2020-02-17,Yes,Phone,Social Media,$75K-$99K
C005739,CL010,Mia Taylor,Boca Raton,FL,34318,2019-02-18,Yes,SMS,Google Search,<$50K
C005740,CL004,Olivia Roberts,Fort Myers,FL,33086,2021-03-18,Yes,Phone,Referral,$50K-$74K
C005741,CL002,Olivia Lopez,Ocala,FL,34727,2021-10-20,Yes,SMS,Social Media,$50K-$74K
C005742,CL007,Sophia Lee,Ocala,FL,34104,2022-01-02,No,Email,Existing Client,$100K-$149K
C005743,CL012,Sophia Scott,St. Petersburg,FL,34709,2020-09-11,Yes,SMS,Social Media,$100K-$149K
C005744,CL003,Michael Allen,Naples,FL,34915,2019-11-18,No,Email,Social Media,$75K-$99K
C005745,CL007,Chloe Green,Alachua,FL,33292,2021-10-13,Yes,SMS,Google Search,$75K-$99K
C005746,CL007,Mason Anderson,Newberry,FL,32229,2021-05-27,No,SMS,Existing Client,<$50K
C005747,CL010,Ava Garcia,Orlando,FL,33986,2021-07-19,Yes,SMS,Social Media,$50K-$74K
C005748,CL010,Michael Nelson,Palm Coast,FL,33195,2019-06-24,Yes,SMS,Community Event,$75K-$99K
C005749,CL010,Rachel Martin,Palm Coast,FL,32243,2019-07-07,Yes,SMS,Existing Client,$100K-$149K
C005750,CL005,Henry Wright,Naples,FL,32643,2018-11-15,Yes,SMS,Google Search,$150K+
C005751,CL012,Ashley Adams,Boca Raton,FL,33246,2021-09-15,Yes,Email,Community Event,$150K+
C005752,CL003,Amelia White,Alachua,FL,33260,2020-07-15,Yes,SMS,Google Search,$150K+
C005753,CL012,Jessica Rivera,Boca Raton,FL,32918,2020-05-26,Yes,Email,Social Media,$50K-$74K
C005754,CL004,Elijah Jones,Tallahassee,FL,32871,2022-04-13,Yes,SMS,Referral,$150K+
C005755,CL006,Lucas Wilson,Clearwater,FL,34574,2019-01-28,Yes,SMS,Community Event,<$50K
C005756,CL012,Kevin Hall,Boca Raton,FL,33646,2021-07-30,Yes,Email,Community Event,$75K-$99K
C005757,CL008,Lauren Gonzalez,Clearwater,FL,32633,2023-06-11,No,Email,Walk-In,$75K-$99K
C005758,CL009,Luna Adams,Fort Myers,FL,32910,2019-06-15,Yes,Email,Referral,$75K-$99K
C005759,CL001,Mason Rodriguez,Clearwater,FL,32932,2018-06-19,No,Phone,Community Event,$150K+
C005760,CL004,Chloe Smith,Lake City,FL,33336,2022-12-10,No,Email,Social Media,$50K-$74K
C005761,CL012,David Green,Ocala,FL,34638,2019-04-08,Yes,Phone,Referral,$75K-$99K
C005762,CL011,Isabella Hernandez,Tampa,FL,32528,2018-02-25,No,SMS,Google Search,<$50K
C005763,CL002,Daniel King,Gainesville,FL,32722,2022-11-06,Yes,SMS,Google Search,$100K-$149K
C005764,CL012,Olivia Scott,Naples,FL,32483,2019-08-04,No,Phone,Community Event,$50K-$74K
C005765,CL001,Ethan Lopez,Orlando,FL,34247,2020-01-20,Yes,Phone,Google Search,$50K-$74K
C005766,CL008,Nick Jackson,Newberry,FL,33577,2021-02-24,Yes,SMS,Social Media,$75K-$99K
C005767,CL001,Michael White,Orlando,FL,32288,2020-12-14,No,Email,Walk-In,$75K-$99K
C005768,CL004,Camila Wilson,Alachua,FL,34030,2022-05-25,Yes,Email,Walk-In,$50K-$74K
C005769,CL012,Ava Rivera,Tallahassee,FL,34843,2019-10-24,Yes,Email,Existing Client,$50K-$74K
C005770,CL008,Harper Roberts,Tampa,FL,33004,2018-07-19,Yes,SMS,Community Event,$50K-$74K
C005771,CL008,Emma Green,Newberry,FL,33116,2021-10-27,Yes,SMS,Referral,$150K+
C005772,CL007,Jason Thomas,Ocala,FL,33654,2018-11-12,No,Email,Social Media,$100K-$149K
C005773,CL004,Rachel Smith,Lakeland,FL,32044,2018-07-11,Yes,SMS,Referral,$75K-$99K
C005774,CL008,Ava Lee,St. Petersburg,FL,32132,2021-04-21,No,SMS,Walk-In,$150K+
C005775,CL012,Ryan Carter,Tallahassee,FL,34903,2021-01-17,Yes,SMS,Social Media,$50K-$74K
C005776,CL011,Sarah Rivera,Tampa,FL,33782,2018-01-22,Yes,SMS,Referral,$50K-$74K
C005777,CL002,Sophia Lee,Lake City,FL,33654,2023-11-27,Yes,Phone,Google Search,$100K-$149K
C005778,CL011,Emma Thomas,Tampa,FL,34096,2020-01-23,Yes,SMS,Google Search,<$50K
C005779,CL001,Ethan Martinez,Gainesville,FL,32178,2020-07-28,Yes,SMS,Google Search,$100K-$149K
C005780,CL008,Rachel Moore,Boca Raton,FL,32239,2019-11-02,Yes,SMS,Community Event,$50K-$74K
C005781,CL006,David Ramirez,Delray Beach,FL,32175,2021-03-23,No,SMS,Google Search,$75K-$99K
C005782,CL005,Lucas Lopez,Gainesville,FL,32594,2021-04-21,Yes,SMS,Social Media,$150K+
C005783,CL006,Elijah Lopez,Ocala,FL,33871,2023-02-02,Yes,SMS,Social Media,$75K-$99K
C005784,CL009,Grace Adams,Tampa,FL,34554,2019-06-27,Yes,SMS,Google Search,$50K-$74K
C005785,CL004,Sarah Hill,Tallahassee,FL,34128,2023-03-26,Yes,Phone,Community Event,$150K+
C005786,CL005,David Mitchell,Naples,FL,33790,2018-08-08,Yes,Phone,Social Media,$100K-$149K
C005787,CL012,Jason Thomas,Tampa,FL,33422,2020-08-07,Yes,Phone,Social Media,$100K-$149K
C005788,CL012,Camila Davis,Boca Raton,FL,33641,2021-04-16,Yes,SMS,Google Search,$100K-$149K
C005789,CL005,Liam Harris,Naples,FL,32617,2022-02-05,No,SMS,Walk-In,$150K+
C005790,CL007,James Rivera,Pensacola,FL,32624,2023-08-16,No,Phone,Existing Client,$100K-$149K
C005791,CL007,Benjamin Ramirez,Newberry,FL,32921,2022-03-01,Yes,SMS,Referral,$75K-$99K
C005792,CL003,Liam Allen,Newberry,FL,32620,2020-06-27,No,Phone,Google Search,$75K-$99K
C005793,CL009,Jessica Adams,Jacksonville,FL,33268,2018-06-26,Yes,Email,Social Media,$75K-$99K
C005794,CL004,James Martin,Tampa,FL,34170,2020-03-25,No,Phone,Community Event,$100K-$149K
C005795,CL012,Kevin Hall,Orlando,FL,33279,2020-02-09,No,Email,Existing Client,$50K-$74K
C005796,CL005,Emma Walker,Clearwater,FL,33385,2022-03-13,Yes,SMS,Existing Client,$100K-$149K
C005797,CL003,Isabella Rodriguez,Orlando,FL,34977,2022-01-18,Yes,SMS,Social Media,$150K+
C005798,CL002,Kevin Garcia,Alachua,FL,34417,2022-04-01,No,Phone,Social Media,$75K-$99K
C005799,CL005,Mason Ramirez,St. Petersburg,FL,34895,2022-06-02,Yes,Phone,Social Media,<$50K
C005800,CL005,Benjamin Jackson,Lakeland,FL,32316,2019-05-30,Yes,Phone,Social Media,$100K-$149K
C005801,CL009,Kevin Nelson,Tampa,FL,33378,2018-03-16,Yes,SMS,Referral,$50K-$74K
C005802,CL009,Ryan Mitchell,Naples,FL,33764,2021-02-19,No,Email,Walk-In,<$50K
C005803,CL003,James Sanchez,Tampa,FL,33402,2018-07-09,Yes,Email,Walk-In,$75K-$99K
C005804,CL001,Harper Wilson,Miami,FL,33206,2018-12-08,Yes,Phone,Social Media,$150K+
C005805,CL001,Grace Williams,Jacksonville,FL,33960,2018-10-24,Yes,Email,Referral,<$50K
C005806,CL005,Sophia Jackson,Boca Raton,FL,32249,2019-04-28,No,Phone,Social Media,$50K-$74K
C005807,CL006,Lucas Miller,Sarasota,FL,32592,2021-08-15,No,SMS,Referral,<$50K
C005808,CL004,Amelia Williams,Naples,FL,32219,2022-02-03,Yes,Phone,Community Event,$75K-$99K
C005809,CL006,Lauren Wilson,Tallahassee,FL,33306,2022-04-22,Yes,Phone,Walk-In,$150K+
C005810,CL008,Jessica Smith,Delray Beach,FL,33635,2022-07-22,Yes,Email,Walk-In,$75K-$99K
C005811,CL007,Henry Smith,Palm Coast,FL,32923,2019-08-21,No,Email,Google Search,$150K+
C005812,CL004,Mateo Martin,Orlando,FL,33116,2020-03-09,Yes,SMS,Existing Client,$50K-$74K
C005813,CL011,Amelia Perez,Miami,FL,33677,2019-08-29,No,SMS,Existing Client,<$50K
C005814,CL005,Jessica Jackson,Lakeland,FL,33991,2023-05-20,Yes,SMS,Community Event,$100K-$149K
C005815,CL002,Megan Hernandez,Miami,FL,33928,2022-02-08,Yes,Email,Community Event,$150K+
C005816,CL002,Amanda Lopez,Fort Myers,FL,34965,2019-08-26,No,Phone,Existing Client,$50K-$74K
C005817,CL008,Noah Jackson,Tallahassee,FL,32182,2018-12-11,Yes,SMS,Walk-In,$50K-$74K
C005818,CL006,Michael Nelson,St. Petersburg,FL,33497,2020-09-04,Yes,SMS,Existing Client,$100K-$149K
C005819,CL004,James Moore,Tallahassee,FL,32573,2023-12-29,No,Phone,Google Search,$50K-$74K
C005820,CL005,Jackson Roberts,Tampa,FL,32945,2019-08-26,Yes,Phone,Google Search,$150K+
C005821,CL011,Rachel Martin,Newberry,FL,32917,2019-04-25,No,SMS,Google Search,$150K+
C005822,CL011,Jackson Williams,Boca Raton,FL,33888,2021-08-25,Yes,SMS,Existing Client,<$50K
C005823,CL011,Ethan Walker,Ocala,FL,32405,2020-04-07,No,Email,Walk-In,$75K-$99K
C005824,CL003,Ryan Ramirez,Tallahassee,FL,34524,2019-09-08,No,SMS,Community Event,$75K-$99K
C005825,CL004,Sofia Harris,Clearwater,FL,34790,2023-12-04,Yes,SMS,Referral,$50K-$74K
C005826,CL006,Sophia Martinez,Orlando,FL,32590,2022-01-12,Yes,SMS,Community Event,<$50K
C005827,CL012,Noah Wright,Fort Myers,FL,32379,2021-10-27,Yes,Email,Referral,$75K-$99K
C005828,CL012,Kevin Clark,St. Petersburg,FL,33165,2020-12-20,Yes,SMS,Google Search,$100K-$149K
C005829,CL009,Emily Nelson,Pensacola,FL,32847,2022-04-06,No,SMS,Social Media,<$50K
C005830,CL006,Jessica Scott,Pensacola,FL,33670,2023-05-13,No,Phone,Walk-In,<$50K
C005831,CL005,Isabella Martin,Sarasota,FL,34142,2018-09-02,Yes,SMS,Existing Client,<$50K
C005832,CL011,Lucas Vilaihong,Tallahassee,FL,33004,2020-03-23,No,SMS,Referral,$100K-$149K
C005833,CL008,Kevin King,Ocala,FL,34317,2020-04-07,No,SMS,Existing Client,$100K-$149K
C005834,CL001,Elijah Hernandez,Lakeland,FL,32778,2018-04-26,Yes,Phone,Google Search,<$50K
C005835,CL003,Benjamin Rivera,Gainesville,FL,32636,2020-04-19,Yes,SMS,Existing Client,$50K-$74K
C005836,CL011,Jackson Martinez,Palm Coast,FL,32455,2022-12-13,No,Email,Existing Client,<$50K
C005837,CL010,Nick Davis,Naples,FL,33360,2020-11-24,No,Phone,Google Search,<$50K
C005838,CL007,Luna Campbell,St. Petersburg,FL,34119,2021-04-21,Yes,Email,Google Search,$150K+
C005839,CL012,Megan Williams,Ocala,FL,33070,2019-12-15,Yes,Phone,Community Event,$100K-$149K
C005840,CL008,Mia Johnson,Fort Myers,FL,32224,2023-01-27,Yes,SMS,Community Event,<$50K
C005841,CL007,Audrey Baker,Lake City,FL,34050,2018-03-05,Yes,SMS,Community Event,$100K-$149K
C005842,CL011,Jason Clark,Lake City,FL,32092,2023-10-24,No,Email,Existing Client,<$50K
C005843,CL008,Henry Gonzalez,Miami,FL,33565,2020-05-26,No,Phone,Social Media,$100K-$149K
C005844,CL005,Sarah Rodriguez,Tallahassee,FL,33702,2022-09-26,Yes,SMS,Google Search,<$50K
C005845,CL012,Camila Johnson,Sarasota,FL,33118,2018-04-25,Yes,SMS,Walk-In,$150K+
C005846,CL012,Logan Vilaihong,Naples,FL,34813,2019-03-12,No,Phone,Community Event,$100K-$149K
C005847,CL003,Megan Torres,Orlando,FL,33747,2022-03-07,Yes,Email,Community Event,$50K-$74K
C005848,CL010,Jason Lee,Newberry,FL,33007,2022-08-31,Yes,SMS,Existing Client,$100K-$149K
C005849,CL004,Chloe Walker,Sarasota,FL,33398,2019-06-01,No,SMS,Walk-In,$150K+
C005850,CL012,Jason Garcia,Clearwater,FL,32489,2022-04-18,Yes,SMS,Google Search,$75K-$99K
C005851,CL007,Noah White,Lake City,FL,32261,2018-06-06,Yes,SMS,Existing Client,<$50K
C005852,CL003,Audrey Brown,Naples,FL,32195,2018-07-24,Yes,Email,Social Media,$100K-$149K
C005853,CL001,Harper Williams,Orlando,FL,32730,2019-08-16,No,SMS,Referral,$75K-$99K
C005854,CL005,Elijah Nelson,Delray Beach,FL,33157,2023-08-04,Yes,SMS,Existing Client,$150K+
C005855,CL003,Amanda Allen,Clearwater,FL,34740,2023-03-24,Yes,Email,Referral,$50K-$74K
C005856,CL004,Henry Gonzalez,Fort Myers,FL,32890,2022-08-31,Yes,SMS,Community Event,$100K-$149K
C005857,CL005,Henry Gonzalez,Fort Myers,FL,33153,2019-11-10,Yes,SMS,Social Media,$100K-$149K
C005858,CL002,Jack Wilson,Palm Coast,FL,32008,2020-05-06,No,Email,Social Media,$100K-$149K
C005859,CL009,Lauren Brown,Tallahassee,FL,34051,2023-11-06,No,Phone,Google Search,<$50K
C005860,CL006,Grace Nguyen,Pensacola,FL,32277,2018-02-05,Yes,SMS,Walk-In,$50K-$74K
C005861,CL004,Michael Young,Boca Raton,FL,34136,2019-05-02,Yes,SMS,Community Event,<$50K
C005862,CL008,Camila Hill,Alachua,FL,33183,2022-01-20,Yes,Email,Social Media,$150K+
C005863,CL011,Luna Smith,Orlando,FL,33931,2018-09-05,Yes,SMS,Social Media,$150K+
C005864,CL001,Ryan Miller,Ocala,FL,32197,2021-06-10,No,Phone,Walk-In,$75K-$99K
C005865,CL006,Olivia Johnson,Lake City,FL,34492,2022-02-27,Yes,Phone,Community Event,<$50K
C005866,CL008,Emma Harris,Delray Beach,FL,34416,2021-10-14,Yes,SMS,Referral,$50K-$74K
C005867,CL002,Ethan Wright,Miami,FL,32447,2019-06-24,Yes,SMS,Google Search,$50K-$74K
C005868,CL003,Daniel Baker,Naples,FL,32668,2021-11-16,Yes,Email,Referral,$50K-$74K
C005869,CL002,Henry Moore,Tallahassee,FL,33670,2022-02-15,No,SMS,Existing Client,<$50K
C005870,CL001,Lauren Allen,Gainesville,FL,32721,2021-08-14,Yes,SMS,Google Search,$100K-$149K
C005871,CL010,Rachel Roberts,Miami,FL,34374,2021-09-19,Yes,SMS,Walk-In,$150K+
C005872,CL012,Jack Walker,Sarasota,FL,34404,2023-10-07,Yes,Phone,Referral,$150K+
C005873,CL004,Mateo Nguyen,Clearwater,FL,32761,2023-05-22,No,Phone,Walk-In,$150K+
C005874,CL001,Mason Brown,St. Petersburg,FL,32832,2019-08-12,No,Email,Referral,$75K-$99K
C005875,CL006,James Perez,Miami,FL,34146,2020-11-10,Yes,Phone,Social Media,$75K-$99K
C005876,CL007,Henry Anderson,Newberry,FL,34858,2023-04-08,Yes,SMS,Referral,$150K+
C005877,CL001,Liam Walker,Gainesville,FL,33595,2022-10-19,Yes,Email,Google Search,$100K-$149K
C005878,CL006,James Johnson,Boca Raton,FL,32257,2019-01-15,No,Phone,Google Search,$100K-$149K
C005879,CL008,Rachel Lee,Palm Coast,FL,33221,2022-07-18,Yes,SMS,Existing Client,$150K+
C005880,CL001,Megan Smith,Fort Myers,FL,33551,2020-12-05,Yes,Phone,Social Media,$150K+
C005881,CL008,Sofia Taylor,Boca Raton,FL,32428,2023-08-11,Yes,SMS,Community Event,<$50K
C005882,CL006,Camila Lopez,Lakeland,FL,34372,2018-08-02,No,SMS,Existing Client,<$50K
C005883,CL005,Kevin Young,Fort Myers,FL,32146,2022-06-27,No,Phone,Google Search,$75K-$99K
C005884,CL009,Logan Carter,Boca Raton,FL,34028,2020-12-28,Yes,Phone,Community Event,$50K-$74K
C005885,CL002,Audrey Taylor,Lakeland,FL,34235,2020-04-26,No,Phone,Existing Client,$50K-$74K
C005886,CL008,Jackson Martinez,Miami,FL,32367,2020-03-17,No,SMS,Referral,$150K+
C005887,CL001,Isabella Adams,Tallahassee,FL,32956,2020-07-07,Yes,Email,Referral,$75K-$99K
C005888,CL003,Daniel Garcia,Delray Beach,FL,32900,2019-03-29,No,Phone,Google Search,$75K-$99K
C005889,CL012,Lucas Brown,Alachua,FL,33327,2022-04-02,No,SMS,Google Search,$75K-$99K
C005890,CL011,Megan Perez,Lake City,FL,34684,2018-04-23,Yes,Email,Google Search,$150K+
C005891,CL007,Ella Miller,Boca Raton,FL,32732,2018-01-22,Yes,Phone,Google Search,$100K-$149K
C005892,CL001,Emma Flores,Pensacola,FL,32113,2021-03-04,Yes,Phone,Community Event,$150K+
C005893,CL007,Ashley Jones,Alachua,FL,33399,2023-09-21,Yes,Phone,Social Media,$50K-$74K
C005894,CL008,Harper Lee,St. Petersburg,FL,33127,2018-05-05,Yes,SMS,Walk-In,$75K-$99K
C005895,CL006,Emma Thomas,St. Petersburg,FL,32837,2023-05-15,No,SMS,Existing Client,$75K-$99K
C005896,CL007,Megan Perez,Lake City,FL,34773,2021-11-07,No,SMS,Community Event,$100K-$149K
C005897,CL007,Nick Brown,Newberry,FL,34710,2022-12-02,No,SMS,Google Search,$150K+
C005898,CL012,Noah Mitchell,Alachua,FL,34435,2021-11-20,Yes,Email,Existing Client,$100K-$149K
C005899,CL005,Mia Jones,Orlando,FL,32635,2020-03-12,Yes,SMS,Community Event,$100K-$149K
C005900,CL003,Sophia Scott,St. Petersburg,FL,33403,2022-02-06,No,Email,Walk-In,$75K-$99K
C005901,CL009,Isabella Vilaihong,Alachua,FL,34888,2019-07-17,Yes,SMS,Social Media,$100K-$149K
C005902,CL010,Jack King,Delray Beach,FL,32289,2020-05-03,No,SMS,Social Media,$150K+
C005903,CL007,Sophia Nguyen,Fort Myers,FL,34808,2019-11-02,Yes,SMS,Social Media,<$50K
C005904,CL006,Olivia Thompson,Tallahassee,FL,32960,2022-12-14,No,SMS,Referral,<$50K
C005905,CL012,Mason Torres,Ocala,FL,33216,2020-07-19,Yes,Phone,Google Search,<$50K
C005906,CL011,Evelyn Campbell,St. Petersburg,FL,33273,2020-11-19,No,Email,Social Media,<$50K
C005907,CL010,Robert Campbell,Boca Raton,FL,33405,2023-05-11,No,Phone,Existing Client,$100K-$149K
C005908,CL010,Ryan Rodriguez,Clearwater,FL,33693,2020-05-02,Yes,SMS,Walk-In,$150K+
C005909,CL004,Lauren Nguyen,Sarasota,FL,33585,2020-08-13,No,Phone,Walk-In,$50K-$74K
C005910,CL011,Sarah Clark,Fort Myers,FL,32917,2020-01-24,Yes,Email,Existing Client,$100K-$149K
C005911,CL009,Charlotte Anderson,Fort Myers,FL,32862,2019-11-27,Yes,SMS,Google Search,$150K+
C005912,CL007,Grace Wilson,Alachua,FL,32721,2021-03-01,No,Email,Walk-In,$100K-$149K
C005913,CL010,Camila Williams,Pensacola,FL,33001,2023-05-14,Yes,SMS,Existing Client,$100K-$149K
C005914,CL004,Ethan Rivera,Miami,FL,32957,2023-06-22,No,Email,Community Event,$50K-$74K
C005915,CL003,Emily Johnson,Naples,FL,34424,2018-05-22,No,Phone,Walk-In,$75K-$99K
C005916,CL012,Benjamin Scott,Alachua,FL,33034,2018-07-06,Yes,SMS,Google Search,$150K+
C005917,CL001,Charlotte Jackson,Gainesville,FL,32005,2019-05-27,Yes,Phone,Existing Client,$75K-$99K
C005918,CL003,Audrey Garcia,Lake City,FL,34219,2020-04-01,Yes,Email,Referral,$100K-$149K
C005919,CL003,Benjamin Johnson,Ocala,FL,34554,2018-10-29,No,Phone,Community Event,$150K+
C005920,CL009,Chloe Hernandez,Miami,FL,34209,2020-01-11,Yes,Phone,Social Media,<$50K
C005921,CL008,James Allen,Tallahassee,FL,33683,2022-08-03,Yes,Phone,Social Media,$75K-$99K
C005922,CL001,Ryan Sanchez,Jacksonville,FL,32907,2018-01-25,Yes,SMS,Existing Client,$150K+
C005923,CL012,Ethan Clark,Orlando,FL,33082,2019-07-01,Yes,Phone,Referral,$50K-$74K
C005924,CL004,Lauren White,Miami,FL,33981,2022-06-17,Yes,Email,Referral,<$50K
C005925,CL010,Mateo Nguyen,Jacksonville,FL,32093,2022-03-30,Yes,SMS,Google Search,$75K-$99K
C005926,CL008,Jessica Flores,Lakeland,FL,33143,2020-08-29,Yes,Phone,Walk-In,$100K-$149K
C005927,CL011,Jackson Hernandez,Lakeland,FL,34357,2019-04-16,Yes,SMS,Social Media,$75K-$99K
C005928,CL003,Ethan Perez,Ocala,FL,33792,2022-03-21,No,Phone,Community Event,<$50K
C005929,CL006,Benjamin Jackson,Alachua,FL,32338,2020-04-26,Yes,SMS,Social Media,$100K-$149K
C005930,CL006,Jackson Walker,Lakeland,FL,33973,2023-06-02,Yes,Phone,Social Media,<$50K
C005931,CL010,Emma Miller,Tampa,FL,33315,2018-07-30,Yes,Email,Referral,$75K-$99K
C005932,CL008,Ryan Walker,Alachua,FL,33988,2019-05-26,No,Email,Referral,$150K+
C005933,CL004,Jack Torres,Orlando,FL,34176,2019-06-17,Yes,SMS,Community Event,$75K-$99K
C005934,CL009,Mateo Clark,Pensacola,FL,33323,2021-08-02,Yes,Email,Google Search,$75K-$99K
C005935,CL002,James Campbell,Pensacola,FL,34600,2023-11-12,No,Phone,Community Event,<$50K
C005936,CL001,Emma Robinson,Newberry,FL,32684,2018-02-23,No,Phone,Referral,$100K-$149K
C005937,CL002,Ella Ramirez,Lakeland,FL,33872,2020-01-23,Yes,SMS,Google Search,$75K-$99K
C005938,CL005,Ava Allen,Lakeland,FL,34524,2018-08-14,Yes,SMS,Community Event,$100K-$149K
C005939,CL012,Ashley Martin,Gainesville,FL,34191,2022-10-15,Yes,Email,Community Event,$50K-$74K
C005940,CL005,Ethan Lewis,St. Petersburg,FL,34535,2020-02-05,Yes,Email,Walk-In,$75K-$99K
C005941,CL002,Daniel Ramirez,Tampa,FL,32204,2020-07-11,No,Email,Community Event,$150K+
C005942,CL001,Rachel Harris,Ocala,FL,34547,2023-05-09,No,SMS,Referral,$100K-$149K
C005943,CL004,Robert Baker,Sarasota,FL,34893,2022-08-30,No,Email,Existing Client,$100K-$149K
C005944,CL010,Charlotte Brown,Gainesville,FL,32814,2020-09-23,No,SMS,Existing Client,$100K-$149K
C005945,CL007,Isabella Rivera,Tallahassee,FL,34873,2023-10-25,No,SMS,Walk-In,$75K-$99K
C005946,CL004,Amelia Harris,Jacksonville,FL,32347,2022-06-04,Yes,Phone,Social Media,$50K-$74K
C005947,CL010,Daniel Harris,Palm Coast,FL,34967,2020-08-28,No,SMS,Google Search,<$50K
C005948,CL009,Logan Sanchez,Naples,FL,33545,2021-02-13,Yes,Phone,Social Media,$100K-$149K
C005949,CL003,Ava Mitchell,Tallahassee,FL,34004,2019-10-06,Yes,Email,Community Event,$75K-$99K
C005950,CL009,Amelia Wright,Ocala,FL,32174,2019-10-04,Yes,Phone,Community Event,$50K-$74K
C005951,CL001,Liam Hall,St. Petersburg,FL,33695,2023-01-23,Yes,SMS,Community Event,$150K+
C005952,CL011,Jack Hall,Sarasota,FL,32469,2022-05-09,Yes,SMS,Referral,$50K-$74K
C005953,CL001,Harper Green,Ocala,FL,33083,2020-09-04,No,Phone,Google Search,$100K-$149K
C005954,CL007,Ashley Garcia,Newberry,FL,33555,2019-09-26,Yes,Phone,Social Media,<$50K
C005955,CL010,Evelyn Jones,Pensacola,FL,34787,2021-01-29,Yes,SMS,Existing Client,$100K-$149K
C005956,CL002,Amelia Perez,Fort Myers,FL,32340,2021-06-10,Yes,Email,Google Search,<$50K
C005957,CL012,Michael Nguyen,Alachua,FL,32129,2023-04-23,Yes,SMS,Community Event,$75K-$99K
C005958,CL009,Sophia Moore,St. Petersburg,FL,32237,2019-12-24,Yes,Phone,Social Media,$100K-$149K
C005959,CL012,Logan Nelson,Alachua,FL,32054,2023-09-12,No,SMS,Community Event,<$50K
C005960,CL005,Liam Flores,Pensacola,FL,32308,2018-11-08,Yes,Phone,Google Search,$150K+
C005961,CL010,Grace Lee,Ocala,FL,33186,2018-07-03,Yes,SMS,Existing Client,<$50K
C005962,CL010,David Allen,Tampa,FL,32912,2022-05-21,Yes,Email,Existing Client,$50K-$74K
C005963,CL009,Elijah Nelson,Ocala,FL,34536,2021-12-21,Yes,Phone,Existing Client,$100K-$149K
C005964,CL003,Sarah Miller,Delray Beach,FL,32025,2023-04-14,Yes,Email,Referral,$50K-$74K
C005965,CL012,Liam Jackson,Newberry,FL,34658,2019-07-28,No,SMS,Walk-In,$150K+
C005966,CL003,Ryan Anderson,Palm Coast,FL,33900,2023-06-23,Yes,Phone,Walk-In,$100K-$149K
C005967,CL012,Henry Wilson,Gainesville,FL,32218,2023-02-11,Yes,Email,Social Media,$150K+
C005968,CL007,Daniel Lee,Lakeland,FL,34772,2019-12-17,No,SMS,Referral,$50K-$74K
C005969,CL008,Jack Nguyen,Miami,FL,33030,2019-10-05,Yes,SMS,Existing Client,$50K-$74K
C005970,CL004,Camila Garcia,Tallahassee,FL,34481,2022-09-27,Yes,Phone,Referral,$150K+
C005971,CL005,Robert Wilson,Delray Beach,FL,33705,2021-12-26,Yes,SMS,Walk-In,$100K-$149K
C005972,CL010,Liam Lee,Miami,FL,34910,2022-07-08,Yes,SMS,Social Media,$100K-$149K
C005973,CL011,Megan Taylor,Delray Beach,FL,32712,2021-11-11,Yes,Phone,Social Media,$75K-$99K
C005974,CL006,Jack Moore,Jacksonville,FL,34356,2023-06-21,Yes,Phone,Walk-In,$50K-$74K
C005975,CL007,Evelyn Wright,Naples,FL,32103,2018-01-13,No,SMS,Community Event,$75K-$99K
C005976,CL001,Ethan Jones,Orlando,FL,33347,2022-10-23,No,Phone,Google Search,$50K-$74K
C005977,CL001,Amanda Hernandez,Tampa,FL,33988,2021-12-21,Yes,Email,Community Event,$50K-$74K
C005978,CL007,Chloe Sanchez,Lake City,FL,34057,2022-10-29,No,Phone,Community Event,$100K-$149K
C005979,CL010,Nick Rodriguez,Tallahassee,FL,32134,2022-06-28,Yes,Email,Social Media,$75K-$99K
C005980,CL003,Ava Flores,Ocala,FL,33146,2023-01-16,Yes,SMS,Google Search,$100K-$149K
C005981,CL010,Noah Hill,Tallahassee,FL,32594,2021-02-18,Yes,SMS,Social Media,$100K-$149K
C005982,CL007,Elijah Jones,Delray Beach,FL,34107,2018-07-10,No,SMS,Walk-In,$75K-$99K
C005983,CL001,Evelyn Smith,Palm Coast,FL,32884,2019-10-08,Yes,SMS,Walk-In,$150K+
C005984,CL008,Ryan Gonzalez,Delray Beach,FL,34146,2020-10-17,No,SMS,Existing Client,$75K-$99K
C005985,CL001,Emily Adams,Delray Beach,FL,34945,2023-03-01,Yes,SMS,Community Event,$50K-$74K
C005986,CL010,Sofia Jones,Sarasota,FL,32594,2018-06-20,No,SMS,Existing Client,$100K-$149K
C005987,CL004,Emily Garcia,St. Petersburg,FL,34935,2019-04-21,Yes,Email,Existing Client,<$50K
C005988,CL009,Amelia Hernandez,Fort Myers,FL,33838,2021-08-29,Yes,SMS,Walk-In,$100K-$149K
C005989,CL004,Isabella Carter,Lake City,FL,34667,2019-07-25,Yes,SMS,Community Event,$50K-$74K
C005990,CL005,Sarah Rodriguez,Gainesville,FL,33343,2020-10-13,Yes,SMS,Social Media,$150K+
C005991,CL004,Camila Carter,Palm Coast,FL,32296,2018-05-17,Yes,Phone,Referral,$50K-$74K
C005992,CL005,Kevin Flores,Pensacola,FL,34774,2020-07-07,No,SMS,Social Media,<$50K
C005993,CL009,Isabella Lewis,Ocala,FL,34043,2020-04-30,Yes,SMS,Social Media,$150K+
C005994,CL011,Lucas Thomas,St. Petersburg,FL,33788,2022-12-07,No,SMS,Google Search,$75K-$99K
C005995,CL008,Chloe Rodriguez,Sarasota,FL,33727,2019-09-29,Yes,Email,Referral,$50K-$74K
C005996,CL001,Luna Taylor,Pensacola,FL,34279,2023-11-07,No,Phone,Social Media,$50K-$74K
C005997,CL003,Mia Torres,Miami,FL,34089,2022-10-12,Yes,Email,Community Event,$100K-$149K
C005998,CL005,Rachel Robinson,Sarasota,FL,33521,2021-04-17,Yes,Phone,Google Search,$75K-$99K
C005999,CL010,Benjamin Flores,Newberry,FL,32576,2019-01-05,No,Email,Walk-In,$50K-$74K
C006000,CL009,Harper Ramirez,Orlando,FL,32280,2021-11-11,No,SMS,Social Media,$100K-$149K
C006001,CL006,Amelia Perez,Boca Raton,FL,33265,2023-10-05,Yes,Phone,Referral,$75K-$99K
C006002,CL011,Michael Jackson,Miami,FL,33025,2023-08-04,Yes,SMS,Community Event,$50K-$74K
C006003,CL011,Liam Martinez,Ocala,FL,32590,2020-01-11,No,Phone,Social Media,$150K+
C006004,CL004,James Smith,Orlando,FL,33674,2020-04-27,Yes,Email,Walk-In,$100K-$149K
C006005,CL010,Jack Adams,Sarasota,FL,32159,2023-05-15,No,Phone,Social Media,<$50K
C006006,CL012,Noah Johnson,Tallahassee,FL,33230,2020-05-07,No,Phone,Community Event,$50K-$74K
C006007,CL007,Ava Lopez,Newberry,FL,33391,2020-11-08,Yes,SMS,Walk-In,$75K-$99K
C006008,CL006,Mia Robinson,Boca Raton,FL,34648,2020-04-04,Yes,SMS,Referral,$50K-$74K
C006009,CL006,Kevin Wilson,Sarasota,FL,32089,2020-08-14,Yes,SMS,Google Search,$150K+
C006010,CL007,Luna Jones,Jacksonville,FL,34834,2021-11-03,No,SMS,Social Media,$100K-$149K
C006011,CL006,Emily Gonzalez,Lakeland,FL,33708,2018-12-01,Yes,Phone,Community Event,$100K-$149K
C006012,CL006,Harper Adams,Fort Myers,FL,32246,2018-03-22,Yes,SMS,Existing Client,$75K-$99K
C006013,CL004,Ashley Carter,Palm Coast,FL,33996,2018-12-21,Yes,SMS,Google Search,$50K-$74K
C006014,CL007,Ava Brown,Fort Myers,FL,34688,2023-05-17,Yes,Phone,Google Search,$150K+
C006015,CL001,Lauren Moore,Clearwater,FL,34302,2019-07-02,Yes,SMS,Google Search,$50K-$74K
C006016,CL001,Amanda Nguyen,Miami,FL,33403,2019-07-28,Yes,Phone,Social Media,<$50K
C006017,CL003,Ryan Ramirez,Delray Beach,FL,34749,2018-05-24,No,Email,Google Search,<$50K
C006018,CL012,Henry Lee,St. Petersburg,FL,32861,2023-11-30,Yes,SMS,Referral,$50K-$74K
C006019,CL005,Audrey Rivera,Lake City,FL,32865,2023-12-11,No,Phone,Walk-In,<$50K
C006020,CL001,Elijah Nguyen,Gainesville,FL,33557,2023-07-28,No,SMS,Community Event,<$50K
C006021,CL004,Rachel Green,Lakeland,FL,32836,2018-09-23,Yes,Email,Existing Client,$75K-$99K
C006022,CL008,Ryan Perez,Newberry,FL,34572,2018-08-19,No,SMS,Community Event,$150K+
C006023,CL009,Liam White,Newberry,FL,34452,2023-09-10,Yes,SMS,Referral,<$50K
C006024,CL006,Mateo Thompson,Sarasota,FL,34521,2018-06-19,Yes,Email,Walk-In,$75K-$99K
C006025,CL002,Benjamin Thomas,Orlando,FL,33605,2021-06-15,Yes,Email,Community Event,$150K+
C006026,CL010,Liam Wilson,Fort Myers,FL,34542,2019-10-08,Yes,Email,Existing Client,$75K-$99K
C006027,CL006,Sophia Flores,Fort Myers,FL,34050,2022-04-21,Yes,SMS,Existing Client,$75K-$99K
C006028,CL003,Sarah Hall,St. Petersburg,FL,33294,2020-03-02,No,SMS,Community Event,$75K-$99K
C006029,CL004,Lucas Thompson,Miami,FL,34180,2019-12-20,Yes,Phone,Referral,<$50K
C006030,CL001,Benjamin Johnson,Ocala,FL,33646,2022-03-29,No,SMS,Existing Client,$100K-$149K
C006031,CL009,Noah Walker,Tampa,FL,32903,2021-11-29,Yes,Phone,Google Search,<$50K
C006032,CL006,Logan Hill,Tampa,FL,32461,2019-11-08,No,SMS,Google Search,$50K-$74K
C006033,CL011,Emma Davis,Ocala,FL,33446,2022-05-02,Yes,Phone,Google Search,$50K-$74K
C006034,CL010,Harper Gonzalez,Sarasota,FL,34544,2021-04-11,Yes,SMS,Community Event,$100K-$149K
C006035,CL001,Lucas Garcia,Boca Raton,FL,34286,2019-02-15,Yes,Phone,Walk-In,$150K+
C006036,CL005,Elijah Hill,Sarasota,FL,34654,2018-10-04,Yes,Phone,Referral,$75K-$99K
C006037,CL004,Kevin Hall,Lakeland,FL,33317,2018-04-25,Yes,SMS,Walk-In,$100K-$149K
C006038,CL004,Mia Moore,Naples,FL,32266,2018-09-17,No,SMS,Google Search,$75K-$99K
C006039,CL012,Emily Martinez,Alachua,FL,33357,2020-06-02,No,SMS,Referral,<$50K
C006040,CL001,Chloe Smith,Miami,FL,32138,2023-02-06,Yes,SMS,Referral,<$50K
C006041,CL006,Lucas Vilaihong,Ocala,FL,32812,2022-02-08,Yes,SMS,Existing Client,$50K-$74K
C006042,CL012,Harper Wright,Clearwater,FL,32648,2018-02-07,No,Email,Social Media,$150K+
C006043,CL004,Mason Rivera,St. Petersburg,FL,32891,2020-12-25,Yes,Phone,Google Search,$100K-$149K
C006044,CL001,Elijah Gonzalez,Naples,FL,33382,2023-10-27,No,Phone,Existing Client,$100K-$149K
C006045,CL002,Sophia Baker,Fort Myers,FL,33107,2021-06-20,Yes,SMS,Existing Client,$100K-$149K
C006046,CL003,Charlotte King,Jacksonville,FL,33982,2019-11-18,Yes,SMS,Walk-In,$50K-$74K
C006047,CL003,Emily Lopez,Newberry,FL,34654,2023-06-09,Yes,Phone,Google Search,$75K-$99K
C006048,CL005,Michael White,Palm Coast,FL,34023,2018-10-26,Yes,SMS,Google Search,$150K+
C006049,CL003,Amanda Hall,Boca Raton,FL,33580,2023-03-24,No,SMS,Google Search,$150K+
C006050,CL011,James Jones,Tallahassee,FL,34302,2023-01-09,Yes,Email,Existing Client,<$50K
C006051,CL008,David Green,Palm Coast,FL,33097,2021-07-14,No,Email,Existing Client,$50K-$74K
C006052,CL008,Henry Sanchez,Alachua,FL,33827,2021-11-25,Yes,SMS,Existing Client,<$50K
C006053,CL002,Megan White,Tampa,FL,34060,2019-11-13,Yes,SMS,Social Media,$150K+
C006054,CL005,Charlotte Vilaihong,Jacksonville,FL,33102,2019-01-02,Yes,SMS,Community Event,<$50K
C006055,CL004,Emily Campbell,Miami,FL,32816,2021-01-21,Yes,SMS,Google Search,$100K-$149K
C006056,CL007,Daniel Carter,Fort Myers,FL,33888,2023-09-18,Yes,SMS,Existing Client,$50K-$74K
C006057,CL001,Sarah Wilson,Miami,FL,32517,2020-08-12,Yes,SMS,Existing Client,$100K-$149K
C006058,CL002,Isabella King,Alachua,FL,34304,2020-07-16,Yes,SMS,Social Media,$50K-$74K
C006059,CL006,Jackson Torres,Delray Beach,FL,34100,2019-04-21,No,SMS,Referral,$100K-$149K
C006060,CL008,Jason Martin,Clearwater,FL,34520,2022-08-20,No,SMS,Existing Client,$100K-$149K
C006061,CL002,Ashley Davis,Tampa,FL,33723,2022-07-26,No,Phone,Referral,$50K-$74K
C006062,CL006,Kevin Torres,Jacksonville,FL,33623,2021-12-28,Yes,Email,Social Media,$150K+
C006063,CL009,Emma Hill,St. Petersburg,FL,32441,2023-02-13,Yes,SMS,Community Event,<$50K
C006064,CL001,Rachel Young,Sarasota,FL,33143,2020-12-26,No,Phone,Existing Client,$50K-$74K
C006065,CL003,Olivia Baker,Ocala,FL,32756,2020-12-03,Yes,Email,Social Media,$100K-$149K
C006066,CL007,Daniel Harris,Delray Beach,FL,32037,2022-08-27,Yes,SMS,Referral,$100K-$149K
C006067,CL003,Kevin Moore,St. Petersburg,FL,32478,2023-02-28,Yes,SMS,Community Event,$150K+
C006068,CL007,Evelyn Torres,Newberry,FL,33040,2023-07-16,No,Email,Social Media,$100K-$149K
C006069,CL001,Benjamin Martin,Lake City,FL,34870,2018-01-30,Yes,SMS,Referral,$50K-$74K
C006070,CL006,David Harris,Delray Beach,FL,34493,2022-12-31,No,SMS,Community Event,$150K+
C006071,CL011,Amelia Martin,Ocala,FL,33913,2023-02-06,No,SMS,Referral,$150K+
C006072,CL005,Henry Flores,Sarasota,FL,33959,2021-05-10,Yes,SMS,Existing Client,$150K+
C006073,CL012,Sofia Baker,Tallahassee,FL,33910,2019-12-01,Yes,Phone,Social Media,$50K-$74K
C006074,CL008,Henry King,Clearwater,FL,33912,2020-09-13,Yes,SMS,Walk-In,$150K+
C006075,CL012,Mateo Allen,Tampa,FL,33869,2018-07-04,No,Email,Social Media,$100K-$149K
C006076,CL007,Rachel Garcia,Gainesville,FL,32148,2020-11-03,Yes,Email,Community Event,$50K-$74K
C006077,CL011,Lucas Hernandez,Clearwater,FL,33313,2023-01-20,Yes,Phone,Walk-In,$75K-$99K
C006078,CL006,Liam Harris,Fort Myers,FL,34542,2019-12-20,No,SMS,Community Event,$150K+
C006079,CL005,Jason Allen,Miami,FL,34635,2023-08-08,Yes,SMS,Social Media,<$50K
C006080,CL002,Benjamin Young,Boca Raton,FL,33846,2023-11-29,No,Phone,Referral,$150K+
C006081,CL010,Harper Wilson,Delray Beach,FL,33526,2020-05-10,Yes,SMS,Referral,$150K+
C006082,CL004,Mia Mitchell,Miami,FL,34186,2020-08-09,No,SMS,Referral,$100K-$149K
C006083,CL010,Sarah Anderson,Lakeland,FL,32738,2021-09-09,No,SMS,Walk-In,$150K+
C006084,CL003,David Walker,Lakeland,FL,33900,2019-12-19,Yes,Phone,Google Search,$50K-$74K
C006085,CL007,Emily Campbell,Boca Raton,FL,32638,2021-06-27,No,Phone,Existing Client,$100K-$149K
C006086,CL012,Sarah Allen,Alachua,FL,32045,2021-03-19,No,SMS,Google Search,$50K-$74K
C006087,CL005,Daniel Baker,Alachua,FL,33755,2020-09-08,No,SMS,Google Search,$75K-$99K
C006088,CL009,Kevin Flores,Jacksonville,FL,33158,2022-06-03,No,Email,Walk-In,$50K-$74K
C006089,CL002,Logan Allen,Jacksonville,FL,33059,2019-07-15,Yes,SMS,Existing Client,$50K-$74K
C006090,CL007,Lucas Jones,Tallahassee,FL,33159,2021-02-23,No,SMS,Social Media,$75K-$99K
C006091,CL007,Michael King,Clearwater,FL,33671,2018-01-12,Yes,SMS,Walk-In,<$50K
C006092,CL001,Michael Martinez,Jacksonville,FL,34524,2020-11-05,Yes,SMS,Google Search,$75K-$99K
C006093,CL008,Jack Wright,Delray Beach,FL,32719,2022-06-25,Yes,SMS,Social Media,$150K+
C006094,CL006,Logan Hall,Pensacola,FL,32666,2020-09-25,Yes,Email,Google Search,$75K-$99K
C006095,CL006,Jack Thompson,Lake City,FL,34847,2022-01-12,Yes,SMS,Community Event,$75K-$99K
C006096,CL001,Mia Nguyen,Orlando,FL,34013,2020-04-29,Yes,SMS,Social Media,<$50K
C006097,CL010,Evelyn Vilaihong,Newberry,FL,32086,2022-08-01,Yes,SMS,Walk-In,$150K+
C006098,CL001,Lucas Rivera,Boca Raton,FL,34744,2023-08-03,Yes,Email,Existing Client,$50K-$74K
C006099,CL001,Nick Lee,Lake City,FL,32723,2022-04-17,Yes,SMS,Google Search,$50K-$74K
C006100,CL003,Charlotte Lewis,Miami,FL,32674,2023-11-12,Yes,SMS,Existing Client,$50K-$74K
C006101,CL007,Mateo King,Fort Myers,FL,34226,2022-10-01,Yes,Email,Social Media,<$50K
C006102,CL008,Liam Brown,Alachua,FL,33771,2021-05-27,No,SMS,Social Media,$100K-$149K
C006103,CL011,Ryan Adams,Clearwater,FL,34669,2018-12-19,Yes,SMS,Google Search,$50K-$74K
C006104,CL003,Luna Roberts,Tallahassee,FL,33337,2022-02-24,No,Phone,Walk-In,$75K-$99K
C006105,CL003,Elijah Lopez,Clearwater,FL,32741,2022-05-13,No,SMS,Google Search,$100K-$149K
C006106,CL001,Mason Young,Ocala,FL,34350,2023-07-06,Yes,SMS,Existing Client,$150K+
C006107,CL006,Lauren Thompson,Ocala,FL,33587,2018-08-31,Yes,SMS,Walk-In,<$50K
C006108,CL008,Amelia Lewis,Jacksonville,FL,32576,2020-10-16,No,Email,Social Media,$75K-$99K
C006109,CL009,Robert Moore,Jacksonville,FL,34880,2018-02-09,No,SMS,Existing Client,$150K+
C006110,CL010,Sophia Hill,Delray Beach,FL,32290,2022-11-28,Yes,Phone,Existing Client,<$50K
C006111,CL011,Olivia Roberts,Lakeland,FL,33134,2021-03-12,Yes,SMS,Google Search,$50K-$74K
C006112,CL011,Lauren Anderson,Tampa,FL,32250,2019-11-30,Yes,SMS,Existing Client,$75K-$99K
C006113,CL001,Noah Hall,Orlando,FL,32936,2019-04-07,Yes,SMS,Community Event,$50K-$74K
C006114,CL002,Robert Johnson,Alachua,FL,34556,2018-11-05,Yes,SMS,Google Search,$75K-$99K
C006115,CL007,Amelia Young,Jacksonville,FL,32312,2021-04-01,No,Email,Referral,$150K+
C006116,CL010,Ethan Thompson,Naples,FL,32576,2021-10-13,Yes,SMS,Google Search,$150K+
C006117,CL002,Emma Green,Sarasota,FL,34049,2022-09-08,No,SMS,Existing Client,$75K-$99K
C006118,CL004,David Mitchell,Jacksonville,FL,33703,2019-07-21,No,SMS,Walk-In,$100K-$149K
C006119,CL001,Emily Taylor,Naples,FL,33547,2018-11-11,Yes,Phone,Referral,$75K-$99K
C006120,CL009,Jackson Johnson,Naples,FL,33133,2021-07-09,Yes,SMS,Community Event,$100K-$149K
C006121,CL005,Liam Nelson,Ocala,FL,32674,2021-10-07,No,SMS,Google Search,$150K+
C006122,CL006,Henry Hernandez,Tampa,FL,32948,2018-10-14,Yes,Phone,Social Media,$75K-$99K
C006123,CL012,David Ramirez,Alachua,FL,32785,2020-06-14,Yes,Phone,Social Media,<$50K
C006124,CL012,Jack Roberts,Gainesville,FL,33417,2022-10-14,Yes,SMS,Walk-In,$100K-$149K
C006125,CL011,Michael Smith,Newberry,FL,33104,2021-08-24,No,SMS,Community Event,$50K-$74K
C006126,CL005,Mateo Martin,Delray Beach,FL,32524,2018-05-17,Yes,SMS,Walk-In,$150K+
C006127,CL003,Kevin Miller,Sarasota,FL,32693,2019-07-14,No,Email,Walk-In,$75K-$99K
C006128,CL009,Lauren Scott,Naples,FL,32897,2021-10-18,Yes,SMS,Social Media,$100K-$149K
C006129,CL012,Amelia Lee,St. Petersburg,FL,33864,2023-08-13,Yes,SMS,Social Media,$150K+
C006130,CL010,Amanda Robinson,Orlando,FL,34078,2021-01-25,No,Email,Referral,$150K+
C006131,CL010,Charlotte Martinez,Fort Myers,FL,32573,2020-06-27,No,SMS,Google Search,$150K+
C006132,CL008,Mia Gonzalez,Boca Raton,FL,34782,2019-04-15,Yes,Email,Existing Client,<$50K
C006133,CL005,Emily Scott,Tallahassee,FL,32609,2022-06-05,Yes,SMS,Social Media,<$50K
C006134,CL004,Lucas Campbell,Palm Coast,FL,33794,2018-10-24,No,Email,Community Event,$75K-$99K
C006135,CL004,Megan Hall,Miami,FL,33622,2023-05-25,Yes,SMS,Existing Client,$50K-$74K
C006136,CL009,Mason Gonzalez,Delray Beach,FL,34402,2023-11-21,No,Email,Social Media,$50K-$74K
C006137,CL002,David Robinson,Tallahassee,FL,34790,2021-09-26,Yes,SMS,Referral,$75K-$99K
C006138,CL004,Nick Ramirez,Gainesville,FL,33554,2020-12-02,No,SMS,Social Media,$100K-$149K
C006139,CL001,Megan Mitchell,Orlando,FL,32147,2021-08-24,No,SMS,Referral,$100K-$149K
C006140,CL011,Michael Jackson,Ocala,FL,32730,2018-04-10,Yes,SMS,Existing Client,$100K-$149K
C006141,CL001,Liam Campbell,Naples,FL,32287,2022-07-25,Yes,Phone,Referral,$50K-$74K
C006142,CL005,Evelyn Davis,Lake City,FL,33224,2020-08-30,Yes,Email,Walk-In,<$50K
C006143,CL010,Henry Baker,Lake City,FL,32922,2020-10-17,Yes,Phone,Community Event,$50K-$74K
C006144,CL003,Luna Carter,Boca Raton,FL,33900,2020-07-31,No,Phone,Existing Client,$150K+
C006145,CL010,Jason Davis,Fort Myers,FL,34715,2022-12-08,Yes,Phone,Social Media,$50K-$74K
C006146,CL003,Luna Torres,Tallahassee,FL,34042,2022-12-23,Yes,SMS,Community Event,<$50K
C006147,CL009,Robert Walker,Pensacola,FL,34317,2022-07-16,Yes,Phone,Community Event,$100K-$149K
C006148,CL012,Lucas Hernandez,Tallahassee,FL,34879,2018-03-07,Yes,SMS,Social Media,$75K-$99K
C006149,CL005,Amelia King,Naples,FL,34724,2018-09-27,No,SMS,Community Event,$75K-$99K
C006150,CL011,Isabella Miller,Ocala,FL,33648,2021-05-02,Yes,SMS,Social Media,$75K-$99K
C006151,CL006,Audrey Wilson,Palm Coast,FL,34396,2018-11-05,Yes,Phone,Community Event,$100K-$149K
C006152,CL012,Evelyn Sanchez,Pensacola,FL,34657,2021-03-09,Yes,SMS,Referral,$100K-$149K
C006153,CL011,Charlotte Scott,St. Petersburg,FL,33275,2020-01-30,Yes,SMS,Social Media,<$50K
C006154,CL006,Sofia Allen,Palm Coast,FL,33894,2018-04-05,Yes,Phone,Social Media,$150K+
C006155,CL012,Jason Clark,Newberry,FL,32523,2018-03-20,Yes,Email,Social Media,<$50K
C006156,CL005,Nick Hall,Orlando,FL,33924,2018-12-04,No,Phone,Existing Client,$100K-$149K
C006157,CL003,Liam Hall,Newberry,FL,33589,2023-07-14,Yes,Phone,Social Media,$100K-$149K
C006158,CL008,Amelia Sanchez,Clearwater,FL,32599,2020-04-10,No,SMS,Referral,<$50K
C006159,CL006,Charlotte Wright,Ocala,FL,34812,2022-02-02,Yes,Email,Google Search,$150K+
C006160,CL006,Ella Moore,Pensacola,FL,33069,2021-08-25,No,Phone,Google Search,$100K-$149K
C006161,CL009,Ella Hall,Tampa,FL,34087,2021-12-29,Yes,Phone,Walk-In,$100K-$149K
C006162,CL008,Henry Perez,Pensacola,FL,33080,2018-06-19,No,SMS,Existing Client,$150K+
C006163,CL006,Amelia Roberts,Ocala,FL,33766,2022-12-26,Yes,SMS,Referral,$50K-$74K
C006164,CL010,Camila Scott,Delray Beach,FL,34916,2018-02-05,Yes,SMS,Social Media,$100K-$149K
C006165,CL008,Amanda Scott,Orlando,FL,33944,2019-09-02,No,Phone,Google Search,$100K-$149K
C006166,CL007,Nick Martinez,Naples,FL,32563,2018-01-01,Yes,SMS,Google Search,$100K-$149K
C006167,CL010,Ryan Davis,Tampa,FL,33195,2023-12-26,No,SMS,Walk-In,$50K-$74K
C006168,CL002,Emily Rodriguez,Newberry,FL,34815,2020-09-25,Yes,SMS,Existing Client,$150K+
C006169,CL011,Lauren Mitchell,Jacksonville,FL,34879,2023-12-23,Yes,SMS,Google Search,<$50K
C006170,CL003,Evelyn Hill,Jacksonville,FL,33989,2020-06-14,Yes,Phone,Community Event,$100K-$149K
C006171,CL007,Charlotte Adams,Naples,FL,33614,2019-07-31,Yes,Phone,Walk-In,$150K+
C006172,CL011,Olivia Baker,Clearwater,FL,34231,2018-07-05,Yes,Phone,Walk-In,$50K-$74K
C006173,CL010,Ashley Jackson,Alachua,FL,32612,2020-04-18,Yes,SMS,Google Search,$50K-$74K
C006174,CL007,Jack Hall,Boca Raton,FL,32007,2021-03-01,Yes,Email,Community Event,$150K+
C006175,CL010,Chloe Gonzalez,Boca Raton,FL,32661,2023-02-15,No,Email,Referral,$75K-$99K
C006176,CL008,Ryan Lopez,Lake City,FL,34012,2021-08-07,Yes,SMS,Walk-In,$75K-$99K
C006177,CL002,Mia Jones,Tampa,FL,34580,2023-10-21,Yes,Email,Referral,$150K+
C006178,CL012,Harper Carter,Palm Coast,FL,33865,2022-09-14,Yes,SMS,Existing Client,<$50K
C006179,CL006,Robert Mitchell,Alachua,FL,34480,2020-08-09,Yes,Email,Referral,$100K-$149K
C006180,CL002,David Jackson,Jacksonville,FL,34768,2021-10-16,Yes,Phone,Referral,$150K+
C006181,CL002,Ashley Baker,Ocala,FL,33695,2018-02-24,Yes,SMS,Social Media,<$50K
C006182,CL001,Ashley Smith,Tallahassee,FL,32821,2018-06-26,No,SMS,Referral,$75K-$99K
C006183,CL011,Logan Sanchez,Boca Raton,FL,32484,2019-05-12,Yes,Phone,Walk-In,$150K+
C006184,CL009,Luna Ramirez,Lake City,FL,32452,2023-09-16,Yes,Email,Existing Client,$50K-$74K
C006185,CL003,Jason Lee,Delray Beach,FL,32720,2023-02-13,No,SMS,Google Search,$100K-$149K
C006186,CL004,Logan Clark,Tallahassee,FL,33430,2019-08-05,No,Phone,Community Event,$100K-$149K
C006187,CL007,James Clark,Delray Beach,FL,34362,2020-05-04,No,SMS,Social Media,$50K-$74K
C006188,CL001,Jason Gonzalez,Alachua,FL,32655,2023-06-09,Yes,Phone,Social Media,$150K+
C006189,CL002,Jason Hernandez,Miami,FL,34872,2021-08-05,Yes,SMS,Google Search,$100K-$149K
C006190,CL007,Olivia Hernandez,Gainesville,FL,32208,2019-06-20,Yes,Phone,Google Search,$100K-$149K
C006191,CL009,Sophia Hall,Lake City,FL,33440,2018-12-31,No,Phone,Social Media,<$50K
C006192,CL010,Megan Scott,Tallahassee,FL,33493,2018-10-11,Yes,SMS,Walk-In,$150K+
C006193,CL003,Amanda Adams,Boca Raton,FL,32564,2020-11-11,Yes,Email,Google Search,$75K-$99K
C006194,CL002,Olivia Carter,Alachua,FL,33105,2021-08-27,No,SMS,Walk-In,$100K-$149K
C006195,CL009,Ryan Campbell,Ocala,FL,33080,2023-07-22,No,Email,Referral,$150K+
C006196,CL001,Harper Hall,St. Petersburg,FL,32528,2020-12-08,Yes,Email,Existing Client,<$50K
C006197,CL001,Chloe Lewis,Tallahassee,FL,33949,2019-12-27,Yes,Phone,Community Event,$75K-$99K
C006198,CL004,James Lopez,Gainesville,FL,33944,2019-04-20,Yes,Email,Google Search,$50K-$74K
C006199,CL008,Ethan Nelson,Alachua,FL,34113,2020-10-23,Yes,Email,Community Event,$100K-$149K
C006200,CL002,Camila Williams,Orlando,FL,34480,2018-04-19,No,SMS,Referral,$150K+
C006201,CL001,Ethan Hill,Boca Raton,FL,34940,2020-10-05,Yes,Phone,Existing Client,$75K-$99K
C006202,CL005,Benjamin Anderson,Lakeland,FL,34865,2018-07-05,No,SMS,Community Event,$100K-$149K
C006203,CL001,Kevin Anderson,Fort Myers,FL,33636,2020-06-27,Yes,Email,Community Event,$75K-$99K
C006204,CL012,Jack Brown,Pensacola,FL,33151,2018-07-19,Yes,Email,Community Event,$150K+
C006205,CL005,Amanda Moore,Palm Coast,FL,34630,2023-07-12,Yes,SMS,Walk-In,<$50K
C006206,CL003,Olivia Anderson,Orlando,FL,32906,2022-01-20,No,Phone,Social Media,$50K-$74K
C006207,CL003,Henry Sanchez,Naples,FL,34293,2023-07-26,No,SMS,Walk-In,$150K+
C006208,CL007,Charlotte Roberts,Clearwater,FL,33848,2018-12-07,Yes,SMS,Referral,$100K-$149K
C006209,CL002,Emma Torres,Gainesville,FL,32103,2021-06-26,No,Phone,Walk-In,$150K+
C006210,CL010,Audrey Sanchez,Lake City,FL,33071,2018-02-18,Yes,SMS,Social Media,$50K-$74K
C006211,CL011,David Hall,Fort Myers,FL,34651,2021-09-13,Yes,SMS,Referral,$50K-$74K
C006212,CL008,Daniel Martinez,Naples,FL,34665,2022-11-08,Yes,Phone,Google Search,$50K-$74K
C006213,CL003,Chloe Martinez,Alachua,FL,34125,2020-08-21,Yes,SMS,Community Event,$100K-$149K
C006214,CL006,Nick Sanchez,Palm Coast,FL,32286,2022-01-12,No,SMS,Walk-In,$100K-$149K
C006215,CL010,Jessica Harris,Newberry,FL,33942,2023-09-01,Yes,Phone,Google Search,$100K-$149K
C006216,CL011,Ava Garcia,Sarasota,FL,32794,2023-12-14,No,Phone,Community Event,$50K-$74K
C006217,CL011,Camila Martin,Gainesville,FL,32905,2020-11-07,Yes,SMS,Google Search,$75K-$99K
C006218,CL008,Lucas Martinez,St. Petersburg,FL,33737,2019-08-04,No,Phone,Social Media,$50K-$74K
C006219,CL006,Kevin Hernandez,Ocala,FL,34396,2020-02-18,No,SMS,Community Event,$150K+
C006220,CL004,Henry Vilaihong,Tampa,FL,33724,2021-05-30,No,Phone,Existing Client,$75K-$99K
C006221,CL005,Jack Hernandez,Sarasota,FL,33906,2023-05-03,Yes,SMS,Social Media,<$50K
C006222,CL008,Harper Rivera,Gainesville,FL,34737,2020-08-31,Yes,SMS,Social Media,$75K-$99K
C006223,CL005,Ryan Davis,Newberry,FL,32864,2021-04-06,No,SMS,Walk-In,$50K-$74K
C006224,CL008,Mateo Brown,Tallahassee,FL,32723,2022-07-15,Yes,Email,Existing Client,$150K+
C006225,CL002,Isabella Flores,Gainesville,FL,33217,2023-09-10,Yes,Phone,Existing Client,$100K-$149K
C006226,CL005,Robert Wright,St. Petersburg,FL,33301,2018-05-28,No,Phone,Community Event,$50K-$74K
C006227,CL005,Rachel Jones,Pensacola,FL,33039,2021-05-08,No,SMS,Google Search,$50K-$74K
C006228,CL012,Camila Green,Delray Beach,FL,34497,2020-09-18,Yes,SMS,Existing Client,<$50K
C006229,CL005,Robert Miller,Tallahassee,FL,32206,2021-08-25,Yes,Phone,Walk-In,$75K-$99K
C006230,CL003,Mia Perez,Ocala,FL,33787,2021-09-26,No,SMS,Existing Client,<$50K
C006231,CL008,Elijah Smith,Newberry,FL,34474,2023-06-02,Yes,SMS,Walk-In,$75K-$99K
C006232,CL003,Logan Robinson,Delray Beach,FL,34899,2022-08-22,No,SMS,Social Media,$75K-$99K
C006233,CL008,Benjamin Taylor,Pensacola,FL,33372,2021-12-12,No,Email,Existing Client,$150K+
C006234,CL010,Nick Nelson,Ocala,FL,32328,2020-04-29,No,SMS,Google Search,$50K-$74K
C006235,CL003,Jackson Hill,Ocala,FL,33029,2018-08-27,No,Email,Existing Client,$50K-$74K
C006236,CL005,Logan Hernandez,Lakeland,FL,33999,2022-09-13,Yes,Phone,Walk-In,<$50K
C006237,CL002,Ava White,Miami,FL,34948,2021-12-19,Yes,Phone,Referral,$50K-$74K
C006238,CL012,Jackson Rodriguez,Pensacola,FL,33597,2020-12-08,Yes,Phone,Walk-In,$100K-$149K
C006239,CL005,Kevin Gonzalez,Lakeland,FL,33679,2018-07-31,Yes,Phone,Google Search,$100K-$149K
C006240,CL008,James Hall,Clearwater,FL,32340,2019-01-04,No,Email,Walk-In,$100K-$149K
C006241,CL002,Robert Baker,Sarasota,FL,34251,2021-02-12,No,Email,Existing Client,$100K-$149K
C006242,CL002,James Roberts,Orlando,FL,34925,2022-06-06,Yes,SMS,Existing Client,$150K+
C006243,CL009,Ethan White,Boca Raton,FL,33797,2021-08-02,Yes,SMS,Google Search,$100K-$149K
C006244,CL010,Ryan Sanchez,Sarasota,FL,33613,2021-01-26,Yes,SMS,Google Search,$75K-$99K
C006245,CL008,Sophia Campbell,Miami,FL,34311,2020-01-03,Yes,Phone,Community Event,$150K+
C006246,CL004,Logan Hall,St. Petersburg,FL,32533,2020-06-23,Yes,Email,Community Event,<$50K
C006247,CL010,Olivia Green,Boca Raton,FL,34827,2020-07-01,Yes,SMS,Walk-In,$100K-$149K
C006248,CL004,Lucas Adams,Gainesville,FL,34731,2021-10-14,Yes,Email,Existing Client,<$50K
C006249,CL004,Amanda Walker,Lakeland,FL,33749,2018-12-22,No,Phone,Google Search,$100K-$149K
C006250,CL011,Jack Martin,Lake City,FL,33185,2021-01-30,No,SMS,Google Search,$150K+
C006251,CL012,Rachel Smith,Delray Beach,FL,33996,2019-10-17,Yes,Email,Walk-In,<$50K
C006252,CL012,Megan Campbell,Jacksonville,FL,33642,2020-07-01,Yes,SMS,Walk-In,$75K-$99K
C006253,CL007,Ashley Hall,Alachua,FL,34391,2019-11-28,No,SMS,Existing Client,$75K-$99K
C006254,CL003,Jessica Thompson,Newberry,FL,33748,2022-12-14,Yes,Phone,Walk-In,<$50K
C006255,CL004,Rachel Wilson,Gainesville,FL,33446,2019-01-14,No,SMS,Google Search,$100K-$149K
C006256,CL005,James Roberts,Alachua,FL,32175,2021-11-01,Yes,SMS,Google Search,$100K-$149K
C006257,CL012,Michael Taylor,Delray Beach,FL,34312,2021-04-20,Yes,SMS,Referral,$150K+
C006258,CL010,Grace Baker,Lakeland,FL,34217,2021-10-09,Yes,SMS,Community Event,<$50K
C006259,CL010,Kevin Baker,Orlando,FL,33294,2019-04-25,Yes,SMS,Google Search,<$50K
C006260,CL010,Mateo Moore,Alachua,FL,33869,2023-08-02,No,SMS,Google Search,$50K-$74K
C006261,CL006,Lauren Williams,Tallahassee,FL,32811,2021-08-19,No,Email,Social Media,$150K+
C006262,CL008,Ella Thompson,Fort Myers,FL,34224,2018-10-04,Yes,Phone,Walk-In,<$50K
C006263,CL007,Luna Baker,Lake City,FL,34732,2023-04-23,No,SMS,Existing Client,$50K-$74K
C006264,CL004,Chloe Ramirez,Orlando,FL,32878,2021-10-02,No,SMS,Walk-In,$75K-$99K
C006265,CL002,Sarah Miller,Naples,FL,33648,2022-04-12,No,SMS,Walk-In,$75K-$99K
C006266,CL005,Emma Thompson,Fort Myers,FL,32603,2019-03-18,Yes,Email,Referral,$150K+
C006267,CL011,Harper Thompson,Alachua,FL,34580,2022-02-20,Yes,Phone,Social Media,$75K-$99K
C006268,CL002,Ryan Moore,Lake City,FL,33538,2019-09-06,Yes,Email,Google Search,<$50K
C006269,CL002,Nick Baker,Delray Beach,FL,34364,2020-07-03,No,Email,Walk-In,$100K-$149K
C006270,CL009,Lauren Garcia,Pensacola,FL,33076,2018-11-25,Yes,Email,Walk-In,$150K+
C006271,CL004,Emma Carter,Tallahassee,FL,34472,2021-07-29,Yes,Email,Community Event,$150K+
C006272,CL008,Camila Perez,Sarasota,FL,32300,2020-03-08,No,Phone,Google Search,$150K+
C006273,CL010,Ashley Williams,Naples,FL,32056,2022-08-03,Yes,SMS,Google Search,$75K-$99K
C006274,CL011,Evelyn Sanchez,Ocala,FL,32407,2023-08-13,No,Phone,Social Media,<$50K
C006275,CL008,Logan Scott,Ocala,FL,32193,2022-07-16,No,Phone,Walk-In,$100K-$149K
C006276,CL008,Noah Vilaihong,Jacksonville,FL,34600,2023-12-20,No,Phone,Social Media,$100K-$149K
C006277,CL008,Amanda Anderson,Boca Raton,FL,34650,2023-05-26,No,SMS,Referral,$75K-$99K
C006278,CL012,Mateo Thomas,Tampa,FL,33912,2022-01-14,Yes,SMS,Google Search,<$50K
C006279,CL002,Jessica Walker,Tallahassee,FL,33481,2021-06-12,Yes,SMS,Referral,$150K+
C006280,CL006,Charlotte Lewis,Palm Coast,FL,32088,2017-12-25,Yes,SMS,Community Event,$100K-$149K
C006281,CL006,Elijah Martin,Jacksonville,FL,34279,2018-06-26,Yes,SMS,Existing Client,$50K-$74K
C006282,CL002,Sarah Allen,Palm Coast,FL,32733,2018-08-05,Yes,Phone,Google Search,$100K-$149K
C006283,CL007,Sophia Hernandez,Palm Coast,FL,34564,2023-01-26,Yes,SMS,Walk-In,$50K-$74K
C006284,CL005,Nick Walker,Clearwater,FL,34326,2020-02-22,Yes,Phone,Community Event,$150K+
C006285,CL003,Logan Lewis,Ocala,FL,34056,2020-09-10,No,Email,Google Search,$150K+
C006286,CL011,Jack Ramirez,Naples,FL,32915,2018-08-02,Yes,SMS,Existing Client,$50K-$74K
C006287,CL005,Lucas Jones,Tallahassee,FL,33880,2018-09-21,No,SMS,Walk-In,$50K-$74K
C006288,CL001,Jessica Hall,Tallahassee,FL,33548,2019-04-27,Yes,SMS,Walk-In,<$50K
C006289,CL005,Lauren Martinez,Pensacola,FL,33221,2023-05-17,No,SMS,Existing Client,$75K-$99K
C006290,CL010,Elijah Wilson,Ocala,FL,33708,2020-04-04,No,SMS,Referral,$75K-$99K
C006291,CL010,Ethan Sanchez,Clearwater,FL,33174,2019-04-18,Yes,Email,Community Event,$150K+
C006292,CL011,Grace Ramirez,St. Petersburg,FL,34717,2022-12-26,No,Phone,Social Media,<$50K
C006293,CL001,Amelia Adams,Palm Coast,FL,33207,2021-01-11,Yes,Email,Referral,$50K-$74K
C006294,CL005,Charlotte Smith,Sarasota,FL,34204,2021-08-04,No,SMS,Referral,$75K-$99K
C006295,CL010,Jessica Lewis,Sarasota,FL,33524,2023-03-26,Yes,Phone,Google Search,<$50K
C006296,CL011,Amelia Garcia,Boca Raton,FL,33086,2019-01-11,Yes,Email,Social Media,$100K-$149K
C006297,CL011,Megan Moore,Orlando,FL,32131,2020-07-11,Yes,SMS,Referral,<$50K
C006298,CL012,Elijah Walker,Sarasota,FL,33067,2020-05-08,Yes,SMS,Social Media,$150K+
C006299,CL008,Evelyn Anderson,Jacksonville,FL,33575,2022-05-24,Yes,SMS,Social Media,<$50K
C006300,CL012,Ella Torres,Ocala,FL,33147,2023-12-20,No,Phone,Existing Client,$150K+
C006301,CL001,Nick Williams,Alachua,FL,33399,2022-05-01,No,Email,Referral,$100K-$149K
C006302,CL011,Luna Hall,Delray Beach,FL,34914,2019-05-09,Yes,Phone,Referral,$50K-$74K
C006303,CL010,Daniel King,Gainesville,FL,33323,2018-10-19,Yes,SMS,Social Media,$75K-$99K
C006304,CL007,Harper Robinson,Newberry,FL,32328,2023-07-12,No,Phone,Social Media,$75K-$99K
C006305,CL004,Henry Roberts,Clearwater,FL,33850,2018-05-12,Yes,Email,Walk-In,$150K+
C006306,CL002,Jackson Harris,Ocala,FL,34103,2021-09-23,No,SMS,Google Search,$100K-$149K
C006307,CL008,Audrey Adams,Tallahassee,FL,32617,2023-11-04,Yes,SMS,Community Event,$100K-$149K
C006308,CL003,Robert Moore,Pensacola,FL,33709,2022-10-27,Yes,SMS,Referral,$50K-$74K
C006309,CL005,Sophia Thomas,Miami,FL,32248,2022-07-13,No,Email,Community Event,<$50K
C006310,CL005,Charlotte Thomas,Sarasota,FL,33991,2021-04-04,Yes,Phone,Google Search,$50K-$74K
C006311,CL009,Ethan Thompson,Fort Myers,FL,33290,2022-03-04,Yes,SMS,Walk-In,$75K-$99K
C006312,CL008,David Anderson,Newberry,FL,33291,2021-06-02,Yes,Email,Referral,$150K+
C006313,CL001,Jessica Green,Sarasota,FL,33250,2021-07-09,No,SMS,Community Event,$50K-$74K
C006314,CL008,Amanda Hernandez,Alachua,FL,34970,2020-12-12,No,SMS,Walk-In,$100K-$149K
C006315,CL005,Amelia Johnson,St. Petersburg,FL,34174,2020-02-24,Yes,SMS,Community Event,$50K-$74K
C006316,CL010,Ashley Allen,Pensacola,FL,33990,2022-09-03,No,Phone,Referral,$50K-$74K
C006317,CL001,Robert Jackson,Alachua,FL,34424,2020-10-28,Yes,SMS,Referral,$150K+
C006318,CL005,Camila Hill,Clearwater,FL,32353,2019-05-17,Yes,SMS,Walk-In,<$50K
C006319,CL003,Camila Miller,Naples,FL,33647,2020-11-26,Yes,SMS,Referral,<$50K
C006320,CL002,Ashley Anderson,Clearwater,FL,32838,2023-06-02,Yes,Email,Referral,$100K-$149K
C006321,CL004,Amelia Hall,Sarasota,FL,34877,2021-04-07,Yes,Phone,Existing Client,$75K-$99K
C006322,CL003,Logan Brown,Sarasota,FL,34978,2018-10-01,Yes,Email,Walk-In,$75K-$99K
C006323,CL009,Grace Torres,Gainesville,FL,33329,2022-04-05,No,Email,Referral,$150K+
C006324,CL003,Ashley Wright,Delray Beach,FL,32118,2018-12-06,No,Phone,Walk-In,$150K+
C006325,CL006,Benjamin Flores,Tallahassee,FL,33945,2019-03-29,Yes,Email,Social Media,$150K+
C006326,CL006,Ava Jones,Jacksonville,FL,33075,2021-12-07,Yes,Email,Existing Client,$100K-$149K
C006327,CL001,Benjamin Vilaihong,Sarasota,FL,32605,2020-01-04,Yes,SMS,Google Search,$100K-$149K
C006328,CL002,Camila White,Boca Raton,FL,33867,2020-10-12,No,Phone,Google Search,<$50K
C006329,CL006,James Smith,Jacksonville,FL,33728,2020-12-08,Yes,Email,Walk-In,$100K-$149K
C006330,CL004,Henry Clark,Ocala,FL,34719,2023-05-15,No,Phone,Community Event,$150K+
C006331,CL008,Jack Campbell,Clearwater,FL,32544,2019-07-04,No,Email,Existing Client,$150K+
C006332,CL002,Daniel Walker,Lakeland,FL,32975,2018-08-04,Yes,Email,Community Event,<$50K
C006333,CL008,Grace Martinez,Pensacola,FL,33444,2022-05-01,No,Email,Referral,<$50K
C006334,CL008,Michael Williams,Naples,FL,33038,2019-03-06,Yes,SMS,Walk-In,$150K+
C006335,CL003,Audrey Moore,Jacksonville,FL,32723,2023-05-26,Yes,Phone,Referral,<$50K
C006336,CL001,Rachel Perez,St. Petersburg,FL,33949,2019-04-11,Yes,Email,Referral,$50K-$74K
C006337,CL005,David Hill,Ocala,FL,33632,2019-09-24,Yes,SMS,Walk-In,$75K-$99K
C006338,CL003,Jack Moore,Alachua,FL,33077,2018-11-17,No,SMS,Walk-In,$50K-$74K
C006339,CL006,Lauren Martinez,Gainesville,FL,32081,2021-05-07,Yes,SMS,Referral,$150K+
C006340,CL005,Ella Carter,Tampa,FL,33219,2020-06-13,Yes,SMS,Existing Client,$75K-$99K
C006341,CL008,Kevin Moore,Lakeland,FL,34985,2022-12-25,No,SMS,Community Event,<$50K
C006342,CL001,Rachel Hernandez,Gainesville,FL,32233,2019-04-03,Yes,SMS,Community Event,$75K-$99K
C006343,CL005,Grace Perez,Palm Coast,FL,33963,2023-07-05,Yes,Phone,Google Search,<$50K
C006344,CL004,Jack Perez,Lake City,FL,32405,2019-07-21,Yes,Phone,Walk-In,$50K-$74K
C006345,CL002,Daniel Lee,Tallahassee,FL,33950,2018-05-21,Yes,Email,Walk-In,$50K-$74K
C006346,CL012,Audrey Green,Pensacola,FL,33416,2021-12-15,Yes,SMS,Community Event,<$50K
C006347,CL005,Emily King,Boca Raton,FL,32735,2018-09-08,Yes,SMS,Google Search,<$50K
C006348,CL001,Mateo Hill,Jacksonville,FL,33932,2023-12-01,Yes,Email,Community Event,<$50K
C006349,CL009,Jack Hall,Lakeland,FL,33013,2018-07-19,Yes,SMS,Referral,<$50K
C006350,CL003,Olivia Robinson,Ocala,FL,32838,2018-06-30,Yes,Email,Existing Client,<$50K
C006351,CL007,Rachel Nguyen,Gainesville,FL,33514,2023-05-03,No,SMS,Social Media,$100K-$149K
C006352,CL011,Benjamin Lopez,Newberry,FL,32808,2018-11-07,No,SMS,Google Search,$100K-$149K
C006353,CL006,Robert Nelson,Tallahassee,FL,32844,2018-10-22,No,SMS,Community Event,$50K-$74K
C006354,CL008,Daniel Green,Pensacola,FL,34302,2018-03-20,Yes,Phone,Referral,$50K-$74K
C006355,CL002,Amelia White,Alachua,FL,32589,2023-09-18,Yes,Email,Community Event,$100K-$149K
C006356,CL006,Kevin Flores,Boca Raton,FL,34715,2019-12-12,No,SMS,Social Media,$150K+
C006357,CL003,Liam Clark,Newberry,FL,34099,2018-04-16,Yes,Email,Social Media,$50K-$74K
C006358,CL012,Harper Jones,Alachua,FL,34903,2023-12-10,Yes,SMS,Existing Client,$100K-$149K
C006359,CL008,Amelia Smith,Lake City,FL,32919,2019-08-19,Yes,Email,Existing Client,$50K-$74K
C006360,CL004,Logan Nguyen,Newberry,FL,34479,2020-09-18,No,Phone,Community Event,$150K+
C006361,CL008,Charlotte Rivera,Fort Myers,FL,34495,2018-01-09,Yes,Email,Existing Client,<$50K
C006362,CL012,Emily Lopez,Lake City,FL,32034,2018-02-23,No,Phone,Community Event,$50K-$74K
C006363,CL003,Ashley Rivera,Tampa,FL,34099,2018-05-15,No,Phone,Community Event,$150K+
C006364,CL005,Nick Brown,Tallahassee,FL,33671,2023-06-07,Yes,Phone,Community Event,<$50K
C006365,CL011,Henry Moore,St. Petersburg,FL,32829,2023-12-09,Yes,Email,Existing Client,$150K+
C006366,CL010,Ryan Davis,Delray Beach,FL,32226,2021-02-23,Yes,Email,Existing Client,<$50K
C006367,CL011,Henry Gonzalez,Clearwater,FL,33900,2022-04-23,Yes,SMS,Walk-In,$100K-$149K
C006368,CL006,Mia Campbell,Jacksonville,FL,34681,2022-03-31,Yes,SMS,Referral,$150K+
C006369,CL005,Isabella Hill,Pensacola,FL,32964,2021-02-23,No,Email,Walk-In,<$50K
C006370,CL011,Ethan Rivera,Naples,FL,32018,2018-06-06,Yes,SMS,Social Media,$100K-$149K
C006371,CL012,Jack Martinez,Miami,FL,34428,2020-05-27,No,SMS,Community Event,$50K-$74K
C006372,CL008,Rachel Nguyen,Orlando,FL,33267,2018-01-16,Yes,Email,Community Event,$150K+
C006373,CL003,David Wright,Sarasota,FL,33206,2021-10-13,No,SMS,Existing Client,$150K+
C006374,CL011,David Rodriguez,Tampa,FL,32708,2023-02-16,Yes,SMS,Google Search,$75K-$99K
C006375,CL002,David Hill,Pensacola,FL,32831,2021-04-21,No,Email,Referral,$75K-$99K
C006376,CL005,Sofia Harris,Gainesville,FL,33906,2023-06-02,No,SMS,Walk-In,$150K+
C006377,CL003,Mia Johnson,Tallahassee,FL,34644,2020-04-29,Yes,SMS,Existing Client,$100K-$149K
C006378,CL006,Liam Perez,Pensacola,FL,34339,2018-03-03,No,Email,Social Media,<$50K
C006379,CL008,Noah Hernandez,Sarasota,FL,33216,2020-04-06,Yes,Phone,Referral,<$50K
C006380,CL001,Amelia Vilaihong,Fort Myers,FL,33185,2023-10-15,Yes,SMS,Social Media,$150K+
C006381,CL007,Ashley Jones,Tallahassee,FL,33329,2020-07-28,Yes,Email,Walk-In,$50K-$74K
C006382,CL003,Sofia Torres,St. Petersburg,FL,34468,2020-07-15,Yes,SMS,Social Media,<$50K
C006383,CL009,Logan Lewis,Palm Coast,FL,34508,2021-06-01,Yes,SMS,Referral,$75K-$99K
C006384,CL012,Henry Hill,Miami,FL,34478,2020-02-28,Yes,Email,Walk-In,$150K+
C006385,CL002,James Lopez,Tallahassee,FL,34804,2020-11-10,No,Phone,Community Event,$50K-$74K
C006386,CL002,Noah Campbell,Miami,FL,34667,2020-11-02,No,Phone,Walk-In,$75K-$99K
C006387,CL011,Lucas Nguyen,Clearwater,FL,33303,2021-01-26,No,Phone,Social Media,$100K-$149K
C006388,CL009,Audrey Campbell,Newberry,FL,32485,2018-11-18,Yes,Phone,Community Event,$50K-$74K
C006389,CL009,Logan Jackson,Sarasota,FL,33703,2019-03-29,Yes,Phone,Walk-In,$150K+
C006390,CL003,Ashley White,Miami,FL,33395,2021-12-01,Yes,Phone,Existing Client,$75K-$99K
C006391,CL008,Emily Gonzalez,St. Petersburg,FL,34802,2019-05-24,Yes,Email,Existing Client,$100K-$149K
C006392,CL011,Jack Perez,Lakeland,FL,32703,2018-08-10,No,SMS,Existing Client,$150K+
C006393,CL007,Jessica Scott,Miami,FL,34680,2021-12-23,No,SMS,Referral,$100K-$149K
C006394,CL008,Amanda Robinson,Jacksonville,FL,32677,2019-12-21,No,SMS,Google Search,<$50K
C006395,CL008,Liam Taylor,Fort Myers,FL,34712,2020-11-03,Yes,SMS,Walk-In,$50K-$74K
C006396,CL007,Michael Miller,Lakeland,FL,33242,2022-06-18,Yes,SMS,Referral,$75K-$99K
C006397,CL012,Jack Lopez,Naples,FL,32005,2021-05-24,Yes,SMS,Referral,$150K+
C006398,CL009,Harper Walker,Fort Myers,FL,33344,2022-04-06,No,Email,Google Search,$100K-$149K
C006399,CL006,James Flores,St. Petersburg,FL,34648,2022-12-15,Yes,SMS,Walk-In,<$50K
C006400,CL002,Jackson Clark,Miami,FL,33595,2020-12-07,Yes,SMS,Referral,$100K-$149K
C006401,CL007,Elijah Martinez,Naples,FL,33157,2020-10-20,Yes,SMS,Google Search,$75K-$99K
C006402,CL012,Robert Wright,Delray Beach,FL,33689,2023-07-03,Yes,Email,Google Search,<$50K
C006403,CL011,Michael Gonzalez,Miami,FL,32731,2023-06-18,Yes,Email,Referral,$50K-$74K
C006404,CL001,Mason Davis,Sarasota,FL,32201,2022-05-11,Yes,Phone,Existing Client,$100K-$149K
C006405,CL003,Lucas Sanchez,Ocala,FL,32630,2019-11-08,Yes,SMS,Existing Client,$100K-$149K
C006406,CL004,Jack Scott,Alachua,FL,32775,2018-08-22,Yes,Phone,Walk-In,$100K-$149K
C006407,CL012,Evelyn Nguyen,Newberry,FL,32557,2018-01-19,Yes,Phone,Community Event,$50K-$74K
C006408,CL004,Ryan Taylor,Sarasota,FL,32122,2020-06-04,Yes,Phone,Walk-In,<$50K
C006409,CL011,Lucas Ramirez,Jacksonville,FL,33211,2020-01-16,Yes,SMS,Referral,$50K-$74K
C006410,CL002,Emily Gonzalez,Delray Beach,FL,32149,2023-10-20,No,SMS,Social Media,$75K-$99K
C006411,CL004,Logan Campbell,Naples,FL,34765,2020-01-24,Yes,SMS,Community Event,<$50K
C006412,CL005,James Walker,Pensacola,FL,34453,2020-09-18,Yes,SMS,Social Media,<$50K
C006413,CL004,Robert Anderson,Alachua,FL,34050,2020-12-03,Yes,Email,Walk-In,$100K-$149K
C006414,CL007,Sofia Williams,Naples,FL,33069,2019-02-20,No,Phone,Walk-In,<$50K
C006415,CL002,Robert Adams,Naples,FL,32498,2017-12-24,Yes,SMS,Existing Client,$150K+
C006416,CL003,Ryan Anderson,Delray Beach,FL,32435,2018-02-09,No,Phone,Google Search,$150K+
C006417,CL006,Mason Wright,Miami,FL,32408,2018-08-14,Yes,Email,Walk-In,$75K-$99K
C006418,CL012,Ella Jackson,Clearwater,FL,32190,2021-04-05,Yes,Email,Referral,$75K-$99K
C006419,CL006,Mateo Brown,Newberry,FL,32049,2019-06-28,No,SMS,Community Event,$50K-$74K
C006420,CL003,Ethan Scott,Miami,FL,33054,2019-04-21,No,SMS,Existing Client,$75K-$99K
C006421,CL008,Lauren Martinez,Pensacola,FL,33048,2023-08-02,Yes,Phone,Walk-In,$75K-$99K
C006422,CL007,Isabella Wilson,Naples,FL,33949,2021-09-16,Yes,Email,Social Media,$75K-$99K
C006423,CL008,Sarah Rivera,Gainesville,FL,34707,2022-06-05,Yes,SMS,Referral,<$50K
C006424,CL004,Ashley Harris,Tampa,FL,33773,2021-05-24,Yes,SMS,Referral,$100K-$149K
C006425,CL003,David Hill,Newberry,FL,33483,2021-11-27,Yes,SMS,Walk-In,$100K-$149K
C006426,CL005,Logan Campbell,Tampa,FL,34400,2020-07-22,Yes,SMS,Google Search,$75K-$99K
C006427,CL001,Harper Scott,Orlando,FL,32037,2019-07-12,No,SMS,Walk-In,<$50K
C006428,CL009,Grace Rivera,Palm Coast,FL,33164,2018-05-12,No,SMS,Social Media,$100K-$149K
C006429,CL009,Lucas Garcia,Alachua,FL,34043,2019-10-20,No,SMS,Social Media,<$50K
C006430,CL008,Charlotte Gonzalez,Lakeland,FL,33982,2021-09-16,Yes,Email,Referral,$50K-$74K
C006431,CL007,Charlotte Torres,Pensacola,FL,34672,2023-10-19,Yes,Phone,Social Media,$75K-$99K
C006432,CL009,Ava Davis,Jacksonville,FL,32241,2023-10-14,Yes,SMS,Existing Client,$75K-$99K
C006433,CL005,Sophia Jones,Tallahassee,FL,33064,2020-03-08,Yes,SMS,Community Event,$50K-$74K
C006434,CL007,Lucas Hall,St. Petersburg,FL,32487,2018-07-26,No,Phone,Existing Client,$50K-$74K
C006435,CL011,Isabella Mitchell,Pensacola,FL,32469,2020-04-20,Yes,SMS,Social Media,$100K-$149K
C006436,CL006,Megan Williams,Sarasota,FL,33554,2022-09-06,Yes,Email,Existing Client,$50K-$74K
C006437,CL005,Michael Williams,Jacksonville,FL,33412,2020-10-03,Yes,SMS,Social Media,$100K-$149K
C006438,CL010,Emily King,Palm Coast,FL,34540,2018-01-24,Yes,SMS,Social Media,$150K+
C006439,CL009,Audrey King,Naples,FL,32249,2023-07-14,Yes,Email,Referral,$100K-$149K
C006440,CL001,Ava Young,Alachua,FL,33960,2019-08-25,Yes,Phone,Social Media,$75K-$99K
C006441,CL005,Sofia Thomas,Jacksonville,FL,33619,2020-05-21,Yes,SMS,Social Media,$75K-$99K
C006442,CL002,Amelia Wright,Delray Beach,FL,33194,2022-04-29,Yes,Phone,Social Media,$100K-$149K
C006443,CL006,Sofia Robinson,St. Petersburg,FL,32637,2021-03-30,No,Email,Community Event,<$50K
C006444,CL012,Logan Clark,Delray Beach,FL,32545,2021-07-18,Yes,SMS,Walk-In,$150K+
C006445,CL007,Michael Roberts,Lake City,FL,32520,2020-10-04,Yes,Phone,Google Search,$75K-$99K
C006446,CL005,Liam Walker,Tampa,FL,33253,2023-09-25,Yes,Phone,Community Event,<$50K
C006447,CL002,Noah Rivera,Jacksonville,FL,33471,2020-03-10,Yes,SMS,Walk-In,<$50K
C006448,CL003,Harper Nelson,St. Petersburg,FL,32522,2019-04-29,Yes,Phone,Existing Client,$150K+
C006449,CL007,Daniel Wright,Gainesville,FL,33003,2022-10-17,Yes,Email,Community Event,$75K-$99K
C006450,CL003,Jack Garcia,Ocala,FL,33105,2020-03-26,Yes,Phone,Referral,$150K+
C006451,CL009,James Hall,Naples,FL,33946,2018-08-19,No,SMS,Social Media,$100K-$149K
C006452,CL004,Megan Adams,St. Petersburg,FL,32393,2022-04-15,Yes,Phone,Community Event,$150K+
C006453,CL010,Olivia Lopez,Tallahassee,FL,33241,2019-03-27,Yes,SMS,Social Media,<$50K
C006454,CL004,Amanda Walker,Pensacola,FL,33353,2020-04-22,No,Email,Referral,$75K-$99K
C006455,CL005,Lucas Nguyen,Naples,FL,32594,2020-07-23,Yes,Email,Community Event,$75K-$99K
C006456,CL008,Jack Martinez,Alachua,FL,34921,2022-08-06,No,Email,Social Media,$100K-$149K
C006457,CL008,Camila Scott,Delray Beach,FL,33735,2023-09-06,Yes,Phone,Google Search,$150K+
C006458,CL002,Charlotte Roberts,Newberry,FL,33262,2021-11-26,Yes,SMS,Walk-In,$75K-$99K
C006459,CL009,Ella Torres,Tallahassee,FL,34705,2023-10-29,Yes,SMS,Existing Client,$50K-$74K
C006460,CL006,Olivia Robinson,Palm Coast,FL,33339,2020-03-06,Yes,SMS,Google Search,$50K-$74K
C006461,CL002,Sophia Scott,Jacksonville,FL,34701,2021-10-28,No,Phone,Referral,$150K+
C006462,CL008,Ella Anderson,Clearwater,FL,32511,2021-07-15,Yes,SMS,Social Media,$50K-$74K
C006463,CL006,Harper Harris,St. Petersburg,FL,33262,2023-01-04,No,Email,Referral,$150K+
C006464,CL003,Mateo Allen,Sarasota,FL,32126,2018-01-30,Yes,SMS,Community Event,$50K-$74K
C006465,CL002,Mateo Hill,Sarasota,FL,32920,2020-05-23,Yes,Email,Google Search,$100K-$149K
C006466,CL003,Evelyn Campbell,Naples,FL,33926,2020-01-14,Yes,SMS,Google Search,$50K-$74K
C006467,CL007,Ashley Martin,Clearwater,FL,34135,2018-06-07,Yes,SMS,Community Event,<$50K
C006468,CL002,Benjamin Taylor,Tallahassee,FL,32189,2018-08-26,No,Phone,Existing Client,$150K+
C006469,CL002,Jackson Walker,Gainesville,FL,32519,2023-05-12,No,SMS,Community Event,$50K-$74K
C006470,CL005,Mason Hall,Gainesville,FL,32422,2022-11-05,Yes,SMS,Walk-In,$100K-$149K
C006471,CL011,Mia Flores,Naples,FL,33539,2023-04-22,No,SMS,Walk-In,$75K-$99K
C006472,CL008,Robert Garcia,Lake City,FL,34934,2022-04-13,Yes,SMS,Walk-In,$150K+
C006473,CL006,Ella Flores,Palm Coast,FL,32350,2023-03-14,Yes,Phone,Existing Client,<$50K
C006474,CL007,David Hernandez,Palm Coast,FL,33131,2021-02-03,No,SMS,Existing Client,<$50K
C006475,CL006,James Robinson,Tampa,FL,32177,2020-11-05,Yes,SMS,Existing Client,$150K+
C006476,CL008,Michael Williams,Fort Myers,FL,34521,2019-02-19,No,Email,Referral,$50K-$74K
C006477,CL001,Ella Rivera,Jacksonville,FL,32843,2018-06-13,Yes,Email,Social Media,$75K-$99K
C006478,CL011,David Harris,Delray Beach,FL,32939,2020-12-01,Yes,Email,Referral,$100K-$149K
C006479,CL001,Lucas Jones,Alachua,FL,32303,2019-10-02,Yes,SMS,Existing Client,$75K-$99K
C006480,CL002,Ethan Garcia,Lakeland,FL,34348,2019-12-14,Yes,SMS,Walk-In,$150K+
C006481,CL003,Sofia Green,Ocala,FL,34758,2018-11-26,Yes,SMS,Community Event,$150K+
C006482,CL006,Ryan Taylor,Miami,FL,34378,2021-01-24,Yes,Phone,Referral,$100K-$149K
C006483,CL005,Isabella Anderson,Lake City,FL,32357,2020-05-24,No,Email,Referral,$75K-$99K
C006484,CL002,Noah Roberts,Alachua,FL,34102,2023-09-29,Yes,Phone,Walk-In,$150K+
C006485,CL008,Daniel Hill,Clearwater,FL,34164,2019-03-14,No,Phone,Walk-In,<$50K
C006486,CL006,Emma Rivera,Boca Raton,FL,33329,2022-06-03,No,Email,Referral,$50K-$74K
C006487,CL010,Sarah Scott,Newberry,FL,32305,2022-07-22,Yes,SMS,Referral,$100K-$149K
C006488,CL002,Mason Green,Delray Beach,FL,32231,2023-05-31,No,Email,Referral,$150K+
C006489,CL006,Emily Nguyen,Boca Raton,FL,34286,2019-09-18,Yes,SMS,Walk-In,<$50K
C006490,CL012,Daniel Baker,Clearwater,FL,32370,2019-03-31,Yes,SMS,Google Search,$75K-$99K
C006491,CL008,Camila Nguyen,Clearwater,FL,34848,2022-08-24,No,SMS,Google Search,<$50K
C006492,CL012,Jackson Smith,St. Petersburg,FL,32610,2019-01-17,Yes,Phone,Referral,$50K-$74K
C006493,CL003,Emma Taylor,Tallahassee,FL,32896,2020-03-02,Yes,SMS,Social Media,$75K-$99K
C006494,CL007,James Garcia,Tallahassee,FL,32944,2022-12-25,Yes,SMS,Referral,$50K-$74K
C006495,CL006,Amanda Hernandez,Miami,FL,33148,2020-02-01,No,SMS,Existing Client,<$50K
C006496,CL010,Emily Hernandez,Sarasota,FL,32364,2020-10-15,No,SMS,Referral,$100K-$149K
C006497,CL005,Jackson Perez,Tallahassee,FL,32509,2018-09-30,Yes,Phone,Referral,<$50K
C006498,CL010,Nick Williams,St. Petersburg,FL,34073,2023-08-05,Yes,SMS,Community Event,$150K+
C006499,CL007,Mateo Martinez,Naples,FL,32206,2023-11-26,No,SMS,Existing Client,$75K-$99K
C006500,CL006,Mason Martin,Tallahassee,FL,32721,2023-05-24,Yes,Email,Google Search,$150K+
C006501,CL002,Robert Miller,Lakeland,FL,32336,2022-08-31,Yes,SMS,Referral,$100K-$149K
C006502,CL010,Kevin Sanchez,Boca Raton,FL,34383,2021-08-11,No,Email,Walk-In,$75K-$99K
C006503,CL001,Logan Wright,Fort Myers,FL,32315,2020-11-16,No,Phone,Walk-In,$150K+
C006504,CL011,Jason Jones,Clearwater,FL,33013,2019-08-14,No,Email,Google Search,$75K-$99K
C006505,CL004,Jack Thompson,Ocala,FL,32597,2018-09-08,No,Phone,Google Search,$75K-$99K
C006506,CL011,Sofia Nelson,Boca Raton,FL,34233,2019-08-21,No,SMS,Google Search,$150K+
C006507,CL012,Rachel Brown,Lakeland,FL,33726,2022-07-19,Yes,SMS,Community Event,$75K-$99K
C006508,CL006,Amanda Rivera,Alachua,FL,33827,2020-01-19,Yes,Phone,Google Search,$100K-$149K
C006509,CL003,Sophia Nguyen,Fort Myers,FL,33634,2020-07-09,Yes,Phone,Google Search,$75K-$99K
C006510,CL011,Jack Scott,St. Petersburg,FL,32363,2022-10-25,Yes,SMS,Referral,$75K-$99K
C006511,CL006,Mateo White,Tampa,FL,33643,2023-07-19,No,SMS,Community Event,$100K-$149K
C006512,CL008,Megan Johnson,Newberry,FL,32462,2022-08-25,No,SMS,Social Media,<$50K
C006513,CL011,Luna Nelson,Tallahassee,FL,33028,2023-12-05,No,Email,Community Event,$100K-$149K
C006514,CL004,Camila Anderson,Naples,FL,33071,2018-03-11,Yes,SMS,Social Media,$50K-$74K
C006515,CL007,Mateo Davis,St. Petersburg,FL,33318,2019-03-10,Yes,SMS,Existing Client,$50K-$74K
C006516,CL004,Amelia Hall,Ocala,FL,34616,2018-03-20,No,SMS,Community Event,$50K-$74K
C006517,CL005,Chloe Wright,Sarasota,FL,32636,2022-09-25,Yes,Email,Community Event,$50K-$74K
C006518,CL006,Sofia Jones,Tallahassee,FL,33021,2023-11-22,Yes,Email,Existing Client,$50K-$74K
C006519,CL008,Mia Lee,Ocala,FL,34453,2019-07-24,Yes,Phone,Social Media,$50K-$74K
C006520,CL001,Evelyn Campbell,Tampa,FL,32529,2019-10-29,Yes,Email,Walk-In,$50K-$74K
C006521,CL004,Rachel Clark,Sarasota,FL,33524,2021-12-29,Yes,SMS,Social Media,$75K-$99K
C006522,CL011,Logan Carter,Pensacola,FL,34106,2019-10-18,Yes,Email,Google Search,<$50K
C006523,CL006,Sarah Robinson,Delray Beach,FL,33468,2022-01-27,No,SMS,Existing Client,$75K-$99K
C006524,CL004,Camila Jones,Newberry,FL,34158,2018-08-05,No,Phone,Existing Client,$100K-$149K
C006525,CL012,Isabella Thompson,Delray Beach,FL,33156,2021-06-13,Yes,Phone,Community Event,$75K-$99K
C006526,CL007,Megan Jones,Jacksonville,FL,34635,2019-10-17,Yes,Phone,Referral,$150K+
C006527,CL012,Mia Wright,Newberry,FL,34174,2020-04-16,Yes,Phone,Walk-In,$100K-$149K
C006528,CL007,Amanda Roberts,Clearwater,FL,34270,2019-01-18,No,Email,Walk-In,$50K-$74K
C006529,CL012,Lauren Lopez,Lakeland,FL,34476,2019-04-18,Yes,SMS,Social Media,$50K-$74K
C006530,CL006,Ashley Harris,Jacksonville,FL,33381,2019-04-27,Yes,SMS,Google Search,$150K+
C006531,CL006,Lucas Allen,Fort Myers,FL,32509,2020-12-02,Yes,Email,Existing Client,$100K-$149K
C006532,CL008,James Thomas,Tallahassee,FL,34926,2020-11-09,No,SMS,Social Media,$75K-$99K
C006533,CL008,Ethan Clark,Ocala,FL,32849,2018-05-11,No,Phone,Walk-In,$50K-$74K
C006534,CL010,Nick Hernandez,Sarasota,FL,34591,2021-03-08,No,SMS,Google Search,<$50K
C006535,CL005,Mia Robinson,Orlando,FL,34252,2023-08-01,No,Email,Social Media,$100K-$149K
C006536,CL003,Ryan Hill,Clearwater,FL,34582,2018-11-05,Yes,Email,Social Media,$100K-$149K
C006537,CL008,Amelia Johnson,Alachua,FL,33206,2022-06-16,Yes,SMS,Social Media,$50K-$74K
C006538,CL007,Luna Jackson,St. Petersburg,FL,32012,2023-08-22,Yes,Email,Existing Client,$100K-$149K
C006539,CL006,Mason Sanchez,Tallahassee,FL,34247,2023-12-11,Yes,SMS,Google Search,$75K-$99K
C006540,CL002,Lucas Clark,Pensacola,FL,34964,2019-07-15,No,SMS,Community Event,<$50K
C006541,CL004,Chloe White,Lakeland,FL,34061,2018-09-06,No,SMS,Social Media,<$50K
C006542,CL006,Mateo Torres,Fort Myers,FL,33046,2021-08-09,Yes,Phone,Referral,$50K-$74K
C006543,CL002,Lauren Clark,Tallahassee,FL,32903,2021-03-18,Yes,SMS,Existing Client,$150K+
C006544,CL009,Liam Nelson,Alachua,FL,32745,2018-11-17,Yes,Email,Social Media,$50K-$74K
C006545,CL005,Jack Vilaihong,Alachua,FL,32511,2021-11-03,Yes,SMS,Referral,$100K-$149K
C006546,CL010,Rachel Perez,Clearwater,FL,33929,2023-02-06,No,SMS,Google Search,$100K-$149K
C006547,CL012,Ava Lewis,Naples,FL,32941,2022-02-24,Yes,SMS,Existing Client,$75K-$99K
C006548,CL008,Benjamin Harris,Alachua,FL,34260,2022-05-17,Yes,SMS,Community Event,$75K-$99K
C006549,CL004,Robert Hall,Naples,FL,33940,2023-05-29,Yes,SMS,Google Search,$150K+
C006550,CL007,Ashley Rivera,Delray Beach,FL,33284,2019-03-21,No,Phone,Google Search,<$50K
C006551,CL002,Michael Adams,Boca Raton,FL,33512,2018-01-18,Yes,SMS,Google Search,<$50K
C006552,CL006,David Williams,Alachua,FL,33328,2019-12-14,Yes,Phone,Social Media,$75K-$99K
C006553,CL007,Liam Williams,Alachua,FL,32608,2021-02-11,Yes,SMS,Social Media,$100K-$149K
C006554,CL004,Ethan Nguyen,Naples,FL,34155,2022-08-24,No,Email,Existing Client,$100K-$149K
C006555,CL011,Charlotte Scott,Ocala,FL,34327,2020-06-01,Yes,SMS,Social Media,<$50K
C006556,CL010,Camila Young,Tampa,FL,32742,2019-03-14,Yes,Phone,Existing Client,$150K+
C006557,CL007,Harper Roberts,Orlando,FL,32553,2019-07-26,Yes,Phone,Referral,$75K-$99K
C006558,CL004,Jack Nguyen,Gainesville,FL,32089,2021-08-02,Yes,Phone,Existing Client,$75K-$99K
C006559,CL011,Evelyn Lee,Gainesville,FL,34171,2020-05-03,Yes,SMS,Existing Client,<$50K
C006560,CL009,Jackson Scott,Alachua,FL,33142,2020-12-21,No,Email,Community Event,$75K-$99K
C006561,CL006,Rachel Nguyen,Tampa,FL,32812,2023-09-14,Yes,Phone,Community Event,$100K-$149K
C006562,CL011,Amelia Wright,Lake City,FL,33885,2018-04-07,Yes,SMS,Referral,<$50K
C006563,CL001,Nick Baker,Miami,FL,32450,2022-10-27,No,Phone,Social Media,$100K-$149K
C006564,CL007,Henry King,St. Petersburg,FL,32127,2020-01-10,No,Phone,Existing Client,$50K-$74K
C006565,CL003,Robert Jackson,Newberry,FL,34332,2020-02-01,No,Email,Community Event,$100K-$149K
C006566,CL010,Nick Thompson,Delray Beach,FL,32983,2020-10-23,Yes,SMS,Community Event,$75K-$99K
C006567,CL001,Jessica Martinez,Newberry,FL,33790,2021-03-07,No,SMS,Social Media,<$50K
C006568,CL002,Robert Hall,Clearwater,FL,34316,2019-10-05,Yes,Phone,Social Media,$150K+
C006569,CL001,Noah Lee,Miami,FL,32427,2020-10-07,Yes,Email,Community Event,<$50K
C006570,CL011,Amanda Nelson,Pensacola,FL,32057,2019-08-04,Yes,SMS,Google Search,$50K-$74K
C006571,CL008,Lauren Lewis,Tampa,FL,34049,2022-03-22,No,SMS,Existing Client,$150K+
C006572,CL010,Jack Jackson,Boca Raton,FL,32153,2021-06-23,No,SMS,Existing Client,$75K-$99K
C006573,CL006,Ava Mitchell,Alachua,FL,34669,2023-03-27,Yes,SMS,Community Event,$100K-$149K
C006574,CL001,Megan Miller,Ocala,FL,33854,2022-08-30,No,Phone,Walk-In,$50K-$74K
C006575,CL010,Emma Perez,St. Petersburg,FL,34779,2018-04-10,Yes,SMS,Community Event,$50K-$74K
C006576,CL007,Sophia Ramirez,Clearwater,FL,34028,2023-05-29,Yes,SMS,Referral,$150K+
C006577,CL002,Elijah Mitchell,Lake City,FL,33801,2021-10-10,Yes,Phone,Referral,<$50K
C006578,CL002,Benjamin Vilaihong,Ocala,FL,34519,2023-12-15,Yes,SMS,Social Media,<$50K
C006579,CL009,Benjamin Wright,Delray Beach,FL,32208,2023-08-26,No,SMS,Existing Client,$50K-$74K
C006580,CL003,Daniel Perez,Tallahassee,FL,33546,2021-07-07,Yes,SMS,Google Search,$50K-$74K
C006581,CL004,Nick Scott,Alachua,FL,34693,2021-11-30,No,SMS,Google Search,$150K+
C006582,CL012,Grace Williams,Fort Myers,FL,32496,2023-09-08,Yes,SMS,Social Media,$75K-$99K
C006583,CL007,Jessica Miller,Lakeland,FL,34918,2018-12-09,No,SMS,Existing Client,$75K-$99K
C006584,CL005,Logan Wright,Palm Coast,FL,32771,2019-01-09,Yes,Phone,Existing Client,$75K-$99K
C006585,CL001,Jason Hernandez,Miami,FL,33465,2022-05-28,Yes,Phone,Walk-In,$150K+
C006586,CL007,Evelyn Miller,Lake City,FL,33864,2023-06-18,No,SMS,Social Media,<$50K
C006587,CL010,Sarah Scott,Clearwater,FL,33193,2023-07-05,Yes,Phone,Community Event,$75K-$99K
C006588,CL002,Mia Adams,Naples,FL,33885,2019-03-22,Yes,Email,Community Event,$100K-$149K
C006589,CL002,James Mitchell,Jacksonville,FL,33859,2019-12-16,Yes,SMS,Referral,$75K-$99K
C006590,CL006,Kevin Campbell,Clearwater,FL,34426,2023-05-29,Yes,SMS,Existing Client,$75K-$99K
C006591,CL002,Audrey Roberts,Clearwater,FL,33010,2020-04-25,No,Phone,Referral,<$50K
C006592,CL012,Sophia Anderson,Newberry,FL,34717,2019-03-31,No,Email,Walk-In,$100K-$149K
C006593,CL009,Lucas Green,Lakeland,FL,34131,2020-06-04,Yes,Email,Existing Client,<$50K
C006594,CL006,Sofia Smith,Orlando,FL,34273,2023-05-01,Yes,Phone,Existing Client,$100K-$149K
C006595,CL004,Jack Gonzalez,Lake City,FL,32978,2018-10-29,Yes,SMS,Existing Client,$50K-$74K
C006596,CL001,Amanda Miller,Clearwater,FL,34431,2022-03-28,Yes,SMS,Existing Client,$100K-$149K
C006597,CL006,Elijah Smith,Delray Beach,FL,32754,2020-02-25,No,Phone,Referral,<$50K
C006598,CL007,Jessica Allen,Delray Beach,FL,34740,2021-02-21,No,Phone,Existing Client,$100K-$149K
C006599,CL005,Ashley Martin,Ocala,FL,34096,2021-11-19,Yes,Email,Referral,<$50K
C006600,CL003,Jack Nelson,Fort Myers,FL,32609,2023-06-09,Yes,Phone,Community Event,$100K-$149K
C006601,CL012,Chloe Nelson,St. Petersburg,FL,32678,2020-05-30,Yes,Phone,Existing Client,$75K-$99K
C006602,CL006,Mateo Hall,Tampa,FL,33292,2019-06-09,Yes,Phone,Social Media,$150K+
C006603,CL011,Lucas Perez,Sarasota,FL,34655,2023-06-18,No,SMS,Google Search,$50K-$74K
C006604,CL005,Olivia Moore,St. Petersburg,FL,33714,2018-05-07,Yes,Email,Social Media,$50K-$74K
C006605,CL012,Michael Wright,St. Petersburg,FL,32692,2018-07-13,Yes,SMS,Community Event,$150K+
C006606,CL010,Daniel Rivera,Tallahassee,FL,32767,2022-03-12,Yes,Email,Community Event,$50K-$74K
C006607,CL004,Ethan Jones,Newberry,FL,34339,2018-01-05,Yes,SMS,Community Event,$150K+
C006608,CL001,Megan King,Alachua,FL,33061,2019-05-04,Yes,SMS,Social Media,$100K-$149K
C006609,CL003,Mateo Martin,Lake City,FL,32381,2021-04-03,Yes,Email,Walk-In,$50K-$74K
C006610,CL005,Kevin Torres,Boca Raton,FL,33720,2023-09-16,No,SMS,Existing Client,<$50K
C006611,CL008,Sarah Brown,Fort Myers,FL,32026,2022-05-21,Yes,Email,Walk-In,$150K+
C006612,CL003,James Jackson,Alachua,FL,32858,2019-12-10,Yes,Phone,Existing Client,$100K-$149K
C006613,CL009,Evelyn Carter,Clearwater,FL,33687,2022-04-06,No,SMS,Walk-In,$75K-$99K
C006614,CL006,Lucas Sanchez,Fort Myers,FL,32705,2018-09-01,Yes,SMS,Community Event,$100K-$149K
C006615,CL005,Sofia Lewis,Lake City,FL,32072,2018-04-11,No,Email,Google Search,$50K-$74K
C006616,CL002,Lucas Gonzalez,Boca Raton,FL,32507,2022-06-07,No,Phone,Walk-In,<$50K
C006617,CL006,Jason Scott,Tampa,FL,32453,2022-05-21,Yes,SMS,Existing Client,$75K-$99K
C006618,CL002,Audrey Martin,Pensacola,FL,34800,2019-05-12,Yes,SMS,Social Media,<$50K
C006619,CL011,Liam Nelson,Fort Myers,FL,33059,2022-06-04,No,Email,Referral,<$50K
C006620,CL005,Henry Sanchez,Ocala,FL,33142,2022-01-18,Yes,Phone,Social Media,$150K+
C006621,CL008,Ryan Sanchez,Jacksonville,FL,33360,2020-03-07,Yes,Phone,Referral,$100K-$149K
C006622,CL010,Mason Moore,Newberry,FL,33288,2022-01-10,Yes,Phone,Walk-In,$75K-$99K
C006623,CL001,Benjamin Hernandez,Delray Beach,FL,32100,2018-04-09,Yes,Phone,Social Media,$75K-$99K
C006624,CL012,Luna Harris,Lakeland,FL,34032,2019-09-18,No,SMS,Existing Client,$100K-$149K
C006625,CL005,Benjamin Allen,Tampa,FL,32466,2022-12-12,Yes,Email,Google Search,<$50K
C006626,CL005,Rachel Harris,Lakeland,FL,33436,2020-07-29,No,Email,Walk-In,$100K-$149K
C006627,CL007,Ella Hill,Tallahassee,FL,33905,2019-10-19,Yes,SMS,Referral,$100K-$149K
C006628,CL002,Ryan Smith,Lake City,FL,32264,2022-03-11,No,Email,Community Event,$150K+
C006629,CL010,Chloe Thompson,Newberry,FL,34021,2021-07-08,Yes,SMS,Existing Client,$100K-$149K
C006630,CL001,Emma Williams,Orlando,FL,34340,2019-02-15,No,SMS,Referral,$50K-$74K
C006631,CL009,Lucas Miller,Newberry,FL,33535,2022-09-25,Yes,SMS,Google Search,$150K+
C006632,CL007,Camila Martin,Sarasota,FL,32591,2018-05-08,Yes,Phone,Existing Client,$150K+
C006633,CL002,Grace King,Lake City,FL,33229,2019-01-03,Yes,SMS,Google Search,$50K-$74K
C006634,CL010,Rachel Campbell,Tallahassee,FL,34810,2022-11-24,Yes,Email,Community Event,$75K-$99K
C006635,CL009,Sophia Thompson,Gainesville,FL,34092,2019-12-29,No,Phone,Walk-In,$100K-$149K
C006636,CL010,Lauren Williams,Tallahassee,FL,32232,2022-01-30,No,SMS,Community Event,$75K-$99K
C006637,CL003,Daniel Campbell,Fort Myers,FL,32141,2021-02-07,Yes,SMS,Existing Client,$150K+
C006638,CL008,Chloe Moore,Orlando,FL,32233,2021-11-11,No,SMS,Walk-In,<$50K
C006639,CL005,Amelia White,Fort Myers,FL,33425,2019-06-23,Yes,SMS,Existing Client,$50K-$74K
C006640,CL010,Ryan Lewis,St. Petersburg,FL,34590,2020-06-27,No,Email,Social Media,$50K-$74K
C006641,CL008,Charlotte Young,Tallahassee,FL,34812,2021-11-24,Yes,Phone,Google Search,$75K-$99K
C006642,CL008,Evelyn Adams,Ocala,FL,32294,2019-12-07,Yes,Email,Walk-In,$75K-$99K
C006643,CL002,Ryan Hall,Delray Beach,FL,34823,2021-02-02,Yes,Email,Walk-In,<$50K
C006644,CL007,Amanda King,Tampa,FL,34746,2020-01-14,Yes,SMS,Walk-In,$50K-$74K
C006645,CL002,Charlotte Lee,Tallahassee,FL,34649,2021-04-20,No,Phone,Existing Client,$75K-$99K
C006646,CL011,Jason Mitchell,Naples,FL,33332,2023-03-23,Yes,SMS,Existing Client,$100K-$149K
C006647,CL010,Ava Nelson,Lake City,FL,34717,2018-01-27,No,SMS,Walk-In,$75K-$99K
C006648,CL005,Sophia Young,Tampa,FL,32056,2018-01-02,No,SMS,Walk-In,$50K-$74K
C006649,CL004,Ryan Robinson,Alachua,FL,34524,2018-11-10,Yes,Phone,Google Search,$75K-$99K
C006650,CL003,Chloe Campbell,Orlando,FL,33147,2023-12-24,No,Email,Existing Client,$100K-$149K
C006651,CL011,Isabella Robinson,Jacksonville,FL,34433,2018-02-27,No,SMS,Google Search,$150K+
C006652,CL003,Benjamin Lopez,Alachua,FL,32144,2022-02-07,No,SMS,Community Event,$100K-$149K
C006653,CL011,Henry Thompson,Jacksonville,FL,34262,2020-04-30,Yes,SMS,Walk-In,$75K-$99K
C006654,CL010,Isabella Martin,Sarasota,FL,32313,2021-05-21,Yes,Phone,Walk-In,$150K+
C006655,CL006,Emily Martinez,Delray Beach,FL,32126,2019-01-15,Yes,Phone,Walk-In,<$50K
C006656,CL007,Amelia Martinez,Sarasota,FL,33561,2018-07-26,Yes,Phone,Walk-In,$75K-$99K
C006657,CL011,Nick Taylor,Delray Beach,FL,32412,2018-03-01,No,SMS,Community Event,$75K-$99K
C006658,CL006,Kevin Smith,Pensacola,FL,34062,2022-04-09,No,SMS,Referral,$50K-$74K
C006659,CL003,Ava Sanchez,Lake City,FL,34040,2022-09-19,Yes,SMS,Walk-In,<$50K
C006660,CL004,James Lopez,Jacksonville,FL,32407,2021-08-25,Yes,SMS,Google Search,$100K-$149K
C006661,CL007,Nick Campbell,Gainesville,FL,34353,2021-08-16,No,Email,Social Media,$100K-$149K
C006662,CL005,Mason Mitchell,Tampa,FL,33577,2023-11-24,Yes,Phone,Community Event,$100K-$149K
C006663,CL009,Jack Lopez,Palm Coast,FL,32374,2019-11-26,Yes,Phone,Google Search,$75K-$99K
C006664,CL008,Mia Perez,Newberry,FL,34901,2023-07-28,Yes,Phone,Google Search,$100K-$149K
C006665,CL002,Ashley Lewis,Naples,FL,32053,2021-05-28,Yes,SMS,Referral,$150K+
C006666,CL010,David Taylor,Delray Beach,FL,33141,2020-11-14,Yes,SMS,Referral,<$50K
C006667,CL007,Lauren Rodriguez,St. Petersburg,FL,34731,2021-07-14,Yes,SMS,Existing Client,$50K-$74K
C006668,CL008,Ryan Jackson,Orlando,FL,34088,2023-06-17,No,Phone,Community Event,$150K+
C006669,CL008,Lucas King,St. Petersburg,FL,32594,2023-06-07,Yes,SMS,Google Search,$75K-$99K
C006670,CL012,James Thompson,Palm Coast,FL,33358,2023-02-26,Yes,SMS,Community Event,$50K-$74K
C006671,CL011,Michael Carter,Delray Beach,FL,33582,2019-05-01,Yes,SMS,Walk-In,<$50K
C006672,CL012,Mateo Wright,St. Petersburg,FL,32916,2019-01-19,No,Email,Google Search,$75K-$99K
C006673,CL012,Lauren Jones,Ocala,FL,33182,2022-10-09,Yes,SMS,Walk-In,$150K+
C006674,CL003,Emily Adams,Gainesville,FL,33126,2019-06-06,Yes,SMS,Community Event,$50K-$74K
C006675,CL009,Sarah Young,Alachua,FL,34422,2021-12-02,Yes,Email,Social Media,$100K-$149K
C006676,CL006,Jessica Hall,Miami,FL,32707,2019-02-17,Yes,Phone,Social Media,$50K-$74K
C006677,CL004,Megan Torres,Naples,FL,32788,2018-09-10,Yes,Email,Existing Client,$150K+
C006678,CL008,Olivia Clark,Gainesville,FL,33960,2018-01-17,Yes,SMS,Community Event,$50K-$74K
C006679,CL001,Mia Walker,Miami,FL,34573,2020-04-21,Yes,Phone,Existing Client,$75K-$99K
C006680,CL005,Michael Nelson,Miami,FL,33284,2018-04-03,Yes,SMS,Community Event,$100K-$149K
C006681,CL006,Nick Garcia,Orlando,FL,33380,2019-05-24,Yes,SMS,Google Search,$100K-$149K
C006682,CL009,Jessica Hill,Alachua,FL,32137,2019-12-19,Yes,SMS,Google Search,$50K-$74K
C006683,CL002,Evelyn Rodriguez,Palm Coast,FL,32048,2022-11-20,No,Phone,Social Media,$50K-$74K
C006684,CL002,Ella Torres,Miami,FL,32583,2023-06-30,Yes,SMS,Existing Client,$50K-$74K
C006685,CL005,Benjamin Clark,Gainesville,FL,33257,2019-09-09,No,Email,Referral,$50K-$74K
C006686,CL011,Emily Ramirez,Alachua,FL,34996,2020-08-18,Yes,SMS,Google Search,$150K+
C006687,CL007,James Hall,Ocala,FL,33002,2021-05-29,No,Email,Google Search,$100K-$149K
C006688,CL002,Liam Miller,Gainesville,FL,34835,2019-10-31,Yes,SMS,Community Event,<$50K
C006689,CL001,Ashley Lee,Naples,FL,32733,2023-04-19,No,SMS,Existing Client,<$50K
C006690,CL002,Jackson Wilson,Delray Beach,FL,34223,2023-08-09,No,Email,Walk-In,$150K+
C006691,CL007,Mason Mitchell,Delray Beach,FL,32225,2023-06-28,Yes,SMS,Google Search,<$50K
C006692,CL007,Megan Wilson,Pensacola,FL,34461,2022-06-16,Yes,Phone,Existing Client,<$50K
C006693,CL002,Henry Rodriguez,Orlando,FL,32465,2020-10-18,Yes,Phone,Walk-In,$75K-$99K
C006694,CL002,Henry Wright,Alachua,FL,32329,2021-02-16,Yes,SMS,Community Event,$150K+
C006695,CL007,Emma Hall,Gainesville,FL,33670,2018-08-27,Yes,SMS,Google Search,<$50K
C006696,CL012,Rachel Adams,Clearwater,FL,34628,2019-12-04,Yes,Phone,Existing Client,$100K-$149K
C006697,CL004,Camila Nelson,Alachua,FL,34462,2023-04-23,No,Phone,Community Event,$50K-$74K
C006698,CL004,Liam Campbell,Tampa,FL,34878,2019-01-17,Yes,SMS,Walk-In,$75K-$99K
C006699,CL007,Jack Hill,Lake City,FL,34358,2019-06-30,No,Email,Existing Client,$50K-$74K
C006700,CL005,Benjamin Harris,Alachua,FL,33603,2020-09-19,Yes,SMS,Existing Client,$100K-$149K
C006701,CL012,James Jones,Gainesville,FL,34673,2019-10-23,Yes,Email,Social Media,$75K-$99K
C006702,CL002,Lauren Scott,Clearwater,FL,34007,2019-01-15,Yes,SMS,Google Search,$75K-$99K
C006703,CL009,Sophia Young,Fort Myers,FL,34148,2019-08-14,Yes,SMS,Walk-In,$75K-$99K
C006704,CL004,Ashley Flores,Jacksonville,FL,33211,2021-02-09,Yes,Phone,Walk-In,<$50K
C006705,CL002,Ethan Clark,Alachua,FL,34019,2022-08-17,No,SMS,Referral,$50K-$74K
C006706,CL002,Jessica Lopez,Jacksonville,FL,32226,2023-06-21,Yes,SMS,Walk-In,$150K+
C006707,CL003,Logan Johnson,St. Petersburg,FL,32822,2022-08-19,Yes,Email,Community Event,$75K-$99K
C006708,CL005,Emily Perez,Pensacola,FL,34538,2019-08-14,No,Email,Community Event,$75K-$99K
C006709,CL012,Mason Young,Pensacola,FL,33993,2020-03-08,Yes,Phone,Walk-In,$150K+
C006710,CL007,Isabella Ramirez,Naples,FL,32978,2018-02-10,Yes,SMS,Referral,$150K+
C006711,CL012,Mateo Anderson,Tampa,FL,34946,2019-03-09,Yes,Phone,Social Media,$50K-$74K
C006712,CL003,Mia Moore,Gainesville,FL,34609,2021-08-26,Yes,SMS,Google Search,$50K-$74K
C006713,CL004,Isabella Walker,Sarasota,FL,33283,2022-11-14,Yes,Phone,Existing Client,$75K-$99K
C006714,CL007,Lucas Roberts,Clearwater,FL,33213,2020-04-05,Yes,Email,Walk-In,<$50K
C006715,CL012,Mateo Hernandez,Lakeland,FL,34358,2022-03-07,No,SMS,Walk-In,$150K+
C006716,CL008,Liam Nelson,Boca Raton,FL,33091,2022-01-29,No,Phone,Referral,$75K-$99K
C006717,CL005,David Walker,St. Petersburg,FL,33519,2022-08-20,No,Phone,Walk-In,$100K-$149K
C006718,CL012,Robert Martinez,Alachua,FL,32953,2021-04-13,Yes,SMS,Existing Client,$50K-$74K
C006719,CL001,Benjamin Flores,Ocala,FL,33754,2018-05-03,Yes,Phone,Walk-In,$75K-$99K
C006720,CL001,Jack Johnson,Naples,FL,33781,2018-07-01,Yes,SMS,Referral,$75K-$99K
C006721,CL006,Grace Roberts,Ocala,FL,34467,2021-02-15,Yes,SMS,Google Search,$150K+
C006722,CL004,Emma Ramirez,Tallahassee,FL,32549,2021-11-22,Yes,SMS,Walk-In,$100K-$149K
C006723,CL003,Kevin Hernandez,Sarasota,FL,34508,2019-03-23,No,SMS,Referral,<$50K
C006724,CL007,Grace Allen,Ocala,FL,34522,2022-03-19,No,Email,Google Search,<$50K
C006725,CL005,Ryan Taylor,Lake City,FL,33446,2019-07-12,No,SMS,Existing Client,$150K+
C006726,CL006,Luna Brown,Jacksonville,FL,32376,2023-06-27,No,Email,Referral,$100K-$149K
C006727,CL012,Olivia Miller,Lakeland,FL,33203,2023-02-12,Yes,SMS,Community Event,$100K-$149K
C006728,CL005,Kevin Jackson,Lake City,FL,32909,2022-07-22,Yes,Phone,Google Search,$150K+
C006729,CL002,Olivia Robinson,Lake City,FL,32354,2021-11-15,No,Phone,Walk-In,$50K-$74K
C006730,CL007,Amelia Gonzalez,Tallahassee,FL,32405,2018-01-20,No,SMS,Google Search,$150K+
C006731,CL001,Logan Garcia,Fort Myers,FL,34907,2021-08-02,Yes,Phone,Social Media,$100K-$149K
C006732,CL005,Ashley Moore,St. Petersburg,FL,34098,2023-07-20,Yes,Email,Walk-In,$150K+
C006733,CL010,Mason Taylor,Lake City,FL,34306,2018-08-07,Yes,SMS,Walk-In,$100K-$149K
C006734,CL012,Nick Vilaihong,Boca Raton,FL,33243,2020-06-27,Yes,Phone,Existing Client,$100K-$149K
C006735,CL011,Benjamin Thomas,Lake City,FL,33407,2022-11-19,No,SMS,Social Media,$50K-$74K
C006736,CL003,Noah Harris,Alachua,FL,33883,2023-04-08,Yes,SMS,Walk-In,<$50K
C006737,CL011,Noah Mitchell,Miami,FL,32143,2019-02-26,Yes,SMS,Existing Client,$50K-$74K
C006738,CL011,Jack Campbell,Orlando,FL,32871,2022-12-24,No,Phone,Social Media,$50K-$74K
C006739,CL006,Mia Clark,Newberry,FL,33678,2018-09-30,No,Phone,Existing Client,$50K-$74K
C006740,CL009,Emma Allen,Newberry,FL,33063,2018-03-11,Yes,SMS,Google Search,$100K-$149K
C006741,CL012,Sarah Anderson,Lakeland,FL,32736,2020-03-28,No,SMS,Existing Client,$100K-$149K
C006742,CL003,Ella Roberts,Gainesville,FL,33103,2019-05-25,No,Email,Existing Client,$50K-$74K
C006743,CL006,Michael Anderson,Gainesville,FL,32672,2019-10-08,Yes,Email,Existing Client,<$50K
C006744,CL008,Evelyn Harris,Ocala,FL,34291,2021-09-19,Yes,SMS,Existing Client,<$50K
C006745,CL002,Sarah Lewis,Lake City,FL,33007,2018-01-16,Yes,SMS,Social Media,$50K-$74K
C006746,CL002,Harper Jackson,Fort Myers,FL,33860,2018-10-19,Yes,Phone,Referral,$50K-$74K
C006747,CL006,Jack Martin,Gainesville,FL,32224,2022-04-15,Yes,Email,Google Search,$75K-$99K
C006748,CL008,Amanda Wright,Ocala,FL,33162,2021-03-15,Yes,Email,Community Event,$50K-$74K
C006749,CL003,Ethan Rodriguez,Lakeland,FL,34580,2021-10-14,Yes,Email,Referral,<$50K
C006750,CL006,Megan Nelson,Clearwater,FL,33859,2022-08-15,Yes,SMS,Existing Client,<$50K
C006751,CL006,Harper Torres,Tallahassee,FL,34917,2023-11-28,Yes,SMS,Referral,$150K+
C006752,CL001,Jack Scott,Fort Myers,FL,32356,2021-01-19,Yes,Phone,Existing Client,$150K+
C006753,CL001,Ryan White,St. Petersburg,FL,32658,2023-12-07,No,Email,Walk-In,<$50K
C006754,CL002,Mia Hall,Orlando,FL,32643,2021-08-29,Yes,Phone,Referral,$100K-$149K
C006755,CL007,David King,Palm Coast,FL,32534,2021-02-24,Yes,Phone,Existing Client,$100K-$149K
C006756,CL003,Mateo Nelson,Lakeland,FL,32676,2023-06-19,Yes,Email,Community Event,$100K-$149K
C006757,CL002,Jessica Taylor,Lakeland,FL,32555,2023-07-12,No,Email,Community Event,<$50K
C006758,CL006,James White,Gainesville,FL,33185,2022-07-22,Yes,Phone,Referral,$50K-$74K
C006759,CL010,Grace Thomas,Miami,FL,33621,2018-01-18,No,SMS,Community Event,$100K-$149K
C006760,CL006,Robert Baker,Jacksonville,FL,32876,2018-09-29,Yes,SMS,Social Media,$50K-$74K
C006761,CL010,Ethan Jackson,Delray Beach,FL,33389,2020-06-04,Yes,Email,Existing Client,$50K-$74K
C006762,CL010,Audrey Davis,Clearwater,FL,34656,2023-04-09,Yes,SMS,Walk-In,$75K-$99K
C006763,CL007,Liam Scott,Lake City,FL,32576,2022-12-30,Yes,Email,Walk-In,<$50K
C006764,CL004,Ashley Scott,Orlando,FL,32901,2021-11-06,No,SMS,Community Event,$150K+
C006765,CL004,Rachel Brown,Jacksonville,FL,32430,2023-08-08,Yes,Email,Walk-In,$100K-$149K
C006766,CL010,Mason Johnson,Delray Beach,FL,32327,2020-11-12,Yes,SMS,Referral,<$50K
C006767,CL012,Mason Davis,Naples,FL,33692,2020-06-08,Yes,Phone,Walk-In,$150K+
C006768,CL012,Amelia Johnson,Orlando,FL,34661,2019-07-06,Yes,Email,Referral,$75K-$99K
C006769,CL005,Kevin Carter,Naples,FL,34367,2020-07-06,Yes,Email,Existing Client,$75K-$99K
C006770,CL011,Benjamin Jones,Newberry,FL,33847,2018-02-13,No,SMS,Referral,$100K-$149K
C006771,CL010,Kevin Perez,Boca Raton,FL,34942,2023-10-25,No,SMS,Social Media,$50K-$74K
C006772,CL011,Amelia Williams,Sarasota,FL,33167,2021-08-10,No,Email,Social Media,$50K-$74K
C006773,CL012,Emma Rodriguez,Delray Beach,FL,32082,2020-10-25,No,SMS,Walk-In,$50K-$74K
C006774,CL011,David Anderson,Delray Beach,FL,32549,2022-05-19,Yes,SMS,Community Event,<$50K
C006775,CL008,Daniel Jackson,Orlando,FL,32281,2019-05-17,No,SMS,Referral,$75K-$99K
C006776,CL008,Lauren Gonzalez,Palm Coast,FL,32717,2018-05-01,Yes,SMS,Social Media,$100K-$149K
C006777,CL001,Megan Carter,Naples,FL,33811,2019-09-04,Yes,Email,Referral,$100K-$149K
C006778,CL002,Mateo Roberts,Newberry,FL,34082,2020-08-02,Yes,Phone,Existing Client,$50K-$74K
C006779,CL002,Nick Vilaihong,Boca Raton,FL,34259,2022-01-12,Yes,Email,Community Event,$50K-$74K
C006780,CL006,Amelia Adams,Palm Coast,FL,34677,2022-10-06,Yes,SMS,Walk-In,<$50K
C006781,CL004,Daniel Thompson,Ocala,FL,32674,2019-07-06,Yes,SMS,Google Search,$75K-$99K
C006782,CL011,Daniel Hall,Miami,FL,33501,2018-03-18,Yes,SMS,Walk-In,$100K-$149K
C006783,CL005,Sofia Hill,Gainesville,FL,32355,2019-06-25,No,SMS,Social Media,$75K-$99K
C006784,CL006,Lauren Nguyen,Alachua,FL,34484,2021-08-27,No,Email,Community Event,$100K-$149K
C006785,CL006,Ashley Anderson,Naples,FL,33941,2019-08-20,No,SMS,Existing Client,$50K-$74K
C006786,CL011,Camila Torres,Tampa,FL,33647,2019-01-27,Yes,SMS,Referral,$50K-$74K
C006787,CL005,Amanda Clark,St. Petersburg,FL,33539,2021-10-26,Yes,Phone,Community Event,$75K-$99K
C006788,CL005,Mason Nelson,Jacksonville,FL,32562,2018-07-28,Yes,SMS,Google Search,$100K-$149K
C006789,CL002,Isabella Johnson,Gainesville,FL,34898,2023-07-01,No,SMS,Social Media,$150K+
C006790,CL006,Liam Walker,Clearwater,FL,32797,2019-04-02,Yes,SMS,Referral,$50K-$74K
C006791,CL010,Audrey Perez,Newberry,FL,34258,2021-09-21,Yes,Email,Social Media,$100K-$149K
C006792,CL005,Megan Williams,Miami,FL,33046,2019-08-18,Yes,Email,Existing Client,$75K-$99K
C006793,CL011,Chloe Young,Fort Myers,FL,34406,2020-06-09,No,Email,Google Search,$150K+
C006794,CL005,Ava White,Miami,FL,33296,2021-05-06,Yes,SMS,Existing Client,$50K-$74K
C006795,CL002,Jackson Carter,Sarasota,FL,34432,2022-10-02,Yes,SMS,Referral,$150K+
C006796,CL002,Rachel Robinson,Jacksonville,FL,33739,2023-11-29,Yes,Phone,Social Media,$50K-$74K
C006797,CL005,Logan Robinson,Miami,FL,34522,2018-12-29,Yes,SMS,Google Search,$100K-$149K
C006798,CL008,Ella Thomas,Tampa,FL,33229,2019-06-01,Yes,SMS,Google Search,$150K+
C006799,CL002,Liam Adams,Boca Raton,FL,32764,2020-09-24,Yes,SMS,Existing Client,$150K+
C006800,CL001,Mia Vilaihong,Lakeland,FL,33189,2018-08-31,No,SMS,Community Event,$100K-$149K
C006801,CL011,Logan Jackson,Gainesville,FL,32202,2022-02-26,No,SMS,Referral,$50K-$74K
C006802,CL012,Benjamin Hill,Lake City,FL,32075,2020-12-06,No,SMS,Social Media,$50K-$74K
C006803,CL003,Ethan Wright,Tampa,FL,34537,2019-06-24,Yes,SMS,Google Search,<$50K
C006804,CL007,Henry Taylor,St. Petersburg,FL,32240,2021-08-23,Yes,Phone,Social Media,$75K-$99K
C006805,CL008,Sarah Gonzalez,Clearwater,FL,33682,2021-06-30,Yes,SMS,Referral,$150K+
C006806,CL005,Michael Williams,Boca Raton,FL,34991,2019-06-22,Yes,SMS,Social Media,$50K-$74K
C006807,CL011,Ella Robinson,Boca Raton,FL,32729,2018-04-16,Yes,Email,Walk-In,<$50K
C006808,CL003,Ryan Vilaihong,Fort Myers,FL,32246,2020-01-12,No,Email,Walk-In,$75K-$99K
C006809,CL012,Mateo Thomas,Lakeland,FL,32091,2018-04-10,Yes,Email,Community Event,$150K+
C006810,CL002,Audrey Torres,Alachua,FL,34486,2019-03-04,Yes,Email,Social Media,$150K+
C006811,CL003,Sarah Wright,Boca Raton,FL,34021,2018-09-12,Yes,SMS,Google Search,$100K-$149K
C006812,CL008,Robert Nguyen,Orlando,FL,32613,2023-12-30,Yes,Email,Walk-In,<$50K
C006813,CL010,Elijah Green,Tampa,FL,32991,2022-04-09,Yes,SMS,Google Search,$100K-$149K
C006814,CL003,Rachel Rodriguez,Newberry,FL,33254,2020-05-13,Yes,SMS,Walk-In,$75K-$99K
C006815,CL006,Ella Wright,Newberry,FL,34371,2022-07-14,Yes,SMS,Referral,$50K-$74K
C006816,CL004,Noah Carter,Lakeland,FL,32917,2022-02-03,No,SMS,Walk-In,$150K+
C006817,CL006,Robert Roberts,Lakeland,FL,33494,2021-03-01,No,SMS,Walk-In,$100K-$149K
C006818,CL002,Amanda Hill,St. Petersburg,FL,33130,2019-05-17,Yes,Email,Social Media,$100K-$149K
C006819,CL008,Megan Rodriguez,Tallahassee,FL,34220,2020-01-12,Yes,Email,Google Search,$50K-$74K
C006820,CL008,Kevin Sanchez,Sarasota,FL,34668,2023-12-24,Yes,Email,Referral,$75K-$99K
C006821,CL010,Charlotte Jackson,Orlando,FL,33142,2020-04-24,Yes,Phone,Walk-In,<$50K
C006822,CL011,Robert Lee,Alachua,FL,32235,2021-05-04,Yes,Email,Social Media,$100K-$149K
C006823,CL003,Charlotte Sanchez,Lakeland,FL,33292,2021-09-19,Yes,SMS,Referral,$100K-$149K
C006824,CL001,Ryan Adams,Orlando,FL,33929,2022-02-05,Yes,Email,Referral,$50K-$74K
C006825,CL004,Ava Clark,Naples,FL,34153,2023-03-14,Yes,Phone,Google Search,$150K+
C006826,CL001,Mason Moore,Sarasota,FL,32156,2023-10-18,No,Email,Walk-In,<$50K
C006827,CL004,Camila Carter,Jacksonville,FL,32191,2023-12-17,No,SMS,Walk-In,$75K-$99K
C006828,CL009,Jackson Sanchez,Boca Raton,FL,32759,2018-06-24,Yes,Phone,Google Search,$150K+
C006829,CL008,Daniel Campbell,Ocala,FL,33628,2018-03-05,No,SMS,Walk-In,$75K-$99K
C006830,CL003,Elijah Adams,Pensacola,FL,33182,2022-01-07,Yes,Phone,Existing Client,<$50K
C006831,CL004,Jackson Robinson,Jacksonville,FL,32267,2018-02-11,Yes,Email,Community Event,$150K+
C006832,CL002,Jackson Ramirez,Naples,FL,33169,2022-02-14,Yes,SMS,Existing Client,<$50K
C006833,CL009,Evelyn Smith,Ocala,FL,32376,2018-03-30,No,SMS,Google Search,$75K-$99K
C006834,CL002,Jessica Adams,Sarasota,FL,34245,2023-10-30,Yes,SMS,Social Media,$150K+
C006835,CL004,Isabella Harris,St. Petersburg,FL,32577,2022-03-29,Yes,SMS,Google Search,$50K-$74K
C006836,CL008,Logan Rodriguez,Tampa,FL,33508,2019-04-30,Yes,Email,Google Search,$50K-$74K
C006837,CL004,Rachel Anderson,Lake City,FL,34143,2018-11-03,Yes,Email,Walk-In,$150K+
C006838,CL001,Ashley Garcia,Jacksonville,FL,33201,2022-10-23,Yes,SMS,Existing Client,$150K+
C006839,CL002,Chloe Sanchez,Orlando,FL,34090,2023-06-28,Yes,Email,Existing Client,$75K-$99K
C006840,CL004,Ava Hill,St. Petersburg,FL,33985,2022-11-04,No,Phone,Social Media,$75K-$99K
C006841,CL004,Kevin Rodriguez,Fort Myers,FL,33127,2019-10-11,No,SMS,Walk-In,$75K-$99K
C006842,CL006,Jessica White,Delray Beach,FL,34899,2021-02-04,No,Email,Walk-In,$75K-$99K
C006843,CL008,Liam Young,Gainesville,FL,33219,2019-11-06,Yes,SMS,Referral,$50K-$74K
C006844,CL009,Elijah Scott,Pensacola,FL,34581,2023-10-23,Yes,Email,Community Event,$100K-$149K
C006845,CL003,Emily Vilaihong,Jacksonville,FL,34633,2020-08-06,Yes,Phone,Google Search,$100K-$149K
C006846,CL010,Emily Taylor,Tallahassee,FL,33792,2021-01-12,No,Email,Google Search,<$50K
C006847,CL004,Sarah Thomas,Lake City,FL,32545,2021-03-26,No,SMS,Social Media,<$50K
C006848,CL005,David Rivera,Tampa,FL,32197,2023-11-25,Yes,SMS,Existing Client,$100K-$149K
C006849,CL009,Mia Thompson,Tallahassee,FL,33614,2023-09-24,Yes,SMS,Referral,$75K-$99K
C006850,CL009,Charlotte Scott,Orlando,FL,32164,2019-09-01,No,SMS,Walk-In,$75K-$99K
C006851,CL010,Audrey Wright,Sarasota,FL,32717,2019-06-20,No,SMS,Walk-In,$150K+
C006852,CL002,Logan Lewis,Ocala,FL,34473,2019-06-12,No,SMS,Social Media,$100K-$149K
C006853,CL003,Mason Garcia,Fort Myers,FL,33494,2020-10-28,Yes,Email,Social Media,$100K-$149K
C006854,CL001,Jason Roberts,Naples,FL,33205,2022-11-20,No,Phone,Referral,$50K-$74K
C006855,CL009,Amelia Hernandez,Sarasota,FL,34902,2022-02-10,Yes,Email,Referral,<$50K
C006856,CL004,Ryan Roberts,Boca Raton,FL,32945,2019-04-05,Yes,Email,Community Event,<$50K
C006857,CL009,Elijah Torres,Sarasota,FL,34891,2023-03-23,Yes,SMS,Community Event,$50K-$74K
C006858,CL004,Daniel Perez,Boca Raton,FL,34739,2019-04-06,Yes,SMS,Google Search,$50K-$74K
C006859,CL007,Ava Nguyen,Tallahassee,FL,33600,2018-05-26,Yes,Phone,Walk-In,$100K-$149K
C006860,CL011,Jackson Davis,Ocala,FL,33103,2020-04-11,Yes,Phone,Social Media,$50K-$74K
C006861,CL003,Audrey Mitchell,St. Petersburg,FL,33142,2023-09-08,Yes,SMS,Social Media,<$50K
C006862,CL003,Amanda Torres,Boca Raton,FL,34663,2021-06-16,Yes,SMS,Referral,$75K-$99K
C006863,CL012,Jack Martinez,Clearwater,FL,34636,2018-02-15,No,Email,Google Search,$75K-$99K
C006864,CL003,Harper Rodriguez,Ocala,FL,34704,2022-04-26,Yes,Email,Social Media,$75K-$99K
C006865,CL002,Michael Jones,Alachua,FL,32865,2019-02-21,Yes,Phone,Existing Client,$100K-$149K
C006866,CL007,Rachel Sanchez,Jacksonville,FL,32780,2019-07-16,Yes,Phone,Social Media,$75K-$99K
C006867,CL004,Ava Harris,St. Petersburg,FL,33776,2022-08-03,Yes,SMS,Existing Client,$100K-$149K
C006868,CL003,David Perez,Tallahassee,FL,34104,2023-02-15,Yes,Phone,Referral,$100K-$149K
C006869,CL002,Jack Harris,Ocala,FL,33088,2020-12-02,No,Phone,Google Search,$100K-$149K
C006870,CL011,Emma Thompson,Clearwater,FL,34212,2020-06-12,Yes,Email,Referral,$150K+
C006871,CL006,Logan Baker,Ocala,FL,34067,2018-03-16,Yes,Phone,Referral,<$50K
C006872,CL002,Sarah Gonzalez,Boca Raton,FL,34273,2018-01-12,No,SMS,Google Search,$150K+
C006873,CL007,Logan Ramirez,Lakeland,FL,34134,2021-08-07,No,Phone,Walk-In,$100K-$149K
C006874,CL001,Lauren Scott,Sarasota,FL,34378,2020-08-02,No,SMS,Social Media,$100K-$149K
C006875,CL006,Benjamin Nelson,Jacksonville,FL,34688,2022-03-13,No,SMS,Referral,$50K-$74K
C006876,CL009,Jessica Adams,Clearwater,FL,33834,2023-07-13,No,SMS,Referral,$100K-$149K
C006877,CL003,Mason Hernandez,Palm Coast,FL,34080,2020-04-29,No,Email,Google Search,$75K-$99K
C006878,CL008,Chloe Lee,Orlando,FL,32126,2021-01-30,Yes,SMS,Referral,$150K+
C006879,CL006,Sofia Campbell,St. Petersburg,FL,34777,2021-11-13,Yes,Phone,Google Search,$100K-$149K
C006880,CL001,James Wright,Pensacola,FL,32481,2022-01-08,Yes,Phone,Community Event,<$50K
C006881,CL007,Harper King,Palm Coast,FL,33744,2022-03-07,No,SMS,Walk-In,$150K+
C006882,CL006,Mateo Young,Fort Myers,FL,32261,2019-04-22,No,SMS,Walk-In,$50K-$74K
C006883,CL011,Megan Thompson,Miami,FL,34124,2021-06-11,Yes,Email,Existing Client,$50K-$74K
C006884,CL010,Ethan Harris,Fort Myers,FL,33784,2019-11-28,Yes,SMS,Google Search,<$50K
C006885,CL002,Emma Perez,Boca Raton,FL,32676,2021-11-19,Yes,Phone,Social Media,$100K-$149K
C006886,CL012,Mason Green,Newberry,FL,32496,2020-06-09,Yes,Phone,Google Search,$100K-$149K
C006887,CL010,Megan Adams,Pensacola,FL,32967,2020-05-10,Yes,SMS,Referral,<$50K
C006888,CL003,Jason Williams,Fort Myers,FL,34305,2018-09-26,Yes,Phone,Community Event,$50K-$74K
C006889,CL010,Kevin Ramirez,Jacksonville,FL,32129,2021-09-19,Yes,SMS,Walk-In,<$50K
C006890,CL009,Mason Hall,Boca Raton,FL,32505,2021-02-03,Yes,SMS,Existing Client,$100K-$149K
C006891,CL008,James Johnson,Alachua,FL,34650,2020-10-07,Yes,SMS,Social Media,$75K-$99K
C006892,CL003,Jackson Martinez,St. Petersburg,FL,33853,2021-05-16,Yes,SMS,Existing Client,<$50K
C006893,CL003,Amelia Scott,Clearwater,FL,32769,2021-06-19,Yes,Phone,Community Event,$100K-$149K
C006894,CL011,Benjamin Johnson,Tampa,FL,32805,2018-05-01,Yes,SMS,Walk-In,$50K-$74K
C006895,CL003,Chloe Brown,Orlando,FL,34661,2018-10-14,Yes,Phone,Google Search,$50K-$74K
C006896,CL002,Ethan Lopez,Gainesville,FL,34528,2022-08-27,No,Phone,Community Event,<$50K
C006897,CL004,David Lopez,Lake City,FL,32168,2021-01-14,Yes,Email,Community Event,$100K-$149K
C006898,CL010,Megan Johnson,Newberry,FL,32780,2018-09-12,Yes,SMS,Referral,<$50K
C006899,CL004,Olivia Garcia,Clearwater,FL,33546,2020-06-12,Yes,SMS,Walk-In,$100K-$149K
C006900,CL010,Michael Thompson,Palm Coast,FL,33337,2019-04-14,No,Phone,Google Search,$75K-$99K
C006901,CL009,Jessica Campbell,Pensacola,FL,34734,2023-11-09,No,Email,Google Search,$75K-$99K
C006902,CL002,Luna Hill,Boca Raton,FL,32310,2023-12-05,No,SMS,Social Media,$50K-$74K
C006903,CL010,Emily Gonzalez,Clearwater,FL,32988,2021-09-13,Yes,SMS,Existing Client,$75K-$99K
C006904,CL009,Rachel Young,Naples,FL,33893,2023-05-12,No,SMS,Community Event,$150K+
C006905,CL004,Lauren Hill,Tallahassee,FL,33763,2019-03-18,Yes,SMS,Social Media,<$50K
C006906,CL011,Daniel Lee,Newberry,FL,34859,2023-03-17,Yes,Phone,Community Event,$75K-$99K
C006907,CL006,Amanda Sanchez,Naples,FL,32421,2018-02-14,Yes,Email,Social Media,$100K-$149K
C006908,CL009,Camila Wright,Gainesville,FL,32389,2020-02-13,Yes,SMS,Community Event,$75K-$99K
C006909,CL001,Isabella Rodriguez,Lakeland,FL,32319,2018-06-27,Yes,SMS,Existing Client,<$50K
C006910,CL012,Nick Johnson,Lakeland,FL,34485,2020-03-16,No,Email,Social Media,$150K+
C006911,CL010,Harper Garcia,Lakeland,FL,33775,2021-11-07,Yes,Email,Google Search,$50K-$74K
C006912,CL006,Charlotte Gonzalez,Pensacola,FL,33094,2023-02-25,Yes,Email,Referral,$100K-$149K
C006913,CL007,Jessica Williams,Alachua,FL,34234,2019-03-17,Yes,Email,Existing Client,<$50K
C006914,CL007,Robert Rodriguez,Jacksonville,FL,34752,2022-05-12,Yes,SMS,Walk-In,$150K+
C006915,CL005,Camila Jackson,Naples,FL,34923,2018-05-24,No,Phone,Community Event,$100K-$149K
C006916,CL008,Audrey Ramirez,Miami,FL,32591,2023-06-24,No,SMS,Existing Client,$150K+
C006917,CL009,Rachel Perez,Sarasota,FL,32466,2019-10-19,No,SMS,Social Media,$50K-$74K
C006918,CL002,Lucas Young,Lake City,FL,34326,2019-03-16,Yes,SMS,Walk-In,$100K-$149K
C006919,CL009,Amelia Garcia,Lake City,FL,34002,2020-04-14,No,SMS,Social Media,$150K+
C006920,CL005,Liam Baker,Newberry,FL,33114,2019-11-17,Yes,Phone,Referral,$75K-$99K
C006921,CL007,Benjamin Clark,Alachua,FL,34435,2018-04-22,Yes,SMS,Referral,$150K+
C006922,CL005,Isabella Brown,Clearwater,FL,32962,2019-05-11,No,Phone,Community Event,<$50K
C006923,CL011,Mateo Miller,Gainesville,FL,32514,2019-09-14,No,Email,Referral,$150K+
C006924,CL008,James White,Naples,FL,32664,2023-05-16,Yes,SMS,Referral,$100K-$149K
C006925,CL011,Ethan Green,Naples,FL,32839,2020-10-03,Yes,SMS,Walk-In,$100K-$149K
C006926,CL003,Ethan Scott,Newberry,FL,34993,2018-08-28,No,Email,Social Media,$150K+
C006927,CL012,Sophia Taylor,Naples,FL,34243,2023-11-21,No,SMS,Walk-In,$100K-$149K
C006928,CL011,Camila Garcia,Clearwater,FL,34361,2019-09-09,Yes,Phone,Google Search,$50K-$74K
C006929,CL002,Nick White,Palm Coast,FL,32753,2020-11-04,No,Email,Community Event,$150K+
C006930,CL003,Noah Green,Naples,FL,32807,2019-09-19,No,Phone,Social Media,<$50K
C006931,CL006,Evelyn Martinez,Tallahassee,FL,32913,2021-09-15,Yes,Phone,Walk-In,$150K+
C006932,CL006,Isabella Carter,Tampa,FL,34101,2018-12-17,Yes,SMS,Referral,$75K-$99K
C006933,CL004,Emma Nguyen,Palm Coast,FL,34187,2022-01-28,Yes,Phone,Walk-In,<$50K
C006934,CL008,Luna Torres,Jacksonville,FL,34795,2018-05-31,Yes,SMS,Walk-In,$75K-$99K
C006935,CL010,Sophia Nelson,Clearwater,FL,33945,2019-02-03,No,SMS,Walk-In,$75K-$99K
C006936,CL010,Daniel Rivera,Sarasota,FL,34677,2022-08-05,Yes,SMS,Google Search,$100K-$149K
C006937,CL007,Henry Young,Lakeland,FL,34756,2021-09-09,Yes,Phone,Existing Client,$50K-$74K
C006938,CL007,Sofia Smith,Ocala,FL,32983,2020-10-09,No,Phone,Community Event,$100K-$149K
C006939,CL005,Ava Williams,Lakeland,FL,33960,2020-08-30,Yes,SMS,Walk-In,$50K-$74K
C006940,CL004,Kevin Baker,Tampa,FL,32005,2018-01-30,Yes,Phone,Google Search,$75K-$99K
C006941,CL007,Luna Hernandez,Ocala,FL,34571,2021-12-10,No,Email,Community Event,$150K+
C006942,CL010,Henry Ramirez,Miami,FL,32582,2023-07-24,Yes,Email,Referral,$100K-$149K
C006943,CL012,Emma Lopez,Lakeland,FL,32164,2020-04-23,No,Email,Existing Client,$75K-$99K
C006944,CL012,Harper Martinez,Pensacola,FL,34424,2021-10-21,Yes,Email,Existing Client,$100K-$149K
C006945,CL005,Benjamin Hill,Palm Coast,FL,32886,2018-05-27,Yes,SMS,Referral,$50K-$74K
C006946,CL011,Lucas Nelson,Naples,FL,33333,2023-02-23,No,Email,Existing Client,$50K-$74K
C006947,CL004,Olivia Lee,Miami,FL,34960,2019-02-09,Yes,SMS,Google Search,$100K-$149K
C006948,CL012,Evelyn Anderson,Orlando,FL,33186,2021-06-01,Yes,SMS,Referral,<$50K
C006949,CL009,Liam Davis,Alachua,FL,34217,2019-02-12,Yes,Email,Walk-In,$50K-$74K
C006950,CL003,Audrey Nelson,Lakeland,FL,33737,2023-04-28,No,SMS,Community Event,$100K-$149K
C006951,CL005,Luna Hall,Orlando,FL,34066,2017-12-29,Yes,Email,Social Media,$150K+
C006952,CL002,Daniel Rivera,Orlando,FL,34972,2018-02-06,Yes,Phone,Social Media,$150K+
C006953,CL002,Amelia Torres,Newberry,FL,33080,2020-12-27,Yes,SMS,Walk-In,<$50K
C006954,CL011,Henry Thomas,Jacksonville,FL,34850,2019-07-14,No,Email,Google Search,$150K+
C006955,CL001,Michael Vilaihong,Naples,FL,32484,2023-08-03,No,SMS,Community Event,<$50K
C006956,CL001,Mason Martinez,Tampa,FL,33103,2022-11-13,Yes,SMS,Google Search,$75K-$99K
C006957,CL003,Luna Walker,Miami,FL,32109,2022-08-06,No,Email,Referral,$150K+
C006958,CL001,Luna Robinson,Newberry,FL,32888,2020-03-22,Yes,SMS,Community Event,$50K-$74K
C006959,CL007,Grace Taylor,Naples,FL,32675,2020-02-09,Yes,Phone,Referral,$150K+
C006960,CL010,Nick Brown,Pensacola,FL,33810,2021-04-22,Yes,Phone,Walk-In,$50K-$74K
C006961,CL006,Lucas Davis,Newberry,FL,32623,2021-06-28,No,SMS,Existing Client,<$50K
C006962,CL009,Logan Thompson,Ocala,FL,34661,2018-03-27,No,SMS,Referral,$100K-$149K
C006963,CL010,Amanda Wilson,Sarasota,FL,33616,2020-07-30,Yes,SMS,Existing Client,<$50K
C006964,CL005,Isabella Wilson,Sarasota,FL,32987,2019-05-14,Yes,SMS,Walk-In,$75K-$99K
C006965,CL004,Jason Allen,Lake City,FL,33604,2018-04-27,No,Phone,Social Media,$150K+
C006966,CL006,Olivia Hill,Fort Myers,FL,32077,2021-05-31,Yes,SMS,Social Media,$75K-$99K
C006967,CL011,Olivia Green,Tampa,FL,34792,2023-04-06,Yes,Phone,Social Media,$50K-$74K
C006968,CL010,Kevin Scott,Pensacola,FL,34328,2020-12-22,Yes,SMS,Community Event,$50K-$74K
C006969,CL001,Mia Rodriguez,Tallahassee,FL,34335,2018-08-22,No,Phone,Google Search,$100K-$149K
C006970,CL011,Mia Jackson,Lakeland,FL,32724,2023-08-30,Yes,SMS,Existing Client,$75K-$99K
C006971,CL003,Michael Scott,Boca Raton,FL,32112,2019-12-17,Yes,SMS,Walk-In,$50K-$74K
C006972,CL003,Elijah Johnson,Tallahassee,FL,34692,2018-09-26,Yes,Phone,Referral,$75K-$99K
C006973,CL005,Jessica Rivera,Boca Raton,FL,33371,2021-09-13,No,Email,Referral,$75K-$99K
C006974,CL006,Emma Scott,Gainesville,FL,32154,2021-06-27,Yes,Phone,Walk-In,$75K-$99K
C006975,CL006,Henry Miller,Fort Myers,FL,34321,2020-01-26,Yes,SMS,Google Search,$150K+
C006976,CL003,Jessica Wilson,Lake City,FL,33180,2021-09-15,Yes,Email,Social Media,<$50K
C006977,CL002,Benjamin Adams,Orlando,FL,33031,2022-04-19,Yes,Phone,Google Search,$100K-$149K
C006978,CL010,Evelyn Walker,Tallahassee,FL,34898,2021-03-04,No,SMS,Existing Client,$150K+
C006979,CL011,Jason Clark,Alachua,FL,34314,2022-07-27,Yes,Phone,Community Event,$75K-$99K
C006980,CL006,Evelyn Young,St. Petersburg,FL,32643,2023-07-08,Yes,SMS,Social Media,$100K-$149K
C006981,CL011,David Young,Fort Myers,FL,33628,2021-10-21,Yes,Phone,Community Event,$50K-$74K
C006982,CL004,Nick Johnson,Orlando,FL,34592,2023-04-27,Yes,SMS,Social Media,$150K+
C006983,CL003,Lauren Brown,Newberry,FL,32022,2021-03-14,Yes,Email,Walk-In,$100K-$149K
C006984,CL008,Amelia Carter,Tallahassee,FL,33148,2021-03-11,No,SMS,Existing Client,$75K-$99K
C006985,CL002,Elijah Lewis,Newberry,FL,34862,2023-02-10,Yes,Email,Social Media,$50K-$74K
C006986,CL007,Jason Jones,Fort Myers,FL,33350,2022-05-24,Yes,SMS,Community Event,$150K+
C006987,CL005,Jason Wilson,Newberry,FL,32261,2018-10-21,Yes,SMS,Social Media,<$50K
C006988,CL009,Lucas Smith,Clearwater,FL,33143,2021-08-05,Yes,SMS,Community Event,$50K-$74K
C006989,CL010,Mason Thomas,Lakeland,FL,32868,2021-06-01,Yes,SMS,Referral,<$50K
C006990,CL006,Robert Mitchell,Lake City,FL,32995,2023-12-14,No,Email,Existing Client,$75K-$99K
C006991,CL012,Mateo White,Miami,FL,32900,2018-06-06,No,Email,Existing Client,<$50K
C006992,CL002,Robert Mitchell,Tampa,FL,33851,2019-08-01,No,SMS,Existing Client,$150K+
C006993,CL004,Michael King,Delray Beach,FL,32955,2022-02-28,Yes,SMS,Walk-In,$75K-$99K
C006994,CL005,Isabella Nelson,Naples,FL,34798,2020-04-19,Yes,SMS,Referral,<$50K
C006995,CL002,Sofia Johnson,Alachua,FL,34007,2023-11-15,Yes,Phone,Walk-In,$75K-$99K
C006996,CL012,Sophia Lee,Newberry,FL,32794,2021-01-07,No,Phone,Existing Client,$75K-$99K
C006997,CL001,Daniel Hall,Naples,FL,32641,2020-08-16,Yes,SMS,Walk-In,$75K-$99K
C006998,CL008,Camila Roberts,Lake City,FL,32910,2023-06-02,Yes,SMS,Social Media,$75K-$99K
C006999,CL012,Chloe Hall,Gainesville,FL,34238,2023-03-16,No,SMS,Existing Client,$50K-$74K
C007000,CL003,Evelyn Nelson,Naples,FL,33024,2018-02-12,Yes,SMS,Existing Client,$100K-$149K
C007001,CL005,Daniel Green,Tampa,FL,34117,2019-11-18,Yes,Email,Community Event,$75K-$99K
C007002,CL002,Lucas Mitchell,Tallahassee,FL,33069,2021-04-12,Yes,Email,Walk-In,<$50K
C007003,CL004,Amanda Carter,Gainesville,FL,34749,2018-01-16,Yes,Phone,Walk-In,$50K-$74K
C007004,CL004,Jessica Wilson,Orlando,FL,33395,2020-12-22,Yes,SMS,Existing Client,$75K-$99K
C007005,CL007,Luna Hill,Clearwater,FL,34800,2019-05-31,Yes,Email,Existing Client,$75K-$99K
C007006,CL012,Elijah Harris,Fort Myers,FL,33822,2020-07-03,Yes,SMS,Google Search,<$50K
C007007,CL010,Amelia Scott,Tampa,FL,34328,2021-02-27,No,SMS,Walk-In,$50K-$74K
C007008,CL003,Ava Taylor,Palm Coast,FL,33574,2020-10-11,Yes,Phone,Google Search,$150K+
C007009,CL012,Sophia Harris,Pensacola,FL,33739,2022-06-11,Yes,SMS,Community Event,<$50K
C007010,CL006,Liam White,St. Petersburg,FL,32981,2020-11-29,No,Email,Referral,$150K+
C007011,CL011,Ella Walker,Ocala,FL,34014,2020-12-26,Yes,SMS,Social Media,$150K+
C007012,CL008,Amelia Garcia,Tallahassee,FL,34755,2022-07-24,Yes,Phone,Social Media,$150K+
C007013,CL004,Emily Hall,Orlando,FL,32874,2020-05-10,Yes,SMS,Existing Client,$100K-$149K
C007014,CL001,Liam Vilaihong,Miami,FL,33102,2022-01-09,Yes,Email,Walk-In,$75K-$99K
C007015,CL007,Chloe Brown,Lake City,FL,32391,2019-02-20,Yes,SMS,Community Event,<$50K
C007016,CL005,Luna Thomas,Orlando,FL,32336,2018-07-15,Yes,SMS,Existing Client,<$50K
C007017,CL002,Evelyn Garcia,Lakeland,FL,32772,2023-02-04,Yes,Phone,Walk-In,<$50K
C007018,CL003,Ava Jackson,Palm Coast,FL,33053,2022-11-26,Yes,Email,Existing Client,$100K-$149K
C007019,CL001,Rachel Young,Clearwater,FL,33438,2023-07-06,No,Email,Referral,$50K-$74K
C007020,CL003,Lauren Harris,Fort Myers,FL,34113,2020-04-23,Yes,SMS,Referral,<$50K
C007021,CL004,Ella Wright,Sarasota,FL,33965,2018-11-14,Yes,Phone,Referral,<$50K
C007022,CL011,Evelyn Hernandez,St. Petersburg,FL,33036,2018-03-15,Yes,Email,Social Media,$150K+
C007023,CL012,Ryan White,Jacksonville,FL,33778,2019-06-22,No,SMS,Existing Client,$75K-$99K
C007024,CL011,Elijah Jones,Tampa,FL,33072,2023-12-20,No,SMS,Google Search,$100K-$149K
C007025,CL011,Grace Davis,Clearwater,FL,33763,2019-12-08,No,Email,Referral,$50K-$74K
C007026,CL006,Nick Scott,Gainesville,FL,32399,2021-11-22,Yes,SMS,Community Event,<$50K
C007027,CL003,Ava Clark,Jacksonville,FL,33986,2023-04-20,Yes,Phone,Existing Client,$150K+
C007028,CL012,Mason Hernandez,Newberry,FL,33975,2019-12-04,Yes,Phone,Social Media,$100K-$149K
C007029,CL006,Charlotte Green,Newberry,FL,32769,2021-03-29,No,SMS,Community Event,<$50K
C007030,CL008,Audrey Walker,St. Petersburg,FL,32935,2018-05-03,No,SMS,Community Event,$100K-$149K
C007031,CL001,Sophia Young,Orlando,FL,33476,2018-01-26,Yes,SMS,Community Event,$50K-$74K
C007032,CL009,Evelyn Wright,Boca Raton,FL,33279,2023-10-26,Yes,Phone,Social Media,<$50K
C007033,CL012,Kevin Clark,Ocala,FL,33126,2020-08-15,No,SMS,Referral,$75K-$99K
C007034,CL001,Mason Thompson,Boca Raton,FL,34803,2019-01-24,No,Email,Walk-In,$75K-$99K
C007035,CL001,Liam Baker,Palm Coast,FL,33427,2021-07-12,Yes,SMS,Existing Client,$100K-$149K
C007036,CL011,Audrey Campbell,Pensacola,FL,33639,2019-11-15,No,SMS,Social Media,$100K-$149K
C007037,CL004,Noah Anderson,Clearwater,FL,32904,2020-11-14,No,SMS,Referral,<$50K
C007038,CL011,James Lewis,Lakeland,FL,34694,2022-04-18,Yes,Phone,Walk-In,$75K-$99K
C007039,CL002,Benjamin Perez,St. Petersburg,FL,33264,2018-03-15,Yes,Phone,Community Event,$50K-$74K
C007040,CL006,Chloe Ramirez,Jacksonville,FL,33171,2018-05-28,No,SMS,Walk-In,$100K-$149K
C007041,CL006,Chloe Nelson,Fort Myers,FL,32093,2019-05-16,Yes,SMS,Social Media,$150K+
C007042,CL009,Robert Torres,Tallahassee,FL,34797,2019-06-23,Yes,Phone,Community Event,$100K-$149K
C007043,CL004,Robert Williams,Lake City,FL,33494,2022-06-25,No,Email,Referral,<$50K
C007044,CL001,Kevin Green,Naples,FL,33927,2021-06-26,Yes,Email,Referral,<$50K
C007045,CL004,Camila Garcia,St. Petersburg,FL,33294,2018-10-22,Yes,SMS,Community Event,$50K-$74K
C007046,CL003,Jason Green,Jacksonville,FL,33706,2021-05-26,Yes,SMS,Social Media,$50K-$74K
C007047,CL007,Emily Gonzalez,Tampa,FL,32137,2021-05-01,No,Email,Referral,$50K-$74K
C007048,CL004,Isabella Scott,Palm Coast,FL,32396,2018-02-05,No,Phone,Walk-In,$100K-$149K
C007049,CL010,Ashley Moore,Jacksonville,FL,32573,2018-04-27,No,SMS,Walk-In,$150K+
C007050,CL007,Daniel Scott,Tampa,FL,32446,2021-02-21,No,Phone,Google Search,$150K+
C007051,CL004,Ethan Thomas,Naples,FL,32765,2022-05-07,No,SMS,Walk-In,<$50K
C007052,CL001,Emily Thompson,Alachua,FL,33799,2023-09-02,Yes,Phone,Walk-In,$150K+
C007053,CL010,Mason Williams,Boca Raton,FL,32780,2022-02-01,No,Phone,Google Search,$150K+
C007054,CL007,Charlotte Brown,Pensacola,FL,32768,2019-11-27,No,SMS,Referral,$100K-$149K
C007055,CL008,Mason Anderson,Sarasota,FL,34349,2022-07-27,Yes,Email,Walk-In,<$50K
C007056,CL002,Isabella Lee,Lake City,FL,32966,2023-12-13,No,Email,Walk-In,$75K-$99K
C007057,CL002,Henry Williams,Ocala,FL,34310,2023-05-26,Yes,Phone,Referral,$150K+
C007058,CL006,Amelia Ramirez,Pensacola,FL,33355,2022-08-29,Yes,Phone,Community Event,$75K-$99K
C007059,CL008,Chloe Wright,Boca Raton,FL,33992,2021-11-23,Yes,Phone,Google Search,$150K+
C007060,CL008,Chloe Allen,Lake City,FL,33443,2019-07-26,No,SMS,Google Search,$100K-$149K
C007061,CL009,Mia White,Clearwater,FL,32608,2022-04-29,Yes,SMS,Community Event,$100K-$149K
C007062,CL006,Jessica Lopez,Tampa,FL,33088,2022-12-13,Yes,Phone,Community Event,$50K-$74K
C007063,CL006,Harper Mitchell,St. Petersburg,FL,33279,2020-01-18,No,SMS,Community Event,<$50K
C007064,CL012,Jason Jones,Orlando,FL,34169,2022-05-14,No,Email,Social Media,<$50K
C007065,CL006,Jackson Harris,Clearwater,FL,32394,2022-07-27,Yes,Phone,Google Search,$50K-$74K
C007066,CL001,Sofia Anderson,Pensacola,FL,32939,2023-03-10,Yes,Phone,Existing Client,$50K-$74K
C007067,CL010,David Brown,Fort Myers,FL,34357,2018-11-13,Yes,SMS,Social Media,$100K-$149K
C007068,CL005,Olivia Baker,Lakeland,FL,33701,2021-08-01,Yes,Phone,Community Event,$75K-$99K
C007069,CL010,Charlotte Rivera,Alachua,FL,32383,2020-05-27,No,Email,Google Search,$50K-$74K
C007070,CL001,Jack Garcia,Clearwater,FL,32069,2019-09-19,Yes,SMS,Referral,$75K-$99K
C007071,CL006,Amanda Johnson,Orlando,FL,33365,2019-12-03,Yes,SMS,Referral,$50K-$74K
C007072,CL007,Mateo Moore,Tallahassee,FL,32148,2021-02-01,Yes,Email,Referral,$150K+
C007073,CL007,Liam Vilaihong,Palm Coast,FL,33754,2019-01-07,No,SMS,Google Search,$100K-$149K
C007074,CL003,Henry White,Orlando,FL,34300,2020-03-19,Yes,SMS,Social Media,$150K+
C007075,CL007,Emily Nelson,Newberry,FL,34061,2021-10-28,Yes,SMS,Walk-In,$100K-$149K
C007076,CL007,Audrey Garcia,Fort Myers,FL,32625,2020-10-04,Yes,SMS,Community Event,<$50K
C007077,CL009,Mia Anderson,Alachua,FL,33042,2018-09-08,Yes,SMS,Referral,$75K-$99K
C007078,CL008,Lucas Allen,Miami,FL,34507,2020-09-21,Yes,SMS,Google Search,$100K-$149K
C007079,CL002,Nick Walker,Naples,FL,34047,2023-02-04,Yes,Email,Walk-In,$150K+
C007080,CL002,Mateo Smith,Alachua,FL,33918,2022-11-26,No,SMS,Walk-In,$50K-$74K
C007081,CL005,Evelyn Martin,Clearwater,FL,34814,2018-01-16,No,SMS,Community Event,$75K-$99K
C007082,CL005,Mia Flores,Tampa,FL,32714,2022-11-04,Yes,Email,Walk-In,$50K-$74K
C007083,CL010,Luna Anderson,Lakeland,FL,34146,2019-07-23,Yes,SMS,Google Search,$75K-$99K
C007084,CL011,Jack Ramirez,Newberry,FL,32940,2019-11-11,No,SMS,Google Search,$150K+
C007085,CL008,Liam Walker,Sarasota,FL,34259,2022-08-07,Yes,Phone,Existing Client,$100K-$149K
C007086,CL004,Kevin Thomas,Lake City,FL,32120,2022-11-09,Yes,SMS,Social Media,$75K-$99K
C007087,CL012,Chloe Thompson,Fort Myers,FL,34511,2019-07-20,Yes,Email,Existing Client,<$50K
C007088,CL005,Megan Mitchell,Palm Coast,FL,34982,2018-06-27,Yes,Phone,Referral,$100K-$149K
C007089,CL001,Audrey King,Tampa,FL,33702,2018-09-08,No,Email,Referral,$50K-$74K
C007090,CL011,Elijah Gonzalez,Newberry,FL,32539,2019-09-02,No,Email,Existing Client,$75K-$99K
C007091,CL011,Sarah Anderson,Alachua,FL,34685,2018-01-26,No,SMS,Social Media,<$50K
C007092,CL001,Olivia Campbell,Ocala,FL,33299,2020-06-01,Yes,SMS,Walk-In,$50K-$74K
C007093,CL002,Amelia Lewis,Boca Raton,FL,34615,2022-02-05,No,Email,Social Media,$50K-$74K
C007094,CL005,James Wright,St. Petersburg,FL,32854,2018-01-09,No,Phone,Walk-In,$150K+
C007095,CL009,Jason White,Lakeland,FL,34865,2023-04-03,Yes,SMS,Referral,$75K-$99K
C007096,CL003,Isabella Baker,Miami,FL,32317,2023-10-28,Yes,SMS,Existing Client,$150K+
C007097,CL007,Sarah King,St. Petersburg,FL,34054,2020-05-22,Yes,SMS,Community Event,$150K+
C007098,CL003,Camila Roberts,Miami,FL,32449,2022-01-30,No,SMS,Walk-In,<$50K
C007099,CL011,Ella Mitchell,Tampa,FL,33281,2023-09-22,Yes,SMS,Google Search,$150K+
C007100,CL010,Lucas Taylor,Delray Beach,FL,34746,2022-10-01,Yes,SMS,Walk-In,$100K-$149K
C007101,CL001,Amelia Baker,Gainesville,FL,33745,2018-01-09,No,SMS,Social Media,$50K-$74K
C007102,CL001,Nick Lee,Sarasota,FL,32488,2019-03-17,Yes,SMS,Community Event,$75K-$99K
C007103,CL006,Megan Green,Tallahassee,FL,34991,2023-03-31,Yes,Phone,Google Search,<$50K
C007104,CL003,Kevin Young,Alachua,FL,34331,2021-06-15,Yes,SMS,Community Event,$100K-$149K
C007105,CL005,Kevin Gonzalez,Orlando,FL,33083,2022-06-29,No,SMS,Walk-In,<$50K
C007106,CL001,Amelia Williams,Tallahassee,FL,34901,2018-08-31,Yes,Email,Walk-In,<$50K
C007107,CL003,Benjamin Allen,St. Petersburg,FL,32877,2023-10-12,Yes,SMS,Social Media,<$50K
C007108,CL003,Harper Mitchell,Delray Beach,FL,34971,2022-10-23,Yes,SMS,Google Search,$150K+
C007109,CL009,Chloe Roberts,Tampa,FL,32975,2018-01-03,No,SMS,Referral,$150K+
C007110,CL007,Lauren Gonzalez,Delray Beach,FL,32754,2020-10-16,Yes,SMS,Community Event,$150K+
C007111,CL002,Luna Martin,Pensacola,FL,32430,2021-11-17,Yes,SMS,Community Event,$100K-$149K
C007112,CL007,Nick Gonzalez,Fort Myers,FL,33292,2023-11-08,No,Phone,Existing Client,$100K-$149K
C007113,CL005,Logan Williams,Newberry,FL,34905,2022-01-21,Yes,Phone,Social Media,$75K-$99K
C007114,CL007,Ashley Rivera,Gainesville,FL,33692,2021-11-04,No,SMS,Existing Client,$150K+
C007115,CL010,Grace Brown,Clearwater,FL,32830,2021-06-09,Yes,Email,Walk-In,$150K+
C007116,CL008,Jackson Sanchez,Lake City,FL,34154,2022-10-15,Yes,SMS,Community Event,$150K+
C007117,CL003,Nick Nelson,Lake City,FL,32269,2021-04-11,Yes,Phone,Community Event,<$50K
C007118,CL011,Benjamin Vilaihong,Miami,FL,34041,2018-09-06,Yes,Phone,Referral,$75K-$99K
C007119,CL007,Benjamin Rodriguez,Orlando,FL,33345,2019-06-17,Yes,SMS,Community Event,<$50K
C007120,CL012,Emily Green,Delray Beach,FL,32937,2022-09-15,No,SMS,Existing Client,$50K-$74K
C007121,CL006,Ethan Young,Fort Myers,FL,32123,2021-01-30,Yes,SMS,Referral,<$50K
C007122,CL002,Robert Rodriguez,Boca Raton,FL,34936,2022-11-05,Yes,SMS,Community Event,<$50K
C007123,CL010,Henry Hall,Newberry,FL,34541,2018-05-19,Yes,SMS,Existing Client,$75K-$99K
C007124,CL001,Mason Lopez,Naples,FL,34033,2023-03-19,No,Phone,Walk-In,$150K+
C007125,CL001,Luna Davis,Jacksonville,FL,32420,2021-02-03,No,SMS,Existing Client,$100K-$149K
C007126,CL003,Amanda Allen,Lakeland,FL,32404,2020-04-06,Yes,SMS,Walk-In,<$50K
C007127,CL012,Jason White,Fort Myers,FL,34975,2022-05-11,Yes,Email,Community Event,$50K-$74K
C007128,CL002,Isabella Hill,Delray Beach,FL,32478,2021-08-18,Yes,SMS,Walk-In,$150K+
C007129,CL007,Ashley Rivera,Naples,FL,32452,2022-08-17,No,Email,Social Media,$100K-$149K
C007130,CL009,Liam Wilson,Pensacola,FL,32564,2022-02-07,No,Email,Social Media,$50K-$74K
C007131,CL005,Chloe Torres,Pensacola,FL,32249,2021-10-14,No,Email,Social Media,$75K-$99K
C007132,CL007,Chloe Nguyen,Fort Myers,FL,34665,2022-01-21,Yes,Email,Google Search,$75K-$99K
C007133,CL008,Logan Green,Jacksonville,FL,33509,2021-01-14,Yes,Phone,Social Media,$50K-$74K
C007134,CL006,James Wilson,Pensacola,FL,34626,2019-07-21,No,Phone,Referral,$50K-$74K
C007135,CL012,Amanda Harris,Clearwater,FL,32631,2020-08-03,No,Email,Social Media,<$50K
C007136,CL008,Ava Vilaihong,Lake City,FL,32445,2021-03-25,Yes,Phone,Google Search,$50K-$74K
C007137,CL008,Ashley Johnson,Jacksonville,FL,34288,2023-12-01,Yes,SMS,Social Media,<$50K
C007138,CL006,Nick Sanchez,Gainesville,FL,34633,2022-04-15,Yes,SMS,Social Media,$150K+
C007139,CL011,Jessica Nguyen,Lakeland,FL,33907,2018-02-26,Yes,Phone,Walk-In,$150K+
C007140,CL009,Noah Campbell,St. Petersburg,FL,34480,2020-05-31,Yes,Phone,Google Search,$75K-$99K
C007141,CL010,Olivia Roberts,Pensacola,FL,34559,2019-11-19,Yes,SMS,Google Search,$150K+
C007142,CL006,Ava Thomas,Delray Beach,FL,32194,2020-06-28,No,SMS,Google Search,$100K-$149K
C007143,CL012,Evelyn Roberts,Sarasota,FL,32273,2023-09-05,Yes,Phone,Google Search,$100K-$149K
C007144,CL003,Lucas Williams,Miami,FL,33735,2019-06-11,Yes,Email,Social Media,$75K-$99K
C007145,CL011,Logan Davis,St. Petersburg,FL,34052,2023-11-17,Yes,Email,Walk-In,<$50K
C007146,CL010,Chloe Perez,Fort Myers,FL,32711,2019-05-23,No,SMS,Referral,$150K+
C007147,CL008,David Harris,Lake City,FL,34922,2019-01-30,Yes,SMS,Social Media,$100K-$149K
C007148,CL011,Henry King,Fort Myers,FL,33638,2023-06-13,Yes,Phone,Walk-In,<$50K
C007149,CL004,Ella Hill,Gainesville,FL,34446,2022-01-02,No,SMS,Existing Client,$150K+
C007150,CL009,Olivia Nguyen,Boca Raton,FL,33371,2022-07-10,No,Phone,Existing Client,$75K-$99K
C007151,CL011,Benjamin Johnson,Tampa,FL,32745,2021-05-11,Yes,Phone,Community Event,<$50K
C007152,CL005,Ashley Rodriguez,Newberry,FL,32580,2018-07-04,Yes,Email,Social Media,$75K-$99K
C007153,CL002,Noah King,Clearwater,FL,33304,2018-09-22,Yes,SMS,Existing Client,$75K-$99K
C007154,CL003,Nick Davis,Orlando,FL,34294,2023-11-14,Yes,SMS,Walk-In,<$50K
C007155,CL004,David Wright,Boca Raton,FL,34614,2021-02-06,Yes,SMS,Walk-In,$50K-$74K
C007156,CL004,Amelia Hernandez,Lakeland,FL,32887,2019-12-02,Yes,Phone,Existing Client,$150K+
C007157,CL002,Michael Moore,Jacksonville,FL,33777,2018-04-08,Yes,SMS,Google Search,$150K+
C007158,CL008,Jackson Harris,Naples,FL,33699,2019-02-07,Yes,SMS,Community Event,$75K-$99K
C007159,CL012,Sophia Carter,Lake City,FL,34492,2020-09-10,Yes,SMS,Walk-In,$100K-$149K
C007160,CL009,Emily Lopez,St. Petersburg,FL,32397,2023-06-11,Yes,Phone,Existing Client,$75K-$99K
C007161,CL002,Megan Clark,Palm Coast,FL,34254,2023-06-01,Yes,SMS,Social Media,$75K-$99K
C007162,CL011,Noah Wright,Orlando,FL,34404,2021-09-29,Yes,SMS,Social Media,<$50K
C007163,CL008,Daniel King,St. Petersburg,FL,32061,2022-08-06,Yes,Phone,Referral,$150K+
C007164,CL003,Ryan Ramirez,Orlando,FL,32736,2020-09-21,Yes,Email,Community Event,<$50K
C007165,CL009,Michael Lewis,Gainesville,FL,34350,2020-01-22,Yes,Email,Social Media,$75K-$99K
C007166,CL005,Evelyn Brown,Tallahassee,FL,33345,2019-05-30,Yes,Email,Google Search,$150K+
C007167,CL011,Amanda Moore,Tampa,FL,34674,2022-05-07,Yes,Email,Referral,<$50K
C007168,CL012,Mateo Walker,Lakeland,FL,34779,2022-08-15,Yes,Phone,Community Event,$100K-$149K
C007169,CL009,Jack Davis,Alachua,FL,33358,2020-11-30,Yes,SMS,Social Media,$150K+
C007170,CL002,Benjamin Perez,Sarasota,FL,32125,2020-10-01,Yes,Email,Google Search,$50K-$74K
C007171,CL002,Nick Hill,Lake City,FL,34491,2022-05-06,Yes,SMS,Social Media,<$50K
C007172,CL001,Lauren Williams,Sarasota,FL,32255,2019-10-12,No,Email,Google Search,$75K-$99K
C007173,CL012,Olivia Lopez,Ocala,FL,33523,2020-05-16,Yes,SMS,Community Event,<$50K
C007174,CL004,Jackson Robinson,Alachua,FL,33455,2023-02-07,Yes,Email,Social Media,$75K-$99K
C007175,CL007,David Scott,Ocala,FL,34375,2020-01-16,No,SMS,Community Event,$100K-$149K
C007176,CL012,Charlotte Scott,Jacksonville,FL,33841,2019-09-27,Yes,SMS,Walk-In,$150K+
C007177,CL003,Ethan Hill,Gainesville,FL,33831,2019-10-26,Yes,Email,Community Event,$50K-$74K
C007178,CL008,Audrey Lewis,Tallahassee,FL,33549,2023-09-24,Yes,SMS,Community Event,$50K-$74K
C007179,CL008,Chloe Smith,Delray Beach,FL,32224,2018-11-20,Yes,SMS,Referral,$100K-$149K
C007180,CL008,Jessica Hall,Miami,FL,33992,2020-07-08,Yes,SMS,Existing Client,$100K-$149K
C007181,CL010,Elijah Davis,Tampa,FL,33794,2022-10-13,Yes,Phone,Community Event,$50K-$74K
C007182,CL001,Evelyn Rodriguez,Gainesville,FL,33935,2021-03-09,Yes,Phone,Existing Client,$150K+
C007183,CL008,Jason Thomas,Orlando,FL,33533,2021-07-02,No,Phone,Google Search,$75K-$99K
C007184,CL012,Ryan Clark,Newberry,FL,33009,2019-04-30,No,SMS,Existing Client,$150K+
C007185,CL003,Mateo Garcia,Clearwater,FL,32527,2018-11-18,No,Email,Walk-In,$75K-$99K
C007186,CL006,Sofia Rodriguez,Gainesville,FL,33326,2022-02-14,Yes,Email,Walk-In,$150K+
C007187,CL011,Megan Hill,Tampa,FL,34485,2022-07-11,Yes,Email,Community Event,$50K-$74K
C007188,CL003,Ava Walker,Delray Beach,FL,33484,2018-01-06,Yes,Email,Social Media,$100K-$149K
C007189,CL007,Grace Williams,Sarasota,FL,34399,2023-04-03,No,SMS,Social Media,$75K-$99K
C007190,CL005,Noah Carter,Ocala,FL,32284,2023-04-26,Yes,Email,Social Media,$100K-$149K
C007191,CL002,Mason Walker,Ocala,FL,33008,2019-04-04,Yes,SMS,Referral,$50K-$74K
C007192,CL001,Emma Campbell,Jacksonville,FL,32473,2022-09-13,Yes,SMS,Community Event,$150K+
C007193,CL010,Chloe Vilaihong,Lakeland,FL,32044,2023-11-05,Yes,SMS,Community Event,$75K-$99K
C007194,CL004,Olivia Nguyen,Alachua,FL,32416,2022-01-15,No,SMS,Google Search,$100K-$149K
C007195,CL005,Ethan Walker,Newberry,FL,34345,2022-12-19,Yes,SMS,Referral,$100K-$149K
C007196,CL004,Sophia Flores,Lakeland,FL,34928,2023-05-12,Yes,SMS,Community Event,$75K-$99K
C007197,CL006,Mason Roberts,Clearwater,FL,32757,2020-11-14,No,Email,Referral,$100K-$149K
C007198,CL011,Mason Wright,Alachua,FL,34239,2022-11-10,Yes,Email,Google Search,$75K-$99K
C007199,CL010,Audrey Mitchell,Tallahassee,FL,32177,2021-09-27,Yes,SMS,Referral,<$50K
C007200,CL002,David Nelson,Tallahassee,FL,34671,2019-10-10,Yes,Email,Google Search,$100K-$149K
C007201,CL010,Evelyn Vilaihong,Palm Coast,FL,33623,2021-06-27,No,Phone,Social Media,$100K-$149K
C007202,CL003,Benjamin Garcia,Lakeland,FL,32407,2021-03-20,Yes,Phone,Existing Client,$75K-$99K
C007203,CL003,Evelyn Hall,Alachua,FL,34893,2019-01-21,No,SMS,Google Search,<$50K
C007204,CL010,Jason Lopez,Ocala,FL,32694,2021-04-22,No,SMS,Community Event,$50K-$74K
C007205,CL008,Audrey Wright,Lake City,FL,34050,2022-01-07,No,SMS,Referral,$100K-$149K
C007206,CL006,Evelyn Hernandez,Lakeland,FL,33301,2022-08-21,Yes,SMS,Google Search,$150K+
C007207,CL005,Michael Lewis,Clearwater,FL,34710,2018-02-03,Yes,SMS,Community Event,$50K-$74K
C007208,CL004,Harper Young,Palm Coast,FL,34309,2021-10-24,No,SMS,Referral,$50K-$74K
C007209,CL009,Lucas Anderson,Delray Beach,FL,33818,2018-04-04,No,SMS,Social Media,$50K-$74K
C007210,CL010,Lauren Williams,Orlando,FL,34448,2018-08-04,No,Email,Referral,$50K-$74K
C007211,CL012,Charlotte White,Lake City,FL,32431,2020-05-05,Yes,Phone,Community Event,<$50K
C007212,CL007,Amanda Johnson,Tallahassee,FL,33493,2022-05-21,Yes,Phone,Walk-In,$100K-$149K
C007213,CL009,Ella Carter,Newberry,FL,34960,2018-02-11,Yes,SMS,Referral,$75K-$99K
C007214,CL012,Henry Anderson,Miami,FL,33689,2022-11-18,No,Email,Existing Client,$50K-$74K
C007215,CL008,Ella Martinez,Alachua,FL,32868,2023-03-18,Yes,Email,Social Media,<$50K
C007216,CL006,Ryan Walker,Lakeland,FL,33898,2019-04-21,Yes,Email,Community Event,$75K-$99K
C007217,CL008,James Martinez,Lakeland,FL,32613,2019-06-06,No,Email,Google Search,<$50K
C007218,CL001,Evelyn Torres,Tallahassee,FL,32245,2020-01-20,Yes,SMS,Social Media,$100K-$149K
C007219,CL009,Ryan Davis,Pensacola,FL,33324,2021-12-21,Yes,Phone,Social Media,$50K-$74K
C007220,CL005,Grace Nguyen,Newberry,FL,32098,2023-07-25,Yes,Phone,Google Search,$100K-$149K
C007221,CL004,Elijah Rodriguez,Naples,FL,32131,2023-06-14,Yes,Phone,Social Media,<$50K
C007222,CL007,Amelia Ramirez,Lakeland,FL,32371,2022-08-20,Yes,Email,Walk-In,<$50K
C007223,CL008,Chloe Roberts,Boca Raton,FL,32423,2020-12-24,No,SMS,Google Search,$150K+
C007224,CL008,Evelyn Brown,Boca Raton,FL,34239,2019-11-23,No,Phone,Referral,$75K-$99K
C007225,CL011,Ava Taylor,Alachua,FL,34761,2022-10-06,Yes,Email,Walk-In,<$50K
C007226,CL001,Elijah Gonzalez,Jacksonville,FL,33719,2023-07-29,Yes,SMS,Existing Client,$150K+
C007227,CL012,David Lopez,Delray Beach,FL,32597,2021-05-28,Yes,SMS,Referral,$75K-$99K
C007228,CL005,Noah King,Delray Beach,FL,34653,2018-01-07,No,Email,Existing Client,<$50K
C007229,CL004,Noah Thomas,Alachua,FL,33253,2022-11-16,No,SMS,Referral,$75K-$99K
C007230,CL012,Henry Thomas,Tampa,FL,33004,2023-08-23,Yes,Email,Walk-In,$75K-$99K
C007231,CL002,Ella Wright,Jacksonville,FL,34434,2020-04-15,No,Email,Walk-In,$150K+
C007232,CL004,Ella Lee,Alachua,FL,34323,2020-11-22,Yes,Email,Walk-In,$75K-$99K
C007233,CL007,Amelia Martin,Lake City,FL,33958,2020-10-01,No,SMS,Social Media,$50K-$74K
C007234,CL012,Ava Williams,Jacksonville,FL,34208,2022-02-07,Yes,SMS,Social Media,$75K-$99K
C007235,CL001,David Allen,Miami,FL,33903,2022-03-23,Yes,SMS,Referral,$50K-$74K
C007236,CL004,Emily Rodriguez,Tampa,FL,32040,2022-04-04,Yes,SMS,Google Search,<$50K
C007237,CL002,Mia Scott,Alachua,FL,32393,2018-05-17,Yes,Phone,Referral,<$50K
C007238,CL010,Olivia Thompson,Boca Raton,FL,34566,2020-10-25,Yes,Email,Existing Client,$75K-$99K
C007239,CL008,Benjamin Harris,Gainesville,FL,33104,2019-02-23,Yes,Email,Social Media,$75K-$99K
C007240,CL001,Sarah Lee,Jacksonville,FL,33039,2020-08-19,No,Email,Existing Client,$50K-$74K
C007241,CL002,Megan Rodriguez,Tampa,FL,33338,2018-07-17,Yes,Phone,Community Event,$100K-$149K
C007242,CL003,Audrey Green,Fort Myers,FL,32593,2023-03-02,Yes,Email,Community Event,$75K-$99K
C007243,CL003,Isabella White,Lakeland,FL,32010,2018-04-23,No,Phone,Walk-In,$75K-$99K
C007244,CL008,Benjamin Rodriguez,Miami,FL,33878,2019-09-06,Yes,Phone,Community Event,<$50K
C007245,CL002,Elijah Robinson,Tallahassee,FL,33920,2023-11-08,Yes,SMS,Google Search,$50K-$74K
C007246,CL005,Daniel Wright,Tampa,FL,34477,2021-02-16,No,SMS,Community Event,$100K-$149K
C007247,CL011,Jason Thomas,Alachua,FL,32966,2018-09-15,Yes,SMS,Referral,<$50K
C007248,CL008,Ella Rivera,Sarasota,FL,34102,2021-10-30,Yes,Phone,Existing Client,$50K-$74K
C007249,CL010,Mia Allen,Pensacola,FL,33281,2022-08-17,Yes,Phone,Community Event,$50K-$74K
C007250,CL011,Olivia Davis,Jacksonville,FL,34784,2018-07-02,No,Email,Community Event,$75K-$99K
C007251,CL007,Camila Wright,Pensacola,FL,34192,2018-11-06,No,Email,Existing Client,<$50K
C007252,CL011,Michael Walker,Lake City,FL,33779,2021-07-07,Yes,SMS,Referral,$100K-$149K
C007253,CL005,Ethan Rivera,Gainesville,FL,33578,2019-07-14,Yes,SMS,Community Event,<$50K
C007254,CL007,Noah Hernandez,Newberry,FL,33791,2019-09-14,No,Phone,Walk-In,$150K+
C007255,CL006,Henry Green,Lakeland,FL,33838,2023-09-11,Yes,Phone,Google Search,$50K-$74K
C007256,CL003,Emily Torres,Jacksonville,FL,34758,2020-03-28,No,SMS,Referral,<$50K
C007257,CL003,Jason Lee,Sarasota,FL,32956,2021-09-12,No,SMS,Social Media,$100K-$149K
C007258,CL008,Mason Thompson,Lakeland,FL,34284,2020-08-06,Yes,Phone,Existing Client,$75K-$99K
C007259,CL011,David Ramirez,Ocala,FL,34170,2020-08-17,Yes,SMS,Social Media,$75K-$99K
C007260,CL004,Grace Allen,Naples,FL,33014,2023-05-29,No,Phone,Community Event,<$50K
C007261,CL004,Emily Hall,Pensacola,FL,32531,2018-09-16,Yes,SMS,Walk-In,$150K+
C007262,CL005,Ethan Nguyen,Alachua,FL,34598,2020-01-01,Yes,SMS,Google Search,<$50K
C007263,CL011,Elijah Wilson,Pensacola,FL,32989,2020-08-18,No,SMS,Google Search,$75K-$99K
C007264,CL009,Amanda Adams,Fort Myers,FL,33183,2020-01-21,Yes,Email,Walk-In,$150K+
C007265,CL003,Robert Wright,Jacksonville,FL,32427,2021-07-01,No,Phone,Social Media,$150K+
C007266,CL009,Olivia Thompson,Fort Myers,FL,33358,2018-04-24,Yes,Email,Google Search,$50K-$74K
C007267,CL010,Ethan Miller,Palm Coast,FL,34262,2022-06-27,No,Email,Existing Client,$100K-$149K
C007268,CL004,Rachel Davis,Miami,FL,32608,2023-03-11,No,Email,Community Event,<$50K
C007269,CL003,Sofia Hall,Lakeland,FL,34677,2019-04-30,Yes,SMS,Existing Client,<$50K
C007270,CL010,Harper Clark,Sarasota,FL,34867,2023-07-23,No,Email,Existing Client,$75K-$99K
C007271,CL005,Logan Lewis,Delray Beach,FL,32610,2020-09-24,No,SMS,Walk-In,$50K-$74K
C007272,CL003,Rachel Thomas,Lakeland,FL,32124,2022-05-17,No,SMS,Referral,$50K-$74K
C007273,CL011,Henry Torres,Orlando,FL,33187,2022-05-09,No,SMS,Google Search,$150K+
C007274,CL007,Charlotte Vilaihong,Clearwater,FL,33529,2019-04-15,Yes,SMS,Community Event,$75K-$99K
C007275,CL006,Kevin Green,Lake City,FL,32572,2020-11-05,Yes,Phone,Social Media,$150K+
C007276,CL002,Jason Thomas,Palm Coast,FL,33209,2019-12-17,No,Email,Google Search,$50K-$74K
C007277,CL003,Ava Martinez,Lakeland,FL,33429,2019-03-23,Yes,Email,Referral,$75K-$99K
C007278,CL001,Mia Martinez,Naples,FL,33176,2019-06-12,Yes,SMS,Social Media,$150K+
C007279,CL001,Emma Rivera,Pensacola,FL,34352,2020-09-18,Yes,SMS,Walk-In,$150K+
C007280,CL006,Megan Brown,Pensacola,FL,34404,2021-08-12,Yes,SMS,Walk-In,$50K-$74K
C007281,CL003,Lauren Harris,Fort Myers,FL,34053,2020-09-10,Yes,Phone,Walk-In,$150K+
C007282,CL002,Jessica Davis,Boca Raton,FL,32186,2023-03-26,No,SMS,Walk-In,$150K+
C007283,CL008,Isabella Thomas,Miami,FL,33808,2020-02-26,No,Email,Google Search,<$50K
C007284,CL001,David Carter,Ocala,FL,33530,2018-11-12,No,SMS,Google Search,$50K-$74K
C007285,CL009,Mia Adams,St. Petersburg,FL,33142,2022-06-10,No,Phone,Referral,$75K-$99K
C007286,CL007,Logan Lopez,Miami,FL,33981,2020-09-27,No,Email,Google Search,$150K+
C007287,CL011,David Flores,Naples,FL,33378,2022-07-15,Yes,SMS,Walk-In,$75K-$99K
C007288,CL012,Audrey Taylor,Lakeland,FL,34925,2019-10-05,No,SMS,Walk-In,$50K-$74K
C007289,CL008,Sophia Wilson,Alachua,FL,33208,2020-04-03,No,Phone,Existing Client,$75K-$99K
C007290,CL010,Jack Wright,Ocala,FL,33474,2022-06-08,No,Email,Community Event,$50K-$74K
C007291,CL004,Kevin Baker,Tallahassee,FL,34491,2023-04-12,Yes,SMS,Existing Client,$50K-$74K
C007292,CL005,Camila Torres,Lakeland,FL,32128,2020-08-14,No,Email,Community Event,<$50K
C007293,CL004,Logan Vilaihong,Fort Myers,FL,32047,2022-04-09,No,Phone,Social Media,$100K-$149K
C007294,CL003,Logan Johnson,Newberry,FL,32531,2020-10-05,Yes,SMS,Existing Client,<$50K
C007295,CL002,Sarah Flores,St. Petersburg,FL,34235,2020-06-14,Yes,SMS,Community Event,<$50K
C007296,CL006,Ashley Lee,Fort Myers,FL,32266,2018-08-23,No,SMS,Community Event,$50K-$74K
C007297,CL004,Emily Anderson,Fort Myers,FL,32064,2018-08-31,Yes,SMS,Walk-In,<$50K
C007298,CL009,Michael Smith,Alachua,FL,33575,2023-10-08,Yes,SMS,Google Search,<$50K
C007299,CL002,Jackson Campbell,Delray Beach,FL,32843,2020-02-22,No,SMS,Existing Client,$50K-$74K
C007300,CL006,Rachel Anderson,Miami,FL,34677,2022-07-26,Yes,Email,Referral,<$50K
C007301,CL007,Henry Harris,Tampa,FL,32656,2018-04-14,Yes,Phone,Google Search,$150K+
C007302,CL001,Isabella Scott,Sarasota,FL,34165,2023-01-20,Yes,Email,Referral,$100K-$149K
C007303,CL003,Lauren Hernandez,Ocala,FL,32621,2022-09-08,Yes,SMS,Walk-In,$100K-$149K
C007304,CL011,Mia Carter,Miami,FL,32555,2020-07-04,Yes,SMS,Google Search,$75K-$99K
C007305,CL012,Emma Miller,St. Petersburg,FL,34392,2018-06-10,No,Phone,Google Search,$150K+
C007306,CL011,Rachel Allen,Lake City,FL,32492,2021-01-01,No,Phone,Google Search,$100K-$149K
C007307,CL003,Evelyn Scott,Delray Beach,FL,33239,2022-01-16,Yes,SMS,Community Event,$50K-$74K
C007308,CL003,Emily Nelson,St. Petersburg,FL,34200,2020-06-12,Yes,SMS,Referral,$150K+
C007309,CL011,Michael Davis,Palm Coast,FL,33920,2019-11-22,Yes,SMS,Referral,$50K-$74K
C007310,CL012,Daniel Carter,Sarasota,FL,33623,2020-07-30,No,SMS,Community Event,$50K-$74K
C007311,CL003,Nick Garcia,Alachua,FL,33519,2022-05-18,Yes,Email,Existing Client,$50K-$74K
C007312,CL006,Ava Thomas,Alachua,FL,34955,2022-05-01,No,Email,Google Search,$50K-$74K
C007313,CL005,Camila White,St. Petersburg,FL,34360,2020-12-25,No,Phone,Google Search,$100K-$149K
C007314,CL011,Mason King,Palm Coast,FL,33746,2020-09-04,No,SMS,Social Media,$150K+
C007315,CL008,Emily Lewis,Tampa,FL,32188,2020-09-26,Yes,SMS,Social Media,$100K-$149K
C007316,CL012,Robert Campbell,Miami,FL,32752,2021-07-28,No,Email,Walk-In,<$50K
C007317,CL012,Amanda Hill,Palm Coast,FL,32705,2023-03-14,Yes,SMS,Existing Client,$75K-$99K
C007318,CL006,Audrey Carter,Miami,FL,34650,2019-11-14,No,SMS,Referral,$75K-$99K
C007319,CL005,Lauren Torres,Orlando,FL,34560,2021-05-24,Yes,SMS,Walk-In,$75K-$99K
C007320,CL004,Isabella Campbell,Orlando,FL,32767,2023-10-20,Yes,SMS,Google Search,$150K+
C007321,CL009,Liam Hill,Pensacola,FL,32601,2022-11-14,Yes,SMS,Referral,$50K-$74K
C007322,CL010,Isabella White,St. Petersburg,FL,33595,2020-07-28,Yes,Email,Community Event,<$50K
C007323,CL012,Harper Anderson,Jacksonville,FL,32464,2022-04-19,No,SMS,Walk-In,$100K-$149K
C007324,CL009,Sofia Hall,Orlando,FL,32867,2023-06-03,Yes,SMS,Walk-In,<$50K
C007325,CL002,Amelia Hill,Jacksonville,FL,34803,2022-01-29,Yes,Phone,Referral,$100K-$149K
C007326,CL001,Luna Wilson,Miami,FL,34984,2021-03-01,No,Phone,Community Event,$100K-$149K
C007327,CL004,Ethan Harris,Palm Coast,FL,32304,2018-09-12,Yes,Phone,Google Search,$100K-$149K
C007328,CL005,Daniel Adams,St. Petersburg,FL,34784,2022-05-04,No,SMS,Existing Client,$75K-$99K
C007329,CL011,Luna Jackson,Lake City,FL,33840,2018-05-15,Yes,Email,Referral,$50K-$74K
C007330,CL009,Nick Hill,Gainesville,FL,32260,2023-04-22,No,SMS,Google Search,$150K+
C007331,CL011,Benjamin Clark,Orlando,FL,34977,2018-04-06,No,SMS,Social Media,$50K-$74K
C007332,CL011,Elijah Walker,Alachua,FL,33046,2022-02-09,No,Phone,Social Media,$50K-$74K
C007333,CL006,Robert Johnson,Boca Raton,FL,33263,2020-11-11,No,Phone,Existing Client,$75K-$99K
C007334,CL009,Ryan King,Delray Beach,FL,34197,2023-01-31,Yes,SMS,Social Media,<$50K
C007335,CL007,Elijah King,Delray Beach,FL,33859,2019-09-17,Yes,SMS,Existing Client,$100K-$149K
C007336,CL001,Lauren Wright,Clearwater,FL,33641,2021-08-11,Yes,Email,Google Search,<$50K
C007337,CL012,Logan Miller,Tampa,FL,34931,2020-09-19,Yes,SMS,Existing Client,$150K+
C007338,CL005,Isabella King,Gainesville,FL,32816,2022-08-14,No,SMS,Existing Client,<$50K
C007339,CL009,Sophia Ramirez,Delray Beach,FL,34981,2022-01-06,No,Phone,Existing Client,$75K-$99K
C007340,CL010,Chloe Lewis,Miami,FL,34168,2022-09-19,Yes,Email,Walk-In,$50K-$74K
C007341,CL008,Grace Roberts,Ocala,FL,33388,2021-06-08,No,SMS,Social Media,$150K+
C007342,CL004,Elijah Campbell,Pensacola,FL,34933,2019-01-11,Yes,Phone,Referral,$50K-$74K
C007343,CL008,Ethan Wilson,Palm Coast,FL,34602,2022-01-14,Yes,SMS,Walk-In,$150K+
C007344,CL008,Sophia Sanchez,Sarasota,FL,32332,2020-03-22,Yes,SMS,Google Search,$100K-$149K
C007345,CL010,Camila Lee,Fort Myers,FL,34686,2022-04-26,Yes,SMS,Existing Client,$75K-$99K
C007346,CL008,Liam Robinson,Tallahassee,FL,33227,2022-02-16,Yes,SMS,Walk-In,$75K-$99K
C007347,CL006,Lauren Baker,Clearwater,FL,34062,2018-04-13,Yes,SMS,Social Media,<$50K
C007348,CL012,Benjamin Lee,Sarasota,FL,34407,2022-05-14,No,SMS,Existing Client,$75K-$99K
C007349,CL011,Luna Brown,Clearwater,FL,32080,2023-02-14,Yes,Phone,Community Event,$75K-$99K
C007350,CL011,Jason Carter,Boca Raton,FL,33462,2018-02-17,Yes,Email,Walk-In,$100K-$149K
C007351,CL004,Mason Anderson,Jacksonville,FL,32377,2022-07-10,Yes,Email,Google Search,$75K-$99K
C007352,CL003,James Ramirez,Newberry,FL,34497,2019-10-23,Yes,Phone,Community Event,$75K-$99K
C007353,CL006,David Moore,Delray Beach,FL,34799,2023-03-01,Yes,SMS,Social Media,$75K-$99K
C007354,CL006,Audrey Taylor,Lakeland,FL,32299,2020-06-03,No,SMS,Google Search,$150K+
C007355,CL008,Kevin Jackson,Palm Coast,FL,32279,2018-03-31,No,SMS,Google Search,<$50K
C007356,CL008,James Harris,Boca Raton,FL,33129,2019-01-04,No,Phone,Social Media,$150K+
C007357,CL005,Logan Harris,Orlando,FL,34019,2021-06-08,Yes,SMS,Existing Client,$100K-$149K
C007358,CL009,Ryan Torres,Clearwater,FL,32960,2019-05-02,Yes,SMS,Referral,$100K-$149K
C007359,CL004,Ella Torres,Orlando,FL,32241,2019-09-14,Yes,SMS,Google Search,$50K-$74K
C007360,CL011,Daniel Scott,Tallahassee,FL,32691,2019-10-17,No,Email,Existing Client,$75K-$99K
C007361,CL011,Henry Harris,Fort Myers,FL,33864,2021-04-23,No,Email,Social Media,$150K+
C007362,CL001,Ashley Taylor,Tampa,FL,34572,2022-05-08,Yes,Email,Existing Client,$100K-$149K
C007363,CL004,Mia Lee,Palm Coast,FL,34694,2023-09-14,Yes,SMS,Google Search,$100K-$149K
C007364,CL008,Noah Johnson,Jacksonville,FL,34663,2022-10-24,Yes,Phone,Existing Client,$150K+
C007365,CL007,Sofia Adams,Tallahassee,FL,33398,2020-02-12,Yes,SMS,Walk-In,<$50K
C007366,CL011,Ryan Lopez,Naples,FL,32804,2020-05-07,Yes,SMS,Referral,<$50K
C007367,CL009,Evelyn Moore,Pensacola,FL,32289,2018-03-07,Yes,Email,Social Media,$75K-$99K
C007368,CL012,Mateo Thomas,Naples,FL,34196,2019-02-27,Yes,SMS,Google Search,<$50K
C007369,CL003,Grace Thompson,Boca Raton,FL,33420,2022-10-25,Yes,Email,Walk-In,$75K-$99K
C007370,CL008,Michael Adams,Pensacola,FL,32096,2019-11-05,Yes,SMS,Walk-In,$150K+
C007371,CL004,Ella Martinez,Boca Raton,FL,34117,2021-09-21,Yes,Phone,Social Media,$50K-$74K
C007372,CL009,Elijah Young,Tampa,FL,32210,2023-10-21,Yes,Phone,Community Event,$150K+
C007373,CL010,Michael Baker,Lake City,FL,34392,2020-11-12,Yes,Phone,Social Media,<$50K
C007374,CL008,Ashley Campbell,Clearwater,FL,34366,2021-05-21,Yes,Phone,Referral,$150K+
C007375,CL001,Camila Ramirez,Tampa,FL,34562,2021-01-31,No,SMS,Walk-In,$150K+
C007376,CL009,Ella Lopez,Lakeland,FL,33270,2019-06-01,Yes,SMS,Social Media,<$50K
C007377,CL006,Henry Flores,Orlando,FL,34136,2021-11-28,No,SMS,Walk-In,$75K-$99K
C007378,CL002,Mateo King,Ocala,FL,32981,2019-02-14,Yes,Phone,Community Event,<$50K
C007379,CL003,Harper Roberts,Lake City,FL,33791,2020-09-09,No,Email,Social Media,$50K-$74K
C007380,CL010,Mateo Garcia,Sarasota,FL,32397,2021-03-04,Yes,SMS,Existing Client,$150K+
C007381,CL010,Kevin Baker,Alachua,FL,34846,2020-12-09,No,SMS,Walk-In,$150K+
C007382,CL008,David Wilson,Orlando,FL,32832,2020-03-02,Yes,Phone,Google Search,$75K-$99K
C007383,CL002,Benjamin Robinson,Alachua,FL,33358,2018-11-25,Yes,Email,Existing Client,$75K-$99K
C007384,CL007,Mateo Nelson,Palm Coast,FL,32979,2019-03-30,Yes,Email,Walk-In,$50K-$74K
C007385,CL002,Audrey Williams,Lake City,FL,34899,2022-07-10,Yes,Phone,Walk-In,$75K-$99K
C007386,CL006,Kevin Miller,Jacksonville,FL,33475,2019-12-10,Yes,SMS,Existing Client,$150K+
C007387,CL008,Noah Lee,Jacksonville,FL,33944,2021-09-07,Yes,Phone,Social Media,$150K+
C007388,CL011,Sarah Clark,Pensacola,FL,32941,2022-11-17,Yes,SMS,Referral,$50K-$74K
C007389,CL002,Ryan Roberts,Lake City,FL,32371,2018-06-04,Yes,Phone,Community Event,<$50K
C007390,CL007,Camila Nguyen,Tallahassee,FL,32271,2022-07-27,Yes,SMS,Walk-In,$100K-$149K
C007391,CL006,Megan Roberts,Clearwater,FL,33772,2023-09-22,Yes,Email,Social Media,$50K-$74K
C007392,CL010,Ethan Rivera,Clearwater,FL,33689,2023-10-17,Yes,Email,Referral,$75K-$99K
C007393,CL008,Harper Williams,Lakeland,FL,32538,2021-10-12,No,SMS,Community Event,$100K-$149K
C007394,CL008,Ella Williams,St. Petersburg,FL,32742,2023-12-03,Yes,SMS,Google Search,<$50K
C007395,CL007,Logan Robinson,Sarasota,FL,34807,2018-11-03,No,SMS,Walk-In,$100K-$149K
C007396,CL003,Grace White,Orlando,FL,32997,2018-04-05,No,Phone,Existing Client,$50K-$74K
C007397,CL001,Amanda Mitchell,Alachua,FL,34788,2019-08-17,No,SMS,Google Search,<$50K
C007398,CL012,Jack Moore,Lake City,FL,33393,2018-02-15,No,Email,Existing Client,$75K-$99K
C007399,CL012,James Vilaihong,Gainesville,FL,32766,2022-03-01,Yes,SMS,Referral,$150K+
C007400,CL008,Amelia Rivera,Boca Raton,FL,33168,2018-09-14,Yes,SMS,Walk-In,$100K-$149K
C007401,CL010,Logan Jackson,Tampa,FL,32779,2023-09-13,Yes,SMS,Social Media,$75K-$99K
C007402,CL006,Elijah Robinson,Lakeland,FL,32911,2021-06-28,No,SMS,Referral,<$50K
C007403,CL005,Camila Rivera,Palm Coast,FL,33787,2019-01-02,Yes,SMS,Existing Client,$75K-$99K
C007404,CL009,Nick Johnson,Sarasota,FL,34289,2022-09-11,No,SMS,Google Search,$50K-$74K
C007405,CL008,Nick Johnson,Gainesville,FL,34772,2018-05-01,No,SMS,Referral,$50K-$74K
C007406,CL009,Kevin Jackson,Tallahassee,FL,33566,2020-09-19,Yes,SMS,Existing Client,<$50K
C007407,CL002,Audrey Hall,Tallahassee,FL,34262,2019-11-05,Yes,SMS,Community Event,$100K-$149K
C007408,CL003,Charlotte Lee,Tallahassee,FL,32078,2021-04-04,No,SMS,Social Media,$100K-$149K
C007409,CL004,Sarah Johnson,Lake City,FL,32896,2020-02-02,Yes,SMS,Social Media,$150K+
C007410,CL008,Luna Lopez,Newberry,FL,34011,2022-05-05,No,Email,Community Event,$50K-$74K
C007411,CL009,Benjamin Rivera,Tampa,FL,32154,2023-02-25,No,SMS,Google Search,<$50K
C007412,CL002,Jackson Nguyen,Miami,FL,32467,2021-01-24,Yes,Phone,Community Event,<$50K
C007413,CL009,Jackson Wilson,Jacksonville,FL,32496,2022-10-29,Yes,Email,Walk-In,$50K-$74K
C007414,CL007,Sofia Davis,Clearwater,FL,34693,2019-03-02,Yes,SMS,Google Search,<$50K
C007415,CL001,Isabella Young,Gainesville,FL,34611,2020-08-06,Yes,Email,Google Search,<$50K
C007416,CL001,Grace Walker,Tampa,FL,34477,2023-01-01,Yes,SMS,Social Media,$75K-$99K
C007417,CL008,Logan Gonzalez,Naples,FL,33250,2019-03-29,Yes,Phone,Social Media,<$50K
C007418,CL005,Jason Anderson,Fort Myers,FL,33657,2020-04-27,No,Email,Walk-In,$100K-$149K
C007419,CL006,Mateo Robinson,Sarasota,FL,34785,2021-06-12,Yes,Email,Referral,$75K-$99K
C007420,CL010,Jack Moore,St. Petersburg,FL,32084,2021-02-18,Yes,SMS,Walk-In,$75K-$99K
C007421,CL003,Rachel Rivera,Lakeland,FL,33106,2021-08-27,Yes,Phone,Existing Client,<$50K
C007422,CL007,Ella Rodriguez,Lake City,FL,34581,2021-06-20,No,Email,Google Search,$150K+
C007423,CL012,Ava Lee,Naples,FL,33949,2021-06-11,No,Phone,Community Event,$150K+
C007424,CL007,Grace Jackson,Delray Beach,FL,33517,2023-06-04,No,SMS,Community Event,$150K+
C007425,CL004,Sofia Ramirez,Miami,FL,34024,2021-04-11,Yes,Email,Walk-In,$150K+
C007426,CL001,Jack Green,Ocala,FL,34297,2020-07-27,Yes,Email,Existing Client,$50K-$74K
C007427,CL009,Jason Sanchez,Clearwater,FL,34545,2019-05-25,Yes,SMS,Existing Client,$150K+
C007428,CL004,Daniel Taylor,Delray Beach,FL,33933,2020-04-02,Yes,Email,Google Search,$100K-$149K
C007429,CL002,Isabella Adams,Naples,FL,32954,2021-04-27,No,SMS,Walk-In,$75K-$99K
C007430,CL005,Ryan Nguyen,Miami,FL,34287,2019-11-23,No,SMS,Referral,$150K+
C007431,CL003,Elijah Walker,Orlando,FL,33708,2022-08-12,No,Phone,Google Search,$75K-$99K
C007432,CL005,Grace King,Palm Coast,FL,32582,2020-08-11,Yes,SMS,Existing Client,$75K-$99K
C007433,CL010,Grace Nelson,Newberry,FL,34061,2019-12-01,No,SMS,Existing Client,<$50K
C007434,CL003,Emily Hill,Tampa,FL,33410,2018-02-21,No,SMS,Community Event,$75K-$99K
C007435,CL004,Sofia Torres,Lakeland,FL,33051,2018-01-29,Yes,SMS,Google Search,$150K+
C007436,CL005,Evelyn Walker,Gainesville,FL,34595,2018-03-15,Yes,Email,Social Media,$150K+
C007437,CL005,Nick Ramirez,Jacksonville,FL,33558,2022-10-02,Yes,Phone,Referral,$150K+
C007438,CL010,Amanda Walker,Sarasota,FL,32052,2023-01-02,Yes,SMS,Community Event,$75K-$99K
C007439,CL001,Daniel Nguyen,Orlando,FL,33497,2021-06-14,Yes,SMS,Referral,$150K+
C007440,CL012,Grace Jackson,Newberry,FL,33919,2018-07-11,Yes,SMS,Walk-In,$50K-$74K
C007441,CL011,Logan King,Jacksonville,FL,34362,2019-10-19,Yes,Phone,Google Search,$75K-$99K
C007442,CL012,Lucas Moore,St. Petersburg,FL,34509,2019-09-25,Yes,Phone,Existing Client,<$50K
C007443,CL009,Amelia Davis,Gainesville,FL,34052,2019-06-23,Yes,Email,Referral,$75K-$99K
C007444,CL010,Liam Hernandez,Fort Myers,FL,33535,2022-04-27,Yes,SMS,Existing Client,$75K-$99K
C007445,CL009,Megan Jones,Sarasota,FL,33615,2018-12-08,No,SMS,Google Search,$75K-$99K
C007446,CL010,Jason Scott,Pensacola,FL,34527,2023-12-21,Yes,Phone,Social Media,<$50K
C007447,CL002,Daniel Perez,Clearwater,FL,33659,2023-12-14,Yes,SMS,Existing Client,$100K-$149K
C007448,CL001,Mia Moore,Palm Coast,FL,34449,2020-01-31,Yes,SMS,Existing Client,<$50K
C007449,CL011,Luna Walker,Miami,FL,34952,2019-04-03,Yes,SMS,Walk-In,<$50K
C007450,CL008,Kevin Williams,Tallahassee,FL,33053,2022-08-27,Yes,SMS,Google Search,$150K+
C007451,CL007,Logan Walker,Sarasota,FL,33120,2020-03-01,Yes,SMS,Existing Client,$75K-$99K
C007452,CL008,Jack White,Clearwater,FL,33021,2023-01-18,Yes,Email,Existing Client,$150K+
C007453,CL009,Benjamin Roberts,Pensacola,FL,32841,2019-09-03,Yes,SMS,Social Media,<$50K
C007454,CL003,Emily Hall,Tallahassee,FL,34452,2018-03-10,Yes,Email,Community Event,$150K+
C007455,CL007,Sophia Johnson,Fort Myers,FL,32233,2018-06-09,No,Phone,Walk-In,$75K-$99K
C007456,CL010,Noah Jackson,Naples,FL,32486,2018-05-24,Yes,Email,Referral,$150K+
C007457,CL001,Jackson Flores,Lakeland,FL,32387,2022-11-29,Yes,SMS,Existing Client,$50K-$74K
C007458,CL006,Jessica Brown,Palm Coast,FL,33689,2022-05-15,Yes,Phone,Social Media,$100K-$149K
C007459,CL005,Camila Nelson,Ocala,FL,34423,2020-03-29,Yes,SMS,Google Search,$150K+
C007460,CL006,Liam Walker,Miami,FL,33610,2021-01-04,Yes,Phone,Social Media,<$50K
C007461,CL008,Sarah Torres,Lake City,FL,34914,2018-04-23,Yes,Email,Existing Client,$150K+
C007462,CL001,Lauren Anderson,Naples,FL,32164,2018-08-03,No,Phone,Existing Client,$75K-$99K
C007463,CL011,Isabella Martin,Tampa,FL,33131,2021-01-01,Yes,SMS,Google Search,<$50K
C007464,CL009,Grace Jones,Fort Myers,FL,32090,2020-11-08,No,Phone,Walk-In,<$50K
C007465,CL003,Mateo Miller,Naples,FL,32800,2019-08-04,Yes,Phone,Walk-In,$75K-$99K
C007466,CL007,Sofia Williams,Clearwater,FL,33896,2020-06-04,No,SMS,Referral,$100K-$149K
C007467,CL010,Jack Thompson,Miami,FL,32081,2020-09-24,Yes,SMS,Google Search,$75K-$99K
C007468,CL012,Isabella Young,Newberry,FL,33800,2018-02-04,Yes,Phone,Referral,$75K-$99K
C007469,CL007,Mason Martinez,Newberry,FL,32763,2022-09-16,Yes,SMS,Google Search,$50K-$74K
C007470,CL006,Jason Scott,Gainesville,FL,34774,2020-04-15,Yes,Phone,Social Media,<$50K
C007471,CL011,James Carter,Jacksonville,FL,32811,2022-06-12,Yes,Phone,Referral,$50K-$74K
C007472,CL005,Olivia Walker,Sarasota,FL,34311,2018-06-08,Yes,Phone,Existing Client,$150K+
C007473,CL002,David Anderson,Delray Beach,FL,33195,2019-01-24,No,Phone,Existing Client,$75K-$99K
C007474,CL011,Benjamin Davis,Palm Coast,FL,33114,2021-04-03,No,SMS,Existing Client,<$50K
C007475,CL012,Jackson Walker,Clearwater,FL,33306,2021-02-18,No,SMS,Referral,$100K-$149K
C007476,CL006,Nick Smith,Lake City,FL,34878,2022-11-27,Yes,SMS,Referral,$75K-$99K
C007477,CL001,Mia Harris,Tampa,FL,34892,2022-11-11,No,Phone,Google Search,$150K+
C007478,CL009,Benjamin Carter,Boca Raton,FL,33549,2018-04-15,Yes,SMS,Social Media,$75K-$99K
C007479,CL004,Mia Baker,Newberry,FL,32154,2018-07-27,Yes,SMS,Social Media,$75K-$99K
C007480,CL005,David Young,Palm Coast,FL,32676,2022-10-01,Yes,Phone,Existing Client,<$50K
C007481,CL010,Lucas Anderson,Ocala,FL,34851,2022-09-30,No,Email,Community Event,$50K-$74K
C007482,CL010,Ashley Torres,Palm Coast,FL,33898,2019-10-31,No,SMS,Existing Client,$75K-$99K
C007483,CL005,Evelyn Allen,Ocala,FL,32305,2018-08-07,Yes,Email,Referral,<$50K
C007484,CL006,David Jackson,Orlando,FL,34717,2019-07-17,Yes,Email,Social Media,$100K-$149K
C007485,CL005,Sofia Allen,Lakeland,FL,34556,2021-10-22,No,Email,Community Event,$75K-$99K
C007486,CL005,Liam Adams,Fort Myers,FL,32912,2022-08-11,Yes,Phone,Community Event,$50K-$74K
C007487,CL005,Sarah Vilaihong,Orlando,FL,33370,2020-09-16,Yes,Email,Google Search,$150K+
C007488,CL005,Ashley Wright,Clearwater,FL,32595,2022-08-23,Yes,Email,Walk-In,<$50K
C007489,CL006,Rachel Lewis,Jacksonville,FL,34422,2022-05-21,No,Phone,Google Search,$100K-$149K
C007490,CL009,Charlotte Wilson,Delray Beach,FL,33693,2020-08-04,No,SMS,Community Event,$150K+
C007491,CL012,Michael Williams,St. Petersburg,FL,33942,2023-03-03,Yes,Email,Referral,$150K+
C007492,CL005,Lauren Williams,St. Petersburg,FL,33597,2020-12-26,Yes,Phone,Walk-In,$100K-$149K
C007493,CL005,Benjamin Moore,Sarasota,FL,34658,2018-07-13,Yes,SMS,Referral,$50K-$74K
C007494,CL006,Olivia King,Fort Myers,FL,33288,2022-11-15,Yes,SMS,Existing Client,$50K-$74K
C007495,CL010,Sophia Mitchell,Lake City,FL,32425,2018-12-12,Yes,SMS,Existing Client,$50K-$74K
C007496,CL009,Olivia Nguyen,Pensacola,FL,33638,2018-11-11,No,Email,Referral,$150K+
C007497,CL012,Jason Sanchez,Clearwater,FL,33440,2023-10-04,No,SMS,Community Event,$100K-$149K
C007498,CL001,Daniel Harris,Lakeland,FL,33685,2019-02-22,Yes,Phone,Walk-In,$50K-$74K
C007499,CL005,Mia Flores,Tallahassee,FL,32719,2021-01-14,Yes,Phone,Walk-In,$150K+
C007500,CL009,Megan Lewis,Ocala,FL,34532,2022-06-19,No,SMS,Social Media,$75K-$99K
C007501,CL006,Charlotte Robinson,Ocala,FL,33243,2019-11-15,No,Phone,Social Media,$50K-$74K
C007502,CL009,Camila Anderson,Boca Raton,FL,32012,2023-02-26,Yes,SMS,Existing Client,$75K-$99K
C007503,CL007,Olivia Flores,Lake City,FL,34836,2020-06-23,Yes,SMS,Referral,$75K-$99K
C007504,CL007,David Smith,Delray Beach,FL,32673,2020-07-30,Yes,SMS,Google Search,$150K+
C007505,CL001,Benjamin Ramirez,Lake City,FL,33922,2018-07-04,No,SMS,Social Media,$100K-$149K
C007506,CL008,Ethan Ramirez,Newberry,FL,34515,2018-10-03,No,Email,Walk-In,<$50K
C007507,CL006,Benjamin Anderson,Lakeland,FL,32869,2018-04-01,No,Email,Social Media,$75K-$99K
C007508,CL011,Chloe Taylor,Tallahassee,FL,32342,2019-05-25,Yes,Phone,Community Event,<$50K
C007509,CL009,Emily Nelson,Jacksonville,FL,34419,2022-07-29,No,Phone,Existing Client,$100K-$149K
C007510,CL003,Ashley Carter,Boca Raton,FL,33506,2022-08-02,Yes,Phone,Walk-In,$150K+
C007511,CL005,James Hernandez,Fort Myers,FL,32278,2018-12-28,Yes,Email,Referral,$75K-$99K
C007512,CL009,Henry Martinez,Clearwater,FL,34394,2022-04-03,Yes,SMS,Referral,$150K+
C007513,CL007,Noah Scott,Lake City,FL,33256,2019-10-27,Yes,Email,Community Event,$150K+
C007514,CL012,Harper King,Lakeland,FL,34820,2019-08-09,No,Phone,Walk-In,$150K+
C007515,CL012,Chloe Moore,St. Petersburg,FL,33117,2021-08-20,Yes,Phone,Walk-In,<$50K
C007516,CL001,Olivia Baker,St. Petersburg,FL,33194,2023-07-17,No,Email,Google Search,$150K+
C007517,CL007,Nick Flores,Orlando,FL,34564,2018-04-26,Yes,Phone,Walk-In,$100K-$149K
C007518,CL005,Noah Campbell,Tampa,FL,33633,2021-08-17,No,SMS,Referral,$50K-$74K
C007519,CL008,Sarah Brown,Lake City,FL,34630,2021-03-17,Yes,Email,Walk-In,$150K+
C007520,CL008,Henry Williams,Miami,FL,32379,2021-12-08,Yes,SMS,Existing Client,$150K+
C007521,CL011,Ava Nguyen,Naples,FL,32766,2021-06-23,Yes,Email,Walk-In,$150K+
C007522,CL001,Emma Hall,Tallahassee,FL,33937,2020-11-19,Yes,SMS,Walk-In,$75K-$99K
C007523,CL007,Evelyn Carter,Clearwater,FL,34334,2018-04-28,Yes,Phone,Referral,$100K-$149K
C007524,CL007,Jason Perez,Fort Myers,FL,33916,2021-02-25,Yes,Email,Referral,$150K+
C007525,CL012,Logan Brown,Jacksonville,FL,33540,2019-04-01,Yes,SMS,Walk-In,$150K+
C007526,CL008,Benjamin Baker,Orlando,FL,34975,2018-05-11,Yes,SMS,Social Media,$100K-$149K
C007527,CL011,Sophia Nelson,Alachua,FL,33626,2018-10-15,Yes,SMS,Community Event,$150K+
C007528,CL002,David Miller,Sarasota,FL,33832,2018-01-17,Yes,SMS,Google Search,$50K-$74K
C007529,CL011,Henry Lee,Palm Coast,FL,33218,2020-03-03,Yes,SMS,Google Search,$100K-$149K
C007530,CL006,Logan Lopez,St. Petersburg,FL,34785,2023-04-04,Yes,SMS,Existing Client,$50K-$74K
C007531,CL002,Olivia Johnson,Tallahassee,FL,32129,2021-02-27,No,SMS,Referral,$50K-$74K
C007532,CL004,Rachel Robinson,Jacksonville,FL,32080,2019-09-02,Yes,Email,Referral,$100K-$149K
C007533,CL001,Lauren Lee,Naples,FL,33194,2019-04-09,Yes,SMS,Community Event,$100K-$149K
C007534,CL005,Harper Garcia,Lake City,FL,32406,2023-06-15,Yes,SMS,Walk-In,$50K-$74K
C007535,CL011,Benjamin Roberts,Gainesville,FL,32108,2018-07-01,Yes,SMS,Walk-In,$100K-$149K
C007536,CL011,Kevin Thompson,Boca Raton,FL,33639,2019-09-26,Yes,Email,Social Media,<$50K
C007537,CL004,Emma Jackson,Miami,FL,33311,2022-05-27,Yes,Phone,Google Search,$50K-$74K
C007538,CL009,Mia Miller,Delray Beach,FL,33734,2020-04-15,Yes,SMS,Referral,$75K-$99K
C007539,CL005,Nick Jackson,Tallahassee,FL,33112,2021-06-15,No,SMS,Walk-In,$100K-$149K
C007540,CL005,Emma Jones,Miami,FL,33304,2020-01-28,No,Email,Community Event,<$50K
C007541,CL009,Audrey Wright,Pensacola,FL,33621,2023-05-16,Yes,Phone,Referral,$75K-$99K
C007542,CL003,Sophia Wright,Alachua,FL,34251,2022-08-27,No,Phone,Walk-In,$75K-$99K
C007543,CL009,Isabella Jackson,Tallahassee,FL,33879,2021-08-04,Yes,Email,Google Search,$100K-$149K
C007544,CL006,Henry Scott,Alachua,FL,34936,2020-04-21,No,Phone,Walk-In,$150K+
C007545,CL002,Lucas Sanchez,Sarasota,FL,33570,2019-10-27,No,SMS,Walk-In,$75K-$99K
C007546,CL012,Harper Baker,Ocala,FL,32436,2022-09-25,No,SMS,Community Event,$50K-$74K
C007547,CL005,Rachel Hall,Lakeland,FL,32819,2018-03-04,No,SMS,Community Event,$150K+
C007548,CL007,Lucas Campbell,Tampa,FL,34570,2020-11-13,No,Phone,Referral,$75K-$99K
C007549,CL005,Ashley Carter,St. Petersburg,FL,33224,2018-08-25,Yes,Phone,Walk-In,$100K-$149K
C007550,CL007,Benjamin Torres,Tallahassee,FL,33477,2023-05-11,No,SMS,Existing Client,$50K-$74K
C007551,CL003,Lauren Torres,Newberry,FL,33394,2023-05-18,Yes,SMS,Google Search,$100K-$149K
C007552,CL007,Jason Davis,Alachua,FL,34161,2019-04-02,No,SMS,Social Media,$75K-$99K
C007553,CL010,Kevin Campbell,Lakeland,FL,34221,2021-04-14,Yes,SMS,Referral,$75K-$99K
C007554,CL001,Luna Garcia,Lakeland,FL,33345,2022-04-01,Yes,Email,Referral,$75K-$99K
C007555,CL012,Jackson Perez,Orlando,FL,32369,2023-03-05,Yes,Phone,Google Search,$100K-$149K
C007556,CL005,Ella Adams,Gainesville,FL,34516,2022-05-29,Yes,Phone,Community Event,$50K-$74K
C007557,CL012,Ashley Brown,Clearwater,FL,34210,2021-12-30,Yes,Phone,Google Search,$75K-$99K
C007558,CL007,Ava Davis,Lakeland,FL,32692,2019-03-24,No,SMS,Community Event,$100K-$149K
C007559,CL005,Daniel Adams,Clearwater,FL,33053,2019-04-05,No,Email,Walk-In,$50K-$74K
C007560,CL003,Mia Smith,Boca Raton,FL,32727,2020-02-01,No,Phone,Social Media,<$50K
C007561,CL007,Mason White,Miami,FL,33826,2021-06-27,Yes,SMS,Walk-In,$75K-$99K
C007562,CL001,Lucas Anderson,Sarasota,FL,33620,2019-08-21,Yes,SMS,Google Search,<$50K
C007563,CL009,Amelia Rodriguez,Delray Beach,FL,34519,2022-12-12,Yes,Phone,Walk-In,$75K-$99K
C007564,CL004,Sofia Williams,Pensacola,FL,32909,2019-06-27,Yes,Email,Referral,$50K-$74K
C007565,CL004,Megan Williams,St. Petersburg,FL,32816,2019-03-28,No,SMS,Referral,$50K-$74K
C007566,CL001,Chloe Allen,Jacksonville,FL,34984,2021-01-25,Yes,Phone,Google Search,$150K+
C007567,CL009,Ethan Hall,Jacksonville,FL,33095,2023-02-18,Yes,SMS,Referral,$75K-$99K
C007568,CL001,Nick Thomas,Gainesville,FL,32330,2022-07-01,No,Phone,Walk-In,$50K-$74K
C007569,CL011,Olivia Rivera,Fort Myers,FL,32828,2018-12-14,No,SMS,Community Event,$150K+
C007570,CL005,Jessica Adams,Alachua,FL,33421,2023-07-29,No,SMS,Community Event,$100K-$149K
C007571,CL004,Audrey Rodriguez,Lakeland,FL,32298,2021-10-29,Yes,SMS,Existing Client,$150K+
C007572,CL003,Mia Scott,Pensacola,FL,34470,2019-06-29,Yes,Phone,Walk-In,$100K-$149K
C007573,CL004,Jack Allen,Alachua,FL,32236,2018-05-03,No,Phone,Google Search,$150K+
C007574,CL010,Emma Smith,Palm Coast,FL,33178,2019-09-15,Yes,SMS,Referral,$150K+
C007575,CL009,Jason Harris,Sarasota,FL,34907,2021-05-26,Yes,Phone,Google Search,$50K-$74K
C007576,CL005,Ethan Martinez,Tallahassee,FL,34950,2019-05-20,Yes,Email,Community Event,$150K+
C007577,CL009,Kevin Roberts,Lakeland,FL,32749,2020-11-10,Yes,SMS,Existing Client,$50K-$74K
C007578,CL004,Ava White,Delray Beach,FL,34584,2022-09-20,Yes,SMS,Social Media,<$50K
C007579,CL011,Nick Nelson,Palm Coast,FL,33015,2021-07-13,No,Email,Community Event,<$50K
C007580,CL007,Ella Martinez,Sarasota,FL,34188,2023-09-22,Yes,Email,Walk-In,$100K-$149K
C007581,CL008,Jack Scott,Orlando,FL,33872,2023-07-16,Yes,SMS,Social Media,<$50K
C007582,CL007,Lauren Scott,Newberry,FL,32495,2022-08-12,No,Phone,Google Search,$75K-$99K
C007583,CL011,Evelyn Clark,Palm Coast,FL,33889,2021-10-10,Yes,SMS,Google Search,$150K+
C007584,CL005,Sophia Clark,Lakeland,FL,34452,2023-01-21,No,Phone,Google Search,$100K-$149K
C007585,CL009,Noah Clark,Palm Coast,FL,32512,2019-05-04,Yes,Phone,Google Search,$75K-$99K
C007586,CL004,Jessica Rodriguez,Naples,FL,33741,2020-02-07,Yes,Phone,Referral,<$50K
C007587,CL007,Jackson Garcia,Tampa,FL,33907,2022-06-07,No,SMS,Referral,$100K-$149K
C007588,CL002,Ryan Thomas,Lakeland,FL,34915,2019-11-12,No,SMS,Community Event,$150K+
C007589,CL007,Amanda Wilson,Pensacola,FL,33945,2021-12-05,No,Phone,Google Search,<$50K
C007590,CL003,David Taylor,Fort Myers,FL,32496,2023-12-25,No,SMS,Existing Client,$75K-$99K
C007591,CL011,Luna Wright,Delray Beach,FL,33164,2019-01-25,Yes,Email,Social Media,$150K+
C007592,CL005,Ella Green,Tallahassee,FL,34955,2021-11-01,Yes,SMS,Referral,$50K-$74K
C007593,CL006,Nick Roberts,St. Petersburg,FL,32292,2023-11-09,No,Phone,Google Search,$50K-$74K
C007594,CL008,Benjamin Taylor,Naples,FL,33615,2020-11-28,Yes,Email,Community Event,<$50K
C007595,CL002,Camila Baker,Lake City,FL,32076,2020-07-07,No,Phone,Community Event,$75K-$99K
C007596,CL008,Benjamin Vilaihong,Jacksonville,FL,32791,2018-07-04,Yes,SMS,Google Search,<$50K
C007597,CL001,Harper Martinez,Lakeland,FL,33990,2023-05-05,No,Email,Walk-In,$100K-$149K
C007598,CL003,Emily Vilaihong,Miami,FL,33940,2020-09-12,Yes,Email,Walk-In,<$50K
C007599,CL004,Henry Thomas,Fort Myers,FL,33593,2023-07-31,Yes,SMS,Google Search,$150K+
C007600,CL003,Sarah Mitchell,Lake City,FL,33342,2021-09-19,No,Email,Walk-In,$150K+
C007601,CL008,James Nguyen,St. Petersburg,FL,32328,2021-08-23,Yes,Email,Existing Client,$50K-$74K
C007602,CL001,Harper Clark,Palm Coast,FL,33174,2023-09-14,Yes,Email,Referral,$100K-$149K
C007603,CL001,Isabella Nelson,Naples,FL,33644,2020-12-09,Yes,Email,Referral,$150K+
C007604,CL003,Robert Gonzalez,Tampa,FL,33556,2019-08-20,Yes,Email,Google Search,<$50K
C007605,CL001,Ashley Lopez,Ocala,FL,34687,2019-02-18,Yes,SMS,Walk-In,$150K+
C007606,CL011,Ava Allen,Pensacola,FL,34883,2017-12-30,Yes,Email,Referral,<$50K
C007607,CL011,David Nelson,Orlando,FL,33928,2023-03-19,Yes,Phone,Referral,$75K-$99K
C007608,CL006,Ella Wright,Boca Raton,FL,32051,2018-07-06,No,SMS,Google Search,$100K-$149K
C007609,CL004,David King,Fort Myers,FL,33304,2018-10-21,Yes,Email,Referral,$75K-$99K
C007610,CL006,Megan Flores,Naples,FL,34255,2020-08-31,No,SMS,Walk-In,<$50K
C007611,CL004,Rachel Baker,Naples,FL,33928,2021-11-06,Yes,SMS,Google Search,$50K-$74K
C007612,CL012,Noah Baker,Fort Myers,FL,32696,2022-07-12,Yes,Email,Google Search,$100K-$149K
C007613,CL010,Sofia Martin,Fort Myers,FL,32731,2021-03-25,Yes,SMS,Existing Client,$100K-$149K
C007614,CL003,Camila Taylor,Orlando,FL,34591,2023-06-04,No,Phone,Google Search,$75K-$99K
C007615,CL003,Henry Robinson,Newberry,FL,34145,2019-04-22,Yes,Phone,Referral,$100K-$149K
C007616,CL005,Chloe Young,Pensacola,FL,33994,2020-10-14,No,SMS,Existing Client,$150K+
C007617,CL005,Mia Thompson,Lake City,FL,34253,2018-06-27,Yes,Email,Community Event,$100K-$149K
C007618,CL008,Elijah Roberts,Orlando,FL,34942,2019-11-15,Yes,SMS,Referral,$75K-$99K
C007619,CL012,Ethan Vilaihong,Newberry,FL,32552,2019-10-27,Yes,SMS,Referral,$150K+
C007620,CL001,Ryan Adams,Ocala,FL,34121,2020-02-13,No,Phone,Google Search,$150K+
C007621,CL010,Charlotte Roberts,Pensacola,FL,34258,2022-06-04,No,Phone,Social Media,$50K-$74K
C007622,CL006,Elijah Williams,Lake City,FL,34506,2023-08-27,No,SMS,Community Event,<$50K
C007623,CL007,Camila Williams,Lake City,FL,33614,2022-10-05,Yes,SMS,Existing Client,$100K-$149K
C007624,CL007,Emily Torres,Clearwater,FL,34082,2019-04-28,Yes,Phone,Existing Client,$75K-$99K
C007625,CL011,Ryan Carter,Tallahassee,FL,34773,2020-10-20,Yes,SMS,Social Media,$150K+
C007626,CL008,Daniel Jones,Miami,FL,33618,2019-04-01,Yes,SMS,Community Event,<$50K
C007627,CL009,Elijah Williams,Newberry,FL,34878,2023-03-09,No,SMS,Community Event,<$50K
C007628,CL007,Olivia Carter,Gainesville,FL,34238,2018-07-04,No,SMS,Social Media,<$50K
C007629,CL004,Logan Flores,Jacksonville,FL,34343,2023-05-23,Yes,Email,Google Search,$50K-$74K
C007630,CL003,Harper White,Jacksonville,FL,32720,2020-06-06,No,SMS,Social Media,$50K-$74K
C007631,CL004,Audrey Taylor,Miami,FL,32810,2023-04-10,Yes,SMS,Walk-In,$75K-$99K
C007632,CL003,Amelia Garcia,St. Petersburg,FL,34631,2020-09-14,Yes,SMS,Referral,$75K-$99K
C007633,CL004,Jackson Green,Tallahassee,FL,34185,2018-09-21,No,SMS,Referral,$75K-$99K
C007634,CL005,Evelyn Davis,Sarasota,FL,34180,2022-07-16,No,SMS,Community Event,$50K-$74K
C007635,CL009,Charlotte Jackson,Orlando,FL,33112,2021-10-21,No,Email,Community Event,<$50K
C007636,CL011,Mason Thomas,Miami,FL,32624,2018-08-03,Yes,Phone,Walk-In,$150K+
C007637,CL003,Henry Johnson,Sarasota,FL,32711,2020-06-02,Yes,SMS,Referral,<$50K
C007638,CL004,Emily King,Tampa,FL,32077,2019-07-01,No,Phone,Google Search,$50K-$74K
C007639,CL005,Ashley Walker,Clearwater,FL,34302,2021-10-26,Yes,SMS,Community Event,$100K-$149K
C007640,CL005,Luna Flores,Sarasota,FL,34280,2022-02-23,Yes,SMS,Walk-In,<$50K
C007641,CL010,Harper Jones,Fort Myers,FL,34753,2018-02-05,No,SMS,Referral,<$50K
C007642,CL011,Liam Clark,Tallahassee,FL,32360,2018-01-28,No,Email,Social Media,$75K-$99K
C007643,CL012,Daniel Thomas,Sarasota,FL,32018,2019-07-30,Yes,Email,Existing Client,$75K-$99K
C007644,CL001,Robert Scott,Miami,FL,33143,2020-01-25,No,Phone,Referral,$100K-$149K
C007645,CL006,Jack Sanchez,Jacksonville,FL,33923,2018-09-07,No,Phone,Referral,$100K-$149K
C007646,CL007,Daniel Thompson,Gainesville,FL,32241,2018-06-29,No,Phone,Google Search,$75K-$99K
C007647,CL001,Luna Garcia,Lake City,FL,32562,2018-07-18,Yes,SMS,Referral,$150K+
C007648,CL011,Evelyn Torres,Ocala,FL,32481,2022-12-08,Yes,Phone,Community Event,$150K+
C007649,CL012,Sofia Hall,Naples,FL,32058,2022-08-03,Yes,Email,Community Event,$75K-$99K
C007650,CL004,Chloe Torres,Ocala,FL,33467,2019-08-05,Yes,SMS,Existing Client,$50K-$74K
C007651,CL002,Ryan Martin,Newberry,FL,34259,2018-12-18,Yes,SMS,Social Media,$150K+
C007652,CL004,Logan Wright,Lakeland,FL,32228,2021-08-07,Yes,Email,Google Search,$150K+
C007653,CL004,Audrey Jackson,Palm Coast,FL,33127,2020-09-19,Yes,SMS,Google Search,<$50K
C007654,CL004,Charlotte Scott,Clearwater,FL,33300,2021-09-25,No,SMS,Social Media,$150K+
C007655,CL001,Logan Roberts,Orlando,FL,32672,2020-12-23,No,Email,Social Media,<$50K
C007656,CL009,Henry Rodriguez,Alachua,FL,32253,2019-03-05,No,SMS,Referral,<$50K
C007657,CL008,Benjamin Thomas,Miami,FL,34784,2021-05-30,Yes,SMS,Social Media,$100K-$149K
C007658,CL007,Sofia White,Tampa,FL,32590,2018-02-22,Yes,SMS,Walk-In,<$50K
C007659,CL001,Jack Green,Jacksonville,FL,33593,2019-04-28,Yes,Phone,Referral,$150K+
C007660,CL012,Mia Martin,Clearwater,FL,34610,2021-03-06,Yes,SMS,Google Search,$50K-$74K
C007661,CL009,Megan Thomas,Boca Raton,FL,34196,2022-05-16,No,SMS,Google Search,$50K-$74K
C007662,CL010,Sofia Lee,Ocala,FL,34349,2018-05-05,Yes,SMS,Existing Client,$50K-$74K
C007663,CL002,Henry Jones,Pensacola,FL,34613,2020-03-23,No,Email,Walk-In,$150K+
C007664,CL012,Amanda Vilaihong,Boca Raton,FL,33909,2023-04-16,Yes,SMS,Existing Client,<$50K
C007665,CL002,Luna Sanchez,Lake City,FL,33559,2019-02-23,No,SMS,Existing Client,$100K-$149K
C007666,CL002,Sarah Nguyen,Tallahassee,FL,33699,2023-05-05,Yes,Phone,Referral,$150K+
C007667,CL009,Ethan Rodriguez,Gainesville,FL,34215,2018-12-22,No,SMS,Referral,$75K-$99K
C007668,CL006,Henry Mitchell,Boca Raton,FL,34684,2019-11-08,Yes,SMS,Social Media,$75K-$99K
C007669,CL004,Liam Young,Boca Raton,FL,33595,2020-08-09,Yes,SMS,Google Search,$100K-$149K
C007670,CL004,Emily Taylor,Gainesville,FL,32535,2018-07-03,No,SMS,Social Media,<$50K
C007671,CL007,Amanda Davis,Lake City,FL,32798,2019-05-23,No,SMS,Social Media,$100K-$149K
C007672,CL006,Charlotte Davis,Gainesville,FL,32198,2022-02-19,No,SMS,Walk-In,$50K-$74K
C007673,CL010,Mason Young,Lake City,FL,32651,2020-10-02,Yes,SMS,Referral,$150K+
C007674,CL002,Emma Garcia,Lakeland,FL,32260,2020-04-10,Yes,SMS,Existing Client,$100K-$149K
C007675,CL006,Mia Wright,Tampa,FL,33140,2018-01-02,Yes,SMS,Community Event,$100K-$149K
C007676,CL010,David Roberts,Newberry,FL,34684,2019-11-06,Yes,Email,Google Search,$100K-$149K
C007677,CL001,Grace King,Jacksonville,FL,34817,2019-03-29,Yes,Email,Referral,$50K-$74K
C007678,CL012,Megan Young,Ocala,FL,32198,2021-09-21,No,Email,Referral,$150K+
C007679,CL011,Ava Green,Miami,FL,32601,2023-03-25,No,SMS,Social Media,$150K+
C007680,CL004,Evelyn Davis,Miami,FL,33332,2021-08-13,Yes,Email,Existing Client,<$50K
C007681,CL011,Sophia Rivera,Sarasota,FL,34720,2021-08-06,Yes,SMS,Existing Client,$50K-$74K
C007682,CL012,Jessica Williams,Tallahassee,FL,33098,2021-04-09,Yes,Phone,Google Search,$100K-$149K
C007683,CL011,Mason Brown,Lake City,FL,34134,2022-07-15,Yes,SMS,Community Event,$100K-$149K
C007684,CL010,Emily Hall,Pensacola,FL,34204,2019-12-29,Yes,SMS,Community Event,$150K+
C007685,CL006,Sofia Allen,Lake City,FL,33941,2021-03-21,No,Email,Social Media,$100K-$149K
C007686,CL009,Nick Rodriguez,Ocala,FL,34910,2021-09-28,Yes,Phone,Community Event,$150K+
C007687,CL012,Ethan Rivera,Lakeland,FL,34275,2022-07-17,Yes,SMS,Referral,$50K-$74K
C007688,CL008,Lauren Martinez,Boca Raton,FL,33785,2022-10-28,Yes,SMS,Community Event,$100K-$149K
C007689,CL011,Daniel Ramirez,Naples,FL,34236,2020-08-07,Yes,Email,Google Search,$150K+
C007690,CL012,Emma Robinson,St. Petersburg,FL,32757,2022-11-23,Yes,SMS,Referral,$75K-$99K
C007691,CL008,Rachel Sanchez,Sarasota,FL,33034,2020-04-18,Yes,Email,Referral,$75K-$99K
C007692,CL002,Sophia Walker,Ocala,FL,33176,2020-05-10,Yes,Phone,Referral,$50K-$74K
C007693,CL001,Olivia Harris,Miami,FL,32525,2022-02-13,Yes,SMS,Social Media,$50K-$74K
C007694,CL010,Harper Davis,Sarasota,FL,34093,2020-10-16,Yes,SMS,Community Event,$100K-$149K
C007695,CL009,Camila Hill,Gainesville,FL,33185,2023-05-10,Yes,Phone,Google Search,$50K-$74K
C007696,CL006,Charlotte Martinez,Alachua,FL,32894,2018-09-04,Yes,SMS,Referral,$75K-$99K
C007697,CL004,Sofia White,Lakeland,FL,33791,2023-10-04,No,SMS,Social Media,$150K+
C007698,CL009,Jason Jackson,Sarasota,FL,34794,2020-06-29,No,SMS,Social Media,$75K-$99K
C007699,CL009,Sarah Davis,Palm Coast,FL,34170,2020-12-14,Yes,Email,Google Search,$50K-$74K
C007700,CL008,Ella Carter,Palm Coast,FL,32104,2019-04-18,No,Email,Referral,$100K-$149K
C007701,CL011,Noah Thompson,Tampa,FL,32916,2019-02-12,Yes,Email,Walk-In,<$50K
C007702,CL012,Isabella Mitchell,Orlando,FL,33703,2018-06-28,No,Email,Google Search,<$50K
C007703,CL009,David Taylor,Sarasota,FL,33189,2023-11-15,Yes,SMS,Walk-In,$100K-$149K
C007704,CL011,Audrey Rodriguez,Boca Raton,FL,32563,2018-02-18,Yes,Phone,Referral,$100K-$149K
C007705,CL010,Rachel Wright,Gainesville,FL,34161,2020-04-24,No,SMS,Referral,$100K-$149K
C007706,CL001,Sarah Martin,Lake City,FL,34827,2022-09-14,No,Phone,Social Media,$75K-$99K
C007707,CL011,Kevin Moore,Palm Coast,FL,33690,2018-09-24,Yes,SMS,Community Event,$75K-$99K
C007708,CL004,Emma Brown,Pensacola,FL,34424,2019-12-22,Yes,SMS,Walk-In,$150K+
C007709,CL006,Ava King,Fort Myers,FL,34779,2023-11-28,No,SMS,Walk-In,<$50K
C007710,CL008,Ava Jones,Pensacola,FL,33624,2019-03-11,Yes,Phone,Social Media,$150K+
C007711,CL011,Ashley Nelson,St. Petersburg,FL,32563,2018-10-31,Yes,SMS,Walk-In,$150K+
C007712,CL006,David Perez,Jacksonville,FL,34566,2020-08-11,No,Phone,Referral,$150K+
C007713,CL011,Jessica Carter,Sarasota,FL,34599,2022-05-30,No,SMS,Referral,<$50K
C007714,CL008,Isabella Perez,Orlando,FL,33458,2018-04-02,Yes,SMS,Google Search,<$50K
C007715,CL008,Benjamin Thompson,Boca Raton,FL,32493,2022-02-16,No,SMS,Existing Client,<$50K
C007716,CL005,Robert Lewis,Newberry,FL,34147,2020-04-10,Yes,Phone,Existing Client,$150K+
C007717,CL003,Rachel Wright,Pensacola,FL,33062,2020-07-18,Yes,Email,Walk-In,$100K-$149K
C007718,CL012,Emily Moore,Sarasota,FL,32047,2023-09-13,Yes,SMS,Referral,$50K-$74K
C007719,CL002,Mateo Taylor,Alachua,FL,32088,2020-09-19,Yes,Phone,Social Media,$50K-$74K
C007720,CL006,Mateo Smith,Clearwater,FL,33790,2021-04-25,Yes,SMS,Referral,$150K+
C007721,CL011,Evelyn Rivera,Gainesville,FL,32535,2023-12-02,Yes,SMS,Social Media,$150K+
C007722,CL009,David Nelson,Newberry,FL,34741,2023-01-18,Yes,Phone,Social Media,$150K+
C007723,CL011,Luna Baker,Miami,FL,34464,2020-02-24,No,Phone,Google Search,$50K-$74K
C007724,CL004,Noah Nguyen,Sarasota,FL,33026,2023-07-14,Yes,SMS,Google Search,$75K-$99K
C007725,CL003,Jessica Roberts,Tampa,FL,33583,2018-08-18,Yes,SMS,Existing Client,$100K-$149K
C007726,CL012,Sophia Jackson,Ocala,FL,32173,2023-09-20,Yes,SMS,Community Event,$150K+
C007727,CL004,Rachel Lewis,Ocala,FL,32601,2019-06-21,Yes,SMS,Referral,$50K-$74K
C007728,CL012,Sofia Anderson,Orlando,FL,32838,2021-01-28,Yes,Phone,Google Search,$100K-$149K
C007729,CL004,Robert Hall,Sarasota,FL,33259,2022-12-22,No,Email,Community Event,$100K-$149K
C007730,CL001,Lucas Green,Tallahassee,FL,32222,2021-01-29,Yes,Email,Walk-In,<$50K
C007731,CL008,Harper Carter,St. Petersburg,FL,33536,2018-01-21,Yes,SMS,Existing Client,$75K-$99K
C007732,CL008,Michael Lopez,Delray Beach,FL,32169,2020-10-27,Yes,SMS,Walk-In,$50K-$74K
C007733,CL008,Liam Lopez,Boca Raton,FL,34528,2021-04-12,Yes,SMS,Walk-In,$100K-$149K
C007734,CL001,Charlotte Taylor,Fort Myers,FL,33204,2018-02-06,Yes,Email,Walk-In,$50K-$74K
C007735,CL002,Mia Hill,Tallahassee,FL,33692,2021-12-17,Yes,Phone,Existing Client,$100K-$149K
C007736,CL009,Audrey King,Tampa,FL,33357,2018-08-28,No,SMS,Community Event,$75K-$99K
C007737,CL009,Jack Perez,Boca Raton,FL,34664,2020-02-01,Yes,SMS,Google Search,$100K-$149K
C007738,CL007,Charlotte Gonzalez,Ocala,FL,33270,2023-10-08,Yes,Email,Existing Client,$150K+
C007739,CL006,Nick Carter,Fort Myers,FL,33872,2022-12-21,No,SMS,Walk-In,$100K-$149K
C007740,CL003,Sarah Jones,St. Petersburg,FL,33869,2021-05-24,Yes,Email,Google Search,$150K+
C007741,CL010,Nick Gonzalez,Ocala,FL,32052,2020-06-06,Yes,Phone,Google Search,$50K-$74K
C007742,CL001,Sofia Martin,Fort Myers,FL,33316,2018-05-29,Yes,Phone,Referral,$75K-$99K
C007743,CL006,Amelia Perez,Ocala,FL,34958,2020-03-15,Yes,SMS,Community Event,$150K+
C007744,CL007,Jackson Williams,Tallahassee,FL,32639,2021-08-21,Yes,Email,Walk-In,$75K-$99K
C007745,CL012,Sofia Lopez,Tallahassee,FL,34416,2018-09-04,Yes,Phone,Referral,$50K-$74K
C007746,CL012,Jessica Young,Jacksonville,FL,34475,2018-06-01,Yes,SMS,Referral,$150K+
C007747,CL003,Evelyn Gonzalez,Delray Beach,FL,34634,2022-08-31,Yes,Phone,Google Search,$100K-$149K
C007748,CL001,Harper Jackson,Ocala,FL,34798,2023-11-16,Yes,SMS,Referral,$75K-$99K
C007749,CL009,Lucas Clark,Lake City,FL,32347,2022-10-12,Yes,Phone,Walk-In,$150K+
C007750,CL009,Mia Walker,Naples,FL,32801,2019-08-15,Yes,Email,Existing Client,$150K+
C007751,CL005,Noah Baker,Jacksonville,FL,34755,2021-12-14,No,Phone,Google Search,$75K-$99K
C007752,CL001,Jessica Martin,Palm Coast,FL,33749,2019-06-27,Yes,SMS,Community Event,$150K+
C007753,CL008,Nick Lopez,Tallahassee,FL,33243,2021-02-08,No,SMS,Google Search,<$50K
C007754,CL006,Megan Vilaihong,Miami,FL,34713,2023-07-27,Yes,SMS,Existing Client,<$50K
C007755,CL005,Harper Smith,St. Petersburg,FL,33604,2020-11-21,No,Phone,Google Search,<$50K
C007756,CL001,Chloe Wright,Delray Beach,FL,34992,2021-03-22,Yes,SMS,Existing Client,$100K-$149K
C007757,CL007,Camila Davis,St. Petersburg,FL,33112,2020-06-29,Yes,SMS,Google Search,<$50K
C007758,CL004,Jack Jackson,Jacksonville,FL,34112,2023-02-12,Yes,SMS,Walk-In,<$50K
C007759,CL007,Jackson Baker,Ocala,FL,33516,2023-07-16,Yes,Email,Social Media,$150K+
C007760,CL005,Mason Nelson,Sarasota,FL,34867,2019-03-11,Yes,Email,Community Event,$150K+
C007761,CL007,Nick Moore,Lakeland,FL,33361,2020-04-19,Yes,Phone,Referral,$150K+
C007762,CL005,Henry Rivera,Lakeland,FL,33842,2018-11-22,Yes,Phone,Google Search,$150K+
C007763,CL003,Camila Harris,Ocala,FL,32353,2018-12-23,Yes,SMS,Walk-In,$50K-$74K
C007764,CL010,Emily Hernandez,Newberry,FL,32024,2020-10-04,No,Phone,Existing Client,$150K+
C007765,CL002,Noah Hill,Alachua,FL,32134,2020-03-05,No,Phone,Google Search,$75K-$99K
C007766,CL007,Noah Perez,Delray Beach,FL,34224,2018-06-17,Yes,Phone,Existing Client,$75K-$99K
C007767,CL004,Henry Gonzalez,Palm Coast,FL,34538,2023-05-05,No,Phone,Referral,<$50K
C007768,CL012,Logan Thompson,Clearwater,FL,32081,2023-12-15,No,SMS,Walk-In,$100K-$149K
C007769,CL002,Daniel Scott,Clearwater,FL,32697,2019-08-26,Yes,Phone,Google Search,<$50K
C007770,CL012,Ava Gonzalez,Ocala,FL,32707,2020-02-18,No,Phone,Existing Client,$150K+
C007771,CL004,Ryan Thompson,Jacksonville,FL,32586,2020-12-27,No,Email,Walk-In,<$50K
C007772,CL012,Mateo King,Delray Beach,FL,33031,2022-08-03,Yes,Phone,Walk-In,$150K+
C007773,CL005,Charlotte Sanchez,St. Petersburg,FL,32972,2019-08-27,Yes,SMS,Existing Client,$100K-$149K
C007774,CL007,Daniel Perez,St. Petersburg,FL,34668,2018-04-27,No,Email,Referral,<$50K
C007775,CL005,Ryan Williams,Jacksonville,FL,33821,2022-04-12,Yes,Phone,Social Media,<$50K
C007776,CL011,Jason Perez,Tampa,FL,32321,2019-04-27,Yes,SMS,Social Media,$50K-$74K
C007777,CL006,Mason Johnson,Lake City,FL,34088,2018-03-28,No,Phone,Existing Client,$75K-$99K
C007778,CL002,Kevin Young,Jacksonville,FL,33673,2023-11-21,Yes,SMS,Walk-In,$150K+
C007779,CL006,Mia Clark,Fort Myers,FL,32759,2021-05-20,No,Phone,Referral,$50K-$74K
C007780,CL003,Audrey Lopez,Alachua,FL,33889,2019-02-07,Yes,Email,Google Search,$150K+
C007781,CL012,Lucas Lewis,Newberry,FL,33678,2021-05-10,Yes,Email,Existing Client,$50K-$74K
C007782,CL001,Jackson Robinson,Fort Myers,FL,33439,2018-01-11,Yes,Phone,Referral,$50K-$74K
C007783,CL002,Evelyn Jackson,Pensacola,FL,33149,2022-09-20,Yes,Phone,Walk-In,$150K+
C007784,CL004,Charlotte Lewis,Alachua,FL,32860,2019-08-20,No,Email,Referral,$150K+
C007785,CL011,Kevin Thompson,Boca Raton,FL,34782,2020-02-25,No,SMS,Social Media,$50K-$74K
C007786,CL005,Robert Scott,Delray Beach,FL,33939,2021-09-20,No,Email,Walk-In,<$50K
C007787,CL004,Emma Sanchez,Fort Myers,FL,32840,2019-12-03,Yes,SMS,Referral,<$50K
C007788,CL010,Camila Martinez,Naples,FL,32552,2020-09-09,Yes,Phone,Existing Client,$100K-$149K
C007789,CL012,Robert Hill,St. Petersburg,FL,34099,2019-03-16,No,SMS,Walk-In,$100K-$149K
C007790,CL007,Daniel Rodriguez,Lake City,FL,34511,2022-04-27,Yes,Email,Google Search,$50K-$74K
C007791,CL007,Lauren Harris,Boca Raton,FL,34581,2019-05-11,Yes,Email,Social Media,$150K+
C007792,CL001,David Young,Jacksonville,FL,33837,2019-11-06,Yes,SMS,Walk-In,<$50K
C007793,CL005,Michael Torres,Clearwater,FL,32942,2020-11-04,Yes,Phone,Referral,$150K+
C007794,CL010,Robert Torres,Tallahassee,FL,33745,2023-08-25,Yes,SMS,Walk-In,$100K-$149K
C007795,CL010,Jackson Jones,Newberry,FL,34585,2022-10-17,Yes,SMS,Community Event,$100K-$149K
C007796,CL009,Jack Nguyen,Naples,FL,33438,2019-05-05,No,SMS,Walk-In,$150K+
C007797,CL010,Sofia Carter,Orlando,FL,34259,2019-07-27,No,SMS,Community Event,$50K-$74K
C007798,CL005,Jessica Young,Gainesville,FL,34707,2023-11-13,Yes,Phone,Social Media,$100K-$149K
C007799,CL008,Daniel Garcia,Orlando,FL,32707,2018-09-24,Yes,Email,Existing Client,$75K-$99K
C007800,CL009,Ella Sanchez,Gainesville,FL,32137,2023-11-20,Yes,SMS,Walk-In,$150K+
C007801,CL003,Benjamin Baker,St. Petersburg,FL,32549,2021-04-25,Yes,SMS,Community Event,$75K-$99K
C007802,CL008,Audrey Torres,Palm Coast,FL,34262,2023-07-02,No,Phone,Walk-In,$150K+
C007803,CL009,Henry Jackson,Pensacola,FL,34307,2023-05-03,Yes,SMS,Existing Client,<$50K
C007804,CL008,Mateo Hill,Delray Beach,FL,33988,2022-07-03,Yes,Email,Google Search,$150K+
C007805,CL009,Daniel Johnson,Fort Myers,FL,34968,2022-04-22,No,Phone,Existing Client,$50K-$74K
C007806,CL007,Jackson Baker,St. Petersburg,FL,33851,2019-05-12,Yes,SMS,Existing Client,$100K-$149K
C007807,CL008,Benjamin Clark,Alachua,FL,33085,2019-11-21,No,SMS,Community Event,$150K+
C007808,CL003,Jack Harris,Fort Myers,FL,32738,2023-04-14,Yes,SMS,Community Event,$50K-$74K
C007809,CL012,David Thomas,Naples,FL,32317,2020-02-25,No,SMS,Walk-In,$50K-$74K
C007810,CL004,Mia Rodriguez,St. Petersburg,FL,34991,2022-02-13,Yes,Phone,Social Media,<$50K
C007811,CL012,Mason Baker,Clearwater,FL,34966,2021-01-03,No,Email,Google Search,$150K+
C007812,CL003,Audrey Lee,Jacksonville,FL,33888,2023-06-07,No,SMS,Referral,$75K-$99K
C007813,CL005,Ryan Campbell,Ocala,FL,33032,2022-11-09,No,Email,Referral,$150K+
C007814,CL009,Mia Jackson,Fort Myers,FL,33166,2022-03-21,Yes,Phone,Existing Client,<$50K
C007815,CL005,Henry White,Tampa,FL,34066,2023-09-22,Yes,Email,Google Search,$100K-$149K
C007816,CL003,Jack Moore,Lakeland,FL,32175,2020-05-18,Yes,Phone,Walk-In,$150K+
C007817,CL003,Amelia Moore,Delray Beach,FL,33389,2023-12-12,Yes,Phone,Social Media,<$50K
C007818,CL008,Ryan Miller,Palm Coast,FL,34826,2021-04-15,No,SMS,Existing Client,$100K-$149K
C007819,CL002,Luna Smith,Palm Coast,FL,32255,2020-01-10,Yes,SMS,Social Media,$50K-$74K
C007820,CL004,Kevin Hernandez,Ocala,FL,32830,2019-01-28,No,SMS,Social Media,<$50K
C007821,CL008,Mia Hill,Pensacola,FL,32057,2023-05-26,No,Phone,Community Event,$75K-$99K
C007822,CL007,Mateo Green,Palm Coast,FL,32532,2021-10-03,Yes,Phone,Social Media,$100K-$149K
C007823,CL003,Robert Johnson,Palm Coast,FL,33582,2019-04-21,Yes,SMS,Social Media,$75K-$99K
C007824,CL001,Isabella Anderson,Palm Coast,FL,33745,2023-09-16,No,Email,Google Search,$75K-$99K
C007825,CL004,Evelyn Thompson,Orlando,FL,34069,2022-10-04,No,SMS,Referral,<$50K
C007826,CL007,Ethan Rivera,Lake City,FL,32442,2019-12-24,No,Phone,Existing Client,$100K-$149K
C007827,CL001,Emma Harris,Lake City,FL,33343,2019-10-05,Yes,Phone,Existing Client,$50K-$74K
C007828,CL012,Luna Johnson,Tampa,FL,32672,2018-02-11,Yes,SMS,Google Search,$50K-$74K
C007829,CL009,Ashley Smith,Naples,FL,33393,2021-08-03,Yes,Phone,Community Event,$100K-$149K
C007830,CL004,Kevin Roberts,Lake City,FL,33205,2021-11-12,Yes,SMS,Google Search,<$50K
C007831,CL010,Robert Roberts,Delray Beach,FL,32644,2021-07-06,Yes,Email,Social Media,<$50K
C007832,CL003,Ella Sanchez,Orlando,FL,32819,2023-03-11,Yes,SMS,Social Media,$150K+
C007833,CL002,Mason Martin,Tampa,FL,32540,2018-06-26,Yes,SMS,Google Search,<$50K
C007834,CL009,Lucas Anderson,Orlando,FL,32944,2023-06-28,Yes,Phone,Google Search,<$50K
C007835,CL012,Charlotte Hall,Tallahassee,FL,33878,2023-05-07,No,Phone,Google Search,$75K-$99K
C007836,CL008,Sarah Scott,Tallahassee,FL,34457,2018-06-27,No,SMS,Google Search,$100K-$149K
C007837,CL003,Mason Hernandez,Lakeland,FL,32930,2019-07-31,No,Phone,Google Search,$75K-$99K
C007838,CL003,Emily Davis,Sarasota,FL,34583,2022-03-26,Yes,SMS,Google Search,$50K-$74K
C007839,CL008,Evelyn Miller,Jacksonville,FL,34853,2019-08-13,Yes,Email,Referral,$100K-$149K
C007840,CL002,Ryan Martin,Palm Coast,FL,33904,2021-06-25,No,SMS,Google Search,<$50K
C007841,CL008,Evelyn Wilson,Clearwater,FL,32182,2022-01-28,Yes,SMS,Referral,$100K-$149K
C007842,CL003,Evelyn Wilson,Tampa,FL,32592,2023-07-16,No,Email,Walk-In,<$50K
C007843,CL001,Kevin Wright,Tallahassee,FL,33213,2018-06-03,Yes,Email,Social Media,$50K-$74K
C007844,CL007,Megan Anderson,Jacksonville,FL,32681,2023-03-11,Yes,Email,Community Event,<$50K
C007845,CL004,Robert Wilson,Newberry,FL,32050,2020-12-11,Yes,Phone,Google Search,$100K-$149K
C007846,CL005,Ryan Wilson,Fort Myers,FL,32857,2019-07-10,Yes,SMS,Referral,$75K-$99K
C007847,CL005,Evelyn Robinson,Newberry,FL,34885,2022-03-31,Yes,SMS,Social Media,$100K-$149K
C007848,CL011,Kevin Davis,Tampa,FL,33319,2021-08-08,No,SMS,Existing Client,$150K+
C007849,CL011,Audrey Lee,Tampa,FL,34580,2017-12-26,Yes,Phone,Existing Client,$150K+
C007850,CL004,Lauren Wright,Miami,FL,33845,2020-12-06,No,Phone,Existing Client,$100K-$149K
C007851,CL010,Grace Davis,Palm Coast,FL,32197,2022-06-19,Yes,SMS,Referral,<$50K
C007852,CL001,Ashley Perez,Boca Raton,FL,34310,2023-12-17,Yes,Email,Community Event,$100K-$149K
C007853,CL008,Camila Adams,Tallahassee,FL,34809,2018-08-24,No,Phone,Walk-In,$150K+
C007854,CL003,Ethan Mitchell,Alachua,FL,32350,2020-12-31,Yes,Email,Community Event,$50K-$74K
C007855,CL005,Mateo Jones,Naples,FL,34692,2020-03-26,Yes,Phone,Referral,$50K-$74K
C007856,CL009,Ella Sanchez,St. Petersburg,FL,33618,2019-06-16,Yes,SMS,Social Media,$50K-$74K
C007857,CL006,Ava Rodriguez,Pensacola,FL,32732,2021-02-02,Yes,Email,Community Event,$75K-$99K
C007858,CL010,Michael Mitchell,Clearwater,FL,33936,2023-09-10,Yes,Email,Social Media,$50K-$74K
C007859,CL011,Benjamin Wilson,Naples,FL,32579,2019-06-27,Yes,SMS,Community Event,<$50K
C007860,CL011,Camila Roberts,Clearwater,FL,34481,2022-01-28,Yes,SMS,Walk-In,$75K-$99K
C007861,CL008,Emily Wilson,Miami,FL,32964,2021-09-25,No,Phone,Google Search,$100K-$149K
C007862,CL004,Olivia Lewis,Gainesville,FL,33371,2021-07-17,Yes,Phone,Community Event,$100K-$149K
C007863,CL011,Mia Taylor,Jacksonville,FL,34151,2018-03-01,Yes,SMS,Referral,$75K-$99K
C007864,CL006,Jack Flores,Orlando,FL,32359,2022-06-17,Yes,SMS,Walk-In,$150K+
C007865,CL010,Ethan Scott,Naples,FL,34553,2023-01-31,No,SMS,Google Search,$150K+
C007866,CL010,Ryan Lee,Miami,FL,33536,2020-01-12,Yes,SMS,Existing Client,<$50K
C007867,CL011,Jackson Hill,Alachua,FL,33614,2019-02-02,Yes,Email,Walk-In,<$50K
C007868,CL007,Liam Baker,Delray Beach,FL,32752,2019-03-20,Yes,Email,Google Search,$150K+
C007869,CL011,Noah Rodriguez,Lakeland,FL,32474,2019-02-09,Yes,SMS,Community Event,$100K-$149K
C007870,CL002,Liam Wright,Ocala,FL,32265,2021-04-14,Yes,Email,Referral,<$50K
C007871,CL004,Camila Smith,Palm Coast,FL,34251,2021-05-15,Yes,SMS,Google Search,$50K-$74K
C007872,CL011,Michael Wilson,Clearwater,FL,32926,2019-11-12,Yes,SMS,Social Media,$75K-$99K
C007873,CL001,Ryan Green,Boca Raton,FL,32886,2023-05-31,Yes,SMS,Social Media,$100K-$149K
C007874,CL008,Mia Martin,Newberry,FL,33890,2022-03-27,Yes,Email,Referral,$100K-$149K
C007875,CL009,Sofia Gonzalez,Naples,FL,32495,2020-05-30,Yes,Email,Community Event,$100K-$149K
C007876,CL009,Lauren Baker,Fort Myers,FL,33490,2018-06-28,Yes,SMS,Referral,$150K+
C007877,CL009,Kevin Perez,Miami,FL,32755,2023-09-13,Yes,SMS,Walk-In,$150K+
C007878,CL007,Kevin Sanchez,Fort Myers,FL,32444,2018-01-20,Yes,Email,Walk-In,$100K-$149K
C007879,CL011,Chloe Hill,Orlando,FL,33875,2022-03-31,Yes,SMS,Existing Client,$100K-$149K
C007880,CL005,Ethan Thomas,Boca Raton,FL,32116,2023-08-30,No,SMS,Social Media,$75K-$99K
C007881,CL006,Amelia Lee,Jacksonville,FL,34170,2021-03-24,Yes,SMS,Google Search,$50K-$74K
C007882,CL008,Ethan Harris,Fort Myers,FL,34362,2021-07-14,No,SMS,Community Event,$75K-$99K
C007883,CL008,Harper Jackson,Delray Beach,FL,32371,2023-01-08,Yes,SMS,Walk-In,$150K+
C007884,CL001,Ava Lewis,Ocala,FL,33454,2020-05-25,Yes,Email,Community Event,$75K-$99K
C007885,CL007,James Jones,Lakeland,FL,34229,2021-04-15,Yes,Phone,Social Media,$100K-$149K
C007886,CL002,Harper Scott,St. Petersburg,FL,32555,2018-07-10,Yes,Phone,Existing Client,$50K-$74K
C007887,CL001,Jackson Campbell,Palm Coast,FL,33700,2022-04-03,No,Email,Community Event,$50K-$74K
C007888,CL005,Audrey Anderson,Tallahassee,FL,34574,2022-06-25,No,Email,Walk-In,$75K-$99K
C007889,CL009,Charlotte Ramirez,Ocala,FL,32737,2018-05-16,Yes,Email,Existing Client,$100K-$149K
C007890,CL002,Henry Thomas,Sarasota,FL,33260,2022-07-30,Yes,SMS,Community Event,$75K-$99K
C007891,CL011,Noah Carter,Fort Myers,FL,33075,2023-03-02,Yes,SMS,Google Search,$150K+
C007892,CL012,Camila Williams,Clearwater,FL,32022,2020-05-14,Yes,SMS,Google Search,$75K-$99K
C007893,CL005,Megan Davis,Tampa,FL,33077,2021-04-22,No,Email,Existing Client,$100K-$149K
C007894,CL003,Ryan Rodriguez,Boca Raton,FL,33296,2019-10-02,No,Email,Community Event,$75K-$99K
C007895,CL011,Michael Perez,Fort Myers,FL,32746,2020-07-07,No,Email,Google Search,$150K+
C007896,CL006,Amanda Green,Lake City,FL,33717,2020-02-07,Yes,Phone,Google Search,$150K+
C007897,CL010,Elijah Wilson,Ocala,FL,32356,2018-11-14,Yes,SMS,Walk-In,$50K-$74K
C007898,CL009,Logan Robinson,Lakeland,FL,32425,2021-02-17,Yes,Phone,Existing Client,$100K-$149K
C007899,CL011,Ethan Hernandez,Jacksonville,FL,34403,2020-08-18,Yes,SMS,Referral,$75K-$99K
C007900,CL012,Isabella Lee,St. Petersburg,FL,32586,2021-09-04,Yes,SMS,Community Event,$100K-$149K
C007901,CL008,Mateo Sanchez,Delray Beach,FL,33828,2023-08-01,No,SMS,Referral,$50K-$74K
C007902,CL001,Daniel Smith,St. Petersburg,FL,34594,2021-02-23,Yes,Email,Referral,$150K+
C007903,CL001,Liam Lopez,Tampa,FL,32368,2019-04-30,Yes,SMS,Community Event,<$50K
C007904,CL003,Sophia Gonzalez,Lakeland,FL,32236,2019-06-13,No,Phone,Community Event,<$50K
C007905,CL008,Olivia Robinson,Gainesville,FL,33786,2022-02-22,Yes,Email,Referral,$50K-$74K
C007906,CL010,Sofia Martin,Jacksonville,FL,34449,2020-12-24,Yes,Phone,Existing Client,$75K-$99K
C007907,CL004,Mateo Davis,Miami,FL,34700,2019-12-05,Yes,SMS,Referral,$150K+
C007908,CL012,Jessica Brown,Gainesville,FL,34771,2019-11-25,Yes,Phone,Community Event,$150K+
C007909,CL012,Rachel Hall,Newberry,FL,34011,2019-02-17,Yes,Email,Referral,$50K-$74K
C007910,CL004,Emma Martin,Palm Coast,FL,34865,2018-07-06,No,SMS,Walk-In,$50K-$74K
C007911,CL009,James Thompson,Clearwater,FL,33249,2022-01-09,Yes,Phone,Social Media,$75K-$99K
C007912,CL002,Jack Jackson,St. Petersburg,FL,32884,2023-04-09,Yes,SMS,Social Media,$100K-$149K
C007913,CL008,Evelyn Walker,Pensacola,FL,32261,2021-02-16,No,SMS,Walk-In,$150K+
C007914,CL009,Evelyn Moore,Sarasota,FL,32388,2022-06-29,Yes,Phone,Walk-In,$50K-$74K
C007915,CL011,Sofia Thompson,Naples,FL,34323,2020-12-08,No,SMS,Walk-In,$75K-$99K
C007916,CL002,Henry Allen,Clearwater,FL,32395,2021-03-03,Yes,SMS,Community Event,$150K+
C007917,CL011,Harper Garcia,Lake City,FL,32749,2021-03-09,Yes,Phone,Walk-In,$150K+
C007918,CL007,Sofia Martinez,Delray Beach,FL,34357,2021-04-28,No,SMS,Community Event,<$50K
C007919,CL004,Jack Jackson,Tampa,FL,32047,2022-08-15,No,Phone,Google Search,$100K-$149K
C007920,CL007,Henry Hall,Gainesville,FL,33345,2018-11-26,Yes,Email,Google Search,$75K-$99K
C007921,CL004,David Gonzalez,Lake City,FL,34609,2021-08-09,Yes,Email,Social Media,$100K-$149K
C007922,CL009,Amanda Nelson,Lakeland,FL,34093,2019-09-25,Yes,Email,Social Media,$150K+
C007923,CL008,Logan White,Fort Myers,FL,34028,2022-11-04,Yes,SMS,Walk-In,$50K-$74K
C007924,CL004,Sarah Green,Jacksonville,FL,34005,2021-07-17,Yes,Phone,Community Event,$75K-$99K
C007925,CL003,James Wilson,Jacksonville,FL,34833,2019-11-16,No,Email,Walk-In,$100K-$149K
C007926,CL002,Lucas Johnson,Fort Myers,FL,32517,2020-09-08,Yes,SMS,Existing Client,$150K+
C007927,CL006,Sophia Nelson,Orlando,FL,32526,2020-04-04,Yes,Email,Community Event,$150K+
C007928,CL004,Sofia Young,Sarasota,FL,34262,2021-09-30,No,Phone,Referral,$150K+
C007929,CL012,Camila Harris,Palm Coast,FL,32482,2023-12-26,Yes,Phone,Existing Client,$50K-$74K
C007930,CL001,Megan Clark,Fort Myers,FL,34297,2023-01-09,Yes,Phone,Community Event,$75K-$99K
C007931,CL003,Mason Baker,Pensacola,FL,33407,2019-03-18,Yes,Email,Existing Client,<$50K
C007932,CL004,James Green,Alachua,FL,33844,2023-04-08,Yes,Phone,Social Media,<$50K
C007933,CL009,Henry Miller,Alachua,FL,34726,2018-08-19,Yes,Email,Walk-In,<$50K
C007934,CL004,Kevin Flores,Fort Myers,FL,34233,2022-01-14,No,SMS,Walk-In,$100K-$149K
C007935,CL007,Megan Nelson,Tampa,FL,32572,2022-08-24,No,Email,Social Media,<$50K
C007936,CL010,Ashley Young,Pensacola,FL,33784,2020-09-02,Yes,Phone,Community Event,$100K-$149K
C007937,CL011,James Roberts,Miami,FL,32404,2022-01-06,No,Phone,Referral,$50K-$74K
C007938,CL001,Mason Sanchez,Ocala,FL,34092,2023-10-20,No,SMS,Walk-In,$150K+
C007939,CL012,Emily Gonzalez,Pensacola,FL,32920,2018-07-21,Yes,SMS,Google Search,$75K-$99K
C007940,CL007,Sofia Nelson,Pensacola,FL,32305,2018-03-03,Yes,Email,Walk-In,<$50K
C007941,CL003,Sofia Davis,Naples,FL,32480,2021-02-11,No,SMS,Social Media,$150K+
C007942,CL008,Sophia Gonzalez,Tallahassee,FL,33926,2022-02-23,Yes,SMS,Referral,$150K+
C007943,CL008,Harper King,Orlando,FL,33618,2022-03-30,Yes,SMS,Social Media,$75K-$99K
C007944,CL012,Camila Smith,Ocala,FL,32419,2020-03-30,No,SMS,Referral,$150K+
C007945,CL005,Mason Rodriguez,Orlando,FL,32575,2020-11-12,No,SMS,Google Search,$150K+
C007946,CL001,Elijah Taylor,Gainesville,FL,34570,2021-11-27,Yes,Phone,Walk-In,$150K+
C007947,CL011,Jack Wilson,Tampa,FL,32136,2021-05-18,Yes,SMS,Social Media,$50K-$74K
C007948,CL010,Ella Hernandez,Palm Coast,FL,33952,2019-12-05,No,SMS,Social Media,$150K+
C007949,CL003,Luna Anderson,Jacksonville,FL,32960,2021-07-31,Yes,SMS,Existing Client,$75K-$99K
C007950,CL005,Benjamin Green,Jacksonville,FL,34655,2023-12-31,Yes,SMS,Referral,$150K+
C007951,CL012,Liam Jackson,Pensacola,FL,34161,2023-02-07,Yes,Email,Google Search,$150K+
C007952,CL011,Jackson Gonzalez,Delray Beach,FL,32129,2018-06-17,No,SMS,Existing Client,$75K-$99K
C007953,CL010,Jessica Rodriguez,Ocala,FL,34478,2021-04-20,Yes,Phone,Community Event,$100K-$149K
C007954,CL002,Isabella Thompson,Lake City,FL,33839,2018-10-09,Yes,Phone,Walk-In,$75K-$99K
C007955,CL005,Benjamin White,Sarasota,FL,32893,2022-04-06,Yes,Phone,Community Event,<$50K
C007956,CL007,Ella Allen,Tallahassee,FL,32932,2018-11-12,Yes,Email,Referral,<$50K
C007957,CL008,Kevin Sanchez,Tampa,FL,33300,2022-10-21,No,SMS,Existing Client,$75K-$99K
C007958,CL010,Rachel Scott,Pensacola,FL,32155,2019-01-13,Yes,Email,Existing Client,$50K-$74K
C007959,CL006,Chloe King,Gainesville,FL,33996,2023-08-09,Yes,SMS,Existing Client,$100K-$149K
C007960,CL002,Sofia Taylor,Gainesville,FL,32582,2020-03-10,No,Email,Referral,$50K-$74K
C007961,CL009,Mason Sanchez,Pensacola,FL,33533,2023-03-02,Yes,SMS,Referral,<$50K
C007962,CL011,Audrey King,Palm Coast,FL,33549,2022-12-26,Yes,SMS,Social Media,$150K+
C007963,CL012,Olivia Hill,Pensacola,FL,33034,2021-08-16,Yes,Phone,Community Event,<$50K
C007964,CL012,Daniel Allen,Jacksonville,FL,32451,2023-06-10,No,Email,Google Search,$100K-$149K
C007965,CL007,Benjamin Baker,Newberry,FL,34377,2018-04-13,Yes,SMS,Walk-In,$50K-$74K
C007966,CL011,Charlotte Mitchell,Pensacola,FL,32975,2021-05-02,Yes,SMS,Walk-In,$150K+
C007967,CL002,Emma Lopez,St. Petersburg,FL,34264,2018-02-01,Yes,SMS,Community Event,$75K-$99K
C007968,CL010,Benjamin Brown,Delray Beach,FL,34124,2021-12-17,No,Phone,Walk-In,<$50K
C007969,CL011,Harper Gonzalez,Palm Coast,FL,32071,2023-07-28,No,Phone,Google Search,$75K-$99K
C007970,CL012,Camila Hall,Tallahassee,FL,32320,2020-11-09,Yes,Phone,Google Search,$100K-$149K
C007971,CL009,Ashley Gonzalez,Alachua,FL,33367,2018-02-08,No,Email,Social Media,$50K-$74K
C007972,CL009,Emily Green,Palm Coast,FL,32763,2021-03-12,Yes,Email,Existing Client,<$50K
C007973,CL010,Ashley Hall,Sarasota,FL,32243,2019-08-04,Yes,SMS,Existing Client,<$50K
C007974,CL010,Robert Thomas,Delray Beach,FL,34785,2019-09-02,Yes,Email,Referral,$100K-$149K
C007975,CL007,Chloe Flores,Clearwater,FL,33292,2020-03-02,Yes,SMS,Referral,<$50K
C007976,CL008,Robert Jones,Orlando,FL,33780,2019-06-15,Yes,Phone,Referral,$150K+
C007977,CL008,Audrey Flores,Boca Raton,FL,33260,2020-03-23,No,SMS,Google Search,$75K-$99K
C007978,CL007,Emma Adams,Delray Beach,FL,32838,2022-09-29,Yes,SMS,Referral,$100K-$149K
C007979,CL011,Nick Williams,Lake City,FL,34643,2021-07-06,Yes,SMS,Community Event,$50K-$74K
C007980,CL004,Megan Green,Lake City,FL,32907,2021-07-10,Yes,Email,Google Search,$150K+
C007981,CL001,Lauren Williams,Pensacola,FL,33776,2020-12-08,No,SMS,Walk-In,$75K-$99K
C007982,CL006,David Nelson,Lakeland,FL,33030,2023-12-16,Yes,SMS,Walk-In,$100K-$149K
C007983,CL012,Ella Lewis,Miami,FL,33502,2023-05-31,No,SMS,Social Media,<$50K
C007984,CL008,Isabella Flores,Orlando,FL,34753,2020-02-08,No,SMS,Google Search,$100K-$149K
C007985,CL003,Olivia Gonzalez,Palm Coast,FL,33483,2020-04-30,Yes,Phone,Referral,$75K-$99K
C007986,CL008,Amelia Hernandez,Sarasota,FL,34609,2018-11-11,Yes,Phone,Community Event,<$50K
C007987,CL006,Isabella Miller,Pensacola,FL,32692,2023-02-28,No,Phone,Referral,<$50K
C007988,CL008,Emily Johnson,Fort Myers,FL,34652,2021-11-07,Yes,SMS,Existing Client,$50K-$74K
C007989,CL010,Liam Jackson,Tampa,FL,33854,2023-12-30,No,SMS,Walk-In,$150K+
C007990,CL005,Ella Hall,Jacksonville,FL,34534,2019-07-12,Yes,SMS,Community Event,$75K-$99K
C007991,CL003,Jason Wilson,Ocala,FL,34016,2019-02-22,Yes,Email,Google Search,$50K-$74K
C007992,CL003,Sofia Wilson,Tallahassee,FL,34810,2019-04-29,No,SMS,Existing Client,<$50K
C007993,CL010,Sarah Green,Alachua,FL,33108,2023-06-04,Yes,SMS,Community Event,<$50K
C007994,CL007,Mia Brown,Sarasota,FL,32642,2022-04-13,No,SMS,Walk-In,$150K+
C007995,CL009,Michael Lewis,Sarasota,FL,34218,2022-05-15,Yes,SMS,Google Search,$50K-$74K
C007996,CL007,Olivia Nguyen,Naples,FL,34731,2018-12-13,No,Email,Social Media,<$50K
C007997,CL009,Jason Thomas,Boca Raton,FL,32808,2022-12-04,Yes,Phone,Walk-In,$50K-$74K
C007998,CL001,Jason Williams,Delray Beach,FL,33487,2022-07-29,Yes,Phone,Google Search,<$50K
C007999,CL001,Lucas Vilaihong,Naples,FL,32715,2022-01-31,Yes,SMS,Walk-In,$150K+
C008000,CL009,Olivia Perez,Lakeland,FL,33141,2018-06-19,Yes,Email,Community Event,$100K-$149K
C008001,CL005,David Wilson,Lakeland,FL,34537,2019-11-25,Yes,SMS,Google Search,$50K-$74K
C008002,CL003,Logan Lopez,Newberry,FL,32900,2019-05-06,No,SMS,Community Event,$75K-$99K
C008003,CL009,Ryan Young,Tallahassee,FL,34563,2023-12-29,Yes,SMS,Social Media,<$50K
C008004,CL007,Mia Roberts,Sarasota,FL,33273,2018-07-12,No,SMS,Walk-In,$75K-$99K
C008005,CL002,Audrey Taylor,Delray Beach,FL,32203,2019-08-24,Yes,SMS,Walk-In,$50K-$74K
C008006,CL007,Camila Rodriguez,Palm Coast,FL,34544,2018-09-12,No,Phone,Google Search,$100K-$149K
C008007,CL003,Mateo Davis,Boca Raton,FL,33491,2021-01-18,Yes,Email,Google Search,$75K-$99K
C008008,CL011,Lauren Lopez,Ocala,FL,32118,2023-02-13,Yes,Phone,Google Search,$50K-$74K
C008009,CL003,David Green,St. Petersburg,FL,32125,2021-05-15,Yes,SMS,Community Event,$150K+
C008010,CL012,Michael Taylor,Jacksonville,FL,34973,2021-12-17,No,SMS,Existing Client,$50K-$74K
C008011,CL009,Jack Mitchell,Tallahassee,FL,34776,2021-06-08,Yes,Email,Google Search,$50K-$74K
C008012,CL004,David Young,Tallahassee,FL,33648,2020-11-13,No,SMS,Referral,$100K-$149K
C008013,CL008,Grace Jones,Clearwater,FL,32684,2021-07-25,Yes,SMS,Community Event,<$50K
C008014,CL012,Benjamin Scott,Boca Raton,FL,33541,2022-01-17,No,SMS,Referral,$50K-$74K
C008015,CL004,Michael Scott,Newberry,FL,33049,2021-03-29,Yes,Phone,Referral,$150K+
C008016,CL001,Nick Clark,Lakeland,FL,32830,2019-02-16,Yes,SMS,Referral,$50K-$74K
C008017,CL010,Charlotte Brown,Ocala,FL,34942,2019-12-11,Yes,SMS,Social Media,$150K+
C008018,CL011,Charlotte Martinez,Sarasota,FL,33509,2020-06-29,Yes,Email,Referral,$75K-$99K
C008019,CL007,Kevin Rodriguez,Delray Beach,FL,32168,2023-01-25,Yes,SMS,Walk-In,$150K+
C008020,CL009,Henry Vilaihong,Sarasota,FL,32531,2019-07-04,Yes,SMS,Google Search,$75K-$99K
C008021,CL008,Logan Thomas,Naples,FL,33014,2018-01-28,Yes,Phone,Google Search,$75K-$99K
C008022,CL012,Jason Lewis,Fort Myers,FL,34077,2020-02-03,No,Email,Walk-In,<$50K
C008023,CL004,Emily Clark,Delray Beach,FL,33666,2022-08-20,Yes,SMS,Walk-In,<$50K
C008024,CL011,Emily Moore,Miami,FL,33035,2021-12-10,Yes,SMS,Google Search,$150K+
C008025,CL009,Sofia Davis,Ocala,FL,32951,2021-07-01,No,SMS,Walk-In,$150K+
C008026,CL007,Emily Hall,Boca Raton,FL,32027,2018-03-20,No,Phone,Community Event,$50K-$74K
C008027,CL002,Ava Martinez,Ocala,FL,34033,2019-03-16,Yes,Email,Community Event,$50K-$74K
C008028,CL003,Ella Carter,Tallahassee,FL,34411,2021-10-05,Yes,Phone,Social Media,$150K+
C008029,CL009,Olivia Young,Boca Raton,FL,34612,2023-08-21,No,Phone,Walk-In,<$50K
C008030,CL010,Ava Allen,Newberry,FL,33270,2019-03-31,Yes,Email,Google Search,$75K-$99K
C008031,CL009,Kevin Vilaihong,Naples,FL,34389,2018-03-10,Yes,Phone,Google Search,$100K-$149K
C008032,CL004,Ashley Nguyen,Sarasota,FL,33454,2022-04-29,No,Email,Walk-In,$50K-$74K
C008033,CL002,Sophia Clark,Lakeland,FL,32851,2020-07-03,Yes,Phone,Referral,<$50K
C008034,CL001,Robert Johnson,Naples,FL,33973,2019-10-04,Yes,Phone,Social Media,<$50K
C008035,CL007,Lucas Lee,Lakeland,FL,33404,2018-09-29,Yes,Phone,Google Search,$50K-$74K
C008036,CL012,Mason Vilaihong,Delray Beach,FL,33753,2018-03-27,No,SMS,Community Event,<$50K
C008037,CL008,Amelia Rodriguez,Palm Coast,FL,34135,2023-02-11,Yes,SMS,Walk-In,$100K-$149K
C008038,CL007,Sophia Perez,Lake City,FL,33626,2019-07-13,Yes,Email,Community Event,<$50K
C008039,CL005,Mia Green,Lakeland,FL,32353,2019-02-26,Yes,SMS,Existing Client,<$50K
C008040,CL010,Elijah Campbell,Pensacola,FL,34799,2023-02-15,Yes,Phone,Referral,$150K+
C008041,CL010,Sarah Lopez,Alachua,FL,32466,2019-06-23,Yes,Phone,Walk-In,$150K+
C008042,CL010,Mateo Rodriguez,Lake City,FL,33682,2023-12-15,No,Phone,Walk-In,$50K-$74K
C008043,CL004,Sofia Scott,Naples,FL,32212,2018-01-29,Yes,SMS,Walk-In,$150K+
C008044,CL011,Amanda Torres,Fort Myers,FL,33634,2018-03-25,Yes,Phone,Existing Client,$50K-$74K
C008045,CL004,Megan Anderson,Fort Myers,FL,33852,2021-03-09,No,SMS,Google Search,<$50K
C008046,CL006,Emma Baker,Gainesville,FL,34741,2021-03-12,No,SMS,Walk-In,$150K+
C008047,CL012,Nick Allen,Tampa,FL,34772,2019-05-24,Yes,Phone,Google Search,$150K+
C008048,CL011,Jack Williams,Pensacola,FL,33070,2022-01-15,No,Phone,Google Search,$50K-$74K
C008049,CL008,James Jackson,Alachua,FL,32136,2022-10-01,Yes,SMS,Referral,<$50K
C008050,CL005,Benjamin Lewis,Pensacola,FL,32892,2019-04-26,No,Email,Social Media,$50K-$74K
C008051,CL012,Ashley Brown,St. Petersburg,FL,33926,2021-03-24,Yes,Phone,Community Event,<$50K
C008052,CL003,Daniel King,Orlando,FL,33425,2018-07-17,Yes,SMS,Social Media,$100K-$149K
C008053,CL011,Ryan Adams,Fort Myers,FL,34809,2020-12-11,No,SMS,Google Search,$75K-$99K
C008054,CL001,Emma Nelson,Jacksonville,FL,34414,2021-05-18,Yes,SMS,Community Event,$75K-$99K
C008055,CL012,Sophia Ramirez,Pensacola,FL,32878,2020-09-01,No,SMS,Google Search,<$50K
C008056,CL011,Megan Hall,Pensacola,FL,34707,2020-06-07,No,Phone,Community Event,$75K-$99K
C008057,CL008,Grace Gonzalez,Pensacola,FL,34708,2019-03-28,No,SMS,Social Media,<$50K
C008058,CL010,Mia Adams,Palm Coast,FL,32517,2023-01-29,No,Email,Community Event,<$50K
C008059,CL005,Kevin Williams,Miami,FL,32835,2020-02-19,No,Email,Community Event,$75K-$99K
C008060,CL007,Sophia Jones,Lakeland,FL,34093,2019-02-07,No,Phone,Community Event,$150K+
C008061,CL002,Ashley Lopez,Newberry,FL,32133,2021-04-11,Yes,SMS,Social Media,$150K+
C008062,CL005,Sofia Rodriguez,Boca Raton,FL,32935,2019-02-20,Yes,SMS,Referral,<$50K
C008063,CL011,Grace Thompson,Tampa,FL,32428,2023-05-15,No,SMS,Referral,$100K-$149K
C008064,CL010,Jessica Lopez,Ocala,FL,32024,2019-01-27,Yes,Email,Google Search,$75K-$99K
C008065,CL002,Mason Thompson,Fort Myers,FL,34005,2019-05-17,Yes,Phone,Referral,$150K+
C008066,CL010,Rachel Clark,Sarasota,FL,33124,2019-10-14,Yes,Phone,Community Event,<$50K
C008067,CL004,Harper Lopez,Newberry,FL,32875,2020-09-30,Yes,Phone,Google Search,<$50K
C008068,CL012,Mia Flores,Palm Coast,FL,32926,2019-06-28,No,SMS,Existing Client,$75K-$99K
C008069,CL002,Michael Lewis,St. Petersburg,FL,32992,2018-02-10,No,Phone,Community Event,<$50K
C008070,CL007,Lucas Anderson,Ocala,FL,34812,2018-10-21,Yes,Phone,Existing Client,$50K-$74K
C008071,CL008,Megan Carter,Ocala,FL,34770,2022-09-12,No,Phone,Social Media,$75K-$99K
C008072,CL005,Amanda Hill,Fort Myers,FL,32730,2019-10-06,No,SMS,Social Media,<$50K
C008073,CL002,Ryan Allen,Ocala,FL,32022,2023-12-27,Yes,Phone,Google Search,$50K-$74K
C008074,CL010,Sarah Hall,Boca Raton,FL,33752,2020-06-13,No,SMS,Community Event,$50K-$74K
C008075,CL009,Olivia King,Ocala,FL,34093,2022-03-03,Yes,SMS,Community Event,$50K-$74K
C008076,CL004,Nick Smith,Naples,FL,33317,2018-02-07,No,Email,Walk-In,$150K+
C008077,CL008,Emma Williams,Tallahassee,FL,34179,2021-03-11,No,Phone,Walk-In,$150K+
C008078,CL012,Harper Flores,Palm Coast,FL,32429,2023-07-31,Yes,SMS,Community Event,$50K-$74K
C008079,CL008,Mia Allen,Boca Raton,FL,34120,2023-06-22,Yes,SMS,Referral,$50K-$74K
C008080,CL004,Isabella Walker,Jacksonville,FL,33704,2018-09-30,Yes,Phone,Google Search,$150K+
C008081,CL004,Michael Johnson,Lake City,FL,33132,2022-12-02,No,Email,Social Media,$50K-$74K
C008082,CL004,Ryan Young,Ocala,FL,34440,2022-05-31,No,SMS,Referral,$75K-$99K
C008083,CL012,Grace Lopez,Alachua,FL,34254,2023-02-25,No,SMS,Google Search,$75K-$99K
C008084,CL002,Jessica Perez,St. Petersburg,FL,32023,2018-08-11,No,Phone,Referral,$100K-$149K
C008085,CL006,Elijah Young,Jacksonville,FL,34500,2018-10-05,Yes,Email,Referral,$100K-$149K
C008086,CL010,Lauren Miller,Tampa,FL,32794,2019-01-20,Yes,SMS,Google Search,$150K+
C008087,CL002,Amelia Torres,Naples,FL,34755,2022-10-01,Yes,SMS,Social Media,<$50K
C008088,CL011,Amanda Young,Boca Raton,FL,34902,2018-05-13,Yes,SMS,Google Search,$150K+
C008089,CL008,Logan Rodriguez,Tampa,FL,32848,2023-01-29,No,Email,Social Media,$50K-$74K
C008090,CL003,Mason Harris,Tallahassee,FL,33601,2019-04-03,Yes,Phone,Google Search,$50K-$74K
C008091,CL010,Olivia Jones,Newberry,FL,32262,2023-08-24,Yes,Email,Community Event,$100K-$149K
C008092,CL008,David Allen,Alachua,FL,33527,2023-03-08,No,Phone,Referral,$50K-$74K
C008093,CL010,Daniel Campbell,Clearwater,FL,34679,2021-02-03,Yes,Phone,Community Event,$100K-$149K
C008094,CL006,Henry Anderson,Newberry,FL,32046,2023-12-05,Yes,SMS,Social Media,$150K+
C008095,CL001,Isabella Torres,Ocala,FL,33803,2023-03-30,Yes,Phone,Existing Client,<$50K
C008096,CL012,Ella Martinez,Fort Myers,FL,33494,2020-05-18,Yes,SMS,Existing Client,$150K+
C008097,CL004,Harper Moore,Delray Beach,FL,33040,2023-02-19,Yes,SMS,Existing Client,$75K-$99K
C008098,CL008,Nick Martinez,Pensacola,FL,33209,2023-09-30,Yes,SMS,Walk-In,$150K+
C008099,CL003,Ethan White,Sarasota,FL,33660,2022-06-23,No,SMS,Social Media,$75K-$99K
C008100,CL007,Rachel White,St. Petersburg,FL,32949,2021-05-19,Yes,SMS,Walk-In,$50K-$74K
C008101,CL007,Charlotte Taylor,Boca Raton,FL,32288,2020-05-07,Yes,Email,Social Media,$75K-$99K
C008102,CL012,Amanda Jackson,Ocala,FL,33374,2018-06-18,Yes,Phone,Community Event,$75K-$99K
C008103,CL005,Kevin Ramirez,Pensacola,FL,34632,2021-04-14,Yes,Email,Social Media,$50K-$74K
C008104,CL011,Henry Nguyen,Tallahassee,FL,32074,2021-06-30,No,Email,Google Search,$100K-$149K
C008105,CL009,Emily Adams,Fort Myers,FL,34394,2020-01-25,No,SMS,Google Search,$150K+
C008106,CL008,Ashley Rivera,Palm Coast,FL,32457,2022-01-05,No,SMS,Existing Client,$75K-$99K
C008107,CL008,Jason Thomas,Palm Coast,FL,32911,2023-11-25,Yes,Phone,Community Event,$75K-$99K
C008108,CL004,Charlotte Moore,Gainesville,FL,33395,2018-04-23,Yes,Phone,Walk-In,$50K-$74K
C008109,CL011,Henry Davis,Gainesville,FL,33889,2018-06-30,No,Email,Community Event,$150K+
C008110,CL007,Sofia Green,Miami,FL,34093,2019-03-03,Yes,Email,Referral,$75K-$99K
C008111,CL004,Charlotte Davis,Ocala,FL,32018,2023-02-23,No,SMS,Google Search,$50K-$74K
C008112,CL011,Ava Wright,Clearwater,FL,32747,2023-03-21,No,SMS,Social Media,$50K-$74K
C008113,CL008,Sofia Hill,Orlando,FL,34793,2020-10-31,No,SMS,Referral,$75K-$99K
C008114,CL007,Liam Williams,Tallahassee,FL,34742,2019-07-29,Yes,Email,Social Media,$50K-$74K
C008115,CL006,David Gonzalez,Boca Raton,FL,33528,2019-06-15,Yes,SMS,Google Search,<$50K
C008116,CL011,Ethan Garcia,Pensacola,FL,33032,2018-07-20,Yes,SMS,Walk-In,$50K-$74K
C008117,CL006,Henry Lewis,Clearwater,FL,32198,2021-04-29,Yes,Email,Google Search,$50K-$74K
C008118,CL004,Jack Jackson,Sarasota,FL,34744,2022-10-08,No,SMS,Walk-In,$150K+
C008119,CL002,Megan Robinson,Lake City,FL,33819,2022-07-09,No,SMS,Social Media,$150K+
C008120,CL009,Nick Miller,Ocala,FL,32399,2019-12-18,No,SMS,Google Search,$75K-$99K
C008121,CL010,Jessica Baker,Delray Beach,FL,32803,2018-03-20,No,SMS,Referral,$150K+
C008122,CL003,Nick Roberts,Pensacola,FL,34259,2022-12-20,Yes,SMS,Existing Client,$150K+
C008123,CL011,Ashley Allen,St. Petersburg,FL,32631,2021-10-20,No,Email,Referral,$50K-$74K
C008124,CL005,Mason Perez,Tallahassee,FL,34509,2019-09-24,Yes,Phone,Google Search,<$50K
C008125,CL001,Jackson Gonzalez,Tallahassee,FL,34080,2021-10-17,No,Phone,Community Event,$150K+
C008126,CL003,Emma Taylor,Lake City,FL,33910,2020-12-04,No,Phone,Referral,$100K-$149K
C008127,CL007,Ethan Miller,Clearwater,FL,32791,2019-04-20,No,Phone,Walk-In,<$50K
C008128,CL012,Jack Allen,St. Petersburg,FL,34968,2020-06-02,Yes,SMS,Social Media,$100K-$149K
C008129,CL012,Amelia Robinson,Jacksonville,FL,32736,2022-05-21,Yes,SMS,Referral,$100K-$149K
C008130,CL007,Ashley Brown,Delray Beach,FL,33684,2018-11-22,Yes,SMS,Walk-In,<$50K
C008131,CL005,Michael Robinson,Delray Beach,FL,33309,2018-06-11,Yes,SMS,Walk-In,$150K+
C008132,CL011,Ava Harris,Alachua,FL,34027,2023-07-10,Yes,SMS,Referral,$150K+
C008133,CL011,Audrey Green,Miami,FL,34460,2021-05-18,Yes,Phone,Community Event,$50K-$74K
C008134,CL002,Robert Wilson,Clearwater,FL,34944,2022-10-10,No,Phone,Community Event,$75K-$99K
C008135,CL009,Emma Allen,St. Petersburg,FL,32979,2021-03-22,Yes,SMS,Existing Client,<$50K
C008136,CL007,Emily Garcia,Clearwater,FL,32839,2020-10-09,Yes,Phone,Social Media,<$50K
C008137,CL012,Megan Johnson,Delray Beach,FL,33243,2020-05-06,No,SMS,Existing Client,<$50K
C008138,CL009,Ava Scott,Fort Myers,FL,34227,2018-05-07,Yes,Phone,Referral,$50K-$74K
C008139,CL005,Mateo Robinson,Jacksonville,FL,32648,2019-12-30,No,Email,Google Search,$150K+
C008140,CL003,Jackson Robinson,Palm Coast,FL,33471,2020-12-09,Yes,Email,Existing Client,$75K-$99K
C008141,CL012,Jessica Williams,Clearwater,FL,34194,2022-11-23,Yes,Email,Social Media,<$50K
C008142,CL005,Emily Lopez,Sarasota,FL,32563,2021-07-02,No,Email,Social Media,<$50K
C008143,CL012,Mason Moore,St. Petersburg,FL,34130,2020-04-29,Yes,SMS,Referral,$100K-$149K
C008144,CL003,Jason Roberts,Boca Raton,FL,34233,2020-02-21,Yes,SMS,Referral,$100K-$149K
C008145,CL005,Olivia White,Lakeland,FL,32866,2020-07-21,Yes,Phone,Social Media,<$50K
C008146,CL010,Emma Scott,Lake City,FL,32234,2019-12-15,Yes,Email,Community Event,$100K-$149K
C008147,CL006,Camila Gonzalez,Orlando,FL,34377,2020-02-16,Yes,SMS,Existing Client,$100K-$149K
C008148,CL011,Audrey Lopez,Miami,FL,32927,2023-11-05,No,SMS,Google Search,$150K+
C008149,CL011,Isabella Carter,Fort Myers,FL,34565,2018-08-16,Yes,SMS,Google Search,$75K-$99K
C008150,CL009,Michael Carter,Palm Coast,FL,34266,2018-08-28,Yes,SMS,Referral,$100K-$149K
C008151,CL009,Lucas Walker,Tallahassee,FL,32454,2022-11-23,Yes,Phone,Google Search,$150K+
C008152,CL007,Daniel Harris,Alachua,FL,32387,2018-06-11,No,Phone,Community Event,<$50K
C008153,CL002,Henry Green,Fort Myers,FL,33160,2020-11-09,Yes,SMS,Existing Client,$50K-$74K
C008154,CL010,Liam Brown,Gainesville,FL,32709,2020-05-16,Yes,Email,Walk-In,$75K-$99K
C008155,CL002,Ryan Adams,Clearwater,FL,32492,2021-06-08,Yes,SMS,Referral,$75K-$99K
C008156,CL009,Grace Allen,Palm Coast,FL,34652,2018-07-01,Yes,SMS,Google Search,$100K-$149K
C008157,CL006,Benjamin Harris,Jacksonville,FL,34028,2020-07-07,No,Email,Walk-In,$50K-$74K
C008158,CL004,Henry Walker,Naples,FL,33563,2021-12-10,Yes,Phone,Community Event,$100K-$149K
C008159,CL007,Ava Rodriguez,Tallahassee,FL,33369,2022-10-25,No,Phone,Referral,$75K-$99K
C008160,CL004,Robert Allen,Lakeland,FL,34742,2018-12-20,Yes,SMS,Social Media,$150K+
C008161,CL012,Ava Lee,Gainesville,FL,32400,2020-09-19,No,SMS,Referral,$75K-$99K
C008162,CL010,David Johnson,Gainesville,FL,34107,2018-07-05,No,Phone,Community Event,$50K-$74K
C008163,CL007,Amelia King,Lakeland,FL,33300,2022-07-11,Yes,Phone,Referral,$100K-$149K
C008164,CL001,Emma Roberts,Fort Myers,FL,34760,2023-07-24,Yes,Email,Community Event,$75K-$99K
C008165,CL006,Grace Nguyen,Palm Coast,FL,33113,2018-12-08,Yes,Email,Community Event,$50K-$74K
C008166,CL003,Lauren Martin,Jacksonville,FL,33906,2019-09-05,No,Email,Social Media,$150K+
C008167,CL010,Jackson Flores,Ocala,FL,33470,2020-08-18,No,Email,Google Search,$150K+
C008168,CL002,Sarah Ramirez,Pensacola,FL,33023,2018-08-03,Yes,Phone,Google Search,<$50K
C008169,CL005,Daniel Nguyen,Ocala,FL,33126,2018-11-19,Yes,SMS,Referral,$150K+
C008170,CL010,David Jackson,Orlando,FL,33454,2018-02-01,No,Email,Google Search,$50K-$74K
C008171,CL005,Jackson Vilaihong,Sarasota,FL,33444,2018-10-02,Yes,SMS,Existing Client,$100K-$149K
C008172,CL007,Rachel Campbell,Lakeland,FL,33213,2018-05-17,Yes,Email,Google Search,<$50K
C008173,CL002,Nick Garcia,Pensacola,FL,33757,2020-11-29,No,Phone,Referral,$75K-$99K
C008174,CL008,Luna Williams,Orlando,FL,33094,2019-07-08,No,Email,Community Event,<$50K
C008175,CL005,Jack Jackson,Orlando,FL,34083,2021-01-15,Yes,Email,Referral,$50K-$74K
C008176,CL009,Ashley Hernandez,Clearwater,FL,33791,2022-11-06,Yes,Phone,Social Media,$100K-$149K
C008177,CL003,Liam Walker,Gainesville,FL,33299,2020-05-21,Yes,Phone,Walk-In,$50K-$74K
C008178,CL011,Lauren Garcia,Tampa,FL,32342,2019-10-27,No,SMS,Referral,$150K+
C008179,CL011,Sarah Adams,Pensacola,FL,34314,2023-01-16,No,SMS,Community Event,$100K-$149K
C008180,CL003,Ashley Thomas,Pensacola,FL,33745,2020-06-13,No,SMS,Google Search,$75K-$99K
C008181,CL009,James Hernandez,Alachua,FL,34476,2018-03-13,Yes,Email,Community Event,$50K-$74K
C008182,CL001,Emily Nguyen,Miami,FL,32555,2019-12-23,Yes,Phone,Referral,$100K-$149K
C008183,CL005,Jessica Perez,Alachua,FL,33943,2019-06-27,No,Email,Existing Client,$50K-$74K
C008184,CL006,Audrey Mitchell,Delray Beach,FL,33274,2023-11-18,No,SMS,Referral,$75K-$99K
C008185,CL009,Audrey Walker,Lake City,FL,34293,2020-06-19,Yes,SMS,Walk-In,$50K-$74K
C008186,CL005,Lucas Williams,Pensacola,FL,33289,2018-09-29,No,SMS,Community Event,$150K+
C008187,CL012,Kevin Brown,Gainesville,FL,33343,2018-03-14,No,Email,Referral,$100K-$149K
C008188,CL003,Henry Johnson,Pensacola,FL,33586,2022-12-15,Yes,SMS,Referral,$50K-$74K
C008189,CL001,David Thompson,Tampa,FL,33119,2022-11-05,Yes,Phone,Community Event,$150K+
C008190,CL002,Evelyn Martinez,Sarasota,FL,32491,2020-02-18,No,SMS,Community Event,<$50K
C008191,CL009,Luna Jackson,Lakeland,FL,34881,2023-11-01,No,Email,Community Event,<$50K
C008192,CL002,Olivia Perez,Naples,FL,32546,2019-09-23,Yes,SMS,Walk-In,$75K-$99K
C008193,CL006,Lucas Green,Fort Myers,FL,34247,2022-10-08,Yes,Phone,Referral,$50K-$74K
C008194,CL012,Jackson Adams,Orlando,FL,32115,2022-02-19,No,SMS,Google Search,$75K-$99K
C008195,CL005,Jack Jackson,Tallahassee,FL,33454,2021-04-17,Yes,Phone,Community Event,$150K+
C008196,CL009,Henry Smith,Palm Coast,FL,33245,2020-08-27,No,Email,Social Media,$50K-$74K
C008197,CL012,Emily White,Ocala,FL,33454,2022-01-12,Yes,Phone,Walk-In,$100K-$149K
C008198,CL003,Jessica Nguyen,Newberry,FL,34858,2022-05-25,No,Email,Google Search,$100K-$149K
C008199,CL007,Ella White,Clearwater,FL,33308,2023-07-31,Yes,Phone,Walk-In,<$50K
C008200,CL012,Lucas Carter,St. Petersburg,FL,33355,2018-09-05,No,SMS,Social Media,$150K+
C008201,CL008,Sofia Harris,Orlando,FL,32657,2019-04-06,Yes,SMS,Walk-In,$50K-$74K
C008202,CL007,Ryan Lewis,Ocala,FL,33827,2019-08-12,Yes,Email,Google Search,$50K-$74K
C008203,CL011,Michael Gonzalez,Ocala,FL,32569,2021-09-23,No,SMS,Existing Client,<$50K
C008204,CL012,Chloe Sanchez,Tallahassee,FL,32283,2022-02-13,No,SMS,Google Search,<$50K
C008205,CL012,Jessica Rodriguez,St. Petersburg,FL,33576,2023-09-18,Yes,SMS,Referral,$150K+
C008206,CL001,Harper Nelson,Pensacola,FL,34704,2021-12-16,Yes,Phone,Social Media,$150K+
C008207,CL002,Olivia Moore,Lakeland,FL,33383,2020-04-07,Yes,SMS,Community Event,<$50K
C008208,CL006,Megan Gonzalez,Lakeland,FL,32461,2022-06-10,Yes,Phone,Walk-In,$150K+
C008209,CL007,Lauren Wilson,Ocala,FL,32875,2020-11-20,Yes,SMS,Social Media,$100K-$149K
C008210,CL005,Michael Nelson,Ocala,FL,32705,2022-11-14,No,SMS,Community Event,$100K-$149K
C008211,CL004,Emily Thomas,St. Petersburg,FL,32625,2020-07-23,No,Email,Social Media,$100K-$149K
C008212,CL001,Sophia Wilson,Tampa,FL,32704,2019-10-18,Yes,Email,Existing Client,<$50K
C008213,CL004,James Garcia,Naples,FL,33716,2020-04-12,Yes,SMS,Google Search,$100K-$149K
C008214,CL007,Audrey Lee,Orlando,FL,33950,2023-08-24,Yes,Email,Google Search,$150K+
C008215,CL002,Liam Garcia,Palm Coast,FL,32904,2018-08-09,Yes,SMS,Social Media,$50K-$74K
C008216,CL007,Benjamin Scott,Delray Beach,FL,32668,2018-09-11,No,Email,Google Search,<$50K
C008217,CL005,Nick Perez,Boca Raton,FL,33459,2020-06-24,Yes,SMS,Existing Client,$50K-$74K
C008218,CL007,Harper Wright,Tampa,FL,32437,2019-02-03,Yes,Email,Referral,<$50K
C008219,CL007,Camila Thomas,Pensacola,FL,33654,2020-08-26,No,SMS,Walk-In,$75K-$99K
C008220,CL005,Amanda Allen,Pensacola,FL,34887,2019-08-28,No,SMS,Existing Client,<$50K
C008221,CL010,Charlotte King,Newberry,FL,34836,2023-05-21,Yes,SMS,Walk-In,$75K-$99K
C008222,CL003,Emily Ramirez,Tallahassee,FL,32543,2021-04-29,Yes,SMS,Social Media,$50K-$74K
C008223,CL008,Lucas Wilson,Palm Coast,FL,32223,2019-05-09,Yes,SMS,Social Media,$100K-$149K
C008224,CL008,Henry Mitchell,St. Petersburg,FL,34822,2019-01-29,Yes,Phone,Walk-In,$150K+
C008225,CL011,Mason Adams,Gainesville,FL,33519,2023-07-24,No,SMS,Referral,$75K-$99K
C008226,CL005,Jackson Hall,Tallahassee,FL,33524,2022-07-26,Yes,SMS,Referral,<$50K
C008227,CL004,Isabella Jones,Tallahassee,FL,34757,2023-01-28,Yes,SMS,Google Search,$100K-$149K
C008228,CL011,James Carter,Gainesville,FL,34646,2020-02-27,Yes,Email,Google Search,$75K-$99K
C008229,CL002,Amanda Ramirez,Fort Myers,FL,33955,2020-07-28,Yes,Phone,Social Media,<$50K
C008230,CL001,Lauren Hall,Naples,FL,33738,2022-04-18,No,SMS,Existing Client,$75K-$99K
C008231,CL006,Ryan Mitchell,St. Petersburg,FL,34732,2018-09-07,Yes,Email,Walk-In,<$50K
C008232,CL006,Amanda Clark,Orlando,FL,33050,2020-10-04,Yes,Email,Walk-In,$50K-$74K
C008233,CL010,Jack Martinez,Palm Coast,FL,33334,2019-07-08,Yes,Phone,Walk-In,$50K-$74K
C008234,CL007,Rachel Young,Gainesville,FL,32399,2022-02-01,No,SMS,Referral,$50K-$74K
C008235,CL008,Audrey Green,Boca Raton,FL,34365,2018-07-22,Yes,SMS,Walk-In,$150K+
C008236,CL012,Jason Thomas,Clearwater,FL,32550,2020-08-17,No,Phone,Existing Client,$150K+
C008237,CL009,Sofia Baker,Delray Beach,FL,33598,2018-04-08,Yes,SMS,Google Search,$150K+
C008238,CL003,Lucas Nguyen,Palm Coast,FL,32809,2023-08-23,No,Phone,Walk-In,<$50K
C008239,CL010,Sophia Smith,Palm Coast,FL,33111,2018-09-27,No,Email,Referral,$100K-$149K
C008240,CL005,James Carter,Jacksonville,FL,34545,2018-07-20,Yes,SMS,Social Media,$50K-$74K
C008241,CL002,Elijah Thomas,Naples,FL,32874,2019-08-02,Yes,SMS,Existing Client,$150K+
C008242,CL008,Luna Hill,St. Petersburg,FL,32677,2023-06-26,Yes,Phone,Walk-In,<$50K
C008243,CL002,Lucas Anderson,Ocala,FL,32994,2019-03-03,Yes,SMS,Referral,$150K+
C008244,CL005,Ryan Nguyen,Boca Raton,FL,34810,2018-04-06,No,SMS,Community Event,$50K-$74K
C008245,CL005,Harper Garcia,Gainesville,FL,33273,2023-11-01,Yes,SMS,Google Search,$100K-$149K
C008246,CL008,Jessica Baker,Orlando,FL,34654,2021-02-06,No,SMS,Walk-In,$75K-$99K
C008247,CL003,Sophia Robinson,Fort Myers,FL,32111,2018-04-23,Yes,SMS,Referral,$150K+
C008248,CL012,Megan Perez,Gainesville,FL,33597,2018-07-06,Yes,Email,Referral,$75K-$99K
C008249,CL011,Sarah Taylor,Tampa,FL,33160,2023-04-16,Yes,SMS,Referral,$100K-$149K
C008250,CL001,Emma Lopez,Alachua,FL,34158,2019-09-10,Yes,Email,Social Media,<$50K
C008251,CL006,Grace Flores,Palm Coast,FL,34669,2020-03-23,Yes,SMS,Social Media,$75K-$99K
C008252,CL012,Amelia Johnson,Sarasota,FL,32764,2020-02-20,Yes,Phone,Google Search,$75K-$99K
C008253,CL010,Grace Martinez,Miami,FL,32810,2023-10-08,Yes,Phone,Referral,$150K+
C008254,CL012,Harper Torres,Alachua,FL,34779,2019-09-09,Yes,SMS,Google Search,$50K-$74K
C008255,CL010,Audrey Wilson,Clearwater,FL,33887,2023-11-28,Yes,Phone,Existing Client,$50K-$74K
C008256,CL004,Jason Roberts,Palm Coast,FL,34515,2023-05-13,Yes,Phone,Social Media,$75K-$99K
C008257,CL001,Michael Adams,Naples,FL,32636,2021-06-19,Yes,SMS,Google Search,$75K-$99K
C008258,CL005,David Robinson,Clearwater,FL,34360,2020-08-25,Yes,SMS,Walk-In,$75K-$99K
C008259,CL010,Ella Anderson,Tallahassee,FL,32312,2018-09-09,Yes,Email,Referral,$150K+
C008260,CL010,Michael Smith,Ocala,FL,33825,2023-08-02,Yes,Phone,Walk-In,<$50K
C008261,CL003,Henry Moore,Lakeland,FL,33686,2022-08-18,Yes,SMS,Google Search,$75K-$99K
C008262,CL012,Nick Lewis,Lakeland,FL,34441,2020-09-04,Yes,Email,Google Search,$75K-$99K
C008263,CL011,Mason Wright,Alachua,FL,32487,2020-07-11,No,Phone,Community Event,<$50K
C008264,CL001,Jack Green,Tampa,FL,34865,2023-01-09,Yes,Email,Google Search,$100K-$149K
C008265,CL009,Ryan Lewis,Tampa,FL,32510,2021-10-14,Yes,Phone,Existing Client,$50K-$74K
C008266,CL009,Harper Perez,St. Petersburg,FL,34418,2022-04-11,Yes,SMS,Existing Client,<$50K
C008267,CL004,Sophia Robinson,Clearwater,FL,32568,2020-01-05,Yes,SMS,Referral,$75K-$99K
C008268,CL010,Michael Sanchez,Fort Myers,FL,34523,2020-06-19,No,SMS,Existing Client,$150K+
C008269,CL001,Harper Vilaihong,Jacksonville,FL,33246,2023-03-31,No,Email,Community Event,$75K-$99K
C008270,CL011,Liam Smith,St. Petersburg,FL,32141,2022-11-16,No,SMS,Google Search,<$50K
C008271,CL002,Ava Carter,Delray Beach,FL,33657,2020-05-01,No,Email,Referral,$75K-$99K
C008272,CL009,Audrey King,Palm Coast,FL,34687,2020-04-08,Yes,SMS,Community Event,$150K+
C008273,CL012,Benjamin Vilaihong,Sarasota,FL,34901,2018-07-31,Yes,Email,Existing Client,$100K-$149K
C008274,CL009,Ava White,Lakeland,FL,32304,2019-06-17,Yes,SMS,Existing Client,<$50K
C008275,CL005,Amanda Rivera,Gainesville,FL,33401,2023-09-19,No,SMS,Walk-In,$75K-$99K
C008276,CL006,Isabella Johnson,Naples,FL,34625,2018-10-18,No,Phone,Google Search,$75K-$99K
C008277,CL007,Evelyn Rivera,Naples,FL,33548,2022-05-11,No,Email,Existing Client,$75K-$99K
C008278,CL004,Lauren Roberts,Lakeland,FL,32334,2020-03-18,No,Phone,Community Event,$50K-$74K
C008279,CL003,Logan King,Delray Beach,FL,32563,2019-08-14,Yes,Email,Walk-In,$75K-$99K
C008280,CL010,Amanda Campbell,Newberry,FL,33120,2018-03-16,No,SMS,Community Event,$100K-$149K
C008281,CL004,Sarah Scott,Fort Myers,FL,33854,2021-07-02,Yes,Email,Community Event,<$50K
C008282,CL008,Lauren Martinez,Pensacola,FL,32874,2018-06-09,Yes,SMS,Referral,$150K+
C008283,CL012,Sofia Adams,Tampa,FL,33090,2021-03-27,Yes,SMS,Walk-In,$75K-$99K
C008284,CL007,Mateo Brown,Naples,FL,33843,2023-11-15,Yes,SMS,Walk-In,$75K-$99K
C008285,CL012,Jack Garcia,Lakeland,FL,34977,2019-12-25,Yes,SMS,Existing Client,$75K-$99K
C008286,CL010,Chloe Baker,Jacksonville,FL,32619,2020-06-26,No,Email,Walk-In,<$50K
C008287,CL002,Grace Jackson,Clearwater,FL,32798,2019-12-26,Yes,SMS,Google Search,$75K-$99K
C008288,CL010,Jackson Rodriguez,Orlando,FL,33045,2019-09-27,Yes,SMS,Community Event,$50K-$74K
C008289,CL006,Ella Williams,Pensacola,FL,32106,2023-02-08,No,SMS,Referral,<$50K
C008290,CL004,Liam Smith,Naples,FL,33209,2020-03-14,No,Email,Walk-In,$75K-$99K
C008291,CL007,James Wilson,Fort Myers,FL,33754,2021-10-08,Yes,SMS,Community Event,$100K-$149K
C008292,CL005,Ella Campbell,Boca Raton,FL,33124,2018-01-24,Yes,Phone,Existing Client,$100K-$149K
C008293,CL004,Ava Davis,Lake City,FL,32388,2021-11-04,Yes,Phone,Existing Client,$50K-$74K
C008294,CL010,Camila Davis,Palm Coast,FL,32460,2020-02-12,Yes,Phone,Walk-In,<$50K
C008295,CL008,Charlotte Rodriguez,Delray Beach,FL,33400,2021-07-16,No,SMS,Existing Client,<$50K
C008296,CL009,Jason Harris,Lakeland,FL,34211,2019-05-15,Yes,Phone,Walk-In,$150K+
C008297,CL003,Luna Wright,Lakeland,FL,33160,2020-11-04,No,Email,Existing Client,$150K+
C008298,CL007,Daniel Brown,Ocala,FL,34162,2023-08-15,Yes,SMS,Referral,$100K-$149K
C008299,CL001,Jackson Allen,Clearwater,FL,32872,2022-05-27,Yes,Email,Existing Client,$75K-$99K
C008300,CL002,Chloe Jackson,Clearwater,FL,32087,2021-06-11,Yes,SMS,Google Search,$100K-$149K
C008301,CL006,Elijah Baker,Gainesville,FL,32498,2021-11-24,Yes,Phone,Walk-In,$100K-$149K
C008302,CL004,Noah Moore,Naples,FL,34110,2018-11-06,Yes,SMS,Community Event,$75K-$99K
C008303,CL002,David Roberts,Tallahassee,FL,32389,2023-01-02,Yes,Phone,Google Search,$75K-$99K
C008304,CL004,Lauren Adams,Lake City,FL,34508,2021-05-23,Yes,Phone,Referral,$50K-$74K
C008305,CL006,Emily Hill,Jacksonville,FL,33726,2019-04-26,Yes,Phone,Community Event,$75K-$99K
C008306,CL010,Olivia Nelson,Newberry,FL,34170,2021-07-30,Yes,Email,Existing Client,$75K-$99K
C008307,CL012,Mason Ramirez,Miami,FL,32793,2023-03-08,Yes,SMS,Existing Client,$50K-$74K
C008308,CL002,Rachel Roberts,Tampa,FL,32332,2019-08-07,Yes,SMS,Existing Client,$100K-$149K
C008309,CL007,Mateo Robinson,Lakeland,FL,32449,2018-11-29,Yes,Email,Google Search,$100K-$149K
C008310,CL002,Emily Moore,Sarasota,FL,33786,2020-01-11,Yes,SMS,Social Media,$75K-$99K
C008311,CL001,Robert Martin,Lake City,FL,32832,2021-08-19,Yes,Phone,Google Search,<$50K
C008312,CL001,Mia Hill,Jacksonville,FL,34517,2018-06-28,Yes,SMS,Walk-In,$75K-$99K
C008313,CL012,Mateo Scott,Fort Myers,FL,34022,2019-01-15,Yes,SMS,Referral,$150K+
C008314,CL008,Liam Campbell,Delray Beach,FL,34530,2022-12-29,Yes,Email,Community Event,$50K-$74K
C008315,CL003,James Mitchell,Gainesville,FL,33332,2023-12-18,No,Phone,Walk-In,$100K-$149K
C008316,CL010,Jack Hall,Boca Raton,FL,32350,2023-11-15,Yes,Email,Google Search,$75K-$99K
C008317,CL009,James Mitchell,Alachua,FL,33755,2019-09-11,Yes,SMS,Google Search,$150K+
C008318,CL001,James Vilaihong,Jacksonville,FL,33034,2023-03-07,No,SMS,Walk-In,<$50K
C008319,CL009,Sofia Flores,Ocala,FL,32246,2020-04-30,Yes,Phone,Community Event,$150K+
C008320,CL009,Mia Roberts,Newberry,FL,34985,2022-05-19,Yes,Email,Walk-In,$75K-$99K
C008321,CL011,Evelyn Hill,Orlando,FL,33117,2020-09-24,Yes,Email,Walk-In,$150K+
C008322,CL010,Robert Rivera,Fort Myers,FL,32585,2023-06-09,Yes,SMS,Community Event,$150K+
C008323,CL009,Logan Thompson,Delray Beach,FL,32262,2020-05-30,Yes,Email,Google Search,<$50K
C008324,CL003,Camila Garcia,Orlando,FL,33480,2018-05-11,No,SMS,Google Search,<$50K
C008325,CL001,Evelyn White,Tampa,FL,33459,2022-12-19,No,Phone,Google Search,$100K-$149K
C008326,CL006,Jessica Vilaihong,Fort Myers,FL,34489,2019-05-12,Yes,Phone,Community Event,<$50K
C008327,CL002,Amelia Gonzalez,Lake City,FL,33777,2018-12-03,Yes,Phone,Existing Client,$75K-$99K
C008328,CL009,Ethan Nelson,Naples,FL,34779,2018-10-17,No,Email,Referral,$100K-$149K
C008329,CL004,Ashley Lewis,Jacksonville,FL,32556,2023-12-18,Yes,Email,Google Search,$100K-$149K
C008330,CL004,Olivia Adams,Naples,FL,33513,2022-02-16,Yes,Phone,Existing Client,$75K-$99K
C008331,CL011,Ashley Taylor,Ocala,FL,32156,2021-02-27,Yes,Email,Existing Client,<$50K
C008332,CL003,Megan Lewis,Tampa,FL,32353,2018-07-26,No,Email,Google Search,$150K+
C008333,CL004,Ryan Walker,Lake City,FL,34178,2021-10-03,No,Phone,Community Event,$50K-$74K
C008334,CL005,Kevin Hall,St. Petersburg,FL,33976,2019-07-29,No,Phone,Social Media,<$50K
C008335,CL004,Emily Williams,Palm Coast,FL,33507,2021-11-27,No,Phone,Walk-In,$100K-$149K
C008336,CL009,Ashley Robinson,Lake City,FL,34377,2021-04-09,Yes,SMS,Social Media,<$50K
C008337,CL007,Kevin Lewis,Clearwater,FL,34577,2023-05-17,Yes,Email,Google Search,$75K-$99K
C008338,CL004,Lauren Scott,Palm Coast,FL,33582,2020-09-14,Yes,SMS,Referral,$75K-$99K
C008339,CL009,Michael King,Clearwater,FL,34558,2023-03-05,No,Email,Social Media,$50K-$74K
C008340,CL012,Noah Robinson,St. Petersburg,FL,34169,2018-12-04,No,SMS,Existing Client,<$50K
C008341,CL007,Chloe Brown,Newberry,FL,33040,2023-07-09,Yes,SMS,Referral,$150K+
C008342,CL006,James Williams,Alachua,FL,34304,2019-12-02,Yes,SMS,Social Media,$150K+
C008343,CL006,Ethan Moore,Tampa,FL,34907,2022-12-25,No,Email,Existing Client,$75K-$99K
C008344,CL003,Emma Roberts,Naples,FL,32609,2019-05-16,Yes,SMS,Existing Client,$150K+
C008345,CL006,Ashley Green,Orlando,FL,32372,2023-04-27,Yes,SMS,Community Event,$100K-$149K
C008346,CL002,Ryan Gonzalez,Gainesville,FL,32546,2018-05-10,No,Phone,Existing Client,$50K-$74K
C008347,CL010,Isabella Johnson,Ocala,FL,32194,2023-10-07,Yes,SMS,Social Media,$50K-$74K
C008348,CL010,Henry Green,Miami,FL,34063,2022-08-22,No,Phone,Walk-In,$50K-$74K
C008349,CL012,Jack Robinson,Palm Coast,FL,34278,2021-09-21,No,Email,Existing Client,$75K-$99K
C008350,CL008,James Torres,Miami,FL,32041,2019-10-21,No,Email,Community Event,$75K-$99K
C008351,CL007,David Flores,Tampa,FL,33946,2018-11-29,No,SMS,Social Media,$150K+
C008352,CL011,James Nelson,Pensacola,FL,34809,2018-08-05,Yes,SMS,Google Search,<$50K
C008353,CL012,Audrey Sanchez,Palm Coast,FL,34572,2020-02-02,Yes,Email,Referral,$150K+
C008354,CL009,Megan Vilaihong,Lake City,FL,32888,2020-01-23,Yes,SMS,Referral,$150K+
C008355,CL011,Harper Green,Tampa,FL,33513,2018-04-07,No,SMS,Google Search,$50K-$74K
C008356,CL004,Megan Rodriguez,Miami,FL,34616,2023-01-02,Yes,SMS,Community Event,$75K-$99K
C008357,CL009,Amanda Brown,Lakeland,FL,34918,2019-08-20,No,Email,Social Media,$100K-$149K
C008358,CL003,Liam Ramirez,Orlando,FL,32274,2019-12-07,No,Email,Existing Client,$100K-$149K
C008359,CL009,Ryan Hall,Lake City,FL,32320,2022-03-18,No,Phone,Community Event,$100K-$149K
C008360,CL007,Ashley Nguyen,Sarasota,FL,34670,2018-11-16,No,SMS,Referral,$100K-$149K
C008361,CL006,Rachel Hernandez,Newberry,FL,34239,2019-03-23,Yes,Phone,Referral,$150K+
C008362,CL010,Amanda Clark,Ocala,FL,32208,2023-05-15,Yes,Email,Referral,$150K+
C008363,CL007,Michael Wright,Ocala,FL,34007,2021-07-06,No,SMS,Walk-In,$75K-$99K
C008364,CL012,Daniel Smith,Lake City,FL,34860,2021-09-27,No,Phone,Referral,$50K-$74K
C008365,CL006,Sophia Martinez,Tampa,FL,32129,2022-01-28,Yes,SMS,Referral,<$50K
C008366,CL008,Grace Davis,St. Petersburg,FL,33715,2020-12-18,No,Email,Referral,$150K+
C008367,CL012,Charlotte Flores,St. Petersburg,FL,34398,2021-10-12,Yes,Email,Social Media,$75K-$99K
C008368,CL001,Evelyn Brown,Miami,FL,34187,2023-11-07,Yes,Phone,Walk-In,$150K+
C008369,CL002,Amanda Jackson,Clearwater,FL,33116,2022-01-16,Yes,SMS,Walk-In,$75K-$99K
C008370,CL001,Jessica Harris,Tallahassee,FL,33967,2021-08-10,No,Phone,Google Search,<$50K
C008371,CL009,Benjamin Taylor,Palm Coast,FL,32655,2022-12-17,No,SMS,Community Event,$150K+
C008372,CL010,Ryan Rodriguez,St. Petersburg,FL,34147,2018-05-29,Yes,Email,Walk-In,$100K-$149K
C008373,CL012,Olivia Ramirez,St. Petersburg,FL,32779,2019-01-12,Yes,SMS,Walk-In,$75K-$99K
C008374,CL008,Ava Wilson,Gainesville,FL,34381,2018-01-27,No,SMS,Walk-In,$75K-$99K
C008375,CL005,Ella Wright,Pensacola,FL,34364,2019-12-20,Yes,SMS,Google Search,$150K+
C008376,CL012,Liam Adams,Delray Beach,FL,34490,2019-09-19,No,SMS,Walk-In,<$50K
C008377,CL007,Emma Robinson,Miami,FL,33692,2023-11-13,Yes,Phone,Social Media,<$50K
C008378,CL006,Mason Brown,Clearwater,FL,33100,2018-12-25,Yes,SMS,Referral,<$50K
C008379,CL006,Emily King,Gainesville,FL,32859,2021-03-25,Yes,Phone,Google Search,$100K-$149K
C008380,CL002,Benjamin Thompson,Delray Beach,FL,33005,2021-09-07,No,Phone,Community Event,$150K+
C008381,CL007,Amanda Lee,Newberry,FL,32542,2023-09-03,Yes,SMS,Google Search,$50K-$74K
C008382,CL011,Lucas Campbell,Alachua,FL,32802,2019-08-09,No,SMS,Walk-In,$150K+
C008383,CL009,Audrey Harris,Ocala,FL,33961,2018-06-13,Yes,Email,Existing Client,$150K+
C008384,CL003,Nick Mitchell,Tallahassee,FL,32015,2023-04-10,No,Email,Community Event,$75K-$99K
C008385,CL011,Mia Martinez,Tampa,FL,33733,2020-11-24,No,SMS,Referral,$150K+
C008386,CL012,Harper Carter,Gainesville,FL,34364,2022-09-15,Yes,SMS,Google Search,$75K-$99K
C008387,CL003,Evelyn Robinson,St. Petersburg,FL,33244,2018-11-29,Yes,Phone,Google Search,$100K-$149K
C008388,CL011,Ashley Hill,Tallahassee,FL,34058,2022-10-08,Yes,SMS,Referral,$150K+
C008389,CL006,Sarah Young,Newberry,FL,32935,2023-01-17,Yes,SMS,Google Search,$150K+
C008390,CL005,Michael Martinez,Alachua,FL,32511,2023-07-20,No,Phone,Existing Client,<$50K
C008391,CL006,Jessica Scott,Lake City,FL,34002,2021-02-03,No,SMS,Google Search,<$50K
C008392,CL002,Grace Sanchez,Naples,FL,34155,2021-07-16,Yes,SMS,Walk-In,$50K-$74K
C008393,CL001,Henry Moore,Miami,FL,33243,2021-02-06,No,SMS,Social Media,$150K+
C008394,CL012,Daniel Lewis,Boca Raton,FL,34664,2019-06-18,Yes,Phone,Referral,$100K-$149K
C008395,CL001,Nick Miller,St. Petersburg,FL,32727,2019-12-12,Yes,Phone,Community Event,<$50K
C008396,CL002,Camila Adams,Delray Beach,FL,33650,2020-04-09,No,SMS,Google Search,<$50K
C008397,CL010,Sophia Thompson,Naples,FL,34344,2019-05-02,Yes,SMS,Social Media,$75K-$99K
C008398,CL005,Michael Lee,Lake City,FL,34225,2019-12-29,Yes,SMS,Social Media,<$50K
C008399,CL001,Luna Ramirez,Newberry,FL,33046,2019-03-13,Yes,Email,Social Media,$50K-$74K
C008400,CL002,Ethan Wilson,Alachua,FL,32656,2021-01-19,Yes,SMS,Social Media,$75K-$99K
C008401,CL005,Mia Sanchez,Orlando,FL,32812,2020-05-09,Yes,SMS,Community Event,$150K+
C008402,CL002,Ava Johnson,Tampa,FL,34851,2020-07-11,Yes,SMS,Community Event,$100K-$149K
C008403,CL010,James Robinson,Newberry,FL,33055,2019-09-28,Yes,Email,Referral,$100K-$149K
C008404,CL010,James Hernandez,Naples,FL,33959,2017-12-24,Yes,Phone,Google Search,$50K-$74K
C008405,CL002,Evelyn Smith,Ocala,FL,32669,2021-01-18,Yes,Email,Social Media,$150K+
C008406,CL008,Grace Sanchez,Lake City,FL,34404,2019-07-11,Yes,Email,Walk-In,$150K+
C008407,CL009,Henry Hall,Ocala,FL,32902,2018-12-24,Yes,Email,Existing Client,$150K+
C008408,CL012,James Walker,Tallahassee,FL,32384,2018-04-10,Yes,SMS,Social Media,$100K-$149K
C008409,CL005,Jackson Gonzalez,Gainesville,FL,32464,2019-01-17,No,Email,Referral,$75K-$99K
C008410,CL001,Sarah Harris,Jacksonville,FL,34038,2018-11-19,No,SMS,Google Search,$100K-$149K
C008411,CL009,Logan Young,Alachua,FL,34497,2019-10-23,No,Phone,Existing Client,$75K-$99K
C008412,CL003,Camila Wright,Alachua,FL,34753,2020-08-26,Yes,SMS,Existing Client,$50K-$74K
C008413,CL012,Harper Martin,Clearwater,FL,34903,2020-05-28,Yes,SMS,Social Media,$50K-$74K
C008414,CL003,Sarah Ramirez,Tampa,FL,34201,2018-07-18,Yes,SMS,Existing Client,$50K-$74K
C008415,CL007,Henry Rodriguez,Pensacola,FL,33684,2021-01-18,Yes,SMS,Google Search,<$50K
C008416,CL008,Mateo Clark,Newberry,FL,32046,2020-11-14,Yes,Email,Existing Client,<$50K
C008417,CL008,Amelia King,Fort Myers,FL,34871,2019-07-27,No,SMS,Google Search,<$50K
C008418,CL001,Evelyn Adams,Gainesville,FL,33324,2023-03-15,Yes,SMS,Walk-In,$75K-$99K
C008419,CL010,Kevin Jones,Tampa,FL,34485,2020-12-02,Yes,Phone,Social Media,$75K-$99K
C008420,CL005,Olivia Walker,St. Petersburg,FL,34203,2021-03-31,Yes,SMS,Community Event,$75K-$99K
C008421,CL012,Audrey Torres,Palm Coast,FL,32032,2022-11-20,No,SMS,Social Media,$100K-$149K
C008422,CL009,Jack Robinson,Alachua,FL,34724,2020-08-09,Yes,SMS,Community Event,$50K-$74K
C008423,CL001,Charlotte Brown,St. Petersburg,FL,33783,2022-03-16,Yes,SMS,Referral,<$50K
C008424,CL004,Jack Gonzalez,Jacksonville,FL,32258,2021-08-08,Yes,Phone,Social Media,$100K-$149K
C008425,CL012,Mason Hall,Clearwater,FL,32912,2023-01-07,No,Phone,Google Search,$100K-$149K
C008426,CL007,Ella Thomas,Sarasota,FL,33484,2018-06-12,Yes,SMS,Google Search,<$50K
C008427,CL007,Jessica Campbell,Gainesville,FL,32158,2020-08-05,Yes,Phone,Existing Client,$50K-$74K
C008428,CL011,Ashley Lopez,Gainesville,FL,34482,2021-06-22,Yes,Email,Existing Client,<$50K
C008429,CL003,Jackson Davis,Gainesville,FL,33319,2022-07-05,No,Email,Social Media,$75K-$99K
C008430,CL009,Audrey White,Sarasota,FL,32177,2021-12-01,No,Phone,Social Media,$100K-$149K
C008431,CL008,Lucas Wilson,Orlando,FL,34230,2019-09-26,Yes,Email,Walk-In,$50K-$74K
C008432,CL005,James Scott,St. Petersburg,FL,33338,2018-05-21,Yes,SMS,Google Search,$75K-$99K
C008433,CL005,Chloe Carter,Naples,FL,34091,2022-03-03,Yes,SMS,Social Media,$50K-$74K
C008434,CL001,Amanda Perez,Lake City,FL,33437,2022-12-08,Yes,Email,Community Event,$75K-$99K
C008435,CL001,Benjamin Jones,Newberry,FL,32905,2020-02-28,No,SMS,Social Media,<$50K
C008436,CL006,Jackson Green,Naples,FL,34354,2020-01-24,Yes,Phone,Community Event,<$50K
C008437,CL012,Lucas Wright,St. Petersburg,FL,32382,2018-07-22,No,SMS,Social Media,$100K-$149K
C008438,CL004,Emma Adams,Sarasota,FL,33499,2018-08-26,No,SMS,Referral,$50K-$74K
C008439,CL002,David Wright,Alachua,FL,32923,2023-07-04,Yes,SMS,Existing Client,$75K-$99K
C008440,CL004,Elijah Rodriguez,Gainesville,FL,34688,2021-12-25,No,Email,Referral,<$50K
C008441,CL009,Mason Gonzalez,St. Petersburg,FL,34309,2021-11-24,No,Email,Walk-In,$150K+
C008442,CL008,Evelyn Lewis,St. Petersburg,FL,34140,2021-09-21,Yes,Email,Walk-In,$100K-$149K
C008443,CL009,Henry Gonzalez,Alachua,FL,34426,2019-04-22,Yes,Phone,Community Event,$75K-$99K
C008444,CL011,Mia King,Tallahassee,FL,33609,2019-05-06,No,Email,Community Event,$100K-$149K
C008445,CL001,Ryan Robinson,Tampa,FL,34905,2018-12-31,Yes,Email,Google Search,$75K-$99K
C008446,CL001,Ryan Miller,St. Petersburg,FL,34351,2023-07-11,Yes,Phone,Community Event,$75K-$99K
C008447,CL002,Ryan Lopez,Miami,FL,32550,2022-06-26,Yes,SMS,Existing Client,$75K-$99K
C008448,CL002,Ryan Hill,Newberry,FL,33895,2022-09-27,Yes,SMS,Community Event,$50K-$74K
C008449,CL006,Megan Green,Newberry,FL,34406,2019-11-12,No,Email,Referral,<$50K
C008450,CL007,Harper Mitchell,Ocala,FL,32302,2021-08-21,Yes,SMS,Google Search,$50K-$74K
C008451,CL007,Camila Moore,Miami,FL,34955,2018-06-03,Yes,SMS,Existing Client,$50K-$74K
C008452,CL004,Noah Thompson,Lake City,FL,34802,2020-11-09,No,Phone,Existing Client,$50K-$74K
C008453,CL005,Noah Brown,Sarasota,FL,33873,2019-04-21,Yes,Phone,Walk-In,$50K-$74K
C008454,CL011,Michael Sanchez,Boca Raton,FL,33113,2018-02-19,Yes,Phone,Existing Client,$75K-$99K
C008455,CL007,Evelyn Young,Newberry,FL,34275,2021-11-06,Yes,SMS,Community Event,$50K-$74K
C008456,CL007,Rachel Rivera,Boca Raton,FL,34389,2018-08-08,No,Email,Community Event,<$50K
C008457,CL005,Nick Martinez,Jacksonville,FL,34834,2023-11-26,Yes,SMS,Community Event,$150K+
C008458,CL007,David Wilson,St. Petersburg,FL,32576,2023-12-20,Yes,Email,Walk-In,$50K-$74K
C008459,CL007,Benjamin Scott,Sarasota,FL,32139,2021-05-18,Yes,Email,Referral,$50K-$74K
C008460,CL002,Camila Walker,Alachua,FL,32010,2023-02-01,Yes,SMS,Social Media,$150K+
C008461,CL002,Mateo Vilaihong,Sarasota,FL,33477,2020-04-11,Yes,SMS,Google Search,$100K-$149K
C008462,CL012,Chloe Ramirez,Clearwater,FL,33947,2018-07-06,No,SMS,Google Search,$50K-$74K
C008463,CL008,Audrey Harris,Lakeland,FL,33681,2021-02-28,No,Email,Community Event,$100K-$149K
C008464,CL008,Rachel Clark,Clearwater,FL,32274,2019-06-09,No,Phone,Google Search,$150K+
C008465,CL012,Henry Brown,Tallahassee,FL,32152,2021-04-09,Yes,SMS,Existing Client,$100K-$149K
C008466,CL003,Robert Vilaihong,Tallahassee,FL,33282,2020-03-03,No,Email,Existing Client,<$50K
C008467,CL005,Harper Martin,Naples,FL,34092,2020-12-02,No,Phone,Google Search,<$50K
C008468,CL001,Lauren Davis,Clearwater,FL,34774,2021-06-04,No,Phone,Social Media,$100K-$149K
C008469,CL004,Jackson Lee,Jacksonville,FL,32748,2023-06-25,No,SMS,Community Event,$50K-$74K
C008470,CL003,Daniel Thomas,Pensacola,FL,34264,2020-09-05,Yes,SMS,Community Event,$150K+
C008471,CL004,Jack Taylor,Delray Beach,FL,33909,2020-09-13,No,SMS,Google Search,$50K-$74K
C008472,CL006,Ethan Davis,Ocala,FL,34908,2021-07-02,Yes,SMS,Walk-In,$50K-$74K
C008473,CL003,Benjamin Taylor,Fort Myers,FL,32386,2020-03-03,Yes,SMS,Existing Client,<$50K
C008474,CL009,Jack King,Naples,FL,34568,2021-09-19,No,Email,Referral,$100K-$149K
C008475,CL010,Benjamin Young,Orlando,FL,32949,2023-04-02,Yes,Phone,Walk-In,$50K-$74K
C008476,CL001,Daniel Ramirez,Newberry,FL,32843,2020-06-24,Yes,SMS,Walk-In,$75K-$99K
C008477,CL003,Megan Taylor,Fort Myers,FL,33638,2019-12-01,Yes,Phone,Referral,$150K+
C008478,CL010,Audrey Miller,Palm Coast,FL,33335,2021-08-24,No,Email,Existing Client,$100K-$149K
C008479,CL011,Amelia Taylor,Tampa,FL,33083,2019-08-21,No,SMS,Google Search,$75K-$99K
C008480,CL005,Daniel Hernandez,Lakeland,FL,33282,2019-08-07,Yes,Phone,Walk-In,$100K-$149K
C008481,CL008,Harper Mitchell,Newberry,FL,34325,2020-06-09,No,Email,Referral,$75K-$99K
C008482,CL007,Chloe Thompson,Lake City,FL,32927,2023-10-03,Yes,SMS,Social Media,$75K-$99K
C008483,CL011,Evelyn Mitchell,Jacksonville,FL,33236,2021-05-02,Yes,Email,Social Media,$50K-$74K
C008484,CL008,Mason Clark,Miami,FL,32501,2022-08-06,No,Phone,Walk-In,<$50K
C008485,CL004,Ethan Harris,Sarasota,FL,33162,2022-06-04,No,Email,Google Search,$50K-$74K
C008486,CL012,Charlotte Taylor,Delray Beach,FL,32400,2020-12-29,Yes,Phone,Community Event,$100K-$149K
C008487,CL006,Jessica Clark,Clearwater,FL,32619,2022-10-25,Yes,Phone,Community Event,$50K-$74K
C008488,CL001,Megan Anderson,Boca Raton,FL,34307,2020-03-17,Yes,SMS,Existing Client,$50K-$74K
C008489,CL001,Lucas Nelson,St. Petersburg,FL,32957,2018-03-21,No,SMS,Social Media,$150K+
C008490,CL007,Emily Green,Jacksonville,FL,33086,2020-02-14,Yes,SMS,Social Media,<$50K
C008491,CL002,Michael Walker,Orlando,FL,34129,2023-02-06,Yes,Phone,Google Search,$75K-$99K
C008492,CL008,Charlotte Young,Ocala,FL,32172,2021-12-31,No,Email,Referral,$150K+
C008493,CL007,Charlotte Hill,Delray Beach,FL,33873,2018-08-07,Yes,Phone,Social Media,$100K-$149K
C008494,CL003,Emily Wilson,Fort Myers,FL,32616,2020-03-13,No,Email,Referral,$150K+
C008495,CL009,Liam Jones,Newberry,FL,34255,2021-09-26,Yes,SMS,Existing Client,$75K-$99K
C008496,CL003,Isabella Clark,Orlando,FL,33432,2018-08-27,No,SMS,Google Search,$50K-$74K
C008497,CL006,Amanda Scott,Pensacola,FL,32159,2021-12-21,No,Phone,Google Search,$75K-$99K
C008498,CL012,Charlotte Jones,Orlando,FL,34613,2022-02-18,Yes,SMS,Google Search,<$50K
C008499,CL002,Megan Rivera,Clearwater,FL,33552,2022-12-13,Yes,Phone,Google Search,<$50K
C008500,CL012,Liam Robinson,Ocala,FL,32959,2019-12-15,Yes,Email,Social Media,$75K-$99K
