Month,EmployeeID,ClinicID,Role,RegularHours,OvertimeHours,PTOHours,ProductiveHours
2024-01-01,EMP0001,CL001,Veterinary Technician,168.5,0.9,16,153.4
2024-01-01,EMP0002,CL001,Practice Manager,95.1,2.1,24,73.2
2024-01-01,EMP0003,CL001,Practice Manager,129.5,3.9,8,125.4
2024-01-01,EMP0004,CL001,Veterinary Technician,125.2,4.0,0,129.2
2024-01-01,EMP0005,CL001,Veterinary Technician,177.7,4.3,16,166.0
2024-01-01,EMP0006,CL001,Veterinary Technician,179.6,5.7,24,161.3
2024-01-01,EMP0007,CL001,Veterinarian,177.5,0,24,153.5
2024-01-01,EMP0008,CL001,Veterinarian,162.2,4.2,8,158.4
2024-01-01,EMP0009,CL001,Veterinary Technician,170.0,1.0,0,171.0
2024-01-01,EMP0010,CL001,Veterinarian,176.2,7.5,8,175.7
2024-01-01,EMP0011,CL001,Veterinary Assistant,167.5,2.3,16,153.8
2024-01-01,EMP0012,CL001,Veterinary Technician,113.9,7.2,16,105.1
2024-01-01,EMP0013,CL001,Veterinary Technician,147.8,1.3,0,149.1
2024-01-01,EMP0014,CL001,Veterinarian,168.6,0.7,0,169.3
2024-01-01,EMP0015,CL001,Veterinarian,160.6,10.1,0,170.7
2024-01-01,EMP0016,CL001,Veterinarian,170.9,1.8,16,156.7
2024-01-01,EMP0017,CL001,Veterinary Assistant,128.5,0,0,128.5
2024-01-01,EMP0018,CL001,Practice Manager,115.3,6.4,24,97.7
2024-01-01,EMP0019,CL001,Veterinarian,165.3,3.7,0,169.0
2024-01-01,EMP0020,CL001,Veterinarian,172.2,8.1,0,180.3
2024-01-01,EMP0021,CL001,Veterinarian,175.7,12.9,0,188.6
2024-01-01,EMP0022,CL001,Client Service Representative,186.1,0.2,16,170.3
2024-01-01,EMP0023,CL001,Veterinary Technician,133.9,0,0,133.9
2024-01-01,EMP0024,CL001,Veterinary Assistant,174.5,0.6,0,175.1
2024-01-01,EMP0025,CL001,Veterinary Technician,176.1,3.7,8,171.8
2024-01-01,EMP0026,CL001,Veterinarian,179.1,5.1,8,176.2
2024-01-01,EMP0027,CL001,Veterinary Assistant,136.8,0,0,136.8
2024-01-01,EMP0028,CL001,Veterinary Technician,184.2,3.6,0,187.8
2024-01-01,EMP0029,CL001,Veterinarian,181.6,4.9,24,162.5
2024-01-01,EMP0030,CL002,Kennel Assistant,175.8,2.6,8,170.4
2024-01-01,EMP0031,CL002,Veterinarian,128.2,0,8,120.2
2024-01-01,EMP0032,CL002,Veterinarian,125.4,3.9,24,105.3
2024-01-01,EMP0033,CL002,Veterinarian,146.1,14.5,8,152.6
2024-01-01,EMP0034,CL002,Veterinarian,134.0,3.9,0,137.9
2024-01-01,EMP0035,CL002,Veterinarian,161.1,4.2,0,165.3
2024-01-01,EMP0036,CL002,Client Service Representative,176.6,0,24,152.6
2024-01-01,EMP0037,CL002,Veterinarian,141.9,8.0,0,149.9
2024-01-01,EMP0038,CL002,Client Service Representative,180.7,0,24,156.7
2024-01-01,EMP0039,CL002,Veterinary Assistant,184.1,3.1,8,179.2
2024-01-01,EMP0040,CL002,Veterinary Technician,89.9,7.3,24,73.2
2024-01-01,EMP0041,CL002,Veterinarian,169.2,5.7,24,150.9
2024-01-01,EMP0042,CL002,Veterinary Technician,167.8,7.7,8,167.5
2024-01-01,EMP0043,CL002,Veterinary Technician,107.4,0.6,24,84.0
2024-01-01,EMP0044,CL002,Veterinary Assistant,142.9,2.8,0,145.7
2024-01-01,EMP0045,CL002,Veterinarian,181.7,2.7,0,184.4
2024-01-01,EMP0046,CL002,Veterinary Technician,141.9,4.2,0,146.1
2024-01-01,EMP0047,CL002,Veterinary Assistant,168.4,5.6,0,174.0
2024-01-01,EMP0048,CL002,Kennel Assistant,178.9,0,16,162.9
2024-01-01,EMP0049,CL002,Client Service Representative,113.1,0,0,113.1
2024-01-01,EMP0050,CL002,Practice Manager,169.4,0.2,16,153.6
2024-01-01,EMP0051,CL003,Practice Manager,173.3,3.2,8,168.5
2024-01-01,EMP0052,CL003,Veterinary Technician,176.4,3.7,8,172.1
2024-01-01,EMP0053,CL003,Kennel Assistant,114.5,4.5,8,111.0
2024-01-01,EMP0054,CL003,Veterinarian,176.6,6.6,8,175.2
2024-01-01,EMP0055,CL003,Veterinary Assistant,138.2,1.3,8,131.5
2024-01-01,EMP0056,CL003,Client Service Representative,178.2,2.3,0,180.5
2024-01-01,EMP0057,CL003,Veterinarian,117.1,1.5,8,110.6
2024-01-01,EMP0058,CL003,Veterinary Assistant,108.4,10.0,0,118.4
2024-01-01,EMP0059,CL003,Client Service Representative,183.3,8.7,8,184.0
2024-01-01,EMP0060,CL003,Veterinarian,173.0,2.0,16,159.0
2024-01-01,EMP0061,CL003,Kennel Assistant,101.5,12.6,0,114.1
2024-01-01,EMP0062,CL003,Veterinarian,176.3,4.9,16,165.2
2024-01-01,EMP0063,CL003,Veterinary Technician,163.3,5.9,0,169.2
2024-01-01,EMP0064,CL003,Veterinary Technician,193.1,4.3,8,189.4
2024-01-01,EMP0065,CL003,Veterinarian,162.9,9.1,8,164.0
2024-01-01,EMP0066,CL003,Client Service Representative,164.6,5.1,8,161.7
2024-01-01,EMP0067,CL003,Practice Manager,141.2,5.0,8,138.2
2024-01-01,EMP0068,CL003,Veterinarian,180.8,1.7,8,174.5
2024-01-01,EMP0069,CL003,Veterinary Assistant,172.5,1.0,8,165.5
2024-01-01,EMP0070,CL003,Veterinarian,161.8,3.2,8,157.0
2024-01-01,EMP0071,CL003,Kennel Assistant,185.0,5.9,0,190.9
2024-01-01,EMP0072,CL003,Veterinarian,151.4,5.4,0,156.8
2024-01-01,EMP0073,CL003,Veterinarian,151.8,8.4,0,160.2
2024-01-01,EMP0074,CL003,Veterinary Technician,169.2,5.0,0,174.2
2024-01-01,EMP0075,CL003,Veterinarian,139.4,0.4,16,123.8
2024-01-01,EMP0076,CL004,Client Service Representative,186.8,9.9,0,196.7
2024-01-01,EMP0077,CL004,Veterinarian,130.6,1.3,0,131.9
2024-01-01,EMP0078,CL004,Veterinarian,169.6,0,0,169.6
2024-01-01,EMP0079,CL004,Veterinary Technician,174.8,11.9,0,186.7
2024-01-01,EMP0080,CL004,Veterinarian,172.6,8.8,0,181.4
2024-01-01,EMP0081,CL004,Veterinary Technician,144.0,9.5,0,153.5
2024-01-01,EMP0082,CL004,Veterinarian,165.1,3.3,0,168.4
2024-01-01,EMP0083,CL004,Veterinary Assistant,176.2,3.6,8,171.8
2024-01-01,EMP0084,CL004,Veterinarian,120.3,12.8,8,125.1
2024-01-01,EMP0085,CL004,Veterinarian,171.1,2.1,16,157.2
2024-01-01,EMP0086,CL004,Veterinary Assistant,161.6,0,0,161.6
2024-01-01,EMP0087,CL004,Veterinary Technician,160.3,2.0,16,146.3
2024-01-01,EMP0088,CL004,Veterinarian,147.1,1.1,16,132.2
2024-01-01,EMP0089,CL004,Veterinarian,174.5,2.6,24,153.1
2024-01-01,EMP0090,CL004,Veterinary Technician,183.8,2.7,24,162.5
2024-01-01,EMP0091,CL004,Veterinarian,154.2,8.7,16,146.9
2024-01-01,EMP0092,CL004,Veterinarian,183.6,3.3,0,186.9
2024-01-01,EMP0093,CL004,Veterinary Technician,103.5,0,0,103.5
2024-01-01,EMP0094,CL004,Practice Manager,129.7,0.5,0,130.2
2024-01-01,EMP0095,CL004,Veterinary Assistant,168.4,0,16,152.4
2024-01-01,EMP0096,CL004,Veterinary Assistant,165.5,0,8,157.5
2024-01-01,EMP0097,CL004,Veterinarian,182.0,9.6,0,191.6
2024-01-01,EMP0098,CL004,Client Service Representative,164.7,0,0,164.7
2024-01-01,EMP0099,CL004,Veterinarian,169.9,5.2,8,167.1
2024-01-01,EMP0100,CL004,Veterinary Technician,160.7,6.7,0,167.4
2024-01-01,EMP0101,CL004,Veterinary Assistant,100.3,0,24,76.3
2024-01-01,EMP0102,CL004,Veterinary Technician,127.8,9.1,0,136.9
2024-01-01,EMP0103,CL004,Practice Manager,91.4,0,16,75.4
2024-01-01,EMP0104,CL004,Veterinarian,180.1,3.6,24,159.7
2024-01-01,EMP0105,CL004,Veterinary Technician,177.5,0,0,177.5
2024-01-01,EMP0106,CL005,Practice Manager,166.2,0,16,150.2
2024-01-01,EMP0107,CL005,Veterinarian,173.2,5.2,24,154.4
2024-01-01,EMP0108,CL005,Client Service Representative,102.7,1.3,16,88.0
2024-01-01,EMP0109,CL005,Veterinarian,175.7,3.0,24,154.7
2024-01-01,EMP0110,CL005,Veterinary Technician,186.4,11.2,16,181.6
2024-01-01,EMP0111,CL005,Veterinarian,171.1,4.3,0,175.4
2024-01-01,EMP0112,CL005,Veterinary Technician,109.0,8.0,0,117.0
2024-01-01,EMP0113,CL005,Veterinarian,164.6,3.2,16,151.8
2024-01-01,EMP0114,CL005,Veterinary Technician,173.7,1.5,0,175.2
2024-01-01,EMP0115,CL005,Veterinarian,137.9,7.3,0,145.2
2024-01-01,EMP0116,CL005,Veterinary Assistant,187.2,2.8,16,174.0
2024-01-01,EMP0117,CL005,Veterinarian,175.6,0,8,167.6
2024-01-01,EMP0118,CL005,Veterinarian,143.4,4.3,0,147.7
2024-01-01,EMP0119,CL005,Veterinarian,168.9,2.2,24,147.1
2024-01-01,EMP0120,CL005,Veterinary Technician,146.5,10.1,8,148.6
2024-01-01,EMP0121,CL005,Veterinary Assistant,146.7,1.4,8,140.1
2024-01-01,EMP0122,CL005,Veterinarian,143.6,1.6,0,145.2
2024-01-01,EMP0123,CL005,Veterinarian,190.8,7.8,16,182.6
2024-01-01,EMP0124,CL005,Veterinarian,160.7,5.9,0,166.6
2024-01-01,EMP0125,CL005,Veterinary Technician,168.4,3.4,16,155.8
2024-01-01,EMP0126,CL005,Veterinarian,175.5,12.0,8,179.5
2024-01-01,EMP0127,CL005,Veterinary Technician,126.1,3.3,16,113.4
2024-01-01,EMP0128,CL005,Veterinary Technician,113.9,8.3,16,106.2
2024-01-01,EMP0129,CL005,Veterinary Assistant,128.9,0,0,128.9
2024-01-01,EMP0130,CL005,Veterinarian,133.9,4.3,0,138.2
2024-01-01,EMP0131,CL006,Veterinarian,185.9,3.4,8,181.3
2024-01-01,EMP0132,CL006,Veterinarian,162.7,0,8,154.7
2024-01-01,EMP0133,CL006,Veterinarian,175.2,0.7,24,151.9
2024-01-01,EMP0134,CL006,Veterinarian,171.8,0.0,24,147.8
2024-01-01,EMP0135,CL006,Veterinarian,141.5,5.9,8,139.4
2024-01-01,EMP0136,CL006,Veterinary Technician,156.5,9.5,0,166.0
2024-01-01,EMP0137,CL006,Client Service Representative,154.8,4.8,0,159.6
2024-01-01,EMP0138,CL006,Kennel Assistant,176.3,8.3,0,184.6
2024-01-01,EMP0139,CL006,Veterinary Technician,138.7,6.9,0,145.6
2024-01-01,EMP0140,CL006,Veterinarian,167.1,6.5,0,173.6
2024-01-01,EMP0141,CL006,Practice Manager,143.9,0.5,0,144.4
2024-01-01,EMP0142,CL006,Veterinary Technician,169.5,16.3,24,161.8
2024-01-01,EMP0143,CL006,Veterinary Technician,111.7,0,8,103.7
2024-01-01,EMP0144,CL006,Veterinarian,144.6,6.7,8,143.3
2024-01-01,EMP0145,CL006,Veterinary Technician,174.4,3.7,0,178.1
2024-01-01,EMP0146,CL006,Veterinarian,128.1,3.3,8,123.4
2024-01-01,EMP0147,CL006,Veterinary Technician,174.1,9.9,16,168.0
2024-01-01,EMP0148,CL006,Client Service Representative,164.1,0,24,140.1
2024-01-01,EMP0149,CL006,Veterinarian,138.6,0.3,0,138.9
2024-01-01,EMP0150,CL006,Veterinarian,167.9,5.8,0,173.7
2024-01-01,EMP0151,CL007,Veterinary Technician,119.4,2.5,8,113.9
2024-01-01,EMP0152,CL007,Veterinary Technician,132.4,7.8,8,132.2
2024-01-01,EMP0153,CL007,Veterinary Technician,118.8,2.5,8,113.3
2024-01-01,EMP0154,CL007,Veterinary Technician,174.3,3.3,16,161.6
2024-01-01,EMP0155,CL007,Veterinary Assistant,175.4,3.9,8,171.3
2024-01-01,EMP0156,CL007,Practice Manager,175.1,0,0,175.1
2024-01-01,EMP0157,CL007,Veterinarian,181.7,9.6,8,183.3
2024-01-01,EMP0158,CL007,Client Service Representative,97.6,4.4,0,102.0
2024-01-01,EMP0159,CL007,Veterinary Technician,179.8,2.1,0,181.9
2024-01-01,EMP0160,CL007,Veterinarian,131.3,8.2,8,131.5
2024-01-01,EMP0161,CL007,Veterinary Technician,108.4,10.1,0,118.5
2024-01-01,EMP0162,CL007,Veterinarian,173.2,3.1,8,168.3
2024-01-01,EMP0163,CL007,Veterinarian,173.4,4.9,0,178.3
2024-01-01,EMP0164,CL007,Veterinarian,175.5,7.8,0,183.3
2024-01-01,EMP0165,CL007,Veterinarian,169.7,4.0,0,173.7
2024-01-01,EMP0166,CL007,Client Service Representative,173.7,7.5,0,181.2
2024-01-01,EMP0167,CL007,Veterinary Assistant,101.8,6.0,16,91.8
2024-01-01,EMP0168,CL007,Veterinary Technician,136.0,5.4,24,117.4
2024-01-01,EMP0169,CL007,Practice Manager,175.9,0,8,167.9
2024-01-01,EMP0170,CL007,Veterinarian,169.6,6.7,0,176.3
2024-01-01,EMP0171,CL007,Veterinary Technician,121.5,8.9,8,122.4
2024-01-01,EMP0172,CL007,Veterinary Technician,189.1,0,0,189.1
2024-01-01,EMP0173,CL007,Veterinary Assistant,173.9,0.3,0,174.2
2024-01-01,EMP0174,CL007,Veterinarian,178.4,1.6,24,156.0
2024-01-01,EMP0175,CL008,Veterinarian,164.9,5.0,0,169.9
2024-01-01,EMP0176,CL008,Client Service Representative,95.4,1.0,16,80.4
2024-01-01,EMP0177,CL008,Client Service Representative,176.6,0,8,168.6
2024-01-01,EMP0178,CL008,Practice Manager,182.2,2.9,8,177.1
2024-01-01,EMP0179,CL008,Veterinary Assistant,171.5,9.5,16,165.0
2024-01-01,EMP0180,CL008,Kennel Assistant,164.3,0,16,148.3
2024-01-01,EMP0181,CL008,Veterinarian,164.5,6.0,24,146.5
2024-01-01,EMP0182,CL008,Veterinarian,172.4,1.5,0,173.9
2024-01-01,EMP0183,CL008,Veterinary Assistant,172.7,0.6,8,165.3
2024-01-01,EMP0184,CL008,Veterinary Assistant,170.1,7.4,8,169.5
2024-01-01,EMP0185,CL008,Kennel Assistant,132.2,2.3,0,134.5
2024-01-01,EMP0186,CL008,Veterinarian,178.2,7.0,0,185.2
2024-01-01,EMP0187,CL008,Kennel Assistant,170.4,1.6,0,172.0
2024-01-01,EMP0188,CL008,Veterinary Technician,169.4,3.2,0,172.6
2024-01-01,EMP0189,CL008,Veterinary Technician,178.0,3.9,24,157.9
2024-01-01,EMP0190,CL008,Veterinarian,169.9,10.0,0,179.9
2024-01-01,EMP0191,CL008,Veterinarian,156.9,8.7,8,157.6
2024-01-01,EMP0192,CL008,Kennel Assistant,129.0,8.2,0,137.2
2024-01-01,EMP0193,CL008,Veterinarian,144.1,5.1,16,133.2
2024-01-01,EMP0194,CL008,Veterinarian,177.9,8.2,8,178.1
2024-01-01,EMP0195,CL008,Veterinarian,174.3,13.5,24,163.8
2024-01-01,EMP0196,CL008,Client Service Representative,138.5,0,0,138.5
2024-01-01,EMP0197,CL008,Practice Manager,161.9,3.7,24,141.6
2024-01-01,EMP0198,CL009,Veterinarian,164.4,2.8,0,167.2
2024-01-01,EMP0199,CL009,Veterinary Assistant,167.4,3.1,0,170.5
2024-01-01,EMP0200,CL009,Kennel Assistant,170.9,2.8,16,157.7
2024-01-01,EMP0201,CL009,Veterinarian,170.8,4.6,8,167.4
2024-01-01,EMP0202,CL009,Veterinary Technician,109.1,3.4,0,112.5
2024-01-01,EMP0203,CL009,Veterinarian,143.0,1.1,0,144.1
2024-01-01,EMP0204,CL009,Veterinary Technician,98.6,6.9,8,97.5
2024-01-01,EMP0205,CL009,Veterinarian,167.7,7.2,8,166.9
2024-01-01,EMP0206,CL009,Veterinarian,176.7,1.0,24,153.7
2024-01-01,EMP0207,CL009,Veterinarian,177.7,6.8,16,168.5
2024-01-01,EMP0208,CL009,Veterinarian,133.7,6.5,8,132.2
2024-01-01,EMP0209,CL009,Veterinarian,179.7,6.3,8,178.0
2024-01-01,EMP0210,CL009,Veterinarian,173.6,8.5,0,182.1
2024-01-01,EMP0211,CL009,Practice Manager,166.1,7.4,8,165.5
2024-01-01,EMP0212,CL009,Veterinary Technician,168.1,9.4,16,161.5
2024-01-01,EMP0213,CL009,Veterinary Assistant,182.6,4.8,8,179.4
2024-01-01,EMP0214,CL009,Veterinarian,173.3,4.6,0,177.9
2024-01-01,EMP0215,CL009,Veterinarian,142.7,7.1,0,149.8
2024-01-01,EMP0216,CL009,Client Service Representative,122.6,0.6,8,115.2
2024-01-01,EMP0217,CL009,Client Service Representative,165.1,2.0,16,151.1
2024-01-01,EMP0218,CL009,Veterinarian,138.5,8.9,24,123.4
2024-01-01,EMP0219,CL009,Practice Manager,103.4,0,0,103.4
2024-01-01,EMP0220,CL009,Veterinary Technician,109.1,2.6,8,103.7
2024-01-01,EMP0221,CL009,Veterinary Technician,171.7,2.3,0,174.0
2024-01-01,EMP0222,CL010,Veterinary Assistant,98.0,4.3,0,102.3
2024-01-01,EMP0223,CL010,Veterinarian,160.2,4.1,8,156.3
2024-01-01,EMP0224,CL010,Veterinary Assistant,123.0,0,0,123.0
2024-01-01,EMP0225,CL010,Veterinary Assistant,132.9,0.4,16,117.3
2024-01-01,EMP0226,CL010,Veterinarian,172.1,6.7,16,162.8
2024-01-01,EMP0227,CL010,Veterinarian,175.0,10.9,24,161.9
2024-01-01,EMP0228,CL010,Veterinary Assistant,0,4.0,24,0
2024-01-01,EMP0229,CL010,Veterinarian,168.4,0.6,0,169.0
2024-01-01,EMP0230,CL010,Veterinarian,151.2,2.8,24,130.0
2024-01-01,EMP0231,CL010,Veterinary Technician,175.9,1.5,8,169.4
2024-01-01,EMP0232,CL010,Practice Manager,182.1,1.4,0,183.5
2024-01-01,EMP0233,CL010,Veterinary Technician,162.2,8.3,16,154.5
2024-01-01,EMP0234,CL010,Client Service Representative,169.2,5.9,0,175.1
2024-01-01,EMP0235,CL010,Veterinarian,156.4,6.2,8,154.6
2024-01-01,EMP0236,CL010,Veterinarian,181.9,3.5,24,161.4
2024-01-01,EMP0237,CL010,Veterinary Technician,176.9,10.0,0,186.9
2024-01-01,EMP0238,CL010,Veterinarian,186.5,1.8,8,180.3
2024-01-01,EMP0239,CL010,Veterinary Assistant,179.8,2.0,16,165.8
2024-01-01,EMP0240,CL010,Veterinary Technician,181.7,3.6,0,185.3
2024-01-01,EMP0241,CL010,Veterinary Technician,103.8,2.3,16,90.1
2024-01-01,EMP0242,CL010,Practice Manager,126.6,0,8,118.6
2024-01-01,EMP0243,CL010,Veterinary Technician,175.8,0.2,16,160.0
2024-01-01,EMP0244,CL010,Client Service Representative,171.1,0,0,171.1
2024-01-01,EMP0245,CL010,Practice Manager,164.6,0,0,164.6
2024-01-01,EMP0246,CL011,Veterinary Technician,135.7,1.5,24,113.2
2024-01-01,EMP0247,CL011,Veterinarian,181.4,7.9,8,181.3
2024-01-01,EMP0248,CL011,Client Service Representative,178.5,4.4,24,158.9
2024-01-01,EMP0249,CL011,Practice Manager,96.6,7.5,0,104.1
2024-01-01,EMP0250,CL011,Veterinarian,183.7,8.0,24,167.7
2024-01-01,EMP0251,CL011,Veterinarian,132.2,0,16,116.2
2024-01-01,EMP0252,CL011,Veterinary Technician,171.7,9.4,16,165.1
2024-01-01,EMP0253,CL011,Client Service Representative,147.1,2.7,0,149.8
2024-01-01,EMP0254,CL011,Veterinarian,182.8,7.1,16,173.9
2024-01-01,EMP0255,CL011,Veterinarian,159.2,5.0,8,156.2
2024-01-01,EMP0256,CL011,Veterinarian,140.8,2.2,8,135.0
2024-01-01,EMP0257,CL011,Veterinarian,167.1,1.6,0,168.7
2024-01-01,EMP0258,CL011,Veterinary Assistant,97.4,7.9,0,105.3
2024-01-01,EMP0259,CL011,Practice Manager,172.9,4.1,16,161.0
2024-01-01,EMP0260,CL011,Veterinarian,143.3,0.3,8,135.6
2024-01-01,EMP0261,CL011,Client Service Representative,180.6,5.3,16,169.9
2024-01-01,EMP0262,CL011,Veterinarian,176.5,4.1,8,172.6
2024-01-01,EMP0263,CL011,Veterinarian,172.2,11.8,8,176.0
2024-01-01,EMP0264,CL011,Veterinarian,162.4,4.8,0,167.2
2024-01-01,EMP0265,CL011,Veterinary Assistant,103.2,0,24,79.2
2024-01-01,EMP0266,CL011,Veterinarian,168.4,4.3,8,164.7
2024-01-01,EMP0267,CL012,Client Service Representative,97.4,3.9,8,93.3
2024-01-01,EMP0268,CL012,Veterinary Technician,157.6,7.5,0,165.1
2024-01-01,EMP0269,CL012,Practice Manager,177.5,4.8,0,182.3
2024-01-01,EMP0270,CL012,Client Service Representative,142.4,3.5,0,145.9
2024-01-01,EMP0271,CL012,Veterinary Technician,166.2,6.2,0,172.4
2024-01-01,EMP0272,CL012,Practice Manager,137.2,2.3,8,131.5
2024-01-01,EMP0273,CL012,Veterinary Technician,166.2,3.0,0,169.2
2024-01-01,EMP0274,CL012,Veterinarian,128.2,7.2,0,135.4
2024-01-01,EMP0275,CL012,Veterinary Technician,149.6,2.4,8,144.0
2024-01-01,EMP0276,CL012,Veterinary Technician,101.7,0.5,0,102.2
2024-01-01,EMP0277,CL012,Veterinarian,142.1,6.6,16,132.7
2024-01-01,EMP0278,CL012,Veterinarian,172.2,7.3,24,155.5
2024-01-01,EMP0279,CL012,Client Service Representative,124.5,5.1,24,105.6
2024-01-01,EMP0280,CL012,Veterinary Technician,161.7,0.4,16,146.1
2024-01-01,EMP0281,CL012,Veterinarian,183.8,10.7,0,194.5
2024-01-01,EMP0282,CL012,Veterinary Assistant,181.4,7.0,0,188.4
2024-01-01,EMP0283,CL012,Veterinarian,174.7,0,8,166.7
2024-01-01,EMP0284,CL012,Client Service Representative,150.7,11.9,8,154.6
2024-01-01,EMP0285,CL012,Veterinarian,182.6,5.8,0,188.4
2024-01-01,EMP0286,CL012,Veterinarian,179.1,11.1,0,190.2
2024-01-01,EMP0287,CL012,Veterinary Assistant,165.9,0,8,157.9
2024-01-01,EMP0288,CL012,Veterinary Technician,105.5,2.5,24,84.0
2024-01-01,EMP0289,CL012,Veterinarian,170.7,9.2,0,179.9
2024-01-01,EMP0290,CL012,Client Service Representative,166.2,4.0,24,146.2
2024-01-01,EMP0291,CL012,Veterinarian,170.7,6.3,0,177.0
2024-01-01,EMP0292,CL012,Veterinary Assistant,136.6,0,8,128.6
2024-01-01,EMP0293,CL012,Veterinarian,163.3,3.4,0,166.7
2024-01-01,EMP0294,CL012,Client Service Representative,154.9,5.2,0,160.1
2024-01-01,EMP0295,CL012,Client Service Representative,180.6,1.9,8,174.5
2024-01-01,EMP0296,CL012,Veterinary Technician,181.4,4.4,0,185.8
2024-01-01,EMP0297,CL012,Veterinary Technician,103.4,2.4,0,105.8
2024-01-01,EMP0298,CL012,Veterinarian,173.5,4.8,0,178.3
2024-01-01,EMP0299,CL012,Veterinary Technician,168.3,5.3,0,173.6
2024-01-01,EMP0300,CL012,Veterinarian,166.9,0,0,166.9
2024-02-01,EMP0001,CL001,Veterinary Technician,168.2,6.4,16,158.6
2024-02-01,EMP0002,CL001,Practice Manager,125.4,0,8,117.4
2024-02-01,EMP0003,CL001,Practice Manager,147.7,0,8,139.7
2024-02-01,EMP0004,CL001,Veterinary Technician,146.6,10.2,0,156.8
2024-02-01,EMP0005,CL001,Veterinary Technician,170.6,9.8,0,180.4
2024-02-01,EMP0006,CL001,Veterinary Technician,174.5,2.1,0,176.6
2024-02-01,EMP0007,CL001,Veterinarian,173.0,3.7,0,176.7
2024-02-01,EMP0008,CL001,Veterinarian,176.4,1.9,0,178.3
2024-02-01,EMP0009,CL001,Veterinary Technician,158.9,0,8,150.9
2024-02-01,EMP0010,CL001,Veterinarian,188.2,3.5,8,183.7
2024-02-01,EMP0011,CL001,Veterinary Assistant,180.1,5.4,0,185.5
2024-02-01,EMP0012,CL001,Veterinary Technician,96.2,5.4,0,101.6
2024-02-01,EMP0013,CL001,Veterinary Technician,126.1,3.3,24,105.4
2024-02-01,EMP0014,CL001,Veterinarian,170.0,1.4,0,171.4
2024-02-01,EMP0015,CL001,Veterinarian,177.6,0.9,0,178.5
2024-02-01,EMP0016,CL001,Veterinarian,154.7,12.0,8,158.7
2024-02-01,EMP0017,CL001,Veterinary Assistant,147.7,0,8,139.7
2024-02-01,EMP0018,CL001,Practice Manager,110.4,0,8,102.4
2024-02-01,EMP0019,CL001,Veterinarian,170.8,5.9,8,168.7
2024-02-01,EMP0020,CL001,Veterinarian,192.9,3.8,8,188.7
2024-02-01,EMP0021,CL001,Veterinarian,181.5,10.3,8,183.8
2024-02-01,EMP0022,CL001,Client Service Representative,174.1,0,24,150.1
2024-02-01,EMP0023,CL001,Veterinary Technician,147.0,2.3,0,149.3
2024-02-01,EMP0024,CL001,Veterinary Assistant,186.5,3.7,8,182.2
2024-02-01,EMP0025,CL001,Veterinary Technician,173.9,9.6,0,183.5
2024-02-01,EMP0026,CL001,Veterinarian,170.4,7.5,0,177.9
2024-02-01,EMP0027,CL001,Veterinary Assistant,136.6,2.8,16,123.4
2024-02-01,EMP0028,CL001,Veterinary Technician,163.5,1.8,24,141.3
2024-02-01,EMP0029,CL001,Veterinarian,182.6,7.9,0,190.5
2024-02-01,EMP0030,CL002,Kennel Assistant,173.5,0,0,173.5
2024-02-01,EMP0031,CL002,Veterinarian,155.0,6.3,0,161.3
2024-02-01,EMP0032,CL002,Veterinarian,133.2,0,16,117.2
2024-02-01,EMP0033,CL002,Veterinarian,129.5,8.8,0,138.3
2024-02-01,EMP0034,CL002,Veterinarian,141.7,11.2,0,152.9
2024-02-01,EMP0035,CL002,Veterinarian,158.7,6.7,8,157.4
2024-02-01,EMP0036,CL002,Client Service Representative,180.2,0,0,180.2
2024-02-01,EMP0037,CL002,Veterinarian,135.6,9.5,24,121.1
2024-02-01,EMP0038,CL002,Client Service Representative,182.6,4.4,0,187.0
2024-02-01,EMP0039,CL002,Veterinary Assistant,175.8,5.2,0,181.0
2024-02-01,EMP0040,CL002,Veterinary Technician,106.5,4.2,0,110.7
2024-02-01,EMP0041,CL002,Veterinarian,170.1,8.8,16,162.9
2024-02-01,EMP0042,CL002,Veterinary Technician,173.2,3.4,0,176.6
2024-02-01,EMP0043,CL002,Veterinary Technician,97.6,10.2,24,83.8
2024-02-01,EMP0044,CL002,Veterinary Assistant,141.0,3.5,16,128.5
2024-02-01,EMP0045,CL002,Veterinarian,167.6,2.7,24,146.3
2024-02-01,EMP0046,CL002,Veterinary Technician,147.4,2.3,16,133.7
2024-02-01,EMP0047,CL002,Veterinary Assistant,168.2,0.0,0,168.2
2024-02-01,EMP0048,CL002,Kennel Assistant,177.7,0,8,169.7
2024-02-01,EMP0049,CL002,Client Service Representative,106.0,2.6,0,108.6
2024-02-01,EMP0050,CL002,Practice Manager,186.7,7.1,0,193.8
2024-02-01,EMP0051,CL003,Practice Manager,177.3,1.6,0,178.9
2024-02-01,EMP0052,CL003,Veterinary Technician,176.4,3.8,0,180.2
2024-02-01,EMP0053,CL003,Kennel Assistant,80.7,2.7,16,67.4
2024-02-01,EMP0054,CL003,Veterinarian,172.9,6.0,16,162.9
2024-02-01,EMP0055,CL003,Veterinary Assistant,124.0,0.3,0,124.3
2024-02-01,EMP0056,CL003,Client Service Representative,167.4,8.1,0,175.5
2024-02-01,EMP0057,CL003,Veterinarian,148.9,11.3,24,136.2
2024-02-01,EMP0058,CL003,Veterinary Assistant,106.4,3.2,0,109.6
2024-02-01,EMP0059,CL003,Client Service Representative,163.7,5.0,8,160.7
2024-02-01,EMP0060,CL003,Veterinarian,166.9,8.7,0,175.6
2024-02-01,EMP0061,CL003,Kennel Assistant,106.4,6.8,0,113.2
2024-02-01,EMP0062,CL003,Veterinarian,178.1,4.4,24,158.5
2024-02-01,EMP0063,CL003,Veterinary Technician,167.1,8.6,8,167.7
2024-02-01,EMP0064,CL003,Veterinary Technician,163.6,0.1,24,139.7
2024-02-01,EMP0065,CL003,Veterinarian,178.0,0,0,178.0
2024-02-01,EMP0066,CL003,Client Service Representative,184.8,1.5,16,170.3
2024-02-01,EMP0067,CL003,Practice Manager,145.9,4.1,0,150.0
2024-02-01,EMP0068,CL003,Veterinarian,171.0,14.5,0,185.5
2024-02-01,EMP0069,CL003,Veterinary Assistant,163.9,0,8,155.9
2024-02-01,EMP0070,CL003,Veterinarian,170.4,5.5,16,159.9
2024-02-01,EMP0071,CL003,Kennel Assistant,192.2,0,0,192.2
2024-02-01,EMP0072,CL003,Veterinarian,140.3,9.8,8,142.1
2024-02-01,EMP0073,CL003,Veterinarian,117.0,3.2,0,120.2
2024-02-01,EMP0074,CL003,Veterinary Technician,181.0,2.1,8,175.1
2024-02-01,EMP0075,CL003,Veterinarian,133.5,13.8,0,147.3
2024-02-01,EMP0076,CL004,Client Service Representative,166.1,2.2,16,152.3
2024-02-01,EMP0077,CL004,Veterinarian,119.1,4.3,0,123.4
2024-02-01,EMP0078,CL004,Veterinarian,173.6,6.7,16,164.3
2024-02-01,EMP0079,CL004,Veterinary Technician,167.7,9.4,0,177.1
2024-02-01,EMP0080,CL004,Veterinarian,179.2,2.7,24,157.9
2024-02-01,EMP0081,CL004,Veterinary Technician,142.3,0,0,142.3
2024-02-01,EMP0082,CL004,Veterinarian,178.1,7.0,0,185.1
2024-02-01,EMP0083,CL004,Veterinary Assistant,163.3,0,0,163.3
2024-02-01,EMP0084,CL004,Veterinarian,141.2,3.0,24,120.2
2024-02-01,EMP0085,CL004,Veterinarian,171.8,6.8,0,178.6
2024-02-01,EMP0086,CL004,Veterinary Assistant,176.2,1.5,8,169.7
2024-02-01,EMP0087,CL004,Veterinary Technician,159.1,0,0,159.1
2024-02-01,EMP0088,CL004,Veterinarian,131.2,10.3,0,141.5
2024-02-01,EMP0089,CL004,Veterinarian,166.5,2.4,0,168.9
2024-02-01,EMP0090,CL004,Veterinary Technician,188.7,4.1,8,184.8
2024-02-01,EMP0091,CL004,Veterinarian,185.9,3.8,0,189.7
2024-02-01,EMP0092,CL004,Veterinarian,169.6,4.1,24,149.7
2024-02-01,EMP0093,CL004,Veterinary Technician,97.2,0,0,97.2
2024-02-01,EMP0094,CL004,Practice Manager,151.6,0,0,151.6
2024-02-01,EMP0095,CL004,Veterinary Assistant,181.8,7.9,24,165.7
2024-02-01,EMP0096,CL004,Veterinary Assistant,176.5,8.1,0,184.6
2024-02-01,EMP0097,CL004,Veterinarian,189.9,11.3,16,185.2
2024-02-01,EMP0098,CL004,Client Service Representative,176.6,1.5,0,178.1
2024-02-01,EMP0099,CL004,Veterinarian,164.6,8.6,24,149.2
2024-02-01,EMP0100,CL004,Veterinary Technician,137.6,6.1,0,143.7
2024-02-01,EMP0101,CL004,Veterinary Assistant,106.4,1.4,0,107.8
2024-02-01,EMP0102,CL004,Veterinary Technician,122.4,5.4,24,103.8
2024-02-01,EMP0103,CL004,Practice Manager,96.8,2.9,0,99.7
2024-02-01,EMP0104,CL004,Veterinarian,171.4,4.7,16,160.1
2024-02-01,EMP0105,CL004,Veterinary Technician,167.8,0.2,0,168.0
2024-02-01,EMP0106,CL005,Practice Manager,178.7,1.6,8,172.3
2024-02-01,EMP0107,CL005,Veterinarian,185.2,5.0,0,190.2
2024-02-01,EMP0108,CL005,Client Service Representative,100.1,0.5,24,76.6
2024-02-01,EMP0109,CL005,Veterinarian,178.8,3.2,8,174.0
2024-02-01,EMP0110,CL005,Veterinary Technician,170.7,11.3,8,174.0
2024-02-01,EMP0111,CL005,Veterinarian,159.7,4.6,24,140.3
2024-02-01,EMP0112,CL005,Veterinary Technician,103.4,7.9,8,103.3
2024-02-01,EMP0113,CL005,Veterinarian,185.6,2.1,0,187.7
2024-02-01,EMP0114,CL005,Veterinary Technician,181.6,9.4,8,183.0
2024-02-01,EMP0115,CL005,Veterinarian,129.8,6.3,16,120.1
2024-02-01,EMP0116,CL005,Veterinary Assistant,171.0,0,24,147.0
2024-02-01,EMP0117,CL005,Veterinarian,175.6,7.3,24,158.9
2024-02-01,EMP0118,CL005,Veterinarian,146.1,5.7,8,143.8
2024-02-01,EMP0119,CL005,Veterinarian,174.0,0,16,158.0
2024-02-01,EMP0120,CL005,Veterinary Technician,148.6,6.9,0,155.5
2024-02-01,EMP0121,CL005,Veterinary Assistant,133.3,0.4,8,125.7
2024-02-01,EMP0122,CL005,Veterinarian,150.4,0.4,0,150.8
2024-02-01,EMP0123,CL005,Veterinarian,157.5,9.5,0,167.0
2024-02-01,EMP0124,CL005,Veterinarian,172.9,5.3,16,162.2
2024-02-01,EMP0125,CL005,Veterinary Technician,167.4,8.4,16,159.8
2024-02-01,EMP0126,CL005,Veterinarian,186.0,0.1,8,178.1
2024-02-01,EMP0127,CL005,Veterinary Technician,149.0,4.9,16,137.9
2024-02-01,EMP0128,CL005,Veterinary Technician,105.2,0,0,105.2
2024-02-01,EMP0129,CL005,Veterinary Assistant,123.8,2.9,0,126.7
2024-02-01,EMP0130,CL005,Veterinarian,133.7,7.5,0,141.2
2024-02-01,EMP0131,CL006,Veterinarian,180.9,9.2,0,190.1
2024-02-01,EMP0132,CL006,Veterinarian,170.8,14.5,0,185.3
2024-02-01,EMP0133,CL006,Veterinarian,174.3,4.6,16,162.9
2024-02-01,EMP0134,CL006,Veterinarian,170.9,0,8,162.9
2024-02-01,EMP0135,CL006,Veterinarian,136.5,4.4,8,132.9
2024-02-01,EMP0136,CL006,Veterinary Technician,176.2,8.8,24,161.0
2024-02-01,EMP0137,CL006,Client Service Representative,149.8,3.2,0,153.0
2024-02-01,EMP0138,CL006,Kennel Assistant,174.1,0,0,174.1
2024-02-01,EMP0139,CL006,Veterinary Technician,142.8,6.0,0,148.8
2024-02-01,EMP0140,CL006,Veterinarian,172.1,2.3,16,158.4
2024-02-01,EMP0141,CL006,Practice Manager,145.9,2.2,0,148.1
2024-02-01,EMP0142,CL006,Veterinary Technician,170.7,9.4,0,180.1
2024-02-01,EMP0143,CL006,Veterinary Technician,105.6,7.3,8,104.9
2024-02-01,EMP0144,CL006,Veterinarian,136.7,7.4,0,144.1
2024-02-01,EMP0145,CL006,Veterinary Technician,176.3,9.4,16,169.7
2024-02-01,EMP0146,CL006,Veterinarian,138.6,8.5,0,147.1
2024-02-01,EMP0147,CL006,Veterinary Technician,163.0,3.6,0,166.6
2024-02-01,EMP0148,CL006,Client Service Representative,155.6,4.5,0,160.1
2024-02-01,EMP0149,CL006,Veterinarian,131.0,3.2,16,118.2
2024-02-01,EMP0150,CL006,Veterinarian,162.4,0.3,8,154.7
2024-02-01,EMP0151,CL007,Veterinary Technician,90.7,0,8,82.7
2024-02-01,EMP0152,CL007,Veterinary Technician,136.4,5.1,0,141.5
2024-02-01,EMP0153,CL007,Veterinary Technician,131.2,5.0,0,136.2
2024-02-01,EMP0154,CL007,Veterinary Technician,171.0,1.0,16,156.0
2024-02-01,EMP0155,CL007,Veterinary Assistant,173.6,1.7,8,167.3
2024-02-01,EMP0156,CL007,Practice Manager,168.1,8.5,0,176.6
2024-02-01,EMP0157,CL007,Veterinarian,173.7,7.2,0,180.9
2024-02-01,EMP0158,CL007,Client Service Representative,102.5,2.4,0,104.9
2024-02-01,EMP0159,CL007,Veterinary Technician,187.5,10.8,0,198.3
2024-02-01,EMP0160,CL007,Veterinarian,135.1,1.8,0,136.9
2024-02-01,EMP0161,CL007,Veterinary Technician,111.9,4.6,0,116.5
2024-02-01,EMP0162,CL007,Veterinarian,170.6,1.0,0,171.6
2024-02-01,EMP0163,CL007,Veterinarian,176.6,8.1,0,184.7
2024-02-01,EMP0164,CL007,Veterinarian,164.1,6.2,24,146.3
2024-02-01,EMP0165,CL007,Veterinarian,183.8,5.4,0,189.2
2024-02-01,EMP0166,CL007,Client Service Representative,157.3,5.9,8,155.2
2024-02-01,EMP0167,CL007,Veterinary Assistant,92.5,3.7,8,88.2
2024-02-01,EMP0168,CL007,Veterinary Technician,134.0,4.4,24,114.4
2024-02-01,EMP0169,CL007,Practice Manager,183.7,6.9,0,190.6
2024-02-01,EMP0170,CL007,Veterinarian,176.8,0.3,0,177.1
2024-02-01,EMP0171,CL007,Veterinary Technician,122.7,3.0,24,101.7
2024-02-01,EMP0172,CL007,Veterinary Technician,169.6,4.1,24,149.7
2024-02-01,EMP0173,CL007,Veterinary Assistant,168.8,5.8,8,166.6
2024-02-01,EMP0174,CL007,Veterinarian,182.6,12.0,16,178.6
2024-02-01,EMP0175,CL008,Veterinarian,183.4,2.7,0,186.1
2024-02-01,EMP0176,CL008,Client Service Representative,109.8,3.2,0,113.0
2024-02-01,EMP0177,CL008,Client Service Representative,183.2,10.7,0,193.9
2024-02-01,EMP0178,CL008,Practice Manager,165.2,0,16,149.2
2024-02-01,EMP0179,CL008,Veterinary Assistant,166.2,0,8,158.2
2024-02-01,EMP0180,CL008,Kennel Assistant,171.6,0.7,16,156.3
2024-02-01,EMP0181,CL008,Veterinarian,170.7,1.2,8,163.9
2024-02-01,EMP0182,CL008,Veterinarian,170.7,5.7,16,160.4
2024-02-01,EMP0183,CL008,Veterinary Assistant,164.3,7.0,8,163.3
2024-02-01,EMP0184,CL008,Veterinary Assistant,159.2,9.6,0,168.8
2024-02-01,EMP0185,CL008,Kennel Assistant,141.8,5.3,0,147.1
2024-02-01,EMP0186,CL008,Veterinarian,173.0,1.3,8,166.3
2024-02-01,EMP0187,CL008,Kennel Assistant,176.2,5.6,0,181.8
2024-02-01,EMP0188,CL008,Veterinary Technician,166.6,12.2,0,178.8
2024-02-01,EMP0189,CL008,Veterinary Technician,191.4,2.2,0,193.6
2024-02-01,EMP0190,CL008,Veterinarian,170.5,1.1,24,147.6
2024-02-01,EMP0191,CL008,Veterinarian,174.8,0,8,166.8
2024-02-01,EMP0192,CL008,Kennel Assistant,150.1,0,0,150.1
2024-02-01,EMP0193,CL008,Veterinarian,133.0,1.5,8,126.5
2024-02-01,EMP0194,CL008,Veterinarian,178.8,8.5,8,179.3
2024-02-01,EMP0195,CL008,Veterinarian,181.0,6.7,16,171.7
2024-02-01,EMP0196,CL008,Client Service Representative,125.3,0,0,125.3
2024-02-01,EMP0197,CL008,Practice Manager,166.5,8.6,8,167.1
2024-02-01,EMP0198,CL009,Veterinarian,182.3,9.4,8,183.7
2024-02-01,EMP0199,CL009,Veterinary Assistant,179.4,1.6,0,181.0
2024-02-01,EMP0200,CL009,Kennel Assistant,163.8,6.4,0,170.2
2024-02-01,EMP0201,CL009,Veterinarian,169.9,6.9,0,176.8
2024-02-01,EMP0202,CL009,Veterinary Technician,109.6,4.6,8,106.2
2024-02-01,EMP0203,CL009,Veterinarian,134.9,5.9,0,140.8
2024-02-01,EMP0204,CL009,Veterinary Technician,99.9,15.8,16,99.7
2024-02-01,EMP0205,CL009,Veterinarian,160.5,8.9,0,169.4
2024-02-01,EMP0206,CL009,Veterinarian,184.1,9.3,8,185.4
2024-02-01,EMP0207,CL009,Veterinarian,173.3,2.6,8,167.9
2024-02-01,EMP0208,CL009,Veterinarian,142.5,6.7,16,133.2
2024-02-01,EMP0209,CL009,Veterinarian,172.0,8.0,24,156.0
2024-02-01,EMP0210,CL009,Veterinarian,179.0,9.4,0,188.4
2024-02-01,EMP0211,CL009,Practice Manager,186.2,1.9,0,188.1
2024-02-01,EMP0212,CL009,Veterinary Technician,189.4,11.4,0,200.8
2024-02-01,EMP0213,CL009,Veterinary Assistant,158.8,5.1,16,147.9
2024-02-01,EMP0214,CL009,Veterinarian,176.7,2.9,16,163.6
2024-02-01,EMP0215,CL009,Veterinarian,140.3,0.9,16,125.2
2024-02-01,EMP0216,CL009,Client Service Representative,104.7,3.7,24,84.4
2024-02-01,EMP0217,CL009,Client Service Representative,176.1,1.3,8,169.4
2024-02-01,EMP0218,CL009,Veterinarian,137.2,4.7,8,133.9
2024-02-01,EMP0219,CL009,Practice Manager,104.9,8.0,24,88.9
2024-02-01,EMP0220,CL009,Veterinary Technician,101.3,4.0,0,105.3
2024-02-01,EMP0221,CL009,Veterinary Technician,171.7,2.7,0,174.4
2024-02-01,EMP0222,CL010,Veterinary Assistant,99.8,2.5,16,86.3
2024-02-01,EMP0223,CL010,Veterinarian,183.0,6.0,0,189.0
2024-02-01,EMP0224,CL010,Veterinary Assistant,108.9,0,0,108.9
2024-02-01,EMP0225,CL010,Veterinary Assistant,139.1,9.4,8,140.5
2024-02-01,EMP0226,CL010,Veterinarian,166.9,2.7,0,169.6
2024-02-01,EMP0227,CL010,Veterinarian,174.5,0,0,174.5
2024-02-01,EMP0228,CL010,Veterinary Assistant,175.6,4.7,16,164.3
2024-02-01,EMP0229,CL010,Veterinarian,170.4,2.6,16,157.0
2024-02-01,EMP0230,CL010,Veterinarian,135.2,0.2,8,127.4
2024-02-01,EMP0231,CL010,Veterinary Technician,169.7,4.5,0,174.2
2024-02-01,EMP0232,CL010,Practice Manager,167.9,0,0,167.9
2024-02-01,EMP0233,CL010,Veterinary Technician,167.8,1.5,8,161.3
2024-02-01,EMP0234,CL010,Client Service Representative,159.7,5.0,8,156.7
2024-02-01,EMP0235,CL010,Veterinarian,171.7,1.5,24,149.2
2024-02-01,EMP0236,CL010,Veterinarian,167.1,7.6,24,150.7
2024-02-01,EMP0237,CL010,Veterinary Technician,178.5,10.3,24,164.8
2024-02-01,EMP0238,CL010,Veterinarian,177.2,6.2,8,175.4
2024-02-01,EMP0239,CL010,Veterinary Assistant,176.2,6.4,16,166.6
2024-02-01,EMP0240,CL010,Veterinary Technician,173.1,0.7,24,149.8
2024-02-01,EMP0241,CL010,Veterinary Technician,93.3,3.5,0,96.8
2024-02-01,EMP0242,CL010,Practice Manager,144.9,3.9,0,148.8
2024-02-01,EMP0243,CL010,Veterinary Technician,160.9,6.6,0,167.5
2024-02-01,EMP0244,CL010,Client Service Representative,173.0,9.5,16,166.5
2024-02-01,EMP0245,CL010,Practice Manager,164.0,0,24,140.0
2024-02-01,EMP0246,CL011,Veterinary Technician,146.3,8.8,0,155.1
2024-02-01,EMP0247,CL011,Veterinarian,180.1,5.0,16,169.1
2024-02-01,EMP0248,CL011,Client Service Representative,163.3,4.2,0,167.5
2024-02-01,EMP0249,CL011,Practice Manager,106.2,6.2,8,104.4
2024-02-01,EMP0250,CL011,Veterinarian,178.1,5.5,0,183.6
2024-02-01,EMP0251,CL011,Veterinarian,144.4,7.0,0,151.4
2024-02-01,EMP0252,CL011,Veterinary Technician,175.2,8.5,8,175.7
2024-02-01,EMP0253,CL011,Client Service Representative,149.6,1.2,0,150.8
2024-02-01,EMP0254,CL011,Veterinarian,176.4,13.1,16,173.5
2024-02-01,EMP0255,CL011,Veterinarian,182.1,7.6,16,173.7
2024-02-01,EMP0256,CL011,Veterinarian,130.5,7.5,0,138.0
2024-02-01,EMP0257,CL011,Veterinarian,175.4,2.1,0,177.5
2024-02-01,EMP0258,CL011,Veterinary Assistant,110.6,5.2,0,115.8
2024-02-01,EMP0259,CL011,Practice Manager,166.7,0.7,16,151.4
2024-02-01,EMP0260,CL011,Veterinarian,142.6,5.0,24,123.6
2024-02-01,EMP0261,CL011,Client Service Representative,166.3,1.1,0,167.4
2024-02-01,EMP0262,CL011,Veterinarian,175.2,11.6,24,162.8
2024-02-01,EMP0263,CL011,Veterinarian,178.7,0,24,154.7
2024-02-01,EMP0264,CL011,Veterinarian,165.6,0,16,149.6
2024-02-01,EMP0265,CL011,Veterinary Assistant,87.2,0.1,0,87.3
2024-02-01,EMP0266,CL011,Veterinarian,167.6,6.0,0,173.6
2024-02-01,EMP0267,CL012,Client Service Representative,124.4,0,0,124.4
2024-02-01,EMP0268,CL012,Veterinary Technician,169.9,4.0,8,165.9
2024-02-01,EMP0269,CL012,Practice Manager,152.5,0,16,136.5
2024-02-01,EMP0270,CL012,Client Service Representative,139.3,0,8,131.3
2024-02-01,EMP0271,CL012,Veterinary Technician,176.6,10.1,24,162.7
2024-02-01,EMP0272,CL012,Practice Manager,137.5,0,8,129.5
2024-02-01,EMP0273,CL012,Veterinary Technician,171.3,9.9,8,173.2
2024-02-01,EMP0274,CL012,Veterinarian,151.0,0.4,8,143.4
2024-02-01,EMP0275,CL012,Veterinary Technician,146.8,11.8,0,158.6
2024-02-01,EMP0276,CL012,Veterinary Technician,121.6,2.0,8,115.6
2024-02-01,EMP0277,CL012,Veterinarian,133.9,3.2,8,129.1
2024-02-01,EMP0278,CL012,Veterinarian,167.1,11.1,8,170.2
2024-02-01,EMP0279,CL012,Client Service Representative,139.7,0,0,139.7
2024-02-01,EMP0280,CL012,Veterinary Technician,155.3,7.6,0,162.9
2024-02-01,EMP0281,CL012,Veterinarian,153.1,7.8,16,144.9
2024-02-01,EMP0282,CL012,Veterinary Assistant,179.6,0.2,0,179.8
2024-02-01,EMP0283,CL012,Veterinarian,177.3,2.4,24,155.7
2024-02-01,EMP0284,CL012,Client Service Representative,171.2,4.7,16,159.9
2024-02-01,EMP0285,CL012,Veterinarian,173.8,0,0,173.8
2024-02-01,EMP0286,CL012,Veterinarian,185.7,6.6,8,184.3
2024-02-01,EMP0287,CL012,Veterinary Assistant,178.1,0,24,154.1
2024-02-01,EMP0288,CL012,Veterinary Technician,110.0,3.3,24,89.3
2024-02-01,EMP0289,CL012,Veterinarian,176.6,11.2,0,187.8
2024-02-01,EMP0290,CL012,Client Service Representative,181.6,0,0,181.6
2024-02-01,EMP0291,CL012,Veterinarian,169.5,7.9,0,177.4
2024-02-01,EMP0292,CL012,Veterinary Assistant,133.7,0,0,133.7
2024-02-01,EMP0293,CL012,Veterinarian,171.5,9.1,8,172.6
2024-02-01,EMP0294,CL012,Client Service Representative,131.0,6.7,16,121.7
2024-02-01,EMP0295,CL012,Client Service Representative,173.9,2.0,0,175.9
2024-02-01,EMP0296,CL012,Veterinary Technician,176.3,2.3,8,170.6
2024-02-01,EMP0297,CL012,Veterinary Technician,113.7,3.8,24,93.5
2024-02-01,EMP0298,CL012,Veterinarian,174.8,11.4,0,186.2
2024-02-01,EMP0299,CL012,Veterinary Technician,168.2,3.0,8,163.2
2024-02-01,EMP0300,CL012,Veterinarian,169.0,4.9,0,173.9
2024-03-01,EMP0001,CL001,Veterinary Technician,156.9,12.5,0,169.4
2024-03-01,EMP0002,CL001,Practice Manager,84.7,1.0,8,77.7
2024-03-01,EMP0003,CL001,Practice Manager,128.7,0.3,8,121.0
2024-03-01,EMP0004,CL001,Veterinary Technician,130.0,6.2,8,128.2
2024-03-01,EMP0005,CL001,Veterinary Technician,182.1,9.9,8,184.0
2024-03-01,EMP0006,CL001,Veterinary Technician,160.2,7.2,8,159.4
2024-03-01,EMP0007,CL001,Veterinarian,176.1,2.2,0,178.3
2024-03-01,EMP0008,CL001,Veterinarian,170.6,4.4,16,159.0
2024-03-01,EMP0009,CL001,Veterinary Technician,163.2,3.9,24,143.1
2024-03-01,EMP0010,CL001,Veterinarian,167.4,7.5,8,166.9
2024-03-01,EMP0011,CL001,Veterinary Assistant,168.6,5.6,0,174.2
2024-03-01,EMP0012,CL001,Veterinary Technician,103.2,5.1,8,100.3
2024-03-01,EMP0013,CL001,Veterinary Technician,130.1,7.3,0,137.4
2024-03-01,EMP0014,CL001,Veterinarian,180.2,3.8,8,176.0
2024-03-01,EMP0015,CL001,Veterinarian,175.7,5.4,8,173.1
2024-03-01,EMP0016,CL001,Veterinarian,186.8,5.6,0,192.4
2024-03-01,EMP0017,CL001,Veterinary Assistant,146.9,7.4,0,154.3
2024-03-01,EMP0018,CL001,Practice Manager,114.8,0.1,8,106.9
2024-03-01,EMP0019,CL001,Veterinarian,180.3,8.7,24,165.0
2024-03-01,EMP0020,CL001,Veterinarian,182.5,9.4,16,175.9
2024-03-01,EMP0021,CL001,Veterinarian,179.4,5.2,16,168.6
2024-03-01,EMP0022,CL001,Client Service Representative,175.6,1.1,8,168.7
2024-03-01,EMP0023,CL001,Veterinary Technician,151.3,4.3,8,147.6
2024-03-01,EMP0024,CL001,Veterinary Assistant,177.7,5.6,0,183.3
2024-03-01,EMP0025,CL001,Veterinary Technician,165.3,1.7,8,159.0
2024-03-01,EMP0026,CL001,Veterinarian,174.4,9.2,0,183.6
2024-03-01,EMP0027,CL001,Veterinary Assistant,139.3,3.6,24,118.9
2024-03-01,EMP0028,CL001,Veterinary Technician,169.8,6.8,24,152.6
2024-03-01,EMP0029,CL001,Veterinarian,174.8,8.4,8,175.2
2024-03-01,EMP0030,CL002,Kennel Assistant,179.3,2.1,24,157.4
2024-03-01,EMP0031,CL002,Veterinarian,151.0,0,0,151.0
2024-03-01,EMP0032,CL002,Veterinarian,151.4,4.5,0,155.9
2024-03-01,EMP0033,CL002,Veterinarian,134.9,5.2,24,116.1
2024-03-01,EMP0034,CL002,Veterinarian,125.7,6.2,8,123.9
2024-03-01,EMP0035,CL002,Veterinarian,169.7,0,0,169.7
2024-03-01,EMP0036,CL002,Client Service Representative,169.4,0.3,24,145.7
2024-03-01,EMP0037,CL002,Veterinarian,154.3,4.1,16,142.4
2024-03-01,EMP0038,CL002,Client Service Representative,169.7,8.3,8,170.0
2024-03-01,EMP0039,CL002,Veterinary Assistant,166.7,1.1,0,167.8
2024-03-01,EMP0040,CL002,Veterinary Technician,89.6,14.5,8,96.1
2024-03-01,EMP0041,CL002,Veterinarian,171.0,5.7,24,152.7
2024-03-01,EMP0042,CL002,Veterinary Technician,181.7,2.3,0,184.0
2024-03-01,EMP0043,CL002,Veterinary Technician,102.4,7.0,24,85.4
2024-03-01,EMP0044,CL002,Veterinary Assistant,143.0,9.7,16,136.7
2024-03-01,EMP0045,CL002,Veterinarian,154.0,0,0,154.0
2024-03-01,EMP0046,CL002,Veterinary Technician,148.1,3.3,0,151.4
2024-03-01,EMP0047,CL002,Veterinary Assistant,178.0,2.9,8,172.9
2024-03-01,EMP0048,CL002,Kennel Assistant,171.3,0,24,147.3
2024-03-01,EMP0049,CL002,Client Service Representative,101.8,6.3,0,108.1
2024-03-01,EMP0050,CL002,Practice Manager,167.5,0,24,143.5
2024-03-01,EMP0051,CL003,Practice Manager,175.1,0,0,175.1
2024-03-01,EMP0052,CL003,Veterinary Technician,171.0,9.1,8,172.1
2024-03-01,EMP0053,CL003,Kennel Assistant,110.7,0,0,110.7
2024-03-01,EMP0054,CL003,Veterinarian,166.8,3.0,8,161.8
2024-03-01,EMP0055,CL003,Veterinary Assistant,139.7,0.5,16,124.2
2024-03-01,EMP0056,CL003,Client Service Representative,172.4,6.6,16,163.0
2024-03-01,EMP0057,CL003,Veterinarian,133.0,2.6,8,127.6
2024-03-01,EMP0058,CL003,Veterinary Assistant,101.4,0.3,0,101.7
2024-03-01,EMP0059,CL003,Client Service Representative,168.1,0,8,160.1
2024-03-01,EMP0060,CL003,Veterinarian,174.5,7.9,8,174.4
2024-03-01,EMP0061,CL003,Kennel Assistant,111.6,8.4,0,120.0
2024-03-01,EMP0062,CL003,Veterinarian,172.1,10.5,8,174.6
2024-03-01,EMP0063,CL003,Veterinary Technician,161.4,3.1,24,140.5
2024-03-01,EMP0064,CL003,Veterinary Technician,164.9,7.3,24,148.2
2024-03-01,EMP0065,CL003,Veterinarian,164.0,6.8,0,170.8
2024-03-01,EMP0066,CL003,Client Service Representative,171.6,7.2,8,170.8
2024-03-01,EMP0067,CL003,Practice Manager,128.4,0.3,0,128.7
2024-03-01,EMP0068,CL003,Veterinarian,174.6,1.2,16,159.8
2024-03-01,EMP0069,CL003,Veterinary Assistant,179.8,0,16,163.8
2024-03-01,EMP0070,CL003,Veterinarian,187.6,3.7,16,175.3
2024-03-01,EMP0071,CL003,Kennel Assistant,174.8,11.9,0,186.7
2024-03-01,EMP0072,CL003,Veterinarian,127.0,5.6,0,132.6
2024-03-01,EMP0073,CL003,Veterinarian,119.3,0,0,119.3
2024-03-01,EMP0074,CL003,Veterinary Technician,184.2,1.9,16,170.1
2024-03-01,EMP0075,CL003,Veterinarian,127.8,0,0,127.8
2024-03-01,EMP0076,CL004,Client Service Representative,175.1,0,0,175.1
2024-03-01,EMP0077,CL004,Veterinarian,144.2,7.1,0,151.3
2024-03-01,EMP0078,CL004,Veterinarian,172.3,8.9,16,165.2
2024-03-01,EMP0079,CL004,Veterinary Technician,180.7,11.4,16,176.1
2024-03-01,EMP0080,CL004,Veterinarian,155.6,4.1,8,151.7
2024-03-01,EMP0081,CL004,Veterinary Technician,148.5,11.4,8,151.9
2024-03-01,EMP0082,CL004,Veterinarian,179.9,6.2,0,186.1
2024-03-01,EMP0083,CL004,Veterinary Assistant,167.5,0.4,16,151.9
2024-03-01,EMP0084,CL004,Veterinarian,149.4,3.7,24,129.1
2024-03-01,EMP0085,CL004,Veterinarian,167.7,6.7,24,150.4
2024-03-01,EMP0086,CL004,Veterinary Assistant,168.7,4.0,0,172.7
2024-03-01,EMP0087,CL004,Veterinary Technician,178.3,10.7,16,173.0
2024-03-01,EMP0088,CL004,Veterinarian,128.1,0,8,120.1
2024-03-01,EMP0089,CL004,Veterinarian,170.7,6.6,0,177.3
2024-03-01,EMP0090,CL004,Veterinary Technician,154.6,0,0,154.6
2024-03-01,EMP0091,CL004,Veterinarian,174.3,4.5,8,170.8
2024-03-01,EMP0092,CL004,Veterinarian,179.5,7.2,0,186.7
2024-03-01,EMP0093,CL004,Veterinary Technician,104.7,8.2,8,104.9
2024-03-01,EMP0094,CL004,Practice Manager,141.2,0,0,141.2
2024-03-01,EMP0095,CL004,Veterinary Assistant,175.4,3.4,0,178.8
2024-03-01,EMP0096,CL004,Veterinary Assistant,195.7,0,0,195.7
2024-03-01,EMP0097,CL004,Veterinarian,170.9,6.5,24,153.4
2024-03-01,EMP0098,CL004,Client Service Representative,173.0,0.1,8,165.1
2024-03-01,EMP0099,CL004,Veterinarian,176.5,9.1,0,185.6
2024-03-01,EMP0100,CL004,Veterinary Technician,145.5,7.9,0,153.4
2024-03-01,EMP0101,CL004,Veterinary Assistant,106.5,4.6,8,103.1
2024-03-01,EMP0102,CL004,Veterinary Technician,132.3,13.1,8,137.4
2024-03-01,EMP0103,CL004,Practice Manager,93.3,0,0,93.3
2024-03-01,EMP0104,CL004,Veterinarian,168.7,1.9,8,162.6
2024-03-01,EMP0105,CL004,Veterinary Technician,177.3,4.3,0,181.6
2024-03-01,EMP0106,CL005,Practice Manager,185.2,1.0,0,186.2
2024-03-01,EMP0107,CL005,Veterinarian,168.5,3.3,0,171.8
2024-03-01,EMP0108,CL005,Client Service Representative,112.3,0.6,0,112.9
2024-03-01,EMP0109,CL005,Veterinarian,179.7,3.5,8,175.2
2024-03-01,EMP0110,CL005,Veterinary Technician,173.0,0.5,8,165.5
2024-03-01,EMP0111,CL005,Veterinarian,178.7,8.0,0,186.7
2024-03-01,EMP0112,CL005,Veterinary Technician,101.5,4.0,0,105.5
2024-03-01,EMP0113,CL005,Veterinarian,169.7,3.4,24,149.1
2024-03-01,EMP0114,CL005,Veterinary Technician,181.1,2.5,0,183.6
2024-03-01,EMP0115,CL005,Veterinarian,156.1,2.9,16,143.0
2024-03-01,EMP0116,CL005,Veterinary Assistant,180.7,6.9,0,187.6
2024-03-01,EMP0117,CL005,Veterinarian,178.7,0,16,162.7
2024-03-01,EMP0118,CL005,Veterinarian,139.7,11.0,8,142.7
2024-03-01,EMP0119,CL005,Veterinarian,181.3,8.4,24,165.7
2024-03-01,EMP0120,CL005,Veterinary Technician,145.6,4.8,0,150.4
2024-03-01,EMP0121,CL005,Veterinary Assistant,119.7,2.6,16,106.3
2024-03-01,EMP0122,CL005,Veterinarian,131.9,1.8,24,109.7
2024-03-01,EMP0123,CL005,Veterinarian,176.5,7.3,8,175.8
2024-03-01,EMP0124,CL005,Veterinarian,162.1,1.2,0,163.3
2024-03-01,EMP0125,CL005,Veterinary Technician,177.9,2.9,8,172.8
2024-03-01,EMP0126,CL005,Veterinarian,182.1,2.6,8,176.7
2024-03-01,EMP0127,CL005,Veterinary Technician,143.7,9.2,24,128.9
2024-03-01,EMP0128,CL005,Veterinary Technician,95.0,7.7,8,94.7
2024-03-01,EMP0129,CL005,Veterinary Assistant,126.5,3.8,8,122.3
2024-03-01,EMP0130,CL005,Veterinarian,127.5,5.7,8,125.2
2024-03-01,EMP0131,CL006,Veterinarian,176.7,13.2,0,189.9
2024-03-01,EMP0132,CL006,Veterinarian,171.4,8.4,0,179.8
2024-03-01,EMP0133,CL006,Veterinarian,169.2,7.6,8,168.8
2024-03-01,EMP0134,CL006,Veterinarian,161.7,11.9,0,173.6
2024-03-01,EMP0135,CL006,Veterinarian,153.6,11.2,8,156.8
2024-03-01,EMP0136,CL006,Veterinary Technician,177.1,11.1,0,188.2
2024-03-01,EMP0137,CL006,Client Service Representative,128.1,5.0,0,133.1
2024-03-01,EMP0138,CL006,Kennel Assistant,184.9,3.2,0,188.1
2024-03-01,EMP0139,CL006,Veterinary Technician,134.1,2.0,0,136.1
2024-03-01,EMP0140,CL006,Veterinarian,192.8,2.3,0,195.1
2024-03-01,EMP0141,CL006,Practice Manager,137.4,4.4,0,141.8
2024-03-01,EMP0142,CL006,Veterinary Technician,175.7,4.3,24,156.0
2024-03-01,EMP0143,CL006,Veterinary Technician,118.3,6.3,16,108.6
2024-03-01,EMP0144,CL006,Veterinarian,139.1,3.8,0,142.9
2024-03-01,EMP0145,CL006,Veterinary Technician,157.5,7.0,0,164.5
2024-03-01,EMP0146,CL006,Veterinarian,142.5,8.9,0,151.4
2024-03-01,EMP0147,CL006,Veterinary Technician,167.4,6.0,16,157.4
2024-03-01,EMP0148,CL006,Client Service Representative,183.8,0,16,167.8
2024-03-01,EMP0149,CL006,Veterinarian,141.9,0,24,117.9
2024-03-01,EMP0150,CL006,Veterinarian,176.3,0.3,0,176.6
2024-03-01,EMP0151,CL007,Veterinary Technician,102.6,8.7,0,111.3
2024-03-01,EMP0152,CL007,Veterinary Technician,140.8,6.4,16,131.2
2024-03-01,EMP0153,CL007,Veterinary Technician,141.1,16.4,24,133.5
2024-03-01,EMP0154,CL007,Veterinary Technician,179.9,0.8,0,180.7
2024-03-01,EMP0155,CL007,Veterinary Assistant,163.7,5.9,16,153.6
2024-03-01,EMP0156,CL007,Practice Manager,172.3,6.8,0,179.1
2024-03-01,EMP0157,CL007,Veterinarian,171.1,0,8,163.1
2024-03-01,EMP0158,CL007,Client Service Representative,94.1,3.5,0,97.6
2024-03-01,EMP0159,CL007,Veterinary Technician,167.2,6.6,0,173.8
2024-03-01,EMP0160,CL007,Veterinarian,132.4,3.0,8,127.4
2024-03-01,EMP0161,CL007,Veterinary Technician,110.6,6.8,0,117.4
2024-03-01,EMP0162,CL007,Veterinarian,186.4,2.3,8,180.7
2024-03-01,EMP0163,CL007,Veterinarian,162.1,6.2,0,168.3
2024-03-01,EMP0164,CL007,Veterinarian,165.4,7.5,8,164.9
2024-03-01,EMP0165,CL007,Veterinarian,168.8,3.6,16,156.4
2024-03-01,EMP0166,CL007,Client Service Representative,165.1,11.2,24,152.3
2024-03-01,EMP0167,CL007,Veterinary Assistant,107.8,5.2,0,113.0
2024-03-01,EMP0168,CL007,Veterinary Technician,128.8,5.7,8,126.5
2024-03-01,EMP0169,CL007,Practice Manager,160.9,9.5,24,146.4
2024-03-01,EMP0170,CL007,Veterinarian,172.2,4.6,16,160.8
2024-03-01,EMP0171,CL007,Veterinary Technician,122.4,3.1,0,125.5
2024-03-01,EMP0172,CL007,Veterinary Technician,171.1,2.7,8,165.8
2024-03-01,EMP0173,CL007,Veterinary Assistant,154.8,0.3,24,131.1
2024-03-01,EMP0174,CL007,Veterinarian,173.7,7.0,8,172.7
2024-03-01,EMP0175,CL008,Veterinarian,174.1,10.3,0,184.4
2024-03-01,EMP0176,CL008,Client Service Representative,112.5,6.0,8,110.5
2024-03-01,EMP0177,CL008,Client Service Representative,172.6,0,0,172.6
2024-03-01,EMP0178,CL008,Practice Manager,170.1,7.9,0,178.0
2024-03-01,EMP0179,CL008,Veterinary Assistant,166.5,9.4,8,167.9
2024-03-01,EMP0180,CL008,Kennel Assistant,172.6,1.0,24,149.6
2024-03-01,EMP0181,CL008,Veterinarian,180.7,3.0,8,175.7
2024-03-01,EMP0182,CL008,Veterinarian,170.4,4.3,8,166.7
2024-03-01,EMP0183,CL008,Veterinary Assistant,182.7,1.8,0,184.5
2024-03-01,EMP0184,CL008,Veterinary Assistant,166.3,3.2,0,169.5
2024-03-01,EMP0185,CL008,Kennel Assistant,146.7,2.7,24,125.4
2024-03-01,EMP0186,CL008,Veterinarian,182.9,2.4,0,185.3
2024-03-01,EMP0187,CL008,Kennel Assistant,184.7,2.5,8,179.2
2024-03-01,EMP0188,CL008,Veterinary Technician,193.1,0,24,169.1
2024-03-01,EMP0189,CL008,Veterinary Technician,178.7,4.4,0,183.1
2024-03-01,EMP0190,CL008,Veterinarian,159.0,0.3,0,159.3
2024-03-01,EMP0191,CL008,Veterinarian,165.5,0,8,157.5
2024-03-01,EMP0192,CL008,Kennel Assistant,130.4,0,16,114.4
2024-03-01,EMP0193,CL008,Veterinarian,139.3,6.8,0,146.1
2024-03-01,EMP0194,CL008,Veterinarian,175.4,4.9,16,164.3
2024-03-01,EMP0195,CL008,Veterinarian,170.8,10.8,0,181.6
2024-03-01,EMP0196,CL008,Client Service Representative,124.6,0,8,116.6
2024-03-01,EMP0197,CL008,Practice Manager,185.3,7.0,24,168.3
2024-03-01,EMP0198,CL009,Veterinarian,180.6,1.6,24,158.2
2024-03-01,EMP0199,CL009,Veterinary Assistant,175.5,2.6,16,162.1
2024-03-01,EMP0200,CL009,Kennel Assistant,162.2,0,0,162.2
2024-03-01,EMP0201,CL009,Veterinarian,161.0,5.6,0,166.6
2024-03-01,EMP0202,CL009,Veterinary Technician,100.2,3.1,24,79.3
2024-03-01,EMP0203,CL009,Veterinarian,138.1,3.8,8,133.9
2024-03-01,EMP0204,CL009,Veterinary Technician,99.5,8.9,16,92.4
2024-03-01,EMP0205,CL009,Veterinarian,176.9,3.1,0,180.0
2024-03-01,EMP0206,CL009,Veterinarian,174.2,10.6,8,176.8
2024-03-01,EMP0207,CL009,Veterinarian,184.9,2.8,8,179.7
2024-03-01,EMP0208,CL009,Veterinarian,134.5,4.6,16,123.1
2024-03-01,EMP0209,CL009,Veterinarian,164.9,2.5,8,159.4
2024-03-01,EMP0210,CL009,Veterinarian,171.2,7.8,0,179.0
2024-03-01,EMP0211,CL009,Practice Manager,165.4,3.0,0,168.4
2024-03-01,EMP0212,CL009,Veterinary Technician,158.9,2.6,0,161.5
2024-03-01,EMP0213,CL009,Veterinary Assistant,169.2,8.1,16,161.3
2024-03-01,EMP0214,CL009,Veterinarian,155.9,1.4,0,157.3
2024-03-01,EMP0215,CL009,Veterinarian,136.0,14.7,0,150.7
2024-03-01,EMP0216,CL009,Client Service Representative,103.8,0,8,95.8
2024-03-01,EMP0217,CL009,Client Service Representative,171.3,5.6,8,168.9
2024-03-01,EMP0218,CL009,Veterinarian,128.7,2.0,0,130.7
2024-03-01,EMP0219,CL009,Practice Manager,95.6,0,8,87.6
2024-03-01,EMP0220,CL009,Veterinary Technician,107.3,0,8,99.3
2024-03-01,EMP0221,CL009,Veterinary Technician,177.3,12.3,0,189.6
2024-03-01,EMP0222,CL010,Veterinary Assistant,103.0,4.4,8,99.4
2024-03-01,EMP0223,CL010,Veterinarian,165.9,16.3,16,166.2
2024-03-01,EMP0224,CL010,Veterinary Assistant,107.6,9.7,8,109.3
2024-03-01,EMP0225,CL010,Veterinary Assistant,132.7,6.7,0,139.4
2024-03-01,EMP0226,CL010,Veterinarian,171.3,6.7,16,162.0
2024-03-01,EMP0227,CL010,Veterinarian,168.2,6.1,8,166.3
2024-03-01,EMP0228,CL010,Veterinary Assistant,172.3,0.9,16,157.2
2024-03-01,EMP0229,CL010,Veterinarian,174.0,7.6,24,157.6
2024-03-01,EMP0230,CL010,Veterinarian,135.7,4.6,16,124.3
2024-03-01,EMP0231,CL010,Veterinary Technician,182.3,1.1,0,183.4
2024-03-01,EMP0232,CL010,Practice Manager,187.2,4.7,0,191.9
2024-03-01,EMP0233,CL010,Veterinary Technician,169.3,5.5,16,158.8
2024-03-01,EMP0234,CL010,Client Service Representative,189.5,0.2,24,165.7
2024-03-01,EMP0235,CL010,Veterinarian,173.1,5.1,0,178.2
2024-03-01,EMP0236,CL010,Veterinarian,161.0,3.4,8,156.4
2024-03-01,EMP0237,CL010,Veterinary Technician,171.3,11.0,0,182.3
2024-03-01,EMP0238,CL010,Veterinarian,164.3,6.0,24,146.3
2024-03-01,EMP0239,CL010,Veterinary Assistant,171.1,0.5,24,147.6
2024-03-01,EMP0240,CL010,Veterinary Technician,187.0,0,0,187.0
2024-03-01,EMP0241,CL010,Veterinary Technician,108.1,3.1,8,103.2
2024-03-01,EMP0242,CL010,Practice Manager,140.1,5.0,0,145.1
2024-03-01,EMP0243,CL010,Veterinary Technician,176.4,0,0,176.4
2024-03-01,EMP0244,CL010,Client Service Representative,174.8,7.4,0,182.2
2024-03-01,EMP0245,CL010,Practice Manager,191.8,1.0,8,184.8
2024-03-01,EMP0246,CL011,Veterinary Technician,143.2,2.6,8,137.8
2024-03-01,EMP0247,CL011,Veterinarian,165.4,8.1,0,173.5
2024-03-01,EMP0248,CL011,Client Service Representative,154.4,9.0,8,155.4
2024-03-01,EMP0249,CL011,Practice Manager,101.0,5.1,0,106.1
2024-03-01,EMP0250,CL011,Veterinarian,167.8,5.6,24,149.4
2024-03-01,EMP0251,CL011,Veterinarian,155.4,7.5,0,162.9
2024-03-01,EMP0252,CL011,Veterinary Technician,184.6,3.2,8,179.8
2024-03-01,EMP0253,CL011,Client Service Representative,151.8,3.8,0,155.6
2024-03-01,EMP0254,CL011,Veterinarian,179.2,9.4,24,164.6
2024-03-01,EMP0255,CL011,Veterinarian,176.4,6.6,0,183.0
2024-03-01,EMP0256,CL011,Veterinarian,139.4,7.9,24,123.3
2024-03-01,EMP0257,CL011,Veterinarian,164.0,0,0,164.0
2024-03-01,EMP0258,CL011,Veterinary Assistant,103.4,3.0,0,106.4
2024-03-01,EMP0259,CL011,Practice Manager,179.5,5.4,8,176.9
2024-03-01,EMP0260,CL011,Veterinarian,151.3,3.1,0,154.4
2024-03-01,EMP0261,CL011,Client Service Representative,184.5,3.1,0,187.6
2024-03-01,EMP0262,CL011,Veterinarian,172.0,0,0,172.0
2024-03-01,EMP0263,CL011,Veterinarian,158.3,4.1,0,162.4
2024-03-01,EMP0264,CL011,Veterinarian,182.8,1.0,0,183.8
2024-03-01,EMP0265,CL011,Veterinary Assistant,109.8,3.1,0,112.9
2024-03-01,EMP0266,CL011,Veterinarian,170.8,10.4,0,181.2
2024-03-01,EMP0267,CL012,Client Service Representative,117.2,0.3,16,101.5
2024-03-01,EMP0268,CL012,Veterinary Technician,185.4,9.0,24,170.4
2024-03-01,EMP0269,CL012,Practice Manager,179.3,0,8,171.3
2024-03-01,EMP0270,CL012,Client Service Representative,136.5,7.2,8,135.7
2024-03-01,EMP0271,CL012,Veterinary Technician,157.8,3.8,0,161.6
2024-03-01,EMP0272,CL012,Practice Manager,136.3,6.2,0,142.5
2024-03-01,EMP0273,CL012,Veterinary Technician,171.2,5.8,24,153.0
2024-03-01,EMP0274,CL012,Veterinarian,139.8,4.5,8,136.3
2024-03-01,EMP0275,CL012,Veterinary Technician,136.5,8.8,8,137.3
2024-03-01,EMP0276,CL012,Veterinary Technician,117.1,0,0,117.1
2024-03-01,EMP0277,CL012,Veterinarian,137.4,4.0,16,125.4
2024-03-01,EMP0278,CL012,Veterinarian,182.8,8.2,0,191.0
2024-03-01,EMP0279,CL012,Client Service Representative,145.6,5.4,0,151.0
2024-03-01,EMP0280,CL012,Veterinary Technician,159.7,6.1,0,165.8
2024-03-01,EMP0281,CL012,Veterinarian,165.4,4.1,0,169.5
2024-03-01,EMP0282,CL012,Veterinary Assistant,175.3,4.1,0,179.4
2024-03-01,EMP0283,CL012,Veterinarian,160.4,7.7,24,144.1
2024-03-01,EMP0284,CL012,Client Service Representative,168.0,5.1,0,173.1
2024-03-01,EMP0285,CL012,Veterinarian,164.2,5.0,0,169.2
2024-03-01,EMP0286,CL012,Veterinarian,192.0,14.9,8,198.9
2024-03-01,EMP0287,CL012,Veterinary Assistant,170.0,0,0,170.0
2024-03-01,EMP0288,CL012,Veterinary Technician,120.4,0.3,8,112.7
2024-03-01,EMP0289,CL012,Veterinarian,182.2,3.3,8,177.5
2024-03-01,EMP0290,CL012,Client Service Representative,162.7,2.5,0,165.2
2024-03-01,EMP0291,CL012,Veterinarian,175.7,9.9,0,185.6
2024-03-01,EMP0292,CL012,Veterinary Assistant,149.2,1.7,0,150.9
2024-03-01,EMP0293,CL012,Veterinarian,152.5,8.1,0,160.6
2024-03-01,EMP0294,CL012,Client Service Representative,141.2,5.9,0,147.1
2024-03-01,EMP0295,CL012,Client Service Representative,172.0,8.3,0,180.3
2024-03-01,EMP0296,CL012,Veterinary Technician,184.2,5.2,8,181.4
2024-03-01,EMP0297,CL012,Veterinary Technician,103.9,8.2,0,112.1
2024-03-01,EMP0298,CL012,Veterinarian,165.0,2.3,0,167.3
2024-03-01,EMP0299,CL012,Veterinary Technician,173.0,7.1,0,180.1
2024-03-01,EMP0300,CL012,Veterinarian,169.5,1.9,0,171.4
2024-04-01,EMP0001,CL001,Veterinary Technician,176.5,1.4,0,177.9
2024-04-01,EMP0002,CL001,Practice Manager,109.6,9.2,0,118.8
2024-04-01,EMP0003,CL001,Practice Manager,159.2,5.5,0,164.7
2024-04-01,EMP0004,CL001,Veterinary Technician,134.4,6.7,24,117.1
2024-04-01,EMP0005,CL001,Veterinary Technician,183.9,0,8,175.9
2024-04-01,EMP0006,CL001,Veterinary Technician,174.5,3.0,0,177.5
2024-04-01,EMP0007,CL001,Veterinarian,158.5,4.3,0,162.8
2024-04-01,EMP0008,CL001,Veterinarian,183.0,0.9,0,183.9
2024-04-01,EMP0009,CL001,Veterinary Technician,176.0,4.0,0,180.0
2024-04-01,EMP0010,CL001,Veterinarian,171.6,8.5,8,172.1
2024-04-01,EMP0011,CL001,Veterinary Assistant,176.3,0,8,168.3
2024-04-01,EMP0012,CL001,Veterinary Technician,98.1,7.2,0,105.3
2024-04-01,EMP0013,CL001,Veterinary Technician,136.5,6.6,0,143.1
2024-04-01,EMP0014,CL001,Veterinarian,180.1,3.7,16,167.8
2024-04-01,EMP0015,CL001,Veterinarian,171.9,0,16,155.9
2024-04-01,EMP0016,CL001,Veterinarian,157.2,2.0,0,159.2
2024-04-01,EMP0017,CL001,Veterinary Assistant,140.6,0.1,24,116.7
2024-04-01,EMP0018,CL001,Practice Manager,94.5,0,0,94.5
2024-04-01,EMP0019,CL001,Veterinarian,178.1,4.4,8,174.5
2024-04-01,EMP0020,CL001,Veterinarian,182.5,7.0,24,165.5
2024-04-01,EMP0021,CL001,Veterinarian,175.6,6.2,24,157.8
2024-04-01,EMP0022,CL001,Client Service Representative,181.6,1.9,24,159.5
2024-04-01,EMP0023,CL001,Veterinary Technician,130.3,2.3,0,132.6
2024-04-01,EMP0024,CL001,Veterinary Assistant,178.0,4.4,16,166.4
2024-04-01,EMP0025,CL001,Veterinary Technician,158.4,0,24,134.4
2024-04-01,EMP0026,CL001,Veterinarian,181.8,0,8,173.8
2024-04-01,EMP0027,CL001,Veterinary Assistant,155.7,0,8,147.7
2024-04-01,EMP0028,CL001,Veterinary Technician,168.3,0,0,168.3
2024-04-01,EMP0029,CL001,Veterinarian,168.5,10.6,8,171.1
2024-04-01,EMP0030,CL002,Kennel Assistant,177.1,0.4,24,153.5
2024-04-01,EMP0031,CL002,Veterinarian,143.2,7.2,16,134.4
2024-04-01,EMP0032,CL002,Veterinarian,146.0,7.0,0,153.0
2024-04-01,EMP0033,CL002,Veterinarian,137.6,5.3,24,118.9
2024-04-01,EMP0034,CL002,Veterinarian,144.0,6.9,0,150.9
2024-04-01,EMP0035,CL002,Veterinarian,188.7,0,0,188.7
2024-04-01,EMP0036,CL002,Client Service Representative,182.1,3.0,0,185.1
2024-04-01,EMP0037,CL002,Veterinarian,156.1,1.3,0,157.4
2024-04-01,EMP0038,CL002,Client Service Representative,167.8,0,0,167.8
2024-04-01,EMP0039,CL002,Veterinary Assistant,176.4,6.4,0,182.8
2024-04-01,EMP0040,CL002,Veterinary Technician,100.2,11.2,16,95.4
2024-04-01,EMP0041,CL002,Veterinarian,171.3,8.1,0,179.4
2024-04-01,EMP0042,CL002,Veterinary Technician,172.3,8.4,24,156.7
2024-04-01,EMP0043,CL002,Veterinary Technician,98.3,10.9,24,85.2
2024-04-01,EMP0044,CL002,Veterinary Assistant,131.0,0.2,8,123.2
2024-04-01,EMP0045,CL002,Veterinarian,176.6,3.9,16,164.5
2024-04-01,EMP0046,CL002,Veterinary Technician,129.3,3.9,8,125.2
2024-04-01,EMP0047,CL002,Veterinary Assistant,187.7,0.5,0,188.2
2024-04-01,EMP0048,CL002,Kennel Assistant,154.2,4.8,24,135.0
2024-04-01,EMP0049,CL002,Client Service Representative,100.0,7.3,24,83.3
2024-04-01,EMP0050,CL002,Practice Manager,171.7,3.4,16,159.1
2024-04-01,EMP0051,CL003,Practice Manager,184.8,0,8,176.8
2024-04-01,EMP0052,CL003,Veterinary Technician,168.0,5.7,16,157.7
2024-04-01,EMP0053,CL003,Kennel Assistant,91.8,4.0,8,87.8
2024-04-01,EMP0054,CL003,Veterinarian,170.9,2.8,0,173.7
2024-04-01,EMP0055,CL003,Veterinary Assistant,132.9,0.4,0,133.3
2024-04-01,EMP0056,CL003,Client Service Representative,182.1,0,24,158.1
2024-04-01,EMP0057,CL003,Veterinarian,137.2,1.7,16,122.9
2024-04-01,EMP0058,CL003,Veterinary Assistant,97.5,0,8,89.5
2024-04-01,EMP0059,CL003,Client Service Representative,172.3,0.4,0,172.7
2024-04-01,EMP0060,CL003,Veterinarian,180.1,0,0,180.1
2024-04-01,EMP0061,CL003,Kennel Assistant,101.8,5.1,16,90.9
2024-04-01,EMP0062,CL003,Veterinarian,178.8,4.8,0,183.6
2024-04-01,EMP0063,CL003,Veterinary Technician,177.4,7.8,8,177.2
2024-04-01,EMP0064,CL003,Veterinary Technician,185.4,8.5,16,177.9
2024-04-01,EMP0065,CL003,Veterinarian,158.4,7.7,8,158.1
2024-04-01,EMP0066,CL003,Client Service Representative,164.0,0,24,140.0
2024-04-01,EMP0067,CL003,Practice Manager,131.8,5.8,8,129.6
2024-04-01,EMP0068,CL003,Veterinarian,164.6,5.2,24,145.8
2024-04-01,EMP0069,CL003,Veterinary Assistant,166.6,0.1,8,158.7
2024-04-01,EMP0070,CL003,Veterinarian,170.0,7.1,24,153.1
2024-04-01,EMP0071,CL003,Kennel Assistant,177.2,0.9,0,178.1
2024-04-01,EMP0072,CL003,Veterinarian,152.3,2.9,0,155.2
2024-04-01,EMP0073,CL003,Veterinarian,133.2,1.5,0,134.7
2024-04-01,EMP0074,CL003,Veterinary Technician,172.3,2.1,8,166.4
2024-04-01,EMP0075,CL003,Veterinarian,135.7,2.1,0,137.8
2024-04-01,EMP0076,CL004,Client Service Representative,177.9,8.2,0,186.1
2024-04-01,EMP0077,CL004,Veterinarian,134.4,6.5,8,132.9
2024-04-01,EMP0078,CL004,Veterinarian,172.4,4.6,0,177.0
2024-04-01,EMP0079,CL004,Veterinary Technician,174.1,1.7,0,175.8
2024-04-01,EMP0080,CL004,Veterinarian,162.6,0,0,162.6
2024-04-01,EMP0081,CL004,Veterinary Technician,132.8,10.5,0,143.3
2024-04-01,EMP0082,CL004,Veterinarian,179.2,7.2,8,178.4
2024-04-01,EMP0083,CL004,Veterinary Assistant,167.3,1.7,24,145.0
2024-04-01,EMP0084,CL004,Veterinarian,155.2,9.3,0,164.5
2024-04-01,EMP0085,CL004,Veterinarian,172.9,2.6,16,159.5
2024-04-01,EMP0086,CL004,Veterinary Assistant,184.2,0,24,160.2
2024-04-01,EMP0087,CL004,Veterinary Technician,173.0,4.2,24,153.2
2024-04-01,EMP0088,CL004,Veterinarian,133.0,8.3,24,117.3
2024-04-01,EMP0089,CL004,Veterinarian,175.2,1.0,24,152.2
2024-04-01,EMP0090,CL004,Veterinary Technician,163.2,4.4,24,143.6
2024-04-01,EMP0091,CL004,Veterinarian,186.1,0,8,178.1
2024-04-01,EMP0092,CL004,Veterinarian,150.1,3.5,8,145.6
2024-04-01,EMP0093,CL004,Veterinary Technician,101.3,10.3,0,111.6
2024-04-01,EMP0094,CL004,Practice Manager,133.5,0,0,133.5
2024-04-01,EMP0095,CL004,Veterinary Assistant,176.0,3.0,0,179.0
2024-04-01,EMP0096,CL004,Veterinary Assistant,176.3,4.7,24,157.0
2024-04-01,EMP0097,CL004,Veterinarian,155.3,0.7,8,148.0
2024-04-01,EMP0098,CL004,Client Service Representative,185.1,2.0,24,163.1
2024-04-01,EMP0099,CL004,Veterinarian,181.3,7.5,0,188.8
2024-04-01,EMP0100,CL004,Veterinary Technician,134.0,7.8,8,133.8
2024-04-01,EMP0101,CL004,Veterinary Assistant,89.4,0.1,0,89.5
2024-04-01,EMP0102,CL004,Veterinary Technician,138.2,0.8,8,131.0
2024-04-01,EMP0103,CL004,Practice Manager,102.5,5.8,0,108.3
2024-04-01,EMP0104,CL004,Veterinarian,169.8,7.6,0,177.4
2024-04-01,EMP0105,CL004,Veterinary Technician,155.0,1.6,8,148.6
2024-04-01,EMP0106,CL005,Practice Manager,181.3,7.7,0,189.0
2024-04-01,EMP0107,CL005,Veterinarian,173.2,2.1,24,151.3
2024-04-01,EMP0108,CL005,Client Service Representative,110.2,1.4,8,103.6
2024-04-01,EMP0109,CL005,Veterinarian,156.5,6.3,0,162.8
2024-04-01,EMP0110,CL005,Veterinary Technician,169.4,0,8,161.4
2024-04-01,EMP0111,CL005,Veterinarian,165.8,7.5,8,165.3
2024-04-01,EMP0112,CL005,Veterinary Technician,100.7,3.1,8,95.8
2024-04-01,EMP0113,CL005,Veterinarian,174.2,12.9,8,179.1
2024-04-01,EMP0114,CL005,Veterinary Technician,180.3,0,8,172.3
2024-04-01,EMP0115,CL005,Veterinarian,144.3,8.6,16,136.9
2024-04-01,EMP0116,CL005,Veterinary Assistant,176.3,3.6,24,155.9
2024-04-01,EMP0117,CL005,Veterinarian,170.4,6.5,16,160.9
2024-04-01,EMP0118,CL005,Veterinarian,121.8,4.1,0,125.9
2024-04-01,EMP0119,CL005,Veterinarian,163.0,0,8,155.0
2024-04-01,EMP0120,CL005,Veterinary Technician,141.1,5.5,0,146.6
2024-04-01,EMP0121,CL005,Veterinary Assistant,136.7,3.0,0,139.7
2024-04-01,EMP0122,CL005,Veterinarian,149.3,9.7,24,135.0
2024-04-01,EMP0123,CL005,Veterinarian,165.1,11.1,0,176.2
2024-04-01,EMP0124,CL005,Veterinarian,177.5,3.9,8,173.4
2024-04-01,EMP0125,CL005,Veterinary Technician,180.6,3.7,0,184.3
2024-04-01,EMP0126,CL005,Veterinarian,167.7,7.9,24,151.6
2024-04-01,EMP0127,CL005,Veterinary Technician,133.6,5.6,0,139.2
2024-04-01,EMP0128,CL005,Veterinary Technician,102.3,0.5,8,94.8
2024-04-01,EMP0129,CL005,Veterinary Assistant,145.9,7.3,8,145.2
2024-04-01,EMP0130,CL005,Veterinarian,148.2,4.8,0,153.0
2024-04-01,EMP0131,CL006,Veterinarian,178.7,8.0,0,186.7
2024-04-01,EMP0132,CL006,Veterinarian,192.7,8.7,0,201.4
2024-04-01,EMP0133,CL006,Veterinarian,175.1,5.1,0,180.2
2024-04-01,EMP0134,CL006,Veterinarian,159.8,2.8,24,138.6
2024-04-01,EMP0135,CL006,Veterinarian,140.7,2.7,8,135.4
2024-04-01,EMP0136,CL006,Veterinary Technician,180.5,5.2,8,177.7
2024-04-01,EMP0137,CL006,Client Service Representative,127.8,0,8,119.8
2024-04-01,EMP0138,CL006,Kennel Assistant,177.9,0.8,24,154.7
2024-04-01,EMP0139,CL006,Veterinary Technician,137.7,0,0,137.7
2024-04-01,EMP0140,CL006,Veterinarian,159.0,4.5,0,163.5
2024-04-01,EMP0141,CL006,Practice Manager,139.0,0.5,16,123.5
2024-04-01,EMP0142,CL006,Veterinary Technician,167.4,2.1,8,161.5
2024-04-01,EMP0143,CL006,Veterinary Technician,96.0,14.9,8,102.9
2024-04-01,EMP0144,CL006,Veterinarian,119.8,2.1,8,113.9
2024-04-01,EMP0145,CL006,Veterinary Technician,176.9,7.5,8,176.4
2024-04-01,EMP0146,CL006,Veterinarian,140.5,6.6,0,147.1
2024-04-01,EMP0147,CL006,Veterinary Technician,177.8,1.7,0,179.5
2024-04-01,EMP0148,CL006,Client Service Representative,182.4,0,16,166.4
2024-04-01,EMP0149,CL006,Veterinarian,142.5,4.3,24,122.8
2024-04-01,EMP0150,CL006,Veterinarian,185.7,5.8,0,191.5
2024-04-01,EMP0151,CL007,Veterinary Technician,104.9,6.3,24,87.2
2024-04-01,EMP0152,CL007,Veterinary Technician,138.7,6.4,24,121.1
2024-04-01,EMP0153,CL007,Veterinary Technician,133.3,2.0,0,135.3
2024-04-01,EMP0154,CL007,Veterinary Technician,176.5,4.3,16,164.8
2024-04-01,EMP0155,CL007,Veterinary Assistant,169.6,9.0,0,178.6
2024-04-01,EMP0156,CL007,Practice Manager,167.5,0,16,151.5
2024-04-01,EMP0157,CL007,Veterinarian,165.3,3.8,0,169.1
2024-04-01,EMP0158,CL007,Client Service Representative,91.0,0.8,0,91.8
2024-04-01,EMP0159,CL007,Veterinary Technician,172.6,2.7,24,151.3
2024-04-01,EMP0160,CL007,Veterinarian,155.5,0.4,0,155.9
2024-04-01,EMP0161,CL007,Veterinary Technician,107.3,0,0,107.3
2024-04-01,EMP0162,CL007,Veterinarian,173.2,10.2,8,175.4
2024-04-01,EMP0163,CL007,Veterinarian,176.9,0,8,168.9
2024-04-01,EMP0164,CL007,Veterinarian,173.3,5.9,0,179.2
2024-04-01,EMP0165,CL007,Veterinarian,173.6,6.1,16,163.7
2024-04-01,EMP0166,CL007,Client Service Representative,159.2,0,0,159.2
2024-04-01,EMP0167,CL007,Veterinary Assistant,93.3,1.5,0,94.8
2024-04-01,EMP0168,CL007,Veterinary Technician,142.5,0,16,126.5
2024-04-01,EMP0169,CL007,Practice Manager,180.4,6.9,0,187.3
2024-04-01,EMP0170,CL007,Veterinarian,168.9,13.1,0,182.0
2024-04-01,EMP0171,CL007,Veterinary Technician,118.1,0,0,118.1
2024-04-01,EMP0172,CL007,Veterinary Technician,165.4,6.5,24,147.9
2024-04-01,EMP0173,CL007,Veterinary Assistant,181.8,9.9,16,175.7
2024-04-01,EMP0174,CL007,Veterinarian,169.9,0,8,161.9
2024-04-01,EMP0175,CL008,Veterinarian,170.5,1.9,8,164.4
2024-04-01,EMP0176,CL008,Client Service Representative,102.4,0,8,94.4
2024-04-01,EMP0177,CL008,Client Service Representative,177.3,0,0,177.3
2024-04-01,EMP0178,CL008,Practice Manager,168.4,3.4,8,163.8
2024-04-01,EMP0179,CL008,Veterinary Assistant,172.7,0,8,164.7
2024-04-01,EMP0180,CL008,Kennel Assistant,170.9,8.5,8,171.4
2024-04-01,EMP0181,CL008,Veterinarian,181.3,10.5,8,183.8
2024-04-01,EMP0182,CL008,Veterinarian,169.8,10.8,16,164.6
2024-04-01,EMP0183,CL008,Veterinary Assistant,162.6,0,0,162.6
2024-04-01,EMP0184,CL008,Veterinary Assistant,180.2,4.6,8,176.8
2024-04-01,EMP0185,CL008,Kennel Assistant,155.4,0,16,139.4
2024-04-01,EMP0186,CL008,Veterinarian,166.3,3.4,16,153.7
2024-04-01,EMP0187,CL008,Kennel Assistant,166.3,4.3,8,162.6
2024-04-01,EMP0188,CL008,Veterinary Technician,177.3,6.9,0,184.2
2024-04-01,EMP0189,CL008,Veterinary Technician,173.3,6.4,8,171.7
2024-04-01,EMP0190,CL008,Veterinarian,165.5,6.4,16,155.9
2024-04-01,EMP0191,CL008,Veterinarian,176.0,8.4,0,184.4
2024-04-01,EMP0192,CL008,Kennel Assistant,150.7,0,24,126.7
2024-04-01,EMP0193,CL008,Veterinarian,129.4,7.1,0,136.5
2024-04-01,EMP0194,CL008,Veterinarian,173.5,0,8,165.5
2024-04-01,EMP0195,CL008,Veterinarian,168.0,12.4,24,156.4
2024-04-01,EMP0196,CL008,Client Service Representative,135.5,0,16,119.5
2024-04-01,EMP0197,CL008,Practice Manager,169.5,2.0,24,147.5
2024-04-01,EMP0198,CL009,Veterinarian,164.0,7.0,24,147.0
2024-04-01,EMP0199,CL009,Veterinary Assistant,168.2,0.5,16,152.7
2024-04-01,EMP0200,CL009,Kennel Assistant,183.3,0.2,0,183.5
2024-04-01,EMP0201,CL009,Veterinarian,169.2,7.3,8,168.5
2024-04-01,EMP0202,CL009,Veterinary Technician,100.0,0,24,76.0
2024-04-01,EMP0203,CL009,Veterinarian,129.2,4.0,0,133.2
2024-04-01,EMP0204,CL009,Veterinary Technician,113.0,7.2,8,112.2
2024-04-01,EMP0205,CL009,Veterinarian,186.4,1.9,0,188.3
2024-04-01,EMP0206,CL009,Veterinarian,179.2,1.7,8,172.9
2024-04-01,EMP0207,CL009,Veterinarian,173.8,0.8,8,166.6
2024-04-01,EMP0208,CL009,Veterinarian,143.2,0,8,135.2
2024-04-01,EMP0209,CL009,Veterinarian,169.6,4.7,8,166.3
2024-04-01,EMP0210,CL009,Veterinarian,173.0,6.2,16,163.2
2024-04-01,EMP0211,CL009,Practice Manager,155.5,3.6,0,159.1
2024-04-01,EMP0212,CL009,Veterinary Technician,172.5,9.5,8,174.0
2024-04-01,EMP0213,CL009,Veterinary Assistant,178.6,0,8,170.6
2024-04-01,EMP0214,CL009,Veterinarian,182.9,3.4,0,186.3
2024-04-01,EMP0215,CL009,Veterinarian,139.3,3.0,0,142.3
2024-04-01,EMP0216,CL009,Client Service Representative,91.0,0,0,91.0
2024-04-01,EMP0217,CL009,Client Service Representative,164.3,6.0,0,170.3
2024-04-01,EMP0218,CL009,Veterinarian,139.2,9.7,8,140.9
2024-04-01,EMP0219,CL009,Practice Manager,105.2,1.9,24,83.1
2024-04-01,EMP0220,CL009,Veterinary Technician,94.4,4.5,0,98.9
2024-04-01,EMP0221,CL009,Veterinary Technician,181.0,8.7,8,181.7
2024-04-01,EMP0222,CL010,Veterinary Assistant,97.4,0,0,97.4
2024-04-01,EMP0223,CL010,Veterinarian,177.4,4.5,8,173.9
2024-04-01,EMP0224,CL010,Veterinary Assistant,114.5,0,8,106.5
2024-04-01,EMP0225,CL010,Veterinary Assistant,139.0,0,8,131.0
2024-04-01,EMP0226,CL010,Veterinarian,175.2,3.4,16,162.6
2024-04-01,EMP0227,CL010,Veterinarian,169.4,3.0,0,172.4
2024-04-01,EMP0228,CL010,Veterinary Assistant,0,0,0,0
2024-04-01,EMP0229,CL010,Veterinarian,162.1,4.5,24,142.6
2024-04-01,EMP0230,CL010,Veterinarian,129.7,3.3,0,133.0
2024-04-01,EMP0231,CL010,Veterinary Technician,170.0,3.2,8,165.2
2024-04-01,EMP0232,CL010,Practice Manager,166.1,0,8,158.1
2024-04-01,EMP0233,CL010,Veterinary Technician,164.1,0,0,164.1
2024-04-01,EMP0234,CL010,Client Service Representative,173.0,0,0,173.0
2024-04-01,EMP0235,CL010,Veterinarian,170.1,4.2,0,174.3
2024-04-01,EMP0236,CL010,Veterinarian,195.8,7.6,0,203.4
2024-04-01,EMP0237,CL010,Veterinary Technician,177.9,3.3,0,181.2
2024-04-01,EMP0238,CL010,Veterinarian,162.5,8.5,24,147.0
2024-04-01,EMP0239,CL010,Veterinary Assistant,158.6,0,8,150.6
2024-04-01,EMP0240,CL010,Veterinary Technician,179.4,6.1,8,177.5
2024-04-01,EMP0241,CL010,Veterinary Technician,112.9,3.7,0,116.6
2024-04-01,EMP0242,CL010,Practice Manager,116.6,0,8,108.6
2024-04-01,EMP0243,CL010,Veterinary Technician,167.8,5.1,24,148.9
2024-04-01,EMP0244,CL010,Client Service Representative,176.7,0,8,168.7
2024-04-01,EMP0245,CL010,Practice Manager,176.7,5.4,16,166.1
2024-04-01,EMP0246,CL011,Veterinary Technician,148.4,1.5,8,141.9
2024-04-01,EMP0247,CL011,Veterinarian,181.3,8.6,0,189.9
2024-04-01,EMP0248,CL011,Client Service Representative,180.2,4.3,16,168.5
2024-04-01,EMP0249,CL011,Practice Manager,105.2,1.2,0,106.4
2024-04-01,EMP0250,CL011,Veterinarian,173.8,8.6,0,182.4
2024-04-01,EMP0251,CL011,Veterinarian,146.5,2.7,24,125.2
2024-04-01,EMP0252,CL011,Veterinary Technician,184.3,0,16,168.3
2024-04-01,EMP0253,CL011,Client Service Representative,149.6,4.5,24,130.1
2024-04-01,EMP0254,CL011,Veterinarian,172.6,7.9,0,180.5
2024-04-01,EMP0255,CL011,Veterinarian,176.9,1.0,24,153.9
2024-04-01,EMP0256,CL011,Veterinarian,147.6,2.4,24,126.0
2024-04-01,EMP0257,CL011,Veterinarian,166.2,3.3,8,161.5
2024-04-01,EMP0258,CL011,Veterinary Assistant,100.2,0,8,92.2
2024-04-01,EMP0259,CL011,Practice Manager,181.9,6.8,24,164.7
2024-04-01,EMP0260,CL011,Veterinarian,145.0,1.1,8,138.1
2024-04-01,EMP0261,CL011,Client Service Representative,191.2,0,0,191.2
2024-04-01,EMP0262,CL011,Veterinarian,163.5,3.4,8,158.9
2024-04-01,EMP0263,CL011,Veterinarian,168.0,6.8,8,166.8
2024-04-01,EMP0264,CL011,Veterinarian,165.1,0,0,165.1
2024-04-01,EMP0265,CL011,Veterinary Assistant,116.5,4.3,8,112.8
2024-04-01,EMP0266,CL011,Veterinarian,179.2,6.4,8,177.6
2024-04-01,EMP0267,CL012,Client Service Representative,100.4,0,8,92.4
2024-04-01,EMP0268,CL012,Veterinary Technician,177.0,10.0,0,187.0
2024-04-01,EMP0269,CL012,Practice Manager,183.3,1.8,8,177.1
2024-04-01,EMP0270,CL012,Client Service Representative,136.4,7.9,0,144.3
2024-04-01,EMP0271,CL012,Veterinary Technician,176.5,1.4,0,177.9
2024-04-01,EMP0272,CL012,Practice Manager,130.0,0,24,106.0
2024-04-01,EMP0273,CL012,Veterinary Technician,164.5,6.8,0,171.3
2024-04-01,EMP0274,CL012,Veterinarian,137.6,2.8,16,124.4
2024-04-01,EMP0275,CL012,Veterinary Technician,139.5,10.4,0,149.9
2024-04-01,EMP0276,CL012,Veterinary Technician,84.6,8.5,16,77.1
2024-04-01,EMP0277,CL012,Veterinarian,142.7,9.8,0,152.5
2024-04-01,EMP0278,CL012,Veterinarian,184.4,5.6,8,182.0
2024-04-01,EMP0279,CL012,Client Service Representative,136.7,3.3,0,140.0
2024-04-01,EMP0280,CL012,Veterinary Technician,189.8,7.3,16,181.1
2024-04-01,EMP0281,CL012,Veterinarian,165.6,4.6,8,162.2
2024-04-01,EMP0282,CL012,Veterinary Assistant,180.1,4.7,0,184.8
2024-04-01,EMP0283,CL012,Veterinarian,180.2,1.6,0,181.8
2024-04-01,EMP0284,CL012,Client Service Representative,160.4,0.2,0,160.6
2024-04-01,EMP0285,CL012,Veterinarian,167.1,6.7,0,173.8
2024-04-01,EMP0286,CL012,Veterinarian,169.2,2.8,8,164.0
2024-04-01,EMP0287,CL012,Veterinary Assistant,180.2,2.5,0,182.7
2024-04-01,EMP0288,CL012,Veterinary Technician,93.0,7.3,8,92.3
2024-04-01,EMP0289,CL012,Veterinarian,175.0,6.1,16,165.1
2024-04-01,EMP0290,CL012,Client Service Representative,171.2,2.3,16,157.5
2024-04-01,EMP0291,CL012,Veterinarian,178.4,3.9,8,174.3
2024-04-01,EMP0292,CL012,Veterinary Assistant,142.1,4.1,0,146.2
2024-04-01,EMP0293,CL012,Veterinarian,164.8,6.8,8,163.6
2024-04-01,EMP0294,CL012,Client Service Representative,152.0,0.7,0,152.7
2024-04-01,EMP0295,CL012,Client Service Representative,169.7,4.4,0,174.1
2024-04-01,EMP0296,CL012,Veterinary Technician,183.8,1.6,24,161.4
2024-04-01,EMP0297,CL012,Veterinary Technician,109.7,0.7,16,94.4
2024-04-01,EMP0298,CL012,Veterinarian,177.4,8.6,0,186.0
2024-04-01,EMP0299,CL012,Veterinary Technician,164.1,2.7,16,150.8
2024-04-01,EMP0300,CL012,Veterinarian,165.4,6.5,0,171.9
2024-05-01,EMP0001,CL001,Veterinary Technician,168.3,2.1,0,170.4
2024-05-01,EMP0002,CL001,Practice Manager,89.2,0,0,89.2
2024-05-01,EMP0003,CL001,Practice Manager,133.2,5.5,24,114.7
2024-05-01,EMP0004,CL001,Veterinary Technician,144.0,6.2,24,126.2
2024-05-01,EMP0005,CL001,Veterinary Technician,173.1,2.0,8,167.1
2024-05-01,EMP0006,CL001,Veterinary Technician,177.1,10.9,0,188.0
2024-05-01,EMP0007,CL001,Veterinarian,169.4,7.4,0,176.8
2024-05-01,EMP0008,CL001,Veterinarian,172.1,6.7,0,178.8
2024-05-01,EMP0009,CL001,Veterinary Technician,178.7,2.3,0,181.0
2024-05-01,EMP0010,CL001,Veterinarian,178.8,0,0,178.8
2024-05-01,EMP0011,CL001,Veterinary Assistant,167.0,3.0,24,146.0
2024-05-01,EMP0012,CL001,Veterinary Technician,111.5,4.0,8,107.5
2024-05-01,EMP0013,CL001,Veterinary Technician,138.9,10.0,8,140.9
2024-05-01,EMP0014,CL001,Veterinarian,159.9,9.6,0,169.5
2024-05-01,EMP0015,CL001,Veterinarian,193.6,8.2,0,201.8
2024-05-01,EMP0016,CL001,Veterinarian,159.4,2.4,0,161.8
2024-05-01,EMP0017,CL001,Veterinary Assistant,147.1,2.0,0,149.1
2024-05-01,EMP0018,CL001,Practice Manager,108.3,7.3,0,115.6
2024-05-01,EMP0019,CL001,Veterinarian,182.7,2.8,0,185.5
2024-05-01,EMP0020,CL001,Veterinarian,182.4,1.6,16,168.0
2024-05-01,EMP0021,CL001,Veterinarian,174.7,16.8,0,191.5
2024-05-01,EMP0022,CL001,Client Service Representative,168.6,0,0,168.6
2024-05-01,EMP0023,CL001,Veterinary Technician,146.2,3.4,24,125.6
2024-05-01,EMP0024,CL001,Veterinary Assistant,172.9,3.9,8,168.8
2024-05-01,EMP0025,CL001,Veterinary Technician,184.3,0.9,8,177.2
2024-05-01,EMP0026,CL001,Veterinarian,175.2,9.2,0,184.4
2024-05-01,EMP0027,CL001,Veterinary Assistant,136.3,8.2,0,144.5
2024-05-01,EMP0028,CL001,Veterinary Technician,160.5,0.6,24,137.1
2024-05-01,EMP0029,CL001,Veterinarian,164.5,5.6,0,170.1
2024-05-01,EMP0030,CL002,Kennel Assistant,169.5,0,0,169.5
2024-05-01,EMP0031,CL002,Veterinarian,134.9,0,24,110.9
2024-05-01,EMP0032,CL002,Veterinarian,144.1,3.2,8,139.3
2024-05-01,EMP0033,CL002,Veterinarian,130.5,3.1,24,109.6
2024-05-01,EMP0034,CL002,Veterinarian,141.2,3.4,0,144.6
2024-05-01,EMP0035,CL002,Veterinarian,182.6,4.1,16,170.7
2024-05-01,EMP0036,CL002,Client Service Representative,183.9,0.6,16,168.5
2024-05-01,EMP0037,CL002,Veterinarian,136.2,0,0,136.2
2024-05-01,EMP0038,CL002,Client Service Representative,179.8,5.9,0,185.7
2024-05-01,EMP0039,CL002,Veterinary Assistant,170.8,0,0,170.8
2024-05-01,EMP0040,CL002,Veterinary Technician,90.3,3.0,0,93.3
2024-05-01,EMP0041,CL002,Veterinarian,161.8,1.6,24,139.4
2024-05-01,EMP0042,CL002,Veterinary Technician,176.4,7.5,0,183.9
2024-05-01,EMP0043,CL002,Veterinary Technician,120.5,4.5,8,117.0
2024-05-01,EMP0044,CL002,Veterinary Assistant,143.5,1.4,0,144.9
2024-05-01,EMP0045,CL002,Veterinarian,173.8,6.3,16,164.1
2024-05-01,EMP0046,CL002,Veterinary Technician,130.4,5.2,0,135.6
2024-05-01,EMP0047,CL002,Veterinary Assistant,160.6,5.1,0,165.7
2024-05-01,EMP0048,CL002,Kennel Assistant,173.3,0,0,173.3
2024-05-01,EMP0049,CL002,Client Service Representative,117.5,0,8,109.5
2024-05-01,EMP0050,CL002,Practice Manager,185.4,0.1,8,177.5
2024-05-01,EMP0051,CL003,Practice Manager,162.8,8.6,16,155.4
2024-05-01,EMP0052,CL003,Veterinary Technician,181.2,1.3,16,166.5
2024-05-01,EMP0053,CL003,Kennel Assistant,101.3,0,24,77.3
2024-05-01,EMP0054,CL003,Veterinarian,183.6,2.1,8,177.7
2024-05-01,EMP0055,CL003,Veterinary Assistant,141.7,8.1,8,141.8
2024-05-01,EMP0056,CL003,Client Service Representative,182.6,0,0,182.6
2024-05-01,EMP0057,CL003,Veterinarian,122.3,4.0,0,126.3
2024-05-01,EMP0058,CL003,Veterinary Assistant,107.6,1.3,8,100.9
2024-05-01,EMP0059,CL003,Client Service Representative,179.3,6.9,8,178.2
2024-05-01,EMP0060,CL003,Veterinarian,172.7,5.9,0,178.6
2024-05-01,EMP0061,CL003,Kennel Assistant,104.5,0,16,88.5
2024-05-01,EMP0062,CL003,Veterinarian,164.2,1.5,8,157.7
2024-05-01,EMP0063,CL003,Veterinary Technician,170.3,3.4,8,165.7
2024-05-01,EMP0064,CL003,Veterinary Technician,161.9,6.1,8,160.0
2024-05-01,EMP0065,CL003,Veterinarian,160.8,4.6,8,157.4
2024-05-01,EMP0066,CL003,Client Service Representative,168.6,0,0,168.6
2024-05-01,EMP0067,CL003,Practice Manager,144.6,8.3,0,152.9
2024-05-01,EMP0068,CL003,Veterinarian,170.4,1.6,0,172.0
2024-05-01,EMP0069,CL003,Veterinary Assistant,182.5,2.4,0,184.9
2024-05-01,EMP0070,CL003,Veterinarian,175.8,4.8,0,180.6
2024-05-01,EMP0071,CL003,Kennel Assistant,161.2,0,0,161.2
2024-05-01,EMP0072,CL003,Veterinarian,143.2,3.4,0,146.6
2024-05-01,EMP0073,CL003,Veterinarian,131.8,0.1,8,123.9
2024-05-01,EMP0074,CL003,Veterinary Technician,177.4,9.0,0,186.4
2024-05-01,EMP0075,CL003,Veterinarian,140.3,10.7,24,127.0
2024-05-01,EMP0076,CL004,Client Service Representative,181.6,0,8,173.6
2024-05-01,EMP0077,CL004,Veterinarian,141.9,0,0,141.9
2024-05-01,EMP0078,CL004,Veterinarian,172.4,6.8,24,155.2
2024-05-01,EMP0079,CL004,Veterinary Technician,158.9,0,0,158.9
2024-05-01,EMP0080,CL004,Veterinarian,187.6,5.5,8,185.1
2024-05-01,EMP0081,CL004,Veterinary Technician,131.5,5.1,24,112.6
2024-05-01,EMP0082,CL004,Veterinarian,174.6,4.7,8,171.3
2024-05-01,EMP0083,CL004,Veterinary Assistant,175.4,7.7,0,183.1
2024-05-01,EMP0084,CL004,Veterinarian,143.5,7.0,0,150.5
2024-05-01,EMP0085,CL004,Veterinarian,173.3,1.9,0,175.2
2024-05-01,EMP0086,CL004,Veterinary Assistant,167.5,2.2,0,169.7
2024-05-01,EMP0087,CL004,Veterinary Technician,177.4,0.7,0,178.1
2024-05-01,EMP0088,CL004,Veterinarian,136.4,0,16,120.4
2024-05-01,EMP0089,CL004,Veterinarian,177.5,16.0,0,193.5
2024-05-01,EMP0090,CL004,Veterinary Technician,173.5,6.5,24,156.0
2024-05-01,EMP0091,CL004,Veterinarian,174.1,0.9,0,175.0
2024-05-01,EMP0092,CL004,Veterinarian,161.4,4.9,16,150.3
2024-05-01,EMP0093,CL004,Veterinary Technician,107.2,6.7,24,89.9
2024-05-01,EMP0094,CL004,Practice Manager,135.9,4.2,16,124.1
2024-05-01,EMP0095,CL004,Veterinary Assistant,171.7,2.0,8,165.7
2024-05-01,EMP0096,CL004,Veterinary Assistant,167.1,0,16,151.1
2024-05-01,EMP0097,CL004,Veterinarian,183.2,1.5,24,160.7
2024-05-01,EMP0098,CL004,Client Service Representative,156.8,1.8,8,150.6
2024-05-01,EMP0099,CL004,Veterinarian,168.5,11.0,0,179.5
2024-05-01,EMP0100,CL004,Veterinary Technician,131.8,7.4,24,115.2
2024-05-01,EMP0101,CL004,Veterinary Assistant,104.0,0,0,104.0
2024-05-01,EMP0102,CL004,Veterinary Technician,136.1,1.4,0,137.5
2024-05-01,EMP0103,CL004,Practice Manager,106.2,3.6,0,109.8
2024-05-01,EMP0104,CL004,Veterinarian,172.3,3.2,8,167.5
2024-05-01,EMP0105,CL004,Veterinary Technician,172.1,7.9,0,180.0
2024-05-01,EMP0106,CL005,Practice Manager,167.3,4.3,24,147.6
2024-05-01,EMP0107,CL005,Veterinarian,172.5,0,24,148.5
2024-05-01,EMP0108,CL005,Client Service Representative,113.1,0,16,97.1
2024-05-01,EMP0109,CL005,Veterinarian,183.1,5.7,8,180.8
2024-05-01,EMP0110,CL005,Veterinary Technician,182.5,8.7,24,167.2
2024-05-01,EMP0111,CL005,Veterinarian,157.5,5.0,0,162.5
2024-05-01,EMP0112,CL005,Veterinary Technician,99.2,7.7,8,98.9
2024-05-01,EMP0113,CL005,Veterinarian,191.0,6.2,16,181.2
2024-05-01,EMP0114,CL005,Veterinary Technician,184.5,7.8,8,184.3
2024-05-01,EMP0115,CL005,Veterinarian,149.8,4.4,8,146.2
2024-05-01,EMP0116,CL005,Veterinary Assistant,171.0,0,24,147.0
2024-05-01,EMP0117,CL005,Veterinarian,179.4,2.9,16,166.3
2024-05-01,EMP0118,CL005,Veterinarian,133.3,10.0,8,135.3
2024-05-01,EMP0119,CL005,Veterinarian,168.6,0,24,144.6
2024-05-01,EMP0120,CL005,Veterinary Technician,129.3,7.7,8,129.0
2024-05-01,EMP0121,CL005,Veterinary Assistant,149.2,3.3,8,144.5
2024-05-01,EMP0122,CL005,Veterinarian,140.3,6.1,0,146.4
2024-05-01,EMP0123,CL005,Veterinarian,154.1,0.3,16,138.4
2024-05-01,EMP0124,CL005,Veterinarian,177.8,10.8,8,180.6
2024-05-01,EMP0125,CL005,Veterinary Technician,176.1,5.6,0,181.7
2024-05-01,EMP0126,CL005,Veterinarian,169.1,4.6,8,165.7
2024-05-01,EMP0127,CL005,Veterinary Technician,142.0,0,24,118.0
2024-05-01,EMP0128,CL005,Veterinary Technician,108.7,0.9,0,109.6
2024-05-01,EMP0129,CL005,Veterinary Assistant,143.6,2.6,0,146.2
2024-05-01,EMP0130,CL005,Veterinarian,131.1,4.6,0,135.7
2024-05-01,EMP0131,CL006,Veterinarian,174.3,0.9,0,175.2
2024-05-01,EMP0132,CL006,Veterinarian,164.7,0.0,8,156.7
2024-05-01,EMP0133,CL006,Veterinarian,179.6,6.5,0,186.1
2024-05-01,EMP0134,CL006,Veterinarian,179.7,3.7,0,183.4
2024-05-01,EMP0135,CL006,Veterinarian,138.6,6.7,8,137.3
2024-05-01,EMP0136,CL006,Veterinary Technician,172.5,7.7,0,180.2
2024-05-01,EMP0137,CL006,Client Service Representative,141.3,3.7,24,121.0
2024-05-01,EMP0138,CL006,Kennel Assistant,173.0,1.6,0,174.6
2024-05-01,EMP0139,CL006,Veterinary Technician,128.3,6.4,0,134.7
2024-05-01,EMP0140,CL006,Veterinarian,170.9,3.2,0,174.1
2024-05-01,EMP0141,CL006,Practice Manager,135.9,0,16,119.9
2024-05-01,EMP0142,CL006,Veterinary Technician,171.0,7.0,8,170.0
2024-05-01,EMP0143,CL006,Veterinary Technician,114.1,8.8,8,114.9
2024-05-01,EMP0144,CL006,Veterinarian,141.8,7.4,0,149.2
2024-05-01,EMP0145,CL006,Veterinary Technician,174.1,4.1,24,154.2
2024-05-01,EMP0146,CL006,Veterinarian,127.8,7.0,16,118.8
2024-05-01,EMP0147,CL006,Veterinary Technician,165.1,0,0,165.1
2024-05-01,EMP0148,CL006,Client Service Representative,197.5,1.1,8,190.6
2024-05-01,EMP0149,CL006,Veterinarian,134.0,9.1,16,127.1
2024-05-01,EMP0150,CL006,Veterinarian,166.9,7.4,0,174.3
2024-05-01,EMP0151,CL007,Veterinary Technician,83.4,9.4,8,84.8
2024-05-01,EMP0152,CL007,Veterinary Technician,137.3,4.6,24,117.9
2024-05-01,EMP0153,CL007,Veterinary Technician,120.4,8.9,8,121.3
2024-05-01,EMP0154,CL007,Veterinary Technician,170.9,9.9,0,180.8
2024-05-01,EMP0155,CL007,Veterinary Assistant,188.2,5.9,8,186.1
2024-05-01,EMP0156,CL007,Practice Manager,176.9,2.5,24,155.4
2024-05-01,EMP0157,CL007,Veterinarian,175.6,7.9,16,167.5
2024-05-01,EMP0158,CL007,Client Service Representative,110.2,2.0,8,104.2
2024-05-01,EMP0159,CL007,Veterinary Technician,163.6,0,8,155.6
2024-05-01,EMP0160,CL007,Veterinarian,133.6,9.6,16,127.2
2024-05-01,EMP0161,CL007,Veterinary Technician,105.4,3.1,0,108.5
2024-05-01,EMP0162,CL007,Veterinarian,189.4,3.6,8,185.0
2024-05-01,EMP0163,CL007,Veterinarian,155.4,7.6,16,147.0
2024-05-01,EMP0164,CL007,Veterinarian,178.4,11.0,24,165.4
2024-05-01,EMP0165,CL007,Veterinarian,175.6,4.3,8,171.9
2024-05-01,EMP0166,CL007,Client Service Representative,170.2,0,16,154.2
2024-05-01,EMP0167,CL007,Veterinary Assistant,99.2,0.2,0,99.4
2024-05-01,EMP0168,CL007,Veterinary Technician,148.1,10.7,24,134.8
2024-05-01,EMP0169,CL007,Practice Manager,175.5,3.1,0,178.6
2024-05-01,EMP0170,CL007,Veterinarian,172.1,6.1,0,178.2
2024-05-01,EMP0171,CL007,Veterinary Technician,117.5,3.1,24,96.6
2024-05-01,EMP0172,CL007,Veterinary Technician,187.0,12.9,16,183.9
2024-05-01,EMP0173,CL007,Veterinary Assistant,153.8,0,8,145.8
2024-05-01,EMP0174,CL007,Veterinarian,168.2,5.1,0,173.3
2024-05-01,EMP0175,CL008,Veterinarian,172.5,7.7,16,164.2
2024-05-01,EMP0176,CL008,Client Service Representative,89.1,2.7,8,83.8
2024-05-01,EMP0177,CL008,Client Service Representative,178.1,0,0,178.1
2024-05-01,EMP0178,CL008,Practice Manager,169.0,1.3,8,162.3
2024-05-01,EMP0179,CL008,Veterinary Assistant,177.4,2.7,0,180.1
2024-05-01,EMP0180,CL008,Kennel Assistant,177.0,0.3,16,161.3
2024-05-01,EMP0181,CL008,Veterinarian,186.3,0.8,0,187.1
2024-05-01,EMP0182,CL008,Veterinarian,169.8,0,8,161.8
2024-05-01,EMP0183,CL008,Veterinary Assistant,169.0,0,8,161.0
2024-05-01,EMP0184,CL008,Veterinary Assistant,185.5,4.1,8,181.6
2024-05-01,EMP0185,CL008,Kennel Assistant,139.3,0,0,139.3
2024-05-01,EMP0186,CL008,Veterinarian,176.5,10.0,8,178.5
2024-05-01,EMP0187,CL008,Kennel Assistant,170.5,0,8,162.5
2024-05-01,EMP0188,CL008,Veterinary Technician,181.4,15.7,0,197.1
2024-05-01,EMP0189,CL008,Veterinary Technician,162.2,7.9,8,162.1
2024-05-01,EMP0190,CL008,Veterinarian,167.9,0,0,167.9
2024-05-01,EMP0191,CL008,Veterinarian,179.5,4.7,24,160.2
2024-05-01,EMP0192,CL008,Kennel Assistant,145.6,0,8,137.6
2024-05-01,EMP0193,CL008,Veterinarian,136.8,3.9,0,140.7
2024-05-01,EMP0194,CL008,Veterinarian,178.4,2.6,16,165.0
2024-05-01,EMP0195,CL008,Veterinarian,181.1,5.2,0,186.3
2024-05-01,EMP0196,CL008,Client Service Representative,128.0,0.0,0,128.0
2024-05-01,EMP0197,CL008,Practice Manager,162.0,2.6,0,164.6
2024-05-01,EMP0198,CL009,Veterinarian,168.8,3.1,0,171.9
2024-05-01,EMP0199,CL009,Veterinary Assistant,185.1,7.4,0,192.5
2024-05-01,EMP0200,CL009,Kennel Assistant,167.7,0.9,16,152.6
2024-05-01,EMP0201,CL009,Veterinarian,173.8,4.0,0,177.8
2024-05-01,EMP0202,CL009,Veterinary Technician,115.6,8.9,0,124.5
2024-05-01,EMP0203,CL009,Veterinarian,141.6,2.5,0,144.1
2024-05-01,EMP0204,CL009,Veterinary Technician,106.6,4.9,0,111.5
2024-05-01,EMP0205,CL009,Veterinarian,177.7,2.1,0,179.8
2024-05-01,EMP0206,CL009,Veterinarian,191.0,5.2,24,172.2
2024-05-01,EMP0207,CL009,Veterinarian,169.2,6.3,0,175.5
2024-05-01,EMP0208,CL009,Veterinarian,142.4,9.5,0,151.9
2024-05-01,EMP0209,CL009,Veterinarian,170.7,5.4,0,176.1
2024-05-01,EMP0210,CL009,Veterinarian,173.1,8.5,0,181.6
2024-05-01,EMP0211,CL009,Practice Manager,162.2,3.4,8,157.6
2024-05-01,EMP0212,CL009,Veterinary Technician,177.1,8.4,0,185.5
2024-05-01,EMP0213,CL009,Veterinary Assistant,179.0,5.1,0,184.1
2024-05-01,EMP0214,CL009,Veterinarian,177.4,9.2,8,178.6
2024-05-01,EMP0215,CL009,Veterinarian,130.3,7.8,8,130.1
2024-05-01,EMP0216,CL009,Client Service Representative,109.6,0,24,85.6
2024-05-01,EMP0217,CL009,Client Service Representative,176.6,4.4,16,165.0
2024-05-01,EMP0218,CL009,Veterinarian,126.1,5.8,24,107.9
2024-05-01,EMP0219,CL009,Practice Manager,108.6,0,0,108.6
2024-05-01,EMP0220,CL009,Veterinary Technician,122.2,1.4,0,123.6
2024-05-01,EMP0221,CL009,Veterinary Technician,181.8,1.3,16,167.1
2024-05-01,EMP0222,CL010,Veterinary Assistant,103.1,2.5,0,105.6
2024-05-01,EMP0223,CL010,Veterinarian,176.1,3.2,8,171.3
2024-05-01,EMP0224,CL010,Veterinary Assistant,103.8,1.5,0,105.3
2024-05-01,EMP0225,CL010,Veterinary Assistant,135.7,1.2,0,136.9
2024-05-01,EMP0226,CL010,Veterinarian,173.7,2.8,8,168.5
2024-05-01,EMP0227,CL010,Veterinarian,180.4,13.3,16,177.7
2024-05-01,EMP0228,CL010,Veterinary Assistant,169.4,4.9,0,174.3
2024-05-01,EMP0229,CL010,Veterinarian,170.5,3.2,0,173.7
2024-05-01,EMP0230,CL010,Veterinarian,144.8,4.4,24,125.2
2024-05-01,EMP0231,CL010,Veterinary Technician,184.6,4.8,8,181.4
2024-05-01,EMP0232,CL010,Practice Manager,166.0,1.1,8,159.1
2024-05-01,EMP0233,CL010,Veterinary Technician,171.8,6.5,16,162.3
2024-05-01,EMP0234,CL010,Client Service Representative,173.1,0,0,173.1
2024-05-01,EMP0235,CL010,Veterinarian,168.4,12.0,8,172.4
2024-05-01,EMP0236,CL010,Veterinarian,167.6,7.7,0,175.3
2024-05-01,EMP0237,CL010,Veterinary Technician,181.5,12.9,8,186.4
2024-05-01,EMP0238,CL010,Veterinarian,163.1,12.9,0,176.0
2024-05-01,EMP0239,CL010,Veterinary Assistant,175.1,6.5,16,165.6
2024-05-01,EMP0240,CL010,Veterinary Technician,168.8,5.9,0,174.7
2024-05-01,EMP0241,CL010,Veterinary Technician,104.7,0,0,104.7
2024-05-01,EMP0242,CL010,Practice Manager,138.0,3.3,24,117.3
2024-05-01,EMP0243,CL010,Veterinary Technician,178.2,2.6,0,180.8
2024-05-01,EMP0244,CL010,Client Service Representative,190.2,1.6,24,167.8
2024-05-01,EMP0245,CL010,Practice Manager,176.2,10.1,0,186.3
2024-05-01,EMP0246,CL011,Veterinary Technician,137.9,0,24,113.9
2024-05-01,EMP0247,CL011,Veterinarian,170.6,2.3,0,172.9
2024-05-01,EMP0248,CL011,Client Service Representative,163.6,7.2,16,154.8
2024-05-01,EMP0249,CL011,Practice Manager,96.7,0,0,96.7
2024-05-01,EMP0250,CL011,Veterinarian,172.5,3.0,0,175.5
2024-05-01,EMP0251,CL011,Veterinarian,141.8,2.6,24,120.4
2024-05-01,EMP0252,CL011,Veterinary Technician,174.9,4.7,0,179.6
2024-05-01,EMP0253,CL011,Client Service Representative,129.9,3.4,0,133.3
2024-05-01,EMP0254,CL011,Veterinarian,178.1,2.0,24,156.1
2024-05-01,EMP0255,CL011,Veterinarian,177.4,3.3,0,180.7
2024-05-01,EMP0256,CL011,Veterinarian,129.9,9.6,16,123.5
2024-05-01,EMP0257,CL011,Veterinarian,168.5,0,0,168.5
2024-05-01,EMP0258,CL011,Veterinary Assistant,121.6,4.6,0,126.2
2024-05-01,EMP0259,CL011,Practice Manager,187.3,0,16,171.3
2024-05-01,EMP0260,CL011,Veterinarian,120.1,5.4,8,117.5
2024-05-01,EMP0261,CL011,Client Service Representative,171.0,0,0,171.0
2024-05-01,EMP0262,CL011,Veterinarian,166.2,13.0,0,179.2
2024-05-01,EMP0263,CL011,Veterinarian,168.5,7.0,0,175.5
2024-05-01,EMP0264,CL011,Veterinarian,155.0,5.6,8,152.6
2024-05-01,EMP0265,CL011,Veterinary Assistant,98.9,3.1,16,86.0
2024-05-01,EMP0266,CL011,Veterinarian,156.6,6.5,16,147.1
2024-05-01,EMP0267,CL012,Client Service Representative,112.2,2.1,8,106.3
2024-05-01,EMP0268,CL012,Veterinary Technician,174.9,2.7,8,169.6
2024-05-01,EMP0269,CL012,Practice Manager,165.0,6.6,0,171.6
2024-05-01,EMP0270,CL012,Client Service Representative,143.5,5.9,8,141.4
2024-05-01,EMP0271,CL012,Veterinary Technician,172.4,2.0,16,158.4
2024-05-01,EMP0272,CL012,Practice Manager,127.9,1.9,8,121.8
2024-05-01,EMP0273,CL012,Veterinary Technician,178.9,0,0,178.9
2024-05-01,EMP0274,CL012,Veterinarian,142.9,8.8,8,143.7
2024-05-01,EMP0275,CL012,Veterinary Technician,138.9,4.0,24,118.9
2024-05-01,EMP0276,CL012,Veterinary Technician,109.3,7.1,0,116.4
2024-05-01,EMP0277,CL012,Veterinarian,132.9,0,0,132.9
2024-05-01,EMP0278,CL012,Veterinarian,174.1,0,8,166.1
2024-05-01,EMP0279,CL012,Client Service Representative,145.3,4.9,24,126.2
2024-05-01,EMP0280,CL012,Veterinary Technician,184.0,6.0,24,166.0
2024-05-01,EMP0281,CL012,Veterinarian,181.5,2.2,24,159.7
2024-05-01,EMP0282,CL012,Veterinary Assistant,174.4,7.6,24,158.0
2024-05-01,EMP0283,CL012,Veterinarian,176.5,7.2,0,183.7
2024-05-01,EMP0284,CL012,Client Service Representative,152.5,0,8,144.5
2024-05-01,EMP0285,CL012,Veterinarian,181.5,4.0,24,161.5
2024-05-01,EMP0286,CL012,Veterinarian,174.3,9.5,0,183.8
2024-05-01,EMP0287,CL012,Veterinary Assistant,178.1,3.4,0,181.5
2024-05-01,EMP0288,CL012,Veterinary Technician,101.9,11.0,8,104.9
2024-05-01,EMP0289,CL012,Veterinarian,158.0,6.5,0,164.5
2024-05-01,EMP0290,CL012,Client Service Representative,180.4,4.3,0,184.7
2024-05-01,EMP0291,CL012,Veterinarian,183.7,6.3,0,190.0
2024-05-01,EMP0292,CL012,Veterinary Assistant,144.0,0,0,144.0
2024-05-01,EMP0293,CL012,Veterinarian,162.1,6.7,16,152.8
2024-05-01,EMP0294,CL012,Client Service Representative,127.3,1.9,0,129.2
2024-05-01,EMP0295,CL012,Client Service Representative,174.5,1.2,0,175.7
2024-05-01,EMP0296,CL012,Veterinary Technician,172.6,1.8,24,150.4
2024-05-01,EMP0297,CL012,Veterinary Technician,97.1,3.0,16,84.1
2024-05-01,EMP0298,CL012,Veterinarian,166.0,6.1,0,172.1
2024-05-01,EMP0299,CL012,Veterinary Technician,175.8,3.2,8,171.0
2024-05-01,EMP0300,CL012,Veterinarian,165.9,8.1,0,174.0
2024-06-01,EMP0001,CL001,Veterinary Technician,168.2,4.4,24,148.6
2024-06-01,EMP0002,CL001,Practice Manager,102.5,17.4,8,111.9
2024-06-01,EMP0003,CL001,Practice Manager,124.0,0,0,124.0
2024-06-01,EMP0004,CL001,Veterinary Technician,133.1,4.8,0,137.9
2024-06-01,EMP0005,CL001,Veterinary Technician,166.2,4.1,8,162.3
2024-06-01,EMP0006,CL001,Veterinary Technician,171.7,1.0,0,172.7
2024-06-01,EMP0007,CL001,Veterinarian,180.4,10.9,0,191.3
2024-06-01,EMP0008,CL001,Veterinarian,173.1,9.1,8,174.2
2024-06-01,EMP0009,CL001,Veterinary Technician,177.4,6.3,16,167.7
2024-06-01,EMP0010,CL001,Veterinarian,175.3,7.8,0,183.1
2024-06-01,EMP0011,CL001,Veterinary Assistant,187.8,6.3,0,194.1
2024-06-01,EMP0012,CL001,Veterinary Technician,93.7,0,24,69.7
2024-06-01,EMP0013,CL001,Veterinary Technician,138.6,5.1,0,143.7
2024-06-01,EMP0014,CL001,Veterinarian,172.9,7.4,0,180.3
2024-06-01,EMP0015,CL001,Veterinarian,170.9,6.6,16,161.5
2024-06-01,EMP0016,CL001,Veterinarian,168.6,6.1,16,158.7
2024-06-01,EMP0017,CL001,Veterinary Assistant,139.2,0,0,139.2
2024-06-01,EMP0018,CL001,Practice Manager,101.6,4.1,0,105.7
2024-06-01,EMP0019,CL001,Veterinarian,164.4,4.8,8,161.2
2024-06-01,EMP0020,CL001,Veterinarian,169.7,6.4,0,176.1
2024-06-01,EMP0021,CL001,Veterinarian,182.7,3.2,16,169.9
2024-06-01,EMP0022,CL001,Client Service Representative,181.9,0,0,181.9
2024-06-01,EMP0023,CL001,Veterinary Technician,156.2,4.5,8,152.7
2024-06-01,EMP0024,CL001,Veterinary Assistant,173.6,0,0,173.6
2024-06-01,EMP0025,CL001,Veterinary Technician,171.4,10.6,8,174.0
2024-06-01,EMP0026,CL001,Veterinarian,167.9,4.6,24,148.5
2024-06-01,EMP0027,CL001,Veterinary Assistant,152.5,9.5,0,162.0
2024-06-01,EMP0028,CL001,Veterinary Technician,189.8,4.2,8,186.0
2024-06-01,EMP0029,CL001,Veterinarian,174.5,1.4,8,167.9
2024-06-01,EMP0030,CL002,Kennel Assistant,169.4,0,16,153.4
2024-06-01,EMP0031,CL002,Veterinarian,143.5,7.3,8,142.8
2024-06-01,EMP0032,CL002,Veterinarian,126.8,7.4,16,118.2
2024-06-01,EMP0033,CL002,Veterinarian,145.1,10.8,8,147.9
2024-06-01,EMP0034,CL002,Veterinarian,130.2,2.4,0,132.6
2024-06-01,EMP0035,CL002,Veterinarian,170.3,2.5,0,172.8
2024-06-01,EMP0036,CL002,Client Service Representative,165.8,0,8,157.8
2024-06-01,EMP0037,CL002,Veterinarian,138.4,6.9,0,145.3
2024-06-01,EMP0038,CL002,Client Service Representative,182.7,2.1,0,184.8
2024-06-01,EMP0039,CL002,Veterinary Assistant,169.8,0,8,161.8
2024-06-01,EMP0040,CL002,Veterinary Technician,107.7,4.6,0,112.3
2024-06-01,EMP0041,CL002,Veterinarian,177.7,5.2,16,166.9
2024-06-01,EMP0042,CL002,Veterinary Technician,174.5,6.1,8,172.6
2024-06-01,EMP0043,CL002,Veterinary Technician,106.1,3.4,0,109.5
2024-06-01,EMP0044,CL002,Veterinary Assistant,134.5,0,8,126.5
2024-06-01,EMP0045,CL002,Veterinarian,167.1,3.6,24,146.7
2024-06-01,EMP0046,CL002,Veterinary Technician,127.6,7.7,0,135.3
2024-06-01,EMP0047,CL002,Veterinary Assistant,169.4,0,8,161.4
2024-06-01,EMP0048,CL002,Kennel Assistant,168.7,0,0,168.7
2024-06-01,EMP0049,CL002,Client Service Representative,121.7,2.8,0,124.5
2024-06-01,EMP0050,CL002,Practice Manager,179.4,0,8,171.4
2024-06-01,EMP0051,CL003,Practice Manager,175.1,10.3,24,161.4
2024-06-01,EMP0052,CL003,Veterinary Technician,175.2,13.7,0,188.9
2024-06-01,EMP0053,CL003,Kennel Assistant,97.4,4.5,24,77.9
2024-06-01,EMP0054,CL003,Veterinarian,164.5,10.1,8,166.6
2024-06-01,EMP0055,CL003,Veterinary Assistant,138.7,2.9,0,141.6
2024-06-01,EMP0056,CL003,Client Service Representative,179.9,4.8,0,184.7
2024-06-01,EMP0057,CL003,Veterinarian,144.6,5.4,8,142.0
2024-06-01,EMP0058,CL003,Veterinary Assistant,108.4,2.1,24,86.5
2024-06-01,EMP0059,CL003,Client Service Representative,183.4,0.6,0,184.0
2024-06-01,EMP0060,CL003,Veterinarian,170.6,4.9,24,151.5
2024-06-01,EMP0061,CL003,Kennel Assistant,103.7,0,16,87.7
2024-06-01,EMP0062,CL003,Veterinarian,162.6,8.5,0,171.1
2024-06-01,EMP0063,CL003,Veterinary Technician,173.3,6.1,24,155.4
2024-06-01,EMP0064,CL003,Veterinary Technician,178.6,3.9,0,182.5
2024-06-01,EMP0065,CL003,Veterinarian,182.5,1.4,16,167.9
2024-06-01,EMP0066,CL003,Client Service Representative,172.0,0.3,0,172.3
2024-06-01,EMP0067,CL003,Practice Manager,148.0,8.2,24,132.2
2024-06-01,EMP0068,CL003,Veterinarian,172.7,0,16,156.7
2024-06-01,EMP0069,CL003,Veterinary Assistant,171.3,0,24,147.3
2024-06-01,EMP0070,CL003,Veterinarian,161.7,4.3,0,166.0
2024-06-01,EMP0071,CL003,Kennel Assistant,169.2,0.1,0,169.3
2024-06-01,EMP0072,CL003,Veterinarian,147.6,9.2,0,156.8
2024-06-01,EMP0073,CL003,Veterinarian,132.4,9.2,24,117.6
2024-06-01,EMP0074,CL003,Veterinary Technician,182.2,8.6,0,190.8
2024-06-01,EMP0075,CL003,Veterinarian,140.6,11.0,0,151.6
2024-06-01,EMP0076,CL004,Client Service Representative,172.0,5.9,16,161.9
2024-06-01,EMP0077,CL004,Veterinarian,144.0,6.4,8,142.4
2024-06-01,EMP0078,CL004,Veterinarian,161.4,8.9,0,170.3
2024-06-01,EMP0079,CL004,Veterinary Technician,163.0,5.6,8,160.6
2024-06-01,EMP0080,CL004,Veterinarian,172.8,0,8,164.8
2024-06-01,EMP0081,CL004,Veterinary Technician,144.9,3.0,16,131.9
2024-06-01,EMP0082,CL004,Veterinarian,172.7,5.1,24,153.8
2024-06-01,EMP0083,CL004,Veterinary Assistant,165.7,1.1,16,150.8
2024-06-01,EMP0084,CL004,Veterinarian,138.6,9.7,8,140.3
2024-06-01,EMP0085,CL004,Veterinarian,168.3,0,16,152.3
2024-06-01,EMP0086,CL004,Veterinary Assistant,164.7,10.5,24,151.2
2024-06-01,EMP0087,CL004,Veterinary Technician,166.5,13.3,8,171.8
2024-06-01,EMP0088,CL004,Veterinarian,131.1,0.8,8,123.9
2024-06-01,EMP0089,CL004,Veterinarian,173.1,4.5,8,169.6
2024-06-01,EMP0090,CL004,Veterinary Technician,174.9,0.9,0,175.8
2024-06-01,EMP0091,CL004,Veterinarian,175.3,11.3,0,186.6
2024-06-01,EMP0092,CL004,Veterinarian,163.0,3.1,0,166.1
2024-06-01,EMP0093,CL004,Veterinary Technician,108.8,6.6,0,115.4
2024-06-01,EMP0094,CL004,Practice Manager,148.2,0,8,140.2
2024-06-01,EMP0095,CL004,Veterinary Assistant,177.8,0.7,8,170.5
2024-06-01,EMP0096,CL004,Veterinary Assistant,162.2,0,0,162.2
2024-06-01,EMP0097,CL004,Veterinarian,165.9,5.2,0,171.1
2024-06-01,EMP0098,CL004,Client Service Representative,174.8,11.4,8,178.2
2024-06-01,EMP0099,CL004,Veterinarian,175.0,6.6,24,157.6
2024-06-01,EMP0100,CL004,Veterinary Technician,125.4,6.7,16,116.1
2024-06-01,EMP0101,CL004,Veterinary Assistant,103.9,2.1,0,106.0
2024-06-01,EMP0102,CL004,Veterinary Technician,126.5,9.6,0,136.1
2024-06-01,EMP0103,CL004,Practice Manager,105.3,0,0,105.3
2024-06-01,EMP0104,CL004,Veterinarian,168.5,10.8,0,179.3
2024-06-01,EMP0105,CL004,Veterinary Technician,179.2,4.0,8,175.2
2024-06-01,EMP0106,CL005,Practice Manager,179.5,3.4,0,182.9
2024-06-01,EMP0107,CL005,Veterinarian,171.7,4.9,0,176.6
2024-06-01,EMP0108,CL005,Client Service Representative,102.5,0,0,102.5
2024-06-01,EMP0109,CL005,Veterinarian,163.6,6.3,8,161.9
2024-06-01,EMP0110,CL005,Veterinary Technician,174.2,6.5,16,164.7
2024-06-01,EMP0111,CL005,Veterinarian,182.8,10.7,0,193.5
2024-06-01,EMP0112,CL005,Veterinary Technician,100.2,1.2,0,101.4
2024-06-01,EMP0113,CL005,Veterinarian,168.6,0,16,152.6
2024-06-01,EMP0114,CL005,Veterinary Technician,179.4,6.7,8,178.1
2024-06-01,EMP0115,CL005,Veterinarian,135.5,10.7,0,146.2
2024-06-01,EMP0116,CL005,Veterinary Assistant,168.0,5.9,8,165.9
2024-06-01,EMP0117,CL005,Veterinarian,167.1,6.7,0,173.8
2024-06-01,EMP0118,CL005,Veterinarian,152.5,10.6,8,155.1
2024-06-01,EMP0119,CL005,Veterinarian,171.7,8.2,24,155.9
2024-06-01,EMP0120,CL005,Veterinary Technician,138.5,0,0,138.5
2024-06-01,EMP0121,CL005,Veterinary Assistant,143.6,2.0,0,145.6
2024-06-01,EMP0122,CL005,Veterinarian,144.4,5.1,0,149.5
2024-06-01,EMP0123,CL005,Veterinarian,166.3,5.1,16,155.4
2024-06-01,EMP0124,CL005,Veterinarian,167.3,1.9,16,153.2
2024-06-01,EMP0125,CL005,Veterinary Technician,160.2,2.8,8,155.0
2024-06-01,EMP0126,CL005,Veterinarian,183.3,8.2,0,191.5
2024-06-01,EMP0127,CL005,Veterinary Technician,146.8,16.8,0,163.6
2024-06-01,EMP0128,CL005,Veterinary Technician,92.9,0,8,84.9
2024-06-01,EMP0129,CL005,Veterinary Assistant,144.8,0,8,136.8
2024-06-01,EMP0130,CL005,Veterinarian,135.4,5.8,8,133.2
2024-06-01,EMP0131,CL006,Veterinarian,158.2,7.5,8,157.7
2024-06-01,EMP0132,CL006,Veterinarian,177.2,1.7,0,178.9
2024-06-01,EMP0133,CL006,Veterinarian,179.0,6.6,8,177.6
2024-06-01,EMP0134,CL006,Veterinarian,169.9,6.8,8,168.7
2024-06-01,EMP0135,CL006,Veterinarian,152.2,4.9,24,133.1
2024-06-01,EMP0136,CL006,Veterinary Technician,175.8,0.7,8,168.5
2024-06-01,EMP0137,CL006,Client Service Representative,132.8,4.3,0,137.1
2024-06-01,EMP0138,CL006,Kennel Assistant,172.4,5.9,0,178.3
2024-06-01,EMP0139,CL006,Veterinary Technician,138.7,3.0,16,125.7
2024-06-01,EMP0140,CL006,Veterinarian,166.2,7.7,8,165.9
2024-06-01,EMP0141,CL006,Practice Manager,126.4,0,0,126.4
2024-06-01,EMP0142,CL006,Veterinary Technician,162.2,8.8,0,171.0
2024-06-01,EMP0143,CL006,Veterinary Technician,107.3,14.4,0,121.7
2024-06-01,EMP0144,CL006,Veterinarian,137.5,8.6,8,138.1
2024-06-01,EMP0145,CL006,Veterinary Technician,174.2,9.0,0,183.2
2024-06-01,EMP0146,CL006,Veterinarian,124.2,7.5,8,123.7
2024-06-01,EMP0147,CL006,Veterinary Technician,177.5,3.7,0,181.2
2024-06-01,EMP0148,CL006,Client Service Representative,182.1,0,8,174.1
2024-06-01,EMP0149,CL006,Veterinarian,119.3,2.7,16,106.0
2024-06-01,EMP0150,CL006,Veterinarian,159.9,3.9,0,163.8
2024-06-01,EMP0151,CL007,Veterinary Technician,96.8,7.6,8,96.4
2024-06-01,EMP0152,CL007,Veterinary Technician,150.3,5.2,24,131.5
2024-06-01,EMP0153,CL007,Veterinary Technician,143.5,12.7,8,148.2
2024-06-01,EMP0154,CL007,Veterinary Technician,164.4,7.0,8,163.4
2024-06-01,EMP0155,CL007,Veterinary Assistant,172.7,0.9,8,165.6
2024-06-01,EMP0156,CL007,Practice Manager,183.0,5.8,8,180.8
2024-06-01,EMP0157,CL007,Veterinarian,172.8,1.5,0,174.3
2024-06-01,EMP0158,CL007,Client Service Representative,107.7,0,16,91.7
2024-06-01,EMP0159,CL007,Veterinary Technician,161.0,5.2,16,150.2
2024-06-01,EMP0160,CL007,Veterinarian,141.5,0,24,117.5
2024-06-01,EMP0161,CL007,Veterinary Technician,111.1,1.3,0,112.4
2024-06-01,EMP0162,CL007,Veterinarian,173.9,9.2,24,159.1
2024-06-01,EMP0163,CL007,Veterinarian,168.7,5.5,24,150.2
2024-06-01,EMP0164,CL007,Veterinarian,182.6,0,24,158.6
2024-06-01,EMP0165,CL007,Veterinarian,184.6,0,8,176.6
2024-06-01,EMP0166,CL007,Client Service Representative,169.6,0,24,145.6
2024-06-01,EMP0167,CL007,Veterinary Assistant,105.7,1.4,8,99.1
2024-06-01,EMP0168,CL007,Veterinary Technician,138.5,5.8,0,144.3
2024-06-01,EMP0169,CL007,Practice Manager,166.4,0.6,0,167.0
2024-06-01,EMP0170,CL007,Veterinarian,173.1,1.2,24,150.3
2024-06-01,EMP0171,CL007,Veterinary Technician,101.3,5.8,8,99.1
2024-06-01,EMP0172,CL007,Veterinary Technician,172.4,15.6,0,188.0
2024-06-01,EMP0173,CL007,Veterinary Assistant,169.3,0,0,169.3
2024-06-01,EMP0174,CL007,Veterinarian,173.1,12.7,8,177.8
2024-06-01,EMP0175,CL008,Veterinarian,168.7,0,0,168.7
2024-06-01,EMP0176,CL008,Client Service Representative,103.0,0.8,0,103.8
2024-06-01,EMP0177,CL008,Client Service Representative,181.6,4.9,0,186.5
2024-06-01,EMP0178,CL008,Practice Manager,168.2,0,0,168.2
2024-06-01,EMP0179,CL008,Veterinary Assistant,164.5,6.1,16,154.6
2024-06-01,EMP0180,CL008,Kennel Assistant,171.8,4.5,0,176.3
2024-06-01,EMP0181,CL008,Veterinarian,171.4,3.2,0,174.6
2024-06-01,EMP0182,CL008,Veterinarian,186.5,12.2,8,190.7
2024-06-01,EMP0183,CL008,Veterinary Assistant,172.1,0,0,172.1
2024-06-01,EMP0184,CL008,Veterinary Assistant,178.2,3.2,8,173.4
2024-06-01,EMP0185,CL008,Kennel Assistant,133.6,8.1,8,133.7
2024-06-01,EMP0186,CL008,Veterinarian,171.8,0,0,171.8
2024-06-01,EMP0187,CL008,Kennel Assistant,173.7,3.5,24,153.2
2024-06-01,EMP0188,CL008,Veterinary Technician,185.5,1.5,8,179.0
2024-06-01,EMP0189,CL008,Veterinary Technician,177.2,8.0,24,161.2
2024-06-01,EMP0190,CL008,Veterinarian,174.9,9.1,0,184.0
2024-06-01,EMP0191,CL008,Veterinarian,174.9,2.2,8,169.1
2024-06-01,EMP0192,CL008,Kennel Assistant,144.4,5.5,0,149.9
2024-06-01,EMP0193,CL008,Veterinarian,135.3,10.0,0,145.3
2024-06-01,EMP0194,CL008,Veterinarian,173.1,6.1,0,179.2
2024-06-01,EMP0195,CL008,Veterinarian,176.2,0.7,8,168.9
2024-06-01,EMP0196,CL008,Client Service Representative,150.1,1.1,8,143.2
2024-06-01,EMP0197,CL008,Practice Manager,163.7,12.2,24,151.9
2024-06-01,EMP0198,CL009,Veterinarian,184.2,0.2,0,184.4
2024-06-01,EMP0199,CL009,Veterinary Assistant,189.0,1.1,0,190.1
2024-06-01,EMP0200,CL009,Kennel Assistant,177.1,1.2,8,170.3
2024-06-01,EMP0201,CL009,Veterinarian,172.7,6.0,16,162.7
2024-06-01,EMP0202,CL009,Veterinary Technician,104.9,0,0,104.9
2024-06-01,EMP0203,CL009,Veterinarian,136.3,0.8,0,137.1
2024-06-01,EMP0204,CL009,Veterinary Technician,98.8,3.0,0,101.8
2024-06-01,EMP0205,CL009,Veterinarian,174.6,0,0,174.6
2024-06-01,EMP0206,CL009,Veterinarian,177.0,3.1,16,164.1
2024-06-01,EMP0207,CL009,Veterinarian,177.0,1.6,16,162.6
2024-06-01,EMP0208,CL009,Veterinarian,136.9,13.1,8,142.0
2024-06-01,EMP0209,CL009,Veterinarian,171.9,6.3,24,154.2
2024-06-01,EMP0210,CL009,Veterinarian,182.2,6.3,8,180.5
2024-06-01,EMP0211,CL009,Practice Manager,188.4,4.5,24,168.9
2024-06-01,EMP0212,CL009,Veterinary Technician,173.7,5.2,16,162.9
2024-06-01,EMP0213,CL009,Veterinary Assistant,167.1,1.8,8,160.9
2024-06-01,EMP0214,CL009,Veterinarian,173.5,8.7,0,182.2
2024-06-01,EMP0215,CL009,Veterinarian,135.7,2.1,0,137.8
2024-06-01,EMP0216,CL009,Client Service Representative,95.2,7.8,8,95.0
2024-06-01,EMP0217,CL009,Client Service Representative,169.3,0,0,169.3
2024-06-01,EMP0218,CL009,Veterinarian,145.2,4.3,8,141.5
2024-06-01,EMP0219,CL009,Practice Manager,100.6,0.4,8,93.0
2024-06-01,EMP0220,CL009,Veterinary Technician,110.0,0,0,110.0
2024-06-01,EMP0221,CL009,Veterinary Technician,179.1,0,0,179.1
2024-06-01,EMP0222,CL010,Veterinary Assistant,114.6,0,0,114.6
2024-06-01,EMP0223,CL010,Veterinarian,165.4,6.3,8,163.7
2024-06-01,EMP0224,CL010,Veterinary Assistant,97.4,0.5,24,73.9
2024-06-01,EMP0225,CL010,Veterinary Assistant,149.9,4.1,0,154.0
2024-06-01,EMP0226,CL010,Veterinarian,181.9,8.2,0,190.1
2024-06-01,EMP0227,CL010,Veterinarian,180.2,6.6,16,170.8
2024-06-01,EMP0228,CL010,Veterinary Assistant,0,7.6,0,7.6
2024-06-01,EMP0229,CL010,Veterinarian,174.4,1.2,0,175.6
2024-06-01,EMP0230,CL010,Veterinarian,140.7,6.1,16,130.8
2024-06-01,EMP0231,CL010,Veterinary Technician,167.2,1.5,8,160.7
2024-06-01,EMP0232,CL010,Practice Manager,164.9,2.6,8,159.5
2024-06-01,EMP0233,CL010,Veterinary Technician,182.4,8.8,8,183.2
2024-06-01,EMP0234,CL010,Client Service Representative,162.9,0,8,154.9
2024-06-01,EMP0235,CL010,Veterinarian,171.1,4.8,0,175.9
2024-06-01,EMP0236,CL010,Veterinarian,169.4,8.2,24,153.6
2024-06-01,EMP0237,CL010,Veterinary Technician,182.7,6.8,8,181.5
2024-06-01,EMP0238,CL010,Veterinarian,169.0,2.5,0,171.5
2024-06-01,EMP0239,CL010,Veterinary Assistant,160.5,0.4,24,136.9
2024-06-01,EMP0240,CL010,Veterinary Technician,158.5,4.9,8,155.4
2024-06-01,EMP0241,CL010,Veterinary Technician,110.9,6.9,8,109.8
2024-06-01,EMP0242,CL010,Practice Manager,128.8,4.4,8,125.2
2024-06-01,EMP0243,CL010,Veterinary Technician,191.5,2.6,24,170.1
2024-06-01,EMP0244,CL010,Client Service Representative,172.8,2.7,24,151.5
2024-06-01,EMP0245,CL010,Practice Manager,168.1,0,0,168.1
2024-06-01,EMP0246,CL011,Veterinary Technician,148.5,7.9,0,156.4
2024-06-01,EMP0247,CL011,Veterinarian,175.2,6.6,0,181.8
2024-06-01,EMP0248,CL011,Client Service Representative,181.1,0,8,173.1
2024-06-01,EMP0249,CL011,Practice Manager,103.9,2.7,0,106.6
2024-06-01,EMP0250,CL011,Veterinarian,179.3,1.9,8,173.2
2024-06-01,EMP0251,CL011,Veterinarian,142.5,12.7,0,155.2
2024-06-01,EMP0252,CL011,Veterinary Technician,188.0,2.4,0,190.4
2024-06-01,EMP0253,CL011,Client Service Representative,124.3,7.8,8,124.1
2024-06-01,EMP0254,CL011,Veterinarian,167.1,4.4,24,147.5
2024-06-01,EMP0255,CL011,Veterinarian,173.8,7.5,8,173.3
2024-06-01,EMP0256,CL011,Veterinarian,126.7,11.4,0,138.1
2024-06-01,EMP0257,CL011,Veterinarian,170.4,0.1,0,170.5
2024-06-01,EMP0258,CL011,Veterinary Assistant,94.7,0,8,86.7
2024-06-01,EMP0259,CL011,Practice Manager,179.0,5.6,0,184.6
2024-06-01,EMP0260,CL011,Veterinarian,140.0,3.3,16,127.3
2024-06-01,EMP0261,CL011,Client Service Representative,168.5,0,8,160.5
2024-06-01,EMP0262,CL011,Veterinarian,182.9,2.5,16,169.4
2024-06-01,EMP0263,CL011,Veterinarian,175.2,7.4,24,158.6
2024-06-01,EMP0264,CL011,Veterinarian,169.7,4.0,16,157.7
2024-06-01,EMP0265,CL011,Veterinary Assistant,93.8,0,8,85.8
2024-06-01,EMP0266,CL011,Veterinarian,156.5,1.3,8,149.8
2024-06-01,EMP0267,CL012,Client Service Representative,88.3,0.3,0,88.6
2024-06-01,EMP0268,CL012,Veterinary Technician,181.3,6.1,0,187.4
2024-06-01,EMP0269,CL012,Practice Manager,182.7,2.0,8,176.7
2024-06-01,EMP0270,CL012,Client Service Representative,135.5,2.6,24,114.1
2024-06-01,EMP0271,CL012,Veterinary Technician,177.2,12.6,8,181.8
2024-06-01,EMP0272,CL012,Practice Manager,149.3,4.9,0,154.2
2024-06-01,EMP0273,CL012,Veterinary Technician,170.0,7.2,0,177.2
2024-06-01,EMP0274,CL012,Veterinarian,131.4,5.2,8,128.6
2024-06-01,EMP0275,CL012,Veterinary Technician,145.5,0,8,137.5
2024-06-01,EMP0276,CL012,Veterinary Technician,93.6,6.3,0,99.9
2024-06-01,EMP0277,CL012,Veterinarian,138.6,6.6,16,129.2
2024-06-01,EMP0278,CL012,Veterinarian,168.5,3.5,8,164.0
2024-06-01,EMP0279,CL012,Client Service Representative,137.5,6.5,8,136.0
2024-06-01,EMP0280,CL012,Veterinary Technician,174.1,0.0,0,174.1
2024-06-01,EMP0281,CL012,Veterinarian,173.7,3.7,8,169.4
2024-06-01,EMP0282,CL012,Veterinary Assistant,169.2,1.2,8,162.4
2024-06-01,EMP0283,CL012,Veterinarian,158.9,5.1,0,164.0
2024-06-01,EMP0284,CL012,Client Service Representative,162.2,0.6,8,154.8
2024-06-01,EMP0285,CL012,Veterinarian,172.3,11.0,8,175.3
2024-06-01,EMP0286,CL012,Veterinarian,168.3,12.1,0,180.4
2024-06-01,EMP0287,CL012,Veterinary Assistant,180.8,1.4,0,182.2
2024-06-01,EMP0288,CL012,Veterinary Technician,104.2,0,0,104.2
2024-06-01,EMP0289,CL012,Veterinarian,151.8,2.0,0,153.8
2024-06-01,EMP0290,CL012,Client Service Representative,175.4,7.3,0,182.7
2024-06-01,EMP0291,CL012,Veterinarian,172.6,15.3,8,179.9
2024-06-01,EMP0292,CL012,Veterinary Assistant,136.2,0,8,128.2
2024-06-01,EMP0293,CL012,Veterinarian,171.2,0.6,0,171.8
2024-06-01,EMP0294,CL012,Client Service Representative,149.1,0,8,141.1
2024-06-01,EMP0295,CL012,Client Service Representative,166.9,0.1,0,167.0
2024-06-01,EMP0296,CL012,Veterinary Technician,175.1,0.9,24,152.0
2024-06-01,EMP0297,CL012,Veterinary Technician,100.4,7.9,16,92.3
2024-06-01,EMP0298,CL012,Veterinarian,168.8,1.5,16,154.3
2024-06-01,EMP0299,CL012,Veterinary Technician,168.7,3.3,0,172.0
2024-06-01,EMP0300,CL012,Veterinarian,186.0,10.0,0,196.0
2024-07-01,EMP0001,CL001,Veterinary Technician,172.1,5.0,0,177.1
2024-07-01,EMP0002,CL001,Practice Manager,111.3,8.5,0,119.8
2024-07-01,EMP0003,CL001,Practice Manager,141.1,2.6,0,143.7
2024-07-01,EMP0004,CL001,Veterinary Technician,145.0,7.9,8,144.9
2024-07-01,EMP0005,CL001,Veterinary Technician,183.9,0,0,183.9
2024-07-01,EMP0006,CL001,Veterinary Technician,171.7,14.7,24,162.4
2024-07-01,EMP0007,CL001,Veterinarian,163.3,9.6,8,164.9
2024-07-01,EMP0008,CL001,Veterinarian,162.8,3.7,8,158.5
2024-07-01,EMP0009,CL001,Veterinary Technician,169.4,5.8,8,167.2
2024-07-01,EMP0010,CL001,Veterinarian,175.4,6.1,16,165.5
2024-07-01,EMP0011,CL001,Veterinary Assistant,172.4,2.3,16,158.7
2024-07-01,EMP0012,CL001,Veterinary Technician,98.9,8.8,0,107.7
2024-07-01,EMP0013,CL001,Veterinary Technician,132.9,10.2,0,143.1
2024-07-01,EMP0014,CL001,Veterinarian,168.8,4.7,8,165.5
2024-07-01,EMP0015,CL001,Veterinarian,174.9,2.7,8,169.6
2024-07-01,EMP0016,CL001,Veterinarian,181.4,5.8,16,171.2
2024-07-01,EMP0017,CL001,Veterinary Assistant,147.3,1.7,0,149.0
2024-07-01,EMP0018,CL001,Practice Manager,103.1,2.4,8,97.5
2024-07-01,EMP0019,CL001,Veterinarian,164.7,2.2,0,166.9
2024-07-01,EMP0020,CL001,Veterinarian,175.2,11.0,0,186.2
2024-07-01,EMP0021,CL001,Veterinarian,168.8,4.7,0,173.5
2024-07-01,EMP0022,CL001,Client Service Representative,165.0,6.4,0,171.4
2024-07-01,EMP0023,CL001,Veterinary Technician,137.3,4.1,16,125.4
2024-07-01,EMP0024,CL001,Veterinary Assistant,169.9,0,24,145.9
2024-07-01,EMP0025,CL001,Veterinary Technician,197.2,10.1,24,183.3
2024-07-01,EMP0026,CL001,Veterinarian,175.7,5.0,0,180.7
2024-07-01,EMP0027,CL001,Veterinary Assistant,139.9,2.7,0,142.6
2024-07-01,EMP0028,CL001,Veterinary Technician,175.9,3.4,0,179.3
2024-07-01,EMP0029,CL001,Veterinarian,154.2,4.9,0,159.1
2024-07-01,EMP0030,CL002,Kennel Assistant,183.0,5.9,0,188.9
2024-07-01,EMP0031,CL002,Veterinarian,145.5,7.6,24,129.1
2024-07-01,EMP0032,CL002,Veterinarian,133.4,2.8,0,136.2
2024-07-01,EMP0033,CL002,Veterinarian,135.0,0,0,135.0
2024-07-01,EMP0034,CL002,Veterinarian,138.8,7.6,16,130.4
2024-07-01,EMP0035,CL002,Veterinarian,169.1,6.3,8,167.4
2024-07-01,EMP0036,CL002,Client Service Representative,185.2,0,0,185.2
2024-07-01,EMP0037,CL002,Veterinarian,135.1,5.3,0,140.4
2024-07-01,EMP0038,CL002,Client Service Representative,164.3,0,0,164.3
2024-07-01,EMP0039,CL002,Veterinary Assistant,182.4,7.2,8,181.6
2024-07-01,EMP0040,CL002,Veterinary Technician,103.4,5.5,24,84.9
2024-07-01,EMP0041,CL002,Veterinarian,177.8,14.2,0,192.0
2024-07-01,EMP0042,CL002,Veterinary Technician,184.7,6.3,8,183.0
2024-07-01,EMP0043,CL002,Veterinary Technician,101.1,9.6,16,94.7
2024-07-01,EMP0044,CL002,Veterinary Assistant,144.7,10.8,0,155.5
2024-07-01,EMP0045,CL002,Veterinarian,174.5,7.7,16,166.2
2024-07-01,EMP0046,CL002,Veterinary Technician,130.0,0,0,130.0
2024-07-01,EMP0047,CL002,Veterinary Assistant,178.9,5.5,8,176.4
2024-07-01,EMP0048,CL002,Kennel Assistant,185.2,0,24,161.2
2024-07-01,EMP0049,CL002,Client Service Representative,103.2,0.3,0,103.5
2024-07-01,EMP0050,CL002,Practice Manager,166.7,0.5,16,151.2
2024-07-01,EMP0051,CL003,Practice Manager,170.4,4.2,8,166.6
2024-07-01,EMP0052,CL003,Veterinary Technician,179.7,7.4,0,187.1
2024-07-01,EMP0053,CL003,Kennel Assistant,105.1,8.9,8,106.0
2024-07-01,EMP0054,CL003,Veterinarian,163.8,0,0,163.8
2024-07-01,EMP0055,CL003,Veterinary Assistant,138.9,0.6,0,139.5
2024-07-01,EMP0056,CL003,Client Service Representative,178.7,1.8,0,180.5
2024-07-01,EMP0057,CL003,Veterinarian,144.4,0,0,144.4
2024-07-01,EMP0058,CL003,Veterinary Assistant,109.9,5.8,16,99.7
2024-07-01,EMP0059,CL003,Client Service Representative,187.7,0,0,187.7
2024-07-01,EMP0060,CL003,Veterinarian,173.7,6.3,8,172.0
2024-07-01,EMP0061,CL003,Kennel Assistant,116.7,11.5,16,112.2
2024-07-01,EMP0062,CL003,Veterinarian,159.0,10.2,24,145.2
2024-07-01,EMP0063,CL003,Veterinary Technician,191.2,6.1,0,197.3
2024-07-01,EMP0064,CL003,Veterinary Technician,172.9,6.8,24,155.7
2024-07-01,EMP0065,CL003,Veterinarian,173.4,7.4,0,180.8
2024-07-01,EMP0066,CL003,Client Service Representative,164.5,0.3,0,164.8
2024-07-01,EMP0067,CL003,Practice Manager,149.1,7.7,0,156.8
2024-07-01,EMP0068,CL003,Veterinarian,183.9,2.8,0,186.7
2024-07-01,EMP0069,CL003,Veterinary Assistant,177.1,2.7,8,171.8
2024-07-01,EMP0070,CL003,Veterinarian,170.5,3.2,8,165.7
2024-07-01,EMP0071,CL003,Kennel Assistant,164.6,0.5,8,157.1
2024-07-01,EMP0072,CL003,Veterinarian,129.9,2.3,16,116.2
2024-07-01,EMP0073,CL003,Veterinarian,132.4,0.4,24,108.8
2024-07-01,EMP0074,CL003,Veterinary Technician,175.0,5.9,8,172.9
2024-07-01,EMP0075,CL003,Veterinarian,136.6,8.3,8,136.9
2024-07-01,EMP0076,CL004,Client Service Representative,176.7,5.5,0,182.2
2024-07-01,EMP0077,CL004,Veterinarian,137.6,5.8,8,135.4
2024-07-01,EMP0078,CL004,Veterinarian,158.6,9.1,0,167.7
2024-07-01,EMP0079,CL004,Veterinary Technician,173.4,5.7,24,155.1
2024-07-01,EMP0080,CL004,Veterinarian,162.0,7.3,8,161.3
2024-07-01,EMP0081,CL004,Veterinary Technician,147.3,6.4,8,145.7
2024-07-01,EMP0082,CL004,Veterinarian,167.7,5.4,8,165.1
2024-07-01,EMP0083,CL004,Veterinary Assistant,167.1,0,8,159.1
2024-07-01,EMP0084,CL004,Veterinarian,133.0,1.1,8,126.1
2024-07-01,EMP0085,CL004,Veterinarian,160.3,8.7,8,161.0
2024-07-01,EMP0086,CL004,Veterinary Assistant,176.4,0,0,176.4
2024-07-01,EMP0087,CL004,Veterinary Technician,175.6,8.1,0,183.7
2024-07-01,EMP0088,CL004,Veterinarian,147.2,1.6,8,140.8
2024-07-01,EMP0089,CL004,Veterinarian,168.8,7.9,8,168.7
2024-07-01,EMP0090,CL004,Veterinary Technician,189.0,0,0,189.0
2024-07-01,EMP0091,CL004,Veterinarian,161.8,6.9,8,160.7
2024-07-01,EMP0092,CL004,Veterinarian,170.9,0,24,146.9
2024-07-01,EMP0093,CL004,Veterinary Technician,104.7,8.0,16,96.7
2024-07-01,EMP0094,CL004,Practice Manager,154.8,5.6,8,152.4
2024-07-01,EMP0095,CL004,Veterinary Assistant,167.8,0,0,167.8
2024-07-01,EMP0096,CL004,Veterinary Assistant,179.7,6.4,24,162.1
2024-07-01,EMP0097,CL004,Veterinarian,168.3,2.0,0,170.3
2024-07-01,EMP0098,CL004,Client Service Representative,163.4,0.0,0,163.4
2024-07-01,EMP0099,CL004,Veterinarian,160.0,7.5,8,159.5
2024-07-01,EMP0100,CL004,Veterinary Technician,125.7,1.7,24,103.4
2024-07-01,EMP0101,CL004,Veterinary Assistant,113.8,0,0,113.8
2024-07-01,EMP0102,CL004,Veterinary Technician,136.4,4.7,0,141.1
2024-07-01,EMP0103,CL004,Practice Manager,98.9,4.2,8,95.1
2024-07-01,EMP0104,CL004,Veterinarian,146.4,5.8,0,152.2
2024-07-01,EMP0105,CL004,Veterinary Technician,162.1,6.1,16,152.2
2024-07-01,EMP0106,CL005,Practice Manager,164.8,2.8,24,143.6
2024-07-01,EMP0107,CL005,Veterinarian,172.9,5.3,24,154.2
2024-07-01,EMP0108,CL005,Client Service Representative,111.7,2.7,24,90.4
2024-07-01,EMP0109,CL005,Veterinarian,178.6,0.4,24,155.0
2024-07-01,EMP0110,CL005,Veterinary Technician,175.3,2.9,0,178.2
2024-07-01,EMP0111,CL005,Veterinarian,167.8,6.8,0,174.6
2024-07-01,EMP0112,CL005,Veterinary Technician,98.8,4.9,24,79.7
2024-07-01,EMP0113,CL005,Veterinarian,181.1,5.4,0,186.5
2024-07-01,EMP0114,CL005,Veterinary Technician,171.4,1.6,16,157.0
2024-07-01,EMP0115,CL005,Veterinarian,135.1,5.2,24,116.3
2024-07-01,EMP0116,CL005,Veterinary Assistant,170.7,0,8,162.7
2024-07-01,EMP0117,CL005,Veterinarian,168.2,9.6,16,161.8
2024-07-01,EMP0118,CL005,Veterinarian,139.7,3.9,8,135.6
2024-07-01,EMP0119,CL005,Veterinarian,173.8,2.1,24,151.9
2024-07-01,EMP0120,CL005,Veterinary Technician,138.2,13.4,0,151.6
2024-07-01,EMP0121,CL005,Veterinary Assistant,130.0,0,0,130.0
2024-07-01,EMP0122,CL005,Veterinarian,142.5,12.4,0,154.9
2024-07-01,EMP0123,CL005,Veterinarian,166.4,7.6,0,174.0
2024-07-01,EMP0124,CL005,Veterinarian,184.6,9.5,0,194.1
2024-07-01,EMP0125,CL005,Veterinary Technician,179.8,9.6,16,173.4
2024-07-01,EMP0126,CL005,Veterinarian,167.1,2.8,8,161.9
2024-07-01,EMP0127,CL005,Veterinary Technician,126.5,1.5,0,128.0
2024-07-01,EMP0128,CL005,Veterinary Technician,99.7,3.2,8,94.9
2024-07-01,EMP0129,CL005,Veterinary Assistant,140.2,0,24,116.2
2024-07-01,EMP0130,CL005,Veterinarian,151.4,8.6,0,160.0
2024-07-01,EMP0131,CL006,Veterinarian,164.0,4.7,0,168.7
2024-07-01,EMP0132,CL006,Veterinarian,164.0,2.8,8,158.8
2024-07-01,EMP0133,CL006,Veterinarian,169.4,9.0,0,178.4
2024-07-01,EMP0134,CL006,Veterinarian,173.3,8.7,8,174.0
2024-07-01,EMP0135,CL006,Veterinarian,145.0,8.5,0,153.5
2024-07-01,EMP0136,CL006,Veterinary Technician,186.4,13.7,24,176.1
2024-07-01,EMP0137,CL006,Client Service Representative,136.3,2.6,0,138.9
2024-07-01,EMP0138,CL006,Kennel Assistant,175.4,0,16,159.4
2024-07-01,EMP0139,CL006,Veterinary Technician,124.4,3.2,0,127.6
2024-07-01,EMP0140,CL006,Veterinarian,167.5,9.1,24,152.6
2024-07-01,EMP0141,CL006,Practice Manager,130.0,4.9,0,134.9
2024-07-01,EMP0142,CL006,Veterinary Technician,173.4,9.0,0,182.4
2024-07-01,EMP0143,CL006,Veterinary Technician,105.1,4.4,0,109.5
2024-07-01,EMP0144,CL006,Veterinarian,129.0,12.5,8,133.5
2024-07-01,EMP0145,CL006,Veterinary Technician,165.5,3.2,8,160.7
2024-07-01,EMP0146,CL006,Veterinarian,131.1,0.8,8,123.9
2024-07-01,EMP0147,CL006,Veterinary Technician,162.5,6.4,8,160.9
2024-07-01,EMP0148,CL006,Client Service Representative,170.5,4.0,24,150.5
2024-07-01,EMP0149,CL006,Veterinarian,149.3,5.0,16,138.3
2024-07-01,EMP0150,CL006,Veterinarian,171.9,12.5,0,184.4
2024-07-01,EMP0151,CL007,Veterinary Technician,117.7,2.7,24,96.4
2024-07-01,EMP0152,CL007,Veterinary Technician,149.7,5.6,0,155.3
2024-07-01,EMP0153,CL007,Veterinary Technician,139.5,7.1,0,146.6
2024-07-01,EMP0154,CL007,Veterinary Technician,181.8,4.6,0,186.4
2024-07-01,EMP0155,CL007,Veterinary Assistant,175.3,4.8,8,172.1
2024-07-01,EMP0156,CL007,Practice Manager,181.9,9.3,0,191.2
2024-07-01,EMP0157,CL007,Veterinarian,172.7,9.2,24,157.9
2024-07-01,EMP0158,CL007,Client Service Representative,111.8,0,16,95.8
2024-07-01,EMP0159,CL007,Veterinary Technician,167.8,1.4,0,169.2
2024-07-01,EMP0160,CL007,Veterinarian,149.1,0.7,0,149.8
2024-07-01,EMP0161,CL007,Veterinary Technician,105.8,3.3,0,109.1
2024-07-01,EMP0162,CL007,Veterinarian,166.1,5.4,0,171.5
2024-07-01,EMP0163,CL007,Veterinarian,169.9,3.3,8,165.2
2024-07-01,EMP0164,CL007,Veterinarian,165.0,1.6,16,150.6
2024-07-01,EMP0165,CL007,Veterinarian,181.8,4.3,0,186.1
2024-07-01,EMP0166,CL007,Client Service Representative,162.0,0,0,162.0
2024-07-01,EMP0167,CL007,Veterinary Assistant,112.0,2.5,8,106.5
2024-07-01,EMP0168,CL007,Veterinary Technician,150.1,8.9,16,143.0
2024-07-01,EMP0169,CL007,Practice Manager,181.5,1.4,0,182.9
2024-07-01,EMP0170,CL007,Veterinarian,169.6,5.0,16,158.6
2024-07-01,EMP0171,CL007,Veterinary Technician,101.3,6.8,0,108.1
2024-07-01,EMP0172,CL007,Veterinary Technician,157.3,11.4,0,168.7
2024-07-01,EMP0173,CL007,Veterinary Assistant,166.9,2.9,0,169.8
2024-07-01,EMP0174,CL007,Veterinarian,178.1,0,8,170.1
2024-07-01,EMP0175,CL008,Veterinarian,173.9,1.0,24,150.9
2024-07-01,EMP0176,CL008,Client Service Representative,97.5,5.2,0,102.7
2024-07-01,EMP0177,CL008,Client Service Representative,178.9,3.4,0,182.3
2024-07-01,EMP0178,CL008,Practice Manager,173.8,3.5,8,169.3
2024-07-01,EMP0179,CL008,Veterinary Assistant,169.9,1.4,8,163.3
2024-07-01,EMP0180,CL008,Kennel Assistant,167.4,0,0,167.4
2024-07-01,EMP0181,CL008,Veterinarian,165.2,4.0,0,169.2
2024-07-01,EMP0182,CL008,Veterinarian,174.4,1.6,8,168.0
2024-07-01,EMP0183,CL008,Veterinary Assistant,178.7,0,16,162.7
2024-07-01,EMP0184,CL008,Veterinary Assistant,180.5,0,0,180.5
2024-07-01,EMP0185,CL008,Kennel Assistant,136.9,6.2,16,127.1
2024-07-01,EMP0186,CL008,Veterinarian,173.4,7.2,16,164.6
2024-07-01,EMP0187,CL008,Kennel Assistant,162.1,2.9,8,157.0
2024-07-01,EMP0188,CL008,Veterinary Technician,169.6,4.3,8,165.9
2024-07-01,EMP0189,CL008,Veterinary Technician,148.5,4.1,24,128.6
2024-07-01,EMP0190,CL008,Veterinarian,162.6,7.4,0,170.0
2024-07-01,EMP0191,CL008,Veterinarian,170.4,0,8,162.4
2024-07-01,EMP0192,CL008,Kennel Assistant,132.3,6.2,24,114.5
2024-07-01,EMP0193,CL008,Veterinarian,131.0,2.1,24,109.1
2024-07-01,EMP0194,CL008,Veterinarian,185.1,1.8,8,178.9
2024-07-01,EMP0195,CL008,Veterinarian,174.3,3.8,16,162.1
2024-07-01,EMP0196,CL008,Client Service Representative,144.5,1.5,24,122.0
2024-07-01,EMP0197,CL008,Practice Manager,166.5,2.9,0,169.4
2024-07-01,EMP0198,CL009,Veterinarian,199.0,0.7,0,199.7
2024-07-01,EMP0199,CL009,Veterinary Assistant,184.7,1.1,8,177.8
2024-07-01,EMP0200,CL009,Kennel Assistant,172.1,0,0,172.1
2024-07-01,EMP0201,CL009,Veterinarian,176.8,7.8,16,168.6
2024-07-01,EMP0202,CL009,Veterinary Technician,116.0,4.3,8,112.3
2024-07-01,EMP0203,CL009,Veterinarian,133.0,0.3,24,109.3
2024-07-01,EMP0204,CL009,Veterinary Technician,98.1,2.8,0,100.9
2024-07-01,EMP0205,CL009,Veterinarian,177.2,0,0,177.2
2024-07-01,EMP0206,CL009,Veterinarian,181.3,4.8,24,162.1
2024-07-01,EMP0207,CL009,Veterinarian,174.8,2.2,8,169.0
2024-07-01,EMP0208,CL009,Veterinarian,145.5,8.7,16,138.2
2024-07-01,EMP0209,CL009,Veterinarian,170.0,4.7,0,174.7
2024-07-01,EMP0210,CL009,Veterinarian,176.4,3.8,24,156.2
2024-07-01,EMP0211,CL009,Practice Manager,177.8,2.6,0,180.4
2024-07-01,EMP0212,CL009,Veterinary Technician,171.3,1.3,0,172.6
2024-07-01,EMP0213,CL009,Veterinary Assistant,182.8,5.6,8,180.4
2024-07-01,EMP0214,CL009,Veterinarian,171.9,7.0,8,170.9
2024-07-01,EMP0215,CL009,Veterinarian,133.6,13.9,0,147.5
2024-07-01,EMP0216,CL009,Client Service Representative,92.5,2.2,8,86.7
2024-07-01,EMP0217,CL009,Client Service Representative,166.6,0,0,166.6
2024-07-01,EMP0218,CL009,Veterinarian,134.6,0,24,110.6
2024-07-01,EMP0219,CL009,Practice Manager,117.5,2.6,0,120.1
2024-07-01,EMP0220,CL009,Veterinary Technician,91.5,0.5,0,92.0
2024-07-01,EMP0221,CL009,Veterinary Technician,175.8,5.9,8,173.7
2024-07-01,EMP0222,CL010,Veterinary Assistant,117.2,7.8,0,125.0
2024-07-01,EMP0223,CL010,Veterinarian,174.8,8.8,0,183.6
2024-07-01,EMP0224,CL010,Veterinary Assistant,118.1,0.3,16,102.4
2024-07-01,EMP0225,CL010,Veterinary Assistant,127.4,3.5,8,122.9
2024-07-01,EMP0226,CL010,Veterinarian,155.6,1.7,0,157.3
2024-07-01,EMP0227,CL010,Veterinarian,184.2,8.3,0,192.5
2024-07-01,EMP0228,CL010,Veterinary Assistant,0,0,0,0
2024-07-01,EMP0229,CL010,Veterinarian,176.8,2.6,8,171.4
2024-07-01,EMP0230,CL010,Veterinarian,139.4,0,0,139.4
2024-07-01,EMP0231,CL010,Veterinary Technician,183.2,4.5,8,179.7
2024-07-01,EMP0232,CL010,Practice Manager,164.1,0,24,140.1
2024-07-01,EMP0233,CL010,Veterinary Technician,171.3,1.7,8,165.0
2024-07-01,EMP0234,CL010,Client Service Representative,183.7,0,24,159.7
2024-07-01,EMP0235,CL010,Veterinarian,175.9,4.1,8,172.0
2024-07-01,EMP0236,CL010,Veterinarian,163.2,6.2,0,169.4
2024-07-01,EMP0237,CL010,Veterinary Technician,170.6,7.9,8,170.5
2024-07-01,EMP0238,CL010,Veterinarian,179.7,12.0,0,191.7
2024-07-01,EMP0239,CL010,Veterinary Assistant,188.8,4.7,16,177.5
2024-07-01,EMP0240,CL010,Veterinary Technician,167.0,11.2,0,178.2
2024-07-01,EMP0241,CL010,Veterinary Technician,104.6,13.1,0,117.7
2024-07-01,EMP0242,CL010,Practice Manager,135.3,6.5,8,133.8
2024-07-01,EMP0243,CL010,Veterinary Technician,157.0,8.1,0,165.1
2024-07-01,EMP0244,CL010,Client Service Representative,172.7,6.0,8,170.7
2024-07-01,EMP0245,CL010,Practice Manager,166.7,0,0,166.7
2024-07-01,EMP0246,CL011,Veterinary Technician,138.6,6.4,0,145.0
2024-07-01,EMP0247,CL011,Veterinarian,169.8,3.5,0,173.3
2024-07-01,EMP0248,CL011,Client Service Representative,162.7,0,24,138.7
2024-07-01,EMP0249,CL011,Practice Manager,110.5,0,0,110.5
2024-07-01,EMP0250,CL011,Veterinarian,179.6,4.9,16,168.5
2024-07-01,EMP0251,CL011,Veterinarian,123.5,0,8,115.5
2024-07-01,EMP0252,CL011,Veterinary Technician,167.0,0,24,143.0
2024-07-01,EMP0253,CL011,Client Service Representative,133.2,3.1,8,128.3
2024-07-01,EMP0254,CL011,Veterinarian,168.8,8.6,0,177.4
2024-07-01,EMP0255,CL011,Veterinarian,169.4,5.3,0,174.7
2024-07-01,EMP0256,CL011,Veterinarian,136.6,3.4,0,140.0
2024-07-01,EMP0257,CL011,Veterinarian,187.4,13.6,0,201.0
2024-07-01,EMP0258,CL011,Veterinary Assistant,116.1,0,8,108.1
2024-07-01,EMP0259,CL011,Practice Manager,181.6,0,0,181.6
2024-07-01,EMP0260,CL011,Veterinarian,140.4,0,8,132.4
2024-07-01,EMP0261,CL011,Client Service Representative,169.8,0,8,161.8
2024-07-01,EMP0262,CL011,Veterinarian,163.3,13.8,8,169.1
2024-07-01,EMP0263,CL011,Veterinarian,176.9,0,8,168.9
2024-07-01,EMP0264,CL011,Veterinarian,167.5,7.6,8,167.1
2024-07-01,EMP0265,CL011,Veterinary Assistant,110.1,0,16,94.1
2024-07-01,EMP0266,CL011,Veterinarian,178.3,5.1,16,167.4
2024-07-01,EMP0267,CL012,Client Service Representative,106.1,0.1,0,106.2
2024-07-01,EMP0268,CL012,Veterinary Technician,194.8,3.4,0,198.2
2024-07-01,EMP0269,CL012,Practice Manager,180.9,3.9,8,176.8
2024-07-01,EMP0270,CL012,Client Service Representative,142.6,6.7,8,141.3
2024-07-01,EMP0271,CL012,Veterinary Technician,169.2,5.1,8,166.3
2024-07-01,EMP0272,CL012,Practice Manager,148.1,6.8,24,130.9
2024-07-01,EMP0273,CL012,Veterinary Technician,185.5,4.6,0,190.1
2024-07-01,EMP0274,CL012,Veterinarian,131.4,6.4,8,129.8
2024-07-01,EMP0275,CL012,Veterinary Technician,140.9,4.1,16,129.0
2024-07-01,EMP0276,CL012,Veterinary Technician,93.6,1.4,0,95.0
2024-07-01,EMP0277,CL012,Veterinarian,143.9,8.1,8,144.0
2024-07-01,EMP0278,CL012,Veterinarian,179.1,14.1,24,169.2
2024-07-01,EMP0279,CL012,Client Service Representative,149.2,0,24,125.2
2024-07-01,EMP0280,CL012,Veterinary Technician,175.3,12.6,8,179.9
2024-07-01,EMP0281,CL012,Veterinarian,177.8,6.3,8,176.1
2024-07-01,EMP0282,CL012,Veterinary Assistant,187.6,0.0,8,179.6
2024-07-01,EMP0283,CL012,Veterinarian,177.2,9.5,8,178.7
2024-07-01,EMP0284,CL012,Client Service Representative,172.8,6.0,16,162.8
2024-07-01,EMP0285,CL012,Veterinarian,174.3,7.4,8,173.7
2024-07-01,EMP0286,CL012,Veterinarian,172.6,3.8,0,176.4
2024-07-01,EMP0287,CL012,Veterinary Assistant,173.2,5.5,16,162.7
2024-07-01,EMP0288,CL012,Veterinary Technician,116.4,4.8,8,113.2
2024-07-01,EMP0289,CL012,Veterinarian,171.1,10.0,16,165.1
2024-07-01,EMP0290,CL012,Client Service Representative,174.8,7.8,24,158.6
2024-07-01,EMP0291,CL012,Veterinarian,157.4,0,0,157.4
2024-07-01,EMP0292,CL012,Veterinary Assistant,145.0,5.6,24,126.6
2024-07-01,EMP0293,CL012,Veterinarian,174.2,9.2,0,183.4
2024-07-01,EMP0294,CL012,Client Service Representative,131.0,4.8,0,135.8
2024-07-01,EMP0295,CL012,Client Service Representative,179.1,6.3,0,185.4
2024-07-01,EMP0296,CL012,Veterinary Technician,164.0,1.5,0,165.5
2024-07-01,EMP0297,CL012,Veterinary Technician,104.6,5.0,24,85.6
2024-07-01,EMP0298,CL012,Veterinarian,175.9,3.1,24,155.0
2024-07-01,EMP0299,CL012,Veterinary Technician,173.8,7.9,8,173.7
2024-07-01,EMP0300,CL012,Veterinarian,181.4,4.2,8,177.6
2024-08-01,EMP0001,CL001,Veterinary Technician,189.3,8.2,8,189.5
2024-08-01,EMP0002,CL001,Practice Manager,101.9,4.7,0,106.6
2024-08-01,EMP0003,CL001,Practice Manager,133.7,8.1,8,133.8
2024-08-01,EMP0004,CL001,Veterinary Technician,126.0,4.3,8,122.3
2024-08-01,EMP0005,CL001,Veterinary Technician,185.7,10.9,0,196.6
2024-08-01,EMP0006,CL001,Veterinary Technician,183.1,13.6,16,180.7
2024-08-01,EMP0007,CL001,Veterinarian,172.5,5.0,0,177.5
2024-08-01,EMP0008,CL001,Veterinarian,177.7,1.5,8,171.2
2024-08-01,EMP0009,CL001,Veterinary Technician,171.8,0.6,24,148.4
2024-08-01,EMP0010,CL001,Veterinarian,166.7,10.1,8,168.8
2024-08-01,EMP0011,CL001,Veterinary Assistant,154.8,0,0,154.8
2024-08-01,EMP0012,CL001,Veterinary Technician,104.9,0.4,24,81.3
2024-08-01,EMP0013,CL001,Veterinary Technician,146.7,0,0,146.7
2024-08-01,EMP0014,CL001,Veterinarian,177.9,0,24,153.9
2024-08-01,EMP0015,CL001,Veterinarian,170.6,7.9,0,178.5
2024-08-01,EMP0016,CL001,Veterinarian,182.3,6.5,8,180.8
2024-08-01,EMP0017,CL001,Veterinary Assistant,127.1,3.3,8,122.4
2024-08-01,EMP0018,CL001,Practice Manager,110.4,1.3,24,87.7
2024-08-01,EMP0019,CL001,Veterinarian,173.7,4.2,16,161.9
2024-08-01,EMP0020,CL001,Veterinarian,175.3,4.1,16,163.4
2024-08-01,EMP0021,CL001,Veterinarian,175.6,7.8,24,159.4
2024-08-01,EMP0022,CL001,Client Service Representative,185.9,2.6,0,188.5
2024-08-01,EMP0023,CL001,Veterinary Technician,139.3,5.9,8,137.2
2024-08-01,EMP0024,CL001,Veterinary Assistant,201.4,4.8,0,206.2
2024-08-01,EMP0025,CL001,Veterinary Technician,177.6,5.0,0,182.6
2024-08-01,EMP0026,CL001,Veterinarian,178.9,3.7,16,166.6
2024-08-01,EMP0027,CL001,Veterinary Assistant,129.1,2.4,8,123.5
2024-08-01,EMP0028,CL001,Veterinary Technician,171.8,6.8,24,154.6
2024-08-01,EMP0029,CL001,Veterinarian,160.2,11.1,0,171.3
2024-08-01,EMP0030,CL002,Kennel Assistant,169.7,0,8,161.7
2024-08-01,EMP0031,CL002,Veterinarian,134.2,7.0,0,141.2
2024-08-01,EMP0032,CL002,Veterinarian,146.4,5.2,0,151.6
2024-08-01,EMP0033,CL002,Veterinarian,121.2,4.6,0,125.8
2024-08-01,EMP0034,CL002,Veterinarian,135.1,8.2,0,143.3
2024-08-01,EMP0035,CL002,Veterinarian,155.0,4.7,16,143.7
2024-08-01,EMP0036,CL002,Client Service Representative,193.9,4.1,16,182.0
2024-08-01,EMP0037,CL002,Veterinarian,140.2,8.3,0,148.5
2024-08-01,EMP0038,CL002,Client Service Representative,172.2,0,0,172.2
2024-08-01,EMP0039,CL002,Veterinary Assistant,168.2,1.2,0,169.4
2024-08-01,EMP0040,CL002,Veterinary Technician,102.4,5.3,24,83.7
2024-08-01,EMP0041,CL002,Veterinarian,169.9,5.0,16,158.9
2024-08-01,EMP0042,CL002,Veterinary Technician,168.7,8.3,8,169.0
2024-08-01,EMP0043,CL002,Veterinary Technician,106.3,11.8,8,110.1
2024-08-01,EMP0044,CL002,Veterinary Assistant,155.3,1.9,8,149.2
2024-08-01,EMP0045,CL002,Veterinarian,172.7,9.4,8,174.1
2024-08-01,EMP0046,CL002,Veterinary Technician,138.8,4.8,0,143.6
2024-08-01,EMP0047,CL002,Veterinary Assistant,178.3,1.9,0,180.2
2024-08-01,EMP0048,CL002,Kennel Assistant,177.3,8.1,16,169.4
2024-08-01,EMP0049,CL002,Client Service Representative,105.8,4.6,24,86.4
2024-08-01,EMP0050,CL002,Practice Manager,177.4,0.4,0,177.8
2024-08-01,EMP0051,CL003,Practice Manager,155.2,0,8,147.2
2024-08-01,EMP0052,CL003,Veterinary Technician,176.0,7.2,0,183.2
2024-08-01,EMP0053,CL003,Kennel Assistant,98.9,7.3,16,90.2
2024-08-01,EMP0054,CL003,Veterinarian,171.1,12.5,0,183.6
2024-08-01,EMP0055,CL003,Veterinary Assistant,132.9,6.7,16,123.6
2024-08-01,EMP0056,CL003,Client Service Representative,179.7,0,16,163.7
2024-08-01,EMP0057,CL003,Veterinarian,145.1,12.8,16,141.9
2024-08-01,EMP0058,CL003,Veterinary Assistant,107.9,5.4,16,97.3
2024-08-01,EMP0059,CL003,Client Service Representative,161.7,0.2,16,145.9
2024-08-01,EMP0060,CL003,Veterinarian,166.2,5.8,8,164.0
2024-08-01,EMP0061,CL003,Kennel Assistant,86.6,9.1,24,71.7
2024-08-01,EMP0062,CL003,Veterinarian,175.2,11.0,0,186.2
2024-08-01,EMP0063,CL003,Veterinary Technician,167.1,6.7,8,165.8
2024-08-01,EMP0064,CL003,Veterinary Technician,171.6,0,8,163.6
2024-08-01,EMP0065,CL003,Veterinarian,165.8,2.5,0,168.3
2024-08-01,EMP0066,CL003,Client Service Representative,185.8,0.8,16,170.6
2024-08-01,EMP0067,CL003,Practice Manager,136.8,0,24,112.8
2024-08-01,EMP0068,CL003,Veterinarian,163.7,7.7,24,147.4
2024-08-01,EMP0069,CL003,Veterinary Assistant,174.3,1.7,8,168.0
2024-08-01,EMP0070,CL003,Veterinarian,161.1,4.3,0,165.4
2024-08-01,EMP0071,CL003,Kennel Assistant,174.3,0.4,0,174.7
2024-08-01,EMP0072,CL003,Veterinarian,142.3,4.9,8,139.2
2024-08-01,EMP0073,CL003,Veterinarian,144.6,3.2,8,139.8
2024-08-01,EMP0074,CL003,Veterinary Technician,166.4,5.0,8,163.4
2024-08-01,EMP0075,CL003,Veterinarian,142.9,5.4,24,124.3
2024-08-01,EMP0076,CL004,Client Service Representative,150.4,10.9,0,161.3
2024-08-01,EMP0077,CL004,Veterinarian,129.4,6.5,8,127.9
2024-08-01,EMP0078,CL004,Veterinarian,177.0,3.2,0,180.2
2024-08-01,EMP0079,CL004,Veterinary Technician,155.1,9.9,16,149.0
2024-08-01,EMP0080,CL004,Veterinarian,171.6,6.1,0,177.7
2024-08-01,EMP0081,CL004,Veterinary Technician,140.2,2.2,0,142.4
2024-08-01,EMP0082,CL004,Veterinarian,155.4,5.2,0,160.6
2024-08-01,EMP0083,CL004,Veterinary Assistant,176.0,0,0,176.0
2024-08-01,EMP0084,CL004,Veterinarian,143.9,7.1,16,135.0
2024-08-01,EMP0085,CL004,Veterinarian,176.1,0.5,24,152.6
2024-08-01,EMP0086,CL004,Veterinary Assistant,166.8,0,16,150.8
2024-08-01,EMP0087,CL004,Veterinary Technician,173.9,3.2,8,169.1
2024-08-01,EMP0088,CL004,Veterinarian,130.0,12.1,0,142.1
2024-08-01,EMP0089,CL004,Veterinarian,170.1,7.5,8,169.6
2024-08-01,EMP0090,CL004,Veterinary Technician,177.5,4.5,8,174.0
2024-08-01,EMP0091,CL004,Veterinarian,173.2,8.8,8,174.0
2024-08-01,EMP0092,CL004,Veterinarian,180.0,5.1,0,185.1
2024-08-01,EMP0093,CL004,Veterinary Technician,110.6,3.5,8,106.1
2024-08-01,EMP0094,CL004,Practice Manager,133.1,3.1,8,128.2
2024-08-01,EMP0095,CL004,Veterinary Assistant,166.5,7.7,16,158.2
2024-08-01,EMP0096,CL004,Veterinary Assistant,166.9,0,0,166.9
2024-08-01,EMP0097,CL004,Veterinarian,169.1,6.6,0,175.7
2024-08-01,EMP0098,CL004,Client Service Representative,166.3,2.3,16,152.6
2024-08-01,EMP0099,CL004,Veterinarian,174.6,0,24,150.6
2024-08-01,EMP0100,CL004,Veterinary Technician,147.7,6.6,0,154.3
2024-08-01,EMP0101,CL004,Veterinary Assistant,108.8,2.7,24,87.5
2024-08-01,EMP0102,CL004,Veterinary Technician,145.8,7.5,0,153.3
2024-08-01,EMP0103,CL004,Practice Manager,98.3,5.5,8,95.8
2024-08-01,EMP0104,CL004,Veterinarian,177.0,6.3,8,175.3
2024-08-01,EMP0105,CL004,Veterinary Technician,172.7,8.3,16,165.0
2024-08-01,EMP0106,CL005,Practice Manager,157.9,1.8,16,143.7
2024-08-01,EMP0107,CL005,Veterinarian,162.2,4.2,8,158.4
2024-08-01,EMP0108,CL005,Client Service Representative,107.0,0,8,99.0
2024-08-01,EMP0109,CL005,Veterinarian,164.4,5.6,0,170.0
2024-08-01,EMP0110,CL005,Veterinary Technician,164.6,6.1,8,162.7
2024-08-01,EMP0111,CL005,Veterinarian,177.8,2.9,0,180.7
2024-08-01,EMP0112,CL005,Veterinary Technician,121.8,1.9,0,123.7
2024-08-01,EMP0113,CL005,Veterinarian,166.0,7.1,16,157.1
2024-08-01,EMP0114,CL005,Veterinary Technician,166.8,10.4,8,169.2
2024-08-01,EMP0115,CL005,Veterinarian,144.5,11.3,8,147.8
2024-08-01,EMP0116,CL005,Veterinary Assistant,172.3,7.8,8,172.1
2024-08-01,EMP0117,CL005,Veterinarian,177.2,2.4,8,171.6
2024-08-01,EMP0118,CL005,Veterinarian,147.8,4.4,0,152.2
2024-08-01,EMP0119,CL005,Veterinarian,167.7,2.5,0,170.2
2024-08-01,EMP0120,CL005,Veterinary Technician,134.2,13.3,24,123.5
2024-08-01,EMP0121,CL005,Veterinary Assistant,144.7,0,16,128.7
2024-08-01,EMP0122,CL005,Veterinarian,136.8,4.0,0,140.8
2024-08-01,EMP0123,CL005,Veterinarian,177.9,9.5,0,187.4
2024-08-01,EMP0124,CL005,Veterinarian,175.5,8.4,0,183.9
2024-08-01,EMP0125,CL005,Veterinary Technician,174.5,6.1,0,180.6
2024-08-01,EMP0126,CL005,Veterinarian,161.7,2.0,16,147.7
2024-08-01,EMP0127,CL005,Veterinary Technician,143.0,0.1,8,135.1
2024-08-01,EMP0128,CL005,Veterinary Technician,90.5,10.9,8,93.4
2024-08-01,EMP0129,CL005,Veterinary Assistant,132.6,0,8,124.6
2024-08-01,EMP0130,CL005,Veterinarian,140.9,3.9,0,144.8
2024-08-01,EMP0131,CL006,Veterinarian,174.6,8.4,8,175.0
2024-08-01,EMP0132,CL006,Veterinarian,169.3,0.7,0,170.0
2024-08-01,EMP0133,CL006,Veterinarian,173.0,8.2,16,165.2
2024-08-01,EMP0134,CL006,Veterinarian,182.9,1.1,16,168.0
2024-08-01,EMP0135,CL006,Veterinarian,154.1,0,8,146.1
2024-08-01,EMP0136,CL006,Veterinary Technician,166.8,12.3,16,163.1
2024-08-01,EMP0137,CL006,Client Service Representative,141.4,8.8,16,134.2
2024-08-01,EMP0138,CL006,Kennel Assistant,182.8,7.2,0,190.0
2024-08-01,EMP0139,CL006,Veterinary Technician,136.6,12.8,16,133.4
2024-08-01,EMP0140,CL006,Veterinarian,183.4,3.4,16,170.8
2024-08-01,EMP0141,CL006,Practice Manager,142.0,2.7,0,144.7
2024-08-01,EMP0142,CL006,Veterinary Technician,177.2,6.3,16,167.5
2024-08-01,EMP0143,CL006,Veterinary Technician,95.6,4.6,8,92.2
2024-08-01,EMP0144,CL006,Veterinarian,132.7,0,16,116.7
2024-08-01,EMP0145,CL006,Veterinary Technician,163.4,6.0,0,169.4
2024-08-01,EMP0146,CL006,Veterinarian,132.5,7.6,16,124.1
2024-08-01,EMP0147,CL006,Veterinary Technician,160.9,0.6,0,161.5
2024-08-01,EMP0148,CL006,Client Service Representative,165.6,0,16,149.6
2024-08-01,EMP0149,CL006,Veterinarian,149.8,9.2,8,151.0
2024-08-01,EMP0150,CL006,Veterinarian,160.8,2.9,0,163.7
2024-08-01,EMP0151,CL007,Veterinary Technician,102.6,7.3,0,109.9
2024-08-01,EMP0152,CL007,Veterinary Technician,138.2,6.0,0,144.2
2024-08-01,EMP0153,CL007,Veterinary Technician,136.9,7.2,8,136.1
2024-08-01,EMP0154,CL007,Veterinary Technician,169.7,4.8,0,174.5
2024-08-01,EMP0155,CL007,Veterinary Assistant,164.3,2.6,24,142.9
2024-08-01,EMP0156,CL007,Practice Manager,175.3,1.0,8,168.3
2024-08-01,EMP0157,CL007,Veterinarian,179.5,4.3,0,183.8
2024-08-01,EMP0158,CL007,Client Service Representative,111.4,2.7,16,98.1
2024-08-01,EMP0159,CL007,Veterinary Technician,167.0,0,24,143.0
2024-08-01,EMP0160,CL007,Veterinarian,142.3,3.6,0,145.9
2024-08-01,EMP0161,CL007,Veterinary Technician,93.8,2.4,8,88.2
2024-08-01,EMP0162,CL007,Veterinarian,176.4,7.3,24,159.7
2024-08-01,EMP0163,CL007,Veterinarian,169.3,11.8,0,181.1
2024-08-01,EMP0164,CL007,Veterinarian,175.5,4.9,0,180.4
2024-08-01,EMP0165,CL007,Veterinarian,176.9,5.0,0,181.9
2024-08-01,EMP0166,CL007,Client Service Representative,171.6,3.5,0,175.1
2024-08-01,EMP0167,CL007,Veterinary Assistant,106.6,0,8,98.6
2024-08-01,EMP0168,CL007,Veterinary Technician,141.8,0.9,16,126.7
2024-08-01,EMP0169,CL007,Practice Manager,175.6,1.0,0,176.6
2024-08-01,EMP0170,CL007,Veterinarian,180.2,10.6,24,166.8
2024-08-01,EMP0171,CL007,Veterinary Technician,114.1,3.9,16,102.0
2024-08-01,EMP0172,CL007,Veterinary Technician,174.8,4.4,16,163.2
2024-08-01,EMP0173,CL007,Veterinary Assistant,161.3,3.2,24,140.5
2024-08-01,EMP0174,CL007,Veterinarian,176.1,9.1,16,169.2
2024-08-01,EMP0175,CL008,Veterinarian,175.7,7.9,8,175.6
2024-08-01,EMP0176,CL008,Client Service Representative,106.7,1.9,0,108.6
2024-08-01,EMP0177,CL008,Client Service Representative,173.7,0,24,149.7
2024-08-01,EMP0178,CL008,Practice Manager,184.1,3.8,8,179.9
2024-08-01,EMP0179,CL008,Veterinary Assistant,173.5,0,8,165.5
2024-08-01,EMP0180,CL008,Kennel Assistant,176.0,2.9,0,178.9
2024-08-01,EMP0181,CL008,Veterinarian,162.1,6.7,16,152.8
2024-08-01,EMP0182,CL008,Veterinarian,183.3,7.2,16,174.5
2024-08-01,EMP0183,CL008,Veterinary Assistant,175.5,0,0,175.5
2024-08-01,EMP0184,CL008,Veterinary Assistant,180.7,4.8,24,161.5
2024-08-01,EMP0185,CL008,Kennel Assistant,139.8,0,24,115.8
2024-08-01,EMP0186,CL008,Veterinarian,192.5,1.0,8,185.5
2024-08-01,EMP0187,CL008,Kennel Assistant,180.9,0,16,164.9
2024-08-01,EMP0188,CL008,Veterinary Technician,176.1,1.6,8,169.7
2024-08-01,EMP0189,CL008,Veterinary Technician,167.0,0,0,167.0
2024-08-01,EMP0190,CL008,Veterinarian,179.6,4.6,0,184.2
2024-08-01,EMP0191,CL008,Veterinarian,170.0,3.5,8,165.5
2024-08-01,EMP0192,CL008,Kennel Assistant,138.9,0,8,130.9
2024-08-01,EMP0193,CL008,Veterinarian,133.7,0,0,133.7
2024-08-01,EMP0194,CL008,Veterinarian,177.5,10.5,16,172.0
2024-08-01,EMP0195,CL008,Veterinarian,171.3,5.4,8,168.7
2024-08-01,EMP0196,CL008,Client Service Representative,139.7,1.0,0,140.7
2024-08-01,EMP0197,CL008,Practice Manager,178.0,0,0,178.0
2024-08-01,EMP0198,CL009,Veterinarian,169.6,5.8,0,175.4
2024-08-01,EMP0199,CL009,Veterinary Assistant,165.8,4.7,8,162.5
2024-08-01,EMP0200,CL009,Kennel Assistant,181.3,7.4,0,188.7
2024-08-01,EMP0201,CL009,Veterinarian,172.2,5.5,0,177.7
2024-08-01,EMP0202,CL009,Veterinary Technician,97.3,4.6,16,85.9
2024-08-01,EMP0203,CL009,Veterinarian,133.1,4.2,8,129.3
2024-08-01,EMP0204,CL009,Veterinary Technician,100.2,6.0,0,106.2
2024-08-01,EMP0205,CL009,Veterinarian,163.0,3.4,16,150.4
2024-08-01,EMP0206,CL009,Veterinarian,173.4,4.0,0,177.4
2024-08-01,EMP0207,CL009,Veterinarian,174.3,8.1,16,166.4
2024-08-01,EMP0208,CL009,Veterinarian,127.6,0,8,119.6
2024-08-01,EMP0209,CL009,Veterinarian,168.3,0,0,168.3
2024-08-01,EMP0210,CL009,Veterinarian,182.7,7.5,8,182.2
2024-08-01,EMP0211,CL009,Practice Manager,160.9,2.5,16,147.4
2024-08-01,EMP0212,CL009,Veterinary Technician,170.1,3.7,24,149.8
2024-08-01,EMP0213,CL009,Veterinary Assistant,170.7,3.8,8,166.5
2024-08-01,EMP0214,CL009,Veterinarian,163.7,3.8,24,143.5
2024-08-01,EMP0215,CL009,Veterinarian,127.0,0,24,103.0
2024-08-01,EMP0216,CL009,Client Service Representative,92.3,2.8,0,95.1
2024-08-01,EMP0217,CL009,Client Service Representative,167.3,3.5,0,170.8
2024-08-01,EMP0218,CL009,Veterinarian,139.2,0,0,139.2
2024-08-01,EMP0219,CL009,Practice Manager,102.5,0,0,102.5
2024-08-01,EMP0220,CL009,Veterinary Technician,100.8,5.1,8,97.9
2024-08-01,EMP0221,CL009,Veterinary Technician,183.0,6.9,0,189.9
2024-08-01,EMP0222,CL010,Veterinary Assistant,100.2,8.0,16,92.2
2024-08-01,EMP0223,CL010,Veterinarian,170.4,2.0,8,164.4
2024-08-01,EMP0224,CL010,Veterinary Assistant,100.4,3.4,0,103.8
2024-08-01,EMP0225,CL010,Veterinary Assistant,144.5,7.7,24,128.2
2024-08-01,EMP0226,CL010,Veterinarian,182.5,2.5,24,161.0
2024-08-01,EMP0227,CL010,Veterinarian,162.9,5.1,0,168.0
2024-08-01,EMP0228,CL010,Veterinary Assistant,0,4.4,16,0
2024-08-01,EMP0229,CL010,Veterinarian,163.7,6.7,24,146.4
2024-08-01,EMP0230,CL010,Veterinarian,135.5,10.4,0,145.9
2024-08-01,EMP0231,CL010,Veterinary Technician,168.9,6.9,16,159.8
2024-08-01,EMP0232,CL010,Practice Manager,167.2,1.2,8,160.4
2024-08-01,EMP0233,CL010,Veterinary Technician,169.5,4.7,0,174.2
2024-08-01,EMP0234,CL010,Client Service Representative,167.2,4.3,24,147.5
2024-08-01,EMP0235,CL010,Veterinarian,174.6,3.9,16,162.5
2024-08-01,EMP0236,CL010,Veterinarian,189.9,0,8,181.9
2024-08-01,EMP0237,CL010,Veterinary Technician,167.6,1.0,16,152.6
2024-08-01,EMP0238,CL010,Veterinarian,180.1,4.7,0,184.8
2024-08-01,EMP0239,CL010,Veterinary Assistant,160.8,6.6,0,167.4
2024-08-01,EMP0240,CL010,Veterinary Technician,180.1,5.8,24,161.9
2024-08-01,EMP0241,CL010,Veterinary Technician,95.3,2.9,16,82.2
2024-08-01,EMP0242,CL010,Practice Manager,137.2,5.5,0,142.7
2024-08-01,EMP0243,CL010,Veterinary Technician,167.4,5.5,8,164.9
2024-08-01,EMP0244,CL010,Client Service Representative,172.7,0,0,172.7
2024-08-01,EMP0245,CL010,Practice Manager,178.6,6.2,8,176.8
2024-08-01,EMP0246,CL011,Veterinary Technician,138.1,0,0,138.1
2024-08-01,EMP0247,CL011,Veterinarian,186.8,0,24,162.8
2024-08-01,EMP0248,CL011,Client Service Representative,177.1,3.3,8,172.4
2024-08-01,EMP0249,CL011,Practice Manager,98.0,0,0,98.0
2024-08-01,EMP0250,CL011,Veterinarian,189.0,8.1,8,189.1
2024-08-01,EMP0251,CL011,Veterinarian,131.2,4.8,8,128.0
2024-08-01,EMP0252,CL011,Veterinary Technician,187.2,0,16,171.2
2024-08-01,EMP0253,CL011,Client Service Representative,142.6,8.5,8,143.1
2024-08-01,EMP0254,CL011,Veterinarian,174.3,0,8,166.3
2024-08-01,EMP0255,CL011,Veterinarian,164.0,6.2,16,154.2
2024-08-01,EMP0256,CL011,Veterinarian,136.3,9.1,0,145.4
2024-08-01,EMP0257,CL011,Veterinarian,170.0,5.2,8,167.2
2024-08-01,EMP0258,CL011,Veterinary Assistant,100.2,0,8,92.2
2024-08-01,EMP0259,CL011,Practice Manager,169.0,3.9,0,172.9
2024-08-01,EMP0260,CL011,Veterinarian,139.9,11.5,0,151.4
2024-08-01,EMP0261,CL011,Client Service Representative,159.9,0,0,159.9
2024-08-01,EMP0262,CL011,Veterinarian,164.5,5.4,24,145.9
2024-08-01,EMP0263,CL011,Veterinarian,174.5,8.3,8,174.8
2024-08-01,EMP0264,CL011,Veterinarian,171.8,0.6,0,172.4
2024-08-01,EMP0265,CL011,Veterinary Assistant,104.3,3.8,0,108.1
2024-08-01,EMP0266,CL011,Veterinarian,169.0,5.6,8,166.6
2024-08-01,EMP0267,CL012,Client Service Representative,109.3,3.7,8,105.0
2024-08-01,EMP0268,CL012,Veterinary Technician,173.2,0.6,8,165.8
2024-08-01,EMP0269,CL012,Practice Manager,170.9,0,8,162.9
2024-08-01,EMP0270,CL012,Client Service Representative,144.4,0,16,128.4
2024-08-01,EMP0271,CL012,Veterinary Technician,177.7,5.0,0,182.7
2024-08-01,EMP0272,CL012,Practice Manager,144.9,1.6,0,146.5
2024-08-01,EMP0273,CL012,Veterinary Technician,184.7,5.4,0,190.1
2024-08-01,EMP0274,CL012,Veterinarian,141.5,5.6,0,147.1
2024-08-01,EMP0275,CL012,Veterinary Technician,135.5,0,8,127.5
2024-08-01,EMP0276,CL012,Veterinary Technician,89.2,3.3,0,92.5
2024-08-01,EMP0277,CL012,Veterinarian,133.5,6.8,8,132.3
2024-08-01,EMP0278,CL012,Veterinarian,168.8,1.1,16,153.9
2024-08-01,EMP0279,CL012,Client Service Representative,138.4,2.9,0,141.3
2024-08-01,EMP0280,CL012,Veterinary Technician,174.8,3.9,0,178.7
2024-08-01,EMP0281,CL012,Veterinarian,169.8,0,0,169.8
2024-08-01,EMP0282,CL012,Veterinary Assistant,164.8,5.4,8,162.2
2024-08-01,EMP0283,CL012,Veterinarian,178.6,0,8,170.6
2024-08-01,EMP0284,CL012,Client Service Representative,188.4,9.6,0,198.0
2024-08-01,EMP0285,CL012,Veterinarian,166.2,15.8,24,158.0
2024-08-01,EMP0286,CL012,Veterinarian,165.2,11.9,8,169.1
2024-08-01,EMP0287,CL012,Veterinary Assistant,173.3,8.2,8,173.5
2024-08-01,EMP0288,CL012,Veterinary Technician,93.8,8.0,24,77.8
2024-08-01,EMP0289,CL012,Veterinarian,166.4,0,0,166.4
2024-08-01,EMP0290,CL012,Client Service Representative,182.9,0,16,166.9
2024-08-01,EMP0291,CL012,Veterinarian,166.6,8.8,16,159.4
2024-08-01,EMP0292,CL012,Veterinary Assistant,125.1,4.8,0,129.9
2024-08-01,EMP0293,CL012,Veterinarian,164.4,2.3,16,150.7
2024-08-01,EMP0294,CL012,Client Service Representative,135.1,11.8,24,122.9
2024-08-01,EMP0295,CL012,Client Service Representative,181.8,0,0,181.8
2024-08-01,EMP0296,CL012,Veterinary Technician,172.8,0,8,164.8
2024-08-01,EMP0297,CL012,Veterinary Technician,96.2,12.8,0,109.0
2024-08-01,EMP0298,CL012,Veterinarian,165.6,8.5,16,158.1
2024-08-01,EMP0299,CL012,Veterinary Technician,176.0,0,0,176.0
2024-08-01,EMP0300,CL012,Veterinarian,162.9,3.4,0,166.3
2024-09-01,EMP0001,CL001,Veterinary Technician,167.3,5.4,24,148.7
2024-09-01,EMP0002,CL001,Practice Manager,109.3,4.5,16,97.8
2024-09-01,EMP0003,CL001,Practice Manager,125.3,2.2,8,119.5
2024-09-01,EMP0004,CL001,Veterinary Technician,149.6,6.3,16,139.9
2024-09-01,EMP0005,CL001,Veterinary Technician,170.4,6.9,0,177.3
2024-09-01,EMP0006,CL001,Veterinary Technician,177.6,0,8,169.6
2024-09-01,EMP0007,CL001,Veterinarian,168.7,9.3,8,170.0
2024-09-01,EMP0008,CL001,Veterinarian,161.7,7.5,24,145.2
2024-09-01,EMP0009,CL001,Veterinary Technician,187.5,11.1,0,198.6
2024-09-01,EMP0010,CL001,Veterinarian,169.8,3.3,8,165.1
2024-09-01,EMP0011,CL001,Veterinary Assistant,170.6,0,8,162.6
2024-09-01,EMP0012,CL001,Veterinary Technician,99.6,6.4,0,106.0
2024-09-01,EMP0013,CL001,Veterinary Technician,123.7,9.5,0,133.2
2024-09-01,EMP0014,CL001,Veterinarian,183.7,8.4,16,176.1
2024-09-01,EMP0015,CL001,Veterinarian,168.1,0.6,0,168.7
2024-09-01,EMP0016,CL001,Veterinarian,164.5,10.4,0,174.9
2024-09-01,EMP0017,CL001,Veterinary Assistant,135.2,2.2,24,113.4
2024-09-01,EMP0018,CL001,Practice Manager,93.9,0,0,93.9
2024-09-01,EMP0019,CL001,Veterinarian,182.6,2.0,0,184.6
2024-09-01,EMP0020,CL001,Veterinarian,173.2,11.6,0,184.8
2024-09-01,EMP0021,CL001,Veterinarian,159.0,7.9,0,166.9
2024-09-01,EMP0022,CL001,Client Service Representative,175.9,0,0,175.9
2024-09-01,EMP0023,CL001,Veterinary Technician,137.0,2.7,0,139.7
2024-09-01,EMP0024,CL001,Veterinary Assistant,172.1,4.2,0,176.3
2024-09-01,EMP0025,CL001,Veterinary Technician,179.5,0,0,179.5
2024-09-01,EMP0026,CL001,Veterinarian,173.9,0,8,165.9
2024-09-01,EMP0027,CL001,Veterinary Assistant,135.5,0,8,127.5
2024-09-01,EMP0028,CL001,Veterinary Technician,176.4,2.5,0,178.9
2024-09-01,EMP0029,CL001,Veterinarian,181.4,2.1,8,175.5
2024-09-01,EMP0030,CL002,Kennel Assistant,167.9,5.7,16,157.6
2024-09-01,EMP0031,CL002,Veterinarian,141.5,4.0,0,145.5
2024-09-01,EMP0032,CL002,Veterinarian,144.5,0.1,0,144.6
2024-09-01,EMP0033,CL002,Veterinarian,137.0,7.0,0,144.0
2024-09-01,EMP0034,CL002,Veterinarian,144.3,12.6,16,140.9
2024-09-01,EMP0035,CL002,Veterinarian,175.8,4.5,16,164.3
2024-09-01,EMP0036,CL002,Client Service Representative,165.7,6.9,8,164.6
2024-09-01,EMP0037,CL002,Veterinarian,140.5,17.3,0,157.8
2024-09-01,EMP0038,CL002,Client Service Representative,173.0,5.7,16,162.7
2024-09-01,EMP0039,CL002,Veterinary Assistant,183.7,0,0,183.7
2024-09-01,EMP0040,CL002,Veterinary Technician,103.6,0,8,95.6
2024-09-01,EMP0041,CL002,Veterinarian,180.5,7.6,0,188.1
2024-09-01,EMP0042,CL002,Veterinary Technician,171.2,5.6,24,152.8
2024-09-01,EMP0043,CL002,Veterinary Technician,103.0,0,16,87.0
2024-09-01,EMP0044,CL002,Veterinary Assistant,146.8,0,0,146.8
2024-09-01,EMP0045,CL002,Veterinarian,158.8,3.4,24,138.2
2024-09-01,EMP0046,CL002,Veterinary Technician,144.4,9.0,8,145.4
2024-09-01,EMP0047,CL002,Veterinary Assistant,171.0,5.3,8,168.3
2024-09-01,EMP0048,CL002,Kennel Assistant,174.3,0.4,0,174.7
2024-09-01,EMP0049,CL002,Client Service Representative,94.7,2.4,24,73.1
2024-09-01,EMP0050,CL002,Practice Manager,178.2,0,0,178.2
2024-09-01,EMP0051,CL003,Practice Manager,167.7,4.2,0,171.9
2024-09-01,EMP0052,CL003,Veterinary Technician,168.3,4.9,0,173.2
2024-09-01,EMP0053,CL003,Kennel Assistant,109.9,0,0,109.9
2024-09-01,EMP0054,CL003,Veterinarian,175.8,5.8,0,181.6
2024-09-01,EMP0055,CL003,Veterinary Assistant,136.2,0,16,120.2
2024-09-01,EMP0056,CL003,Client Service Representative,166.9,4.7,0,171.6
2024-09-01,EMP0057,CL003,Veterinarian,155.7,1.7,0,157.4
2024-09-01,EMP0058,CL003,Veterinary Assistant,94.9,8.6,24,79.5
2024-09-01,EMP0059,CL003,Client Service Representative,159.4,0,16,143.4
2024-09-01,EMP0060,CL003,Veterinarian,167.5,15.2,8,174.7
2024-09-01,EMP0061,CL003,Kennel Assistant,117.6,7.2,8,116.8
2024-09-01,EMP0062,CL003,Veterinarian,173.6,7.0,16,164.6
2024-09-01,EMP0063,CL003,Veterinary Technician,178.6,5.3,0,183.9
2024-09-01,EMP0064,CL003,Veterinary Technician,179.7,1.3,0,181.0
2024-09-01,EMP0065,CL003,Veterinarian,175.8,1.6,8,169.4
2024-09-01,EMP0066,CL003,Client Service Representative,169.4,7.6,16,161.0
2024-09-01,EMP0067,CL003,Practice Manager,128.7,0,0,128.7
2024-09-01,EMP0068,CL003,Veterinarian,169.3,4.0,0,173.3
2024-09-01,EMP0069,CL003,Veterinary Assistant,180.4,4.7,0,185.1
2024-09-01,EMP0070,CL003,Veterinarian,183.2,9.1,24,168.3
2024-09-01,EMP0071,CL003,Kennel Assistant,174.8,4.7,0,179.5
2024-09-01,EMP0072,CL003,Veterinarian,143.7,9.2,8,144.9
2024-09-01,EMP0073,CL003,Veterinarian,145.9,1.9,8,139.8
2024-09-01,EMP0074,CL003,Veterinary Technician,173.8,0,16,157.8
2024-09-01,EMP0075,CL003,Veterinarian,129.0,3.0,0,132.0
2024-09-01,EMP0076,CL004,Client Service Representative,185.3,9.0,8,186.3
2024-09-01,EMP0077,CL004,Veterinarian,148.1,7.0,8,147.1
2024-09-01,EMP0078,CL004,Veterinarian,184.8,6.1,0,190.9
2024-09-01,EMP0079,CL004,Veterinary Technician,175.9,11.3,0,187.2
2024-09-01,EMP0080,CL004,Veterinarian,174.1,6.6,0,180.7
2024-09-01,EMP0081,CL004,Veterinary Technician,151.5,4.6,0,156.1
2024-09-01,EMP0082,CL004,Veterinarian,158.4,8.2,16,150.6
2024-09-01,EMP0083,CL004,Veterinary Assistant,180.2,0,24,156.2
2024-09-01,EMP0084,CL004,Veterinarian,136.7,19.7,8,148.4
2024-09-01,EMP0085,CL004,Veterinarian,178.1,10.9,0,189.0
2024-09-01,EMP0086,CL004,Veterinary Assistant,169.9,5.7,0,175.6
2024-09-01,EMP0087,CL004,Veterinary Technician,186.0,7.0,0,193.0
2024-09-01,EMP0088,CL004,Veterinarian,142.4,12.1,24,130.5
2024-09-01,EMP0089,CL004,Veterinarian,171.7,3.2,0,174.9
2024-09-01,EMP0090,CL004,Veterinary Technician,180.8,3.0,8,175.8
2024-09-01,EMP0091,CL004,Veterinarian,170.3,9.1,8,171.4
2024-09-01,EMP0092,CL004,Veterinarian,171.4,0,0,171.4
2024-09-01,EMP0093,CL004,Veterinary Technician,111.1,1.3,0,112.4
2024-09-01,EMP0094,CL004,Practice Manager,138.4,5.1,0,143.5
2024-09-01,EMP0095,CL004,Veterinary Assistant,178.9,0,0,178.9
2024-09-01,EMP0096,CL004,Veterinary Assistant,173.9,2.4,8,168.3
2024-09-01,EMP0097,CL004,Veterinarian,165.6,10.6,8,168.2
2024-09-01,EMP0098,CL004,Client Service Representative,165.1,1.0,8,158.1
2024-09-01,EMP0099,CL004,Veterinarian,175.9,3.6,0,179.5
2024-09-01,EMP0100,CL004,Veterinary Technician,130.4,5.5,8,127.9
2024-09-01,EMP0101,CL004,Veterinary Assistant,102.8,0,0,102.8
2024-09-01,EMP0102,CL004,Veterinary Technician,139.8,2.3,0,142.1
2024-09-01,EMP0103,CL004,Practice Manager,104.1,3.2,24,83.3
2024-09-01,EMP0104,CL004,Veterinarian,167.9,5.6,8,165.5
2024-09-01,EMP0105,CL004,Veterinary Technician,175.3,13.0,0,188.3
2024-09-01,EMP0106,CL005,Practice Manager,173.1,0.2,16,157.3
2024-09-01,EMP0107,CL005,Veterinarian,178.8,2.4,24,157.2
2024-09-01,EMP0108,CL005,Client Service Representative,109.5,0,0,109.5
2024-09-01,EMP0109,CL005,Veterinarian,160.3,6.6,16,150.9
2024-09-01,EMP0110,CL005,Veterinary Technician,176.7,5.5,24,158.2
2024-09-01,EMP0111,CL005,Veterinarian,180.8,8.9,8,181.7
2024-09-01,EMP0112,CL005,Veterinary Technician,102.1,7.5,8,101.6
2024-09-01,EMP0113,CL005,Veterinarian,193.9,2.5,0,196.4
2024-09-01,EMP0114,CL005,Veterinary Technician,179.2,6.6,0,185.8
2024-09-01,EMP0115,CL005,Veterinarian,150.7,5.7,8,148.4
2024-09-01,EMP0116,CL005,Veterinary Assistant,169.6,0,8,161.6
2024-09-01,EMP0117,CL005,Veterinarian,172.3,10.9,8,175.2
2024-09-01,EMP0118,CL005,Veterinarian,129.7,3.2,0,132.9
2024-09-01,EMP0119,CL005,Veterinarian,190.4,7.0,8,189.4
2024-09-01,EMP0120,CL005,Veterinary Technician,130.3,1.9,0,132.2
2024-09-01,EMP0121,CL005,Veterinary Assistant,128.0,7.7,0,135.7
2024-09-01,EMP0122,CL005,Veterinarian,132.5,6.6,0,139.1
2024-09-01,EMP0123,CL005,Veterinarian,171.7,5.7,8,169.4
2024-09-01,EMP0124,CL005,Veterinarian,175.5,11.8,24,163.3
2024-09-01,EMP0125,CL005,Veterinary Technician,176.3,8.3,24,160.6
2024-09-01,EMP0126,CL005,Veterinarian,176.0,0,8,168.0
2024-09-01,EMP0127,CL005,Veterinary Technician,140.9,12.0,16,136.9
2024-09-01,EMP0128,CL005,Veterinary Technician,104.7,8.6,0,113.3
2024-09-01,EMP0129,CL005,Veterinary Assistant,137.0,4.3,0,141.3
2024-09-01,EMP0130,CL005,Veterinarian,140.2,7.9,0,148.1
2024-09-01,EMP0131,CL006,Veterinarian,179.4,2.8,0,182.2
2024-09-01,EMP0132,CL006,Veterinarian,188.2,0,0,188.2
2024-09-01,EMP0133,CL006,Veterinarian,164.1,9.0,0,173.1
2024-09-01,EMP0134,CL006,Veterinarian,159.5,0,0,159.5
2024-09-01,EMP0135,CL006,Veterinarian,138.4,1.8,8,132.2
2024-09-01,EMP0136,CL006,Veterinary Technician,179.7,3.8,0,183.5
2024-09-01,EMP0137,CL006,Client Service Representative,145.9,1.0,0,146.9
2024-09-01,EMP0138,CL006,Kennel Assistant,173.0,6.2,24,155.2
2024-09-01,EMP0139,CL006,Veterinary Technician,147.7,0,0,147.7
2024-09-01,EMP0140,CL006,Veterinarian,164.6,0,0,164.6
2024-09-01,EMP0141,CL006,Practice Manager,140.5,4.2,16,128.7
2024-09-01,EMP0142,CL006,Veterinary Technician,173.3,9.4,0,182.7
2024-09-01,EMP0143,CL006,Veterinary Technician,96.7,4.6,24,77.3
2024-09-01,EMP0144,CL006,Veterinarian,133.8,2.2,0,136.0
2024-09-01,EMP0145,CL006,Veterinary Technician,168.5,15.4,0,183.9
2024-09-01,EMP0146,CL006,Veterinarian,148.7,7.8,16,140.5
2024-09-01,EMP0147,CL006,Veterinary Technician,195.8,15.5,0,211.3
2024-09-01,EMP0148,CL006,Client Service Representative,169.7,0,8,161.7
2024-09-01,EMP0149,CL006,Veterinarian,150.6,8.2,0,158.8
2024-09-01,EMP0150,CL006,Veterinarian,173.7,4.0,24,153.7
2024-09-01,EMP0151,CL007,Veterinary Technician,109.9,4.1,0,114.0
2024-09-01,EMP0152,CL007,Veterinary Technician,136.4,6.7,0,143.1
2024-09-01,EMP0153,CL007,Veterinary Technician,134.8,1.5,24,112.3
2024-09-01,EMP0154,CL007,Veterinary Technician,173.1,1.4,0,174.5
2024-09-01,EMP0155,CL007,Veterinary Assistant,170.3,0,8,162.3
2024-09-01,EMP0156,CL007,Practice Manager,174.7,0,24,150.7
2024-09-01,EMP0157,CL007,Veterinarian,185.0,3.1,0,188.1
2024-09-01,EMP0158,CL007,Client Service Representative,98.1,3.9,0,102.0
2024-09-01,EMP0159,CL007,Veterinary Technician,174.0,7.9,0,181.9
2024-09-01,EMP0160,CL007,Veterinarian,140.0,5.9,0,145.9
2024-09-01,EMP0161,CL007,Veterinary Technician,99.7,5.6,24,81.3
2024-09-01,EMP0162,CL007,Veterinarian,167.4,6.4,24,149.8
2024-09-01,EMP0163,CL007,Veterinarian,179.3,5.5,8,176.8
2024-09-01,EMP0164,CL007,Veterinarian,165.0,5.8,0,170.8
2024-09-01,EMP0165,CL007,Veterinarian,172.9,4.3,8,169.2
2024-09-01,EMP0166,CL007,Client Service Representative,177.8,4.4,24,158.2
2024-09-01,EMP0167,CL007,Veterinary Assistant,109.0,5.3,16,98.3
2024-09-01,EMP0168,CL007,Veterinary Technician,139.9,6.0,0,145.9
2024-09-01,EMP0169,CL007,Practice Manager,176.8,0,0,176.8
2024-09-01,EMP0170,CL007,Veterinarian,186.1,5.1,0,191.2
2024-09-01,EMP0171,CL007,Veterinary Technician,106.9,3.0,0,109.9
2024-09-01,EMP0172,CL007,Veterinary Technician,169.1,0.1,0,169.2
2024-09-01,EMP0173,CL007,Veterinary Assistant,166.4,1.6,8,160.0
2024-09-01,EMP0174,CL007,Veterinarian,174.5,1.8,24,152.3
2024-09-01,EMP0175,CL008,Veterinarian,166.1,4.6,24,146.7
2024-09-01,EMP0176,CL008,Client Service Representative,102.4,3.4,0,105.8
2024-09-01,EMP0177,CL008,Client Service Representative,175.5,3.9,24,155.4
2024-09-01,EMP0178,CL008,Practice Manager,171.5,4.0,16,159.5
2024-09-01,EMP0179,CL008,Veterinary Assistant,171.9,0,0,171.9
2024-09-01,EMP0180,CL008,Kennel Assistant,163.4,1.5,0,164.9
2024-09-01,EMP0181,CL008,Veterinarian,176.0,8.6,8,176.6
2024-09-01,EMP0182,CL008,Veterinarian,169.6,9.5,8,171.1
2024-09-01,EMP0183,CL008,Veterinary Assistant,153.5,9.2,0,162.7
2024-09-01,EMP0184,CL008,Veterinary Assistant,171.5,0.2,0,171.7
2024-09-01,EMP0185,CL008,Kennel Assistant,137.0,0,24,113.0
2024-09-01,EMP0186,CL008,Veterinarian,170.3,2.4,8,164.7
2024-09-01,EMP0187,CL008,Kennel Assistant,153.0,3.0,8,148.0
2024-09-01,EMP0188,CL008,Veterinary Technician,177.3,8.3,0,185.6
2024-09-01,EMP0189,CL008,Veterinary Technician,176.6,4.0,8,172.6
2024-09-01,EMP0190,CL008,Veterinarian,167.0,0,0,167.0
2024-09-01,EMP0191,CL008,Veterinarian,180.6,7.1,16,171.7
2024-09-01,EMP0192,CL008,Kennel Assistant,146.2,0,0,146.2
2024-09-01,EMP0193,CL008,Veterinarian,141.4,5.0,0,146.4
2024-09-01,EMP0194,CL008,Veterinarian,177.9,1.2,0,179.1
2024-09-01,EMP0195,CL008,Veterinarian,152.1,0,0,152.1
2024-09-01,EMP0196,CL008,Client Service Representative,145.8,0,8,137.8
2024-09-01,EMP0197,CL008,Practice Manager,180.0,7.2,16,171.2
2024-09-01,EMP0198,CL009,Veterinarian,183.2,4.4,16,171.6
2024-09-01,EMP0199,CL009,Veterinary Assistant,182.7,9.0,0,191.7
2024-09-01,EMP0200,CL009,Kennel Assistant,173.4,3.6,24,153.0
2024-09-01,EMP0201,CL009,Veterinarian,179.0,9.4,0,188.4
2024-09-01,EMP0202,CL009,Veterinary Technician,105.9,11.7,0,117.6
2024-09-01,EMP0203,CL009,Veterinarian,150.6,0,16,134.6
2024-09-01,EMP0204,CL009,Veterinary Technician,103.4,5.1,0,108.5
2024-09-01,EMP0205,CL009,Veterinarian,184.2,2.5,16,170.7
2024-09-01,EMP0206,CL009,Veterinarian,166.0,1.8,0,167.8
2024-09-01,EMP0207,CL009,Veterinarian,174.7,0.8,0,175.5
2024-09-01,EMP0208,CL009,Veterinarian,132.5,0.4,0,132.9
2024-09-01,EMP0209,CL009,Veterinarian,177.9,6.7,0,184.6
2024-09-01,EMP0210,CL009,Veterinarian,170.8,5.7,8,168.5
2024-09-01,EMP0211,CL009,Practice Manager,168.5,7.1,0,175.6
2024-09-01,EMP0212,CL009,Veterinary Technician,162.2,2.8,24,141.0
2024-09-01,EMP0213,CL009,Veterinary Assistant,182.6,1.8,16,168.4
2024-09-01,EMP0214,CL009,Veterinarian,179.7,5.8,8,177.5
2024-09-01,EMP0215,CL009,Veterinarian,136.1,7.2,8,135.3
2024-09-01,EMP0216,CL009,Client Service Representative,89.8,0.8,0,90.6
2024-09-01,EMP0217,CL009,Client Service Representative,160.2,0.1,0,160.3
2024-09-01,EMP0218,CL009,Veterinarian,132.7,4.4,0,137.1
2024-09-01,EMP0219,CL009,Practice Manager,102.1,0,0,102.1
2024-09-01,EMP0220,CL009,Veterinary Technician,110.4,8.6,16,103.0
2024-09-01,EMP0221,CL009,Veterinary Technician,168.4,5.7,16,158.1
2024-09-01,EMP0222,CL010,Veterinary Assistant,104.7,4.3,8,101.0
2024-09-01,EMP0223,CL010,Veterinarian,174.6,14.0,0,188.6
2024-09-01,EMP0224,CL010,Veterinary Assistant,112.3,3.1,8,107.4
2024-09-01,EMP0225,CL010,Veterinary Assistant,157.1,0,8,149.1
2024-09-01,EMP0226,CL010,Veterinarian,169.3,3.2,8,164.5
2024-09-01,EMP0227,CL010,Veterinarian,171.3,0,0,171.3
2024-09-01,EMP0228,CL010,Veterinary Assistant,173.9,7.8,0,181.7
2024-09-01,EMP0229,CL010,Veterinarian,183.3,3.7,0,187.0
2024-09-01,EMP0230,CL010,Veterinarian,145.9,4.3,0,150.2
2024-09-01,EMP0231,CL010,Veterinary Technician,186.2,1.9,0,188.1
2024-09-01,EMP0232,CL010,Practice Manager,172.8,0,8,164.8
2024-09-01,EMP0233,CL010,Veterinary Technician,166.8,5.1,8,163.9
2024-09-01,EMP0234,CL010,Client Service Representative,167.8,2.9,0,170.7
2024-09-01,EMP0235,CL010,Veterinarian,172.4,10.4,16,166.8
2024-09-01,EMP0236,CL010,Veterinarian,188.3,13.2,16,185.5
2024-09-01,EMP0237,CL010,Veterinary Technician,173.7,1.7,8,167.4
2024-09-01,EMP0238,CL010,Veterinarian,169.6,7.4,8,169.0
2024-09-01,EMP0239,CL010,Veterinary Assistant,168.0,0,16,152.0
2024-09-01,EMP0240,CL010,Veterinary Technician,171.8,13.5,16,169.3
2024-09-01,EMP0241,CL010,Veterinary Technician,97.8,8.2,8,98.0
2024-09-01,EMP0242,CL010,Practice Manager,146.4,5.4,0,151.8
2024-09-01,EMP0243,CL010,Veterinary Technician,165.2,0,0,165.2
2024-09-01,EMP0244,CL010,Client Service Representative,172.8,7.9,16,164.7
2024-09-01,EMP0245,CL010,Practice Manager,178.6,6.8,16,169.4
2024-09-01,EMP0246,CL011,Veterinary Technician,146.5,3.1,0,149.6
2024-09-01,EMP0247,CL011,Veterinarian,168.0,9.8,8,169.8
2024-09-01,EMP0248,CL011,Client Service Representative,178.0,1.9,24,155.9
2024-09-01,EMP0249,CL011,Practice Manager,86.6,1.0,0,87.6
2024-09-01,EMP0250,CL011,Veterinarian,158.6,2.2,8,152.8
2024-09-01,EMP0251,CL011,Veterinarian,134.6,6.7,8,133.3
2024-09-01,EMP0252,CL011,Veterinary Technician,171.2,8.8,0,180.0
2024-09-01,EMP0253,CL011,Client Service Representative,142.4,4.6,8,139.0
2024-09-01,EMP0254,CL011,Veterinarian,170.3,6.8,8,169.1
2024-09-01,EMP0255,CL011,Veterinarian,183.3,0,0,183.3
2024-09-01,EMP0256,CL011,Veterinarian,148.5,6.7,8,147.2
2024-09-01,EMP0257,CL011,Veterinarian,163.3,8.0,0,171.3
2024-09-01,EMP0258,CL011,Veterinary Assistant,112.3,1.1,8,105.4
2024-09-01,EMP0259,CL011,Practice Manager,173.5,13.2,0,186.7
2024-09-01,EMP0260,CL011,Veterinarian,143.5,5.5,0,149.0
2024-09-01,EMP0261,CL011,Client Service Representative,194.3,0,16,178.3
2024-09-01,EMP0262,CL011,Veterinarian,184.5,6.7,8,183.2
2024-09-01,EMP0263,CL011,Veterinarian,179.3,10.2,24,165.5
2024-09-01,EMP0264,CL011,Veterinarian,163.0,6.7,16,153.7
2024-09-01,EMP0265,CL011,Veterinary Assistant,118.8,0.0,0,118.8
2024-09-01,EMP0266,CL011,Veterinarian,170.0,4.1,0,174.1
2024-09-01,EMP0267,CL012,Client Service Representative,94.2,2.6,8,88.8
2024-09-01,EMP0268,CL012,Veterinary Technician,172.6,3.9,24,152.5
2024-09-01,EMP0269,CL012,Practice Manager,168.2,0.2,0,168.4
2024-09-01,EMP0270,CL012,Client Service Representative,143.7,1.0,8,136.7
2024-09-01,EMP0271,CL012,Veterinary Technician,180.7,0.3,0,181.0
2024-09-01,EMP0272,CL012,Practice Manager,139.0,0,0,139.0
2024-09-01,EMP0273,CL012,Veterinary Technician,172.4,11.7,24,160.1
2024-09-01,EMP0274,CL012,Veterinarian,149.7,0.1,0,149.8
2024-09-01,EMP0275,CL012,Veterinary Technician,145.7,11.7,16,141.4
2024-09-01,EMP0276,CL012,Veterinary Technician,106.3,5.3,8,103.6
2024-09-01,EMP0277,CL012,Veterinarian,136.6,3.4,24,116.0
2024-09-01,EMP0278,CL012,Veterinarian,174.3,7.1,0,181.4
2024-09-01,EMP0279,CL012,Client Service Representative,139.0,0,0,139.0
2024-09-01,EMP0280,CL012,Veterinary Technician,164.1,4.3,0,168.4
2024-09-01,EMP0281,CL012,Veterinarian,174.3,0,0,174.3
2024-09-01,EMP0282,CL012,Veterinary Assistant,177.6,1.1,24,154.7
2024-09-01,EMP0283,CL012,Veterinarian,171.7,2.7,16,158.4
2024-09-01,EMP0284,CL012,Client Service Representative,169.7,6.7,16,160.4
2024-09-01,EMP0285,CL012,Veterinarian,178.4,6.3,16,168.7
2024-09-01,EMP0286,CL012,Veterinarian,166.1,6.6,8,164.7
2024-09-01,EMP0287,CL012,Veterinary Assistant,176.6,2.1,8,170.7
2024-09-01,EMP0288,CL012,Veterinary Technician,103.3,0,16,87.3
2024-09-01,EMP0289,CL012,Veterinarian,166.7,18.1,8,176.8
2024-09-01,EMP0290,CL012,Client Service Representative,160.8,0.8,8,153.6
2024-09-01,EMP0291,CL012,Veterinarian,172.8,0,8,164.8
2024-09-01,EMP0292,CL012,Veterinary Assistant,138.6,5.4,16,128.0
2024-09-01,EMP0293,CL012,Veterinarian,170.1,5.4,16,159.5
2024-09-01,EMP0294,CL012,Client Service Representative,140.6,0,24,116.6
2024-09-01,EMP0295,CL012,Client Service Representative,164.2,0,8,156.2
2024-09-01,EMP0296,CL012,Veterinary Technician,179.4,8.4,0,187.8
2024-09-01,EMP0297,CL012,Veterinary Technician,102.3,8.3,24,86.6
2024-09-01,EMP0298,CL012,Veterinarian,170.0,9.6,0,179.6
2024-09-01,EMP0299,CL012,Veterinary Technician,166.4,1.0,8,159.4
2024-09-01,EMP0300,CL012,Veterinarian,172.3,5.3,16,161.6
2024-10-01,EMP0001,CL001,Veterinary Technician,180.4,0.5,0,180.9
2024-10-01,EMP0002,CL001,Practice Manager,93.7,6.1,0,99.8
2024-10-01,EMP0003,CL001,Practice Manager,137.4,0,8,129.4
2024-10-01,EMP0004,CL001,Veterinary Technician,138.4,3.1,8,133.5
2024-10-01,EMP0005,CL001,Veterinary Technician,160.5,4.3,24,140.8
2024-10-01,EMP0006,CL001,Veterinary Technician,166.1,0,0,166.1
2024-10-01,EMP0007,CL001,Veterinarian,183.2,7.5,8,182.7
2024-10-01,EMP0008,CL001,Veterinarian,182.2,7.0,0,189.2
2024-10-01,EMP0009,CL001,Veterinary Technician,166.8,0,8,158.8
2024-10-01,EMP0010,CL001,Veterinarian,165.2,4.0,0,169.2
2024-10-01,EMP0011,CL001,Veterinary Assistant,173.7,0,16,157.7
2024-10-01,EMP0012,CL001,Veterinary Technician,117.7,2.8,8,112.5
2024-10-01,EMP0013,CL001,Veterinary Technician,144.8,5.6,8,142.4
2024-10-01,EMP0014,CL001,Veterinarian,175.6,4.0,8,171.6
2024-10-01,EMP0015,CL001,Veterinarian,177.5,7.4,8,176.9
2024-10-01,EMP0016,CL001,Veterinarian,162.1,1.7,8,155.8
2024-10-01,EMP0017,CL001,Veterinary Assistant,136.9,2.1,0,139.0
2024-10-01,EMP0018,CL001,Practice Manager,101.7,5.0,0,106.7
2024-10-01,EMP0019,CL001,Veterinarian,181.4,6.1,16,171.5
2024-10-01,EMP0020,CL001,Veterinarian,185.0,8.7,16,177.7
2024-10-01,EMP0021,CL001,Veterinarian,175.0,6.5,8,173.5
2024-10-01,EMP0022,CL001,Client Service Representative,177.6,8.4,8,178.0
2024-10-01,EMP0023,CL001,Veterinary Technician,138.8,9.7,8,140.5
2024-10-01,EMP0024,CL001,Veterinary Assistant,167.8,0,8,159.8
2024-10-01,EMP0025,CL001,Veterinary Technician,167.5,5.1,8,164.6
2024-10-01,EMP0026,CL001,Veterinarian,174.1,7.3,0,181.4
2024-10-01,EMP0027,CL001,Veterinary Assistant,126.7,6.0,8,124.7
2024-10-01,EMP0028,CL001,Veterinary Technician,185.0,8.5,8,185.5
2024-10-01,EMP0029,CL001,Veterinarian,180.7,0,0,180.7
2024-10-01,EMP0030,CL002,Kennel Assistant,172.7,0,0,172.7
2024-10-01,EMP0031,CL002,Veterinarian,122.5,2.4,24,100.9
2024-10-01,EMP0032,CL002,Veterinarian,143.6,0,8,135.6
2024-10-01,EMP0033,CL002,Veterinarian,137.2,3.2,24,116.4
2024-10-01,EMP0034,CL002,Veterinarian,143.8,1.5,24,121.3
2024-10-01,EMP0035,CL002,Veterinarian,184.1,0.1,8,176.2
2024-10-01,EMP0036,CL002,Client Service Representative,162.7,4.4,8,159.1
2024-10-01,EMP0037,CL002,Veterinarian,154.1,5.6,8,151.7
2024-10-01,EMP0038,CL002,Client Service Representative,177.3,1.1,24,154.4
2024-10-01,EMP0039,CL002,Veterinary Assistant,164.9,0,8,156.9
2024-10-01,EMP0040,CL002,Veterinary Technician,92.2,0.8,0,93.0
2024-10-01,EMP0041,CL002,Veterinarian,166.3,6.0,0,172.3
2024-10-01,EMP0042,CL002,Veterinary Technician,168.7,7.8,8,168.5
2024-10-01,EMP0043,CL002,Veterinary Technician,112.7,10.9,16,107.6
2024-10-01,EMP0044,CL002,Veterinary Assistant,132.5,0,0,132.5
2024-10-01,EMP0045,CL002,Veterinarian,164.2,2.7,0,166.9
2024-10-01,EMP0046,CL002,Veterinary Technician,138.6,8.9,24,123.5
2024-10-01,EMP0047,CL002,Veterinary Assistant,180.2,5.4,16,169.6
2024-10-01,EMP0048,CL002,Kennel Assistant,181.2,0,24,157.2
2024-10-01,EMP0049,CL002,Client Service Representative,111.2,1.1,8,104.3
2024-10-01,EMP0050,CL002,Practice Manager,185.6,0.8,0,186.4
2024-10-01,EMP0051,CL003,Practice Manager,163.5,3.8,0,167.3
2024-10-01,EMP0052,CL003,Veterinary Technician,183.6,6.2,8,181.8
2024-10-01,EMP0053,CL003,Kennel Assistant,107.7,6.0,24,89.7
2024-10-01,EMP0054,CL003,Veterinarian,163.0,2.1,0,165.1
2024-10-01,EMP0055,CL003,Veterinary Assistant,144.2,1.6,24,121.8
2024-10-01,EMP0056,CL003,Client Service Representative,182.0,0,16,166.0
2024-10-01,EMP0057,CL003,Veterinarian,147.6,10.3,8,149.9
2024-10-01,EMP0058,CL003,Veterinary Assistant,103.4,1.8,24,81.2
2024-10-01,EMP0059,CL003,Client Service Representative,178.3,1.1,8,171.4
2024-10-01,EMP0060,CL003,Veterinarian,181.7,3.7,24,161.4
2024-10-01,EMP0061,CL003,Kennel Assistant,108.6,0,16,92.6
2024-10-01,EMP0062,CL003,Veterinarian,176.0,5.7,8,173.7
2024-10-01,EMP0063,CL003,Veterinary Technician,173.4,9.6,16,167.0
2024-10-01,EMP0064,CL003,Veterinary Technician,191.4,6.3,24,173.7
2024-10-01,EMP0065,CL003,Veterinarian,171.0,10.8,0,181.8
2024-10-01,EMP0066,CL003,Client Service Representative,168.4,4.9,16,157.3
2024-10-01,EMP0067,CL003,Practice Manager,134.4,0.3,0,134.7
2024-10-01,EMP0068,CL003,Veterinarian,184.9,11.6,16,180.5
2024-10-01,EMP0069,CL003,Veterinary Assistant,182.4,13.1,8,187.5
2024-10-01,EMP0070,CL003,Veterinarian,168.8,7.2,8,168.0
2024-10-01,EMP0071,CL003,Kennel Assistant,163.9,4.2,24,144.1
2024-10-01,EMP0072,CL003,Veterinarian,133.2,6.6,8,131.8
2024-10-01,EMP0073,CL003,Veterinarian,130.3,0.1,0,130.4
2024-10-01,EMP0074,CL003,Veterinary Technician,171.1,2.3,0,173.4
2024-10-01,EMP0075,CL003,Veterinarian,143.3,2.3,0,145.6
2024-10-01,EMP0076,CL004,Client Service Representative,177.1,3.0,8,172.1
2024-10-01,EMP0077,CL004,Veterinarian,139.1,7.9,24,123.0
2024-10-01,EMP0078,CL004,Veterinarian,179.2,7.6,8,178.8
2024-10-01,EMP0079,CL004,Veterinary Technician,180.4,7.9,16,172.3
2024-10-01,EMP0080,CL004,Veterinarian,170.9,3.1,0,174.0
2024-10-01,EMP0081,CL004,Veterinary Technician,142.3,1.5,8,135.8
2024-10-01,EMP0082,CL004,Veterinarian,179.7,19.0,0,198.7
2024-10-01,EMP0083,CL004,Veterinary Assistant,177.9,6.8,24,160.7
2024-10-01,EMP0084,CL004,Veterinarian,141.8,2.1,8,135.9
2024-10-01,EMP0085,CL004,Veterinarian,167.9,10.9,0,178.8
2024-10-01,EMP0086,CL004,Veterinary Assistant,178.0,8.3,0,186.3
2024-10-01,EMP0087,CL004,Veterinary Technician,173.1,3.2,0,176.3
2024-10-01,EMP0088,CL004,Veterinarian,134.4,8.6,16,127.0
2024-10-01,EMP0089,CL004,Veterinarian,154.4,4.5,0,158.9
2024-10-01,EMP0090,CL004,Veterinary Technician,163.3,11.1,0,174.4
2024-10-01,EMP0091,CL004,Veterinarian,168.7,10.6,0,179.3
2024-10-01,EMP0092,CL004,Veterinarian,164.7,3.9,0,168.6
2024-10-01,EMP0093,CL004,Veterinary Technician,100.3,5.2,16,89.5
2024-10-01,EMP0094,CL004,Practice Manager,133.9,2.0,8,127.9
2024-10-01,EMP0095,CL004,Veterinary Assistant,191.1,0,8,183.1
2024-10-01,EMP0096,CL004,Veterinary Assistant,181.0,1.3,8,174.3
2024-10-01,EMP0097,CL004,Veterinarian,162.7,0,0,162.7
2024-10-01,EMP0098,CL004,Client Service Representative,169.7,0,0,169.7
2024-10-01,EMP0099,CL004,Veterinarian,165.1,10.4,24,151.5
2024-10-01,EMP0100,CL004,Veterinary Technician,130.7,10.8,16,125.5
2024-10-01,EMP0101,CL004,Veterinary Assistant,104.9,3.9,8,100.8
2024-10-01,EMP0102,CL004,Veterinary Technician,140.7,2.3,8,135.0
2024-10-01,EMP0103,CL004,Practice Manager,103.9,0.8,0,104.7
2024-10-01,EMP0104,CL004,Veterinarian,167.2,5.1,0,172.3
2024-10-01,EMP0105,CL004,Veterinary Technician,173.4,3.3,24,152.7
2024-10-01,EMP0106,CL005,Practice Manager,185.4,3.6,0,189.0
2024-10-01,EMP0107,CL005,Veterinarian,175.1,6.1,0,181.2
2024-10-01,EMP0108,CL005,Client Service Representative,96.7,2.4,16,83.1
2024-10-01,EMP0109,CL005,Veterinarian,170.7,2.7,24,149.4
2024-10-01,EMP0110,CL005,Veterinary Technician,176.4,10.9,0,187.3
2024-10-01,EMP0111,CL005,Veterinarian,169.0,5.1,0,174.1
2024-10-01,EMP0112,CL005,Veterinary Technician,99.1,0,0,99.1
2024-10-01,EMP0113,CL005,Veterinarian,164.0,0.8,0,164.8
2024-10-01,EMP0114,CL005,Veterinary Technician,169.5,2.3,0,171.8
2024-10-01,EMP0115,CL005,Veterinarian,126.9,4.5,0,131.4
2024-10-01,EMP0116,CL005,Veterinary Assistant,181.3,4.6,8,177.9
2024-10-01,EMP0117,CL005,Veterinarian,174.2,7.2,16,165.4
2024-10-01,EMP0118,CL005,Veterinarian,145.1,7.0,0,152.1
2024-10-01,EMP0119,CL005,Veterinarian,175.9,2.0,0,177.9
2024-10-01,EMP0120,CL005,Veterinary Technician,139.6,2.1,24,117.7
2024-10-01,EMP0121,CL005,Veterinary Assistant,128.9,4.9,0,133.8
2024-10-01,EMP0122,CL005,Veterinarian,145.3,3.8,16,133.1
2024-10-01,EMP0123,CL005,Veterinarian,172.5,5.7,16,162.2
2024-10-01,EMP0124,CL005,Veterinarian,172.2,6.1,24,154.3
2024-10-01,EMP0125,CL005,Veterinary Technician,173.3,0,0,173.3
2024-10-01,EMP0126,CL005,Veterinarian,177.2,1.9,24,155.1
2024-10-01,EMP0127,CL005,Veterinary Technician,125.5,11.4,0,136.9
2024-10-01,EMP0128,CL005,Veterinary Technician,104.3,6.5,0,110.8
2024-10-01,EMP0129,CL005,Veterinary Assistant,140.2,4.8,16,129.0
2024-10-01,EMP0130,CL005,Veterinarian,132.7,2.4,0,135.1
2024-10-01,EMP0131,CL006,Veterinarian,172.1,0,0,172.1
2024-10-01,EMP0132,CL006,Veterinarian,180.4,9.6,8,182.0
2024-10-01,EMP0133,CL006,Veterinarian,176.8,0,0,176.8
2024-10-01,EMP0134,CL006,Veterinarian,158.9,0,16,142.9
2024-10-01,EMP0135,CL006,Veterinarian,136.2,4.3,16,124.5
2024-10-01,EMP0136,CL006,Veterinary Technician,170.1,0.3,16,154.4
2024-10-01,EMP0137,CL006,Client Service Representative,140.2,0,8,132.2
2024-10-01,EMP0138,CL006,Kennel Assistant,180.4,0,8,172.4
2024-10-01,EMP0139,CL006,Veterinary Technician,128.3,5.3,16,117.6
2024-10-01,EMP0140,CL006,Veterinarian,184.7,7.5,24,168.2
2024-10-01,EMP0141,CL006,Practice Manager,142.4,0,8,134.4
2024-10-01,EMP0142,CL006,Veterinary Technician,174.0,2.0,0,176.0
2024-10-01,EMP0143,CL006,Veterinary Technician,114.3,4.3,16,102.6
2024-10-01,EMP0144,CL006,Veterinarian,146.9,3.1,8,142.0
2024-10-01,EMP0145,CL006,Veterinary Technician,179.3,0,0,179.3
2024-10-01,EMP0146,CL006,Veterinarian,141.3,6.0,8,139.3
2024-10-01,EMP0147,CL006,Veterinary Technician,167.4,6.8,16,158.2
2024-10-01,EMP0148,CL006,Client Service Representative,172.2,0.6,8,164.8
2024-10-01,EMP0149,CL006,Veterinarian,130.3,9.1,0,139.4
2024-10-01,EMP0150,CL006,Veterinarian,176.0,2.0,0,178.0
2024-10-01,EMP0151,CL007,Veterinary Technician,111.5,12.4,16,107.9
2024-10-01,EMP0152,CL007,Veterinary Technician,130.2,4.5,8,126.7
2024-10-01,EMP0153,CL007,Veterinary Technician,150.1,6.8,24,132.9
2024-10-01,EMP0154,CL007,Veterinary Technician,165.7,0,24,141.7
2024-10-01,EMP0155,CL007,Veterinary Assistant,158.4,8.0,16,150.4
2024-10-01,EMP0156,CL007,Practice Manager,180.5,4.4,8,176.9
2024-10-01,EMP0157,CL007,Veterinarian,166.9,0,8,158.9
2024-10-01,EMP0158,CL007,Client Service Representative,109.7,2.3,24,88.0
2024-10-01,EMP0159,CL007,Veterinary Technician,178.7,5.4,24,160.1
2024-10-01,EMP0160,CL007,Veterinarian,135.8,2.8,8,130.6
2024-10-01,EMP0161,CL007,Veterinary Technician,108.3,9.3,16,101.6
2024-10-01,EMP0162,CL007,Veterinarian,177.2,0,0,177.2
2024-10-01,EMP0163,CL007,Veterinarian,180.5,9.8,0,190.3
2024-10-01,EMP0164,CL007,Veterinarian,171.5,5.9,0,177.4
2024-10-01,EMP0165,CL007,Veterinarian,165.0,1.1,8,158.1
2024-10-01,EMP0166,CL007,Client Service Representative,174.6,1.8,0,176.4
2024-10-01,EMP0167,CL007,Veterinary Assistant,96.5,4.2,0,100.7
2024-10-01,EMP0168,CL007,Veterinary Technician,141.8,0.3,24,118.1
2024-10-01,EMP0169,CL007,Practice Manager,178.0,3.3,0,181.3
2024-10-01,EMP0170,CL007,Veterinarian,181.4,3.2,24,160.6
2024-10-01,EMP0171,CL007,Veterinary Technician,101.3,4.8,0,106.1
2024-10-01,EMP0172,CL007,Veterinary Technician,158.9,9.3,24,144.2
2024-10-01,EMP0173,CL007,Veterinary Assistant,173.3,10.7,0,184.0
2024-10-01,EMP0174,CL007,Veterinarian,179.2,14.0,0,193.2
2024-10-01,EMP0175,CL008,Veterinarian,177.9,0,8,169.9
2024-10-01,EMP0176,CL008,Client Service Representative,107.2,1.8,0,109.0
2024-10-01,EMP0177,CL008,Client Service Representative,178.4,5.6,16,168.0
2024-10-01,EMP0178,CL008,Practice Manager,173.7,0,8,165.7
2024-10-01,EMP0179,CL008,Veterinary Assistant,172.3,2.2,24,150.5
2024-10-01,EMP0180,CL008,Kennel Assistant,176.1,0,0,176.1
2024-10-01,EMP0181,CL008,Veterinarian,173.1,11.1,8,176.2
2024-10-01,EMP0182,CL008,Veterinarian,170.8,4.1,16,158.9
2024-10-01,EMP0183,CL008,Veterinary Assistant,186.5,0,8,178.5
2024-10-01,EMP0184,CL008,Veterinary Assistant,171.8,1.0,8,164.8
2024-10-01,EMP0185,CL008,Kennel Assistant,130.9,11.0,24,117.9
2024-10-01,EMP0186,CL008,Veterinarian,181.3,9.9,8,183.2
2024-10-01,EMP0187,CL008,Kennel Assistant,178.9,1.6,24,156.5
2024-10-01,EMP0188,CL008,Veterinary Technician,176.8,0,0,176.8
2024-10-01,EMP0189,CL008,Veterinary Technician,169.4,5.0,0,174.4
2024-10-01,EMP0190,CL008,Veterinarian,176.1,0,0,176.1
2024-10-01,EMP0191,CL008,Veterinarian,162.8,10.2,8,165.0
2024-10-01,EMP0192,CL008,Kennel Assistant,135.1,5.0,16,124.1
2024-10-01,EMP0193,CL008,Veterinarian,138.6,5.8,0,144.4
2024-10-01,EMP0194,CL008,Veterinarian,173.4,2.1,8,167.5
2024-10-01,EMP0195,CL008,Veterinarian,172.8,5.7,0,178.5
2024-10-01,EMP0196,CL008,Client Service Representative,136.0,0,24,112.0
2024-10-01,EMP0197,CL008,Practice Manager,171.0,2.9,8,165.9
2024-10-01,EMP0198,CL009,Veterinarian,174.8,9.9,0,184.7
2024-10-01,EMP0199,CL009,Veterinary Assistant,178.5,0,8,170.5
2024-10-01,EMP0200,CL009,Kennel Assistant,171.9,5.2,0,177.1
2024-10-01,EMP0201,CL009,Veterinarian,159.9,2.4,16,146.3
2024-10-01,EMP0202,CL009,Veterinary Technician,109.7,2.4,0,112.1
2024-10-01,EMP0203,CL009,Veterinarian,139.3,3.6,0,142.9
2024-10-01,EMP0204,CL009,Veterinary Technician,103.0,4.4,16,91.4
2024-10-01,EMP0205,CL009,Veterinarian,171.2,7.8,0,179.0
2024-10-01,EMP0206,CL009,Veterinarian,156.6,0,16,140.6
2024-10-01,EMP0207,CL009,Veterinarian,181.9,6.8,24,164.7
2024-10-01,EMP0208,CL009,Veterinarian,132.0,8.7,0,140.7
2024-10-01,EMP0209,CL009,Veterinarian,172.7,3.9,16,160.6
2024-10-01,EMP0210,CL009,Veterinarian,167.8,4.5,0,172.3
2024-10-01,EMP0211,CL009,Practice Manager,167.0,0,24,143.0
2024-10-01,EMP0212,CL009,Veterinary Technician,180.7,5.8,0,186.5
2024-10-01,EMP0213,CL009,Veterinary Assistant,173.0,2.1,8,167.1
2024-10-01,EMP0214,CL009,Veterinarian,179.1,9.7,8,180.8
2024-10-01,EMP0215,CL009,Veterinarian,148.5,2.9,16,135.4
2024-10-01,EMP0216,CL009,Client Service Representative,106.8,7.0,0,113.8
2024-10-01,EMP0217,CL009,Client Service Representative,172.0,0.3,0,172.3
2024-10-01,EMP0218,CL009,Veterinarian,134.0,5.2,0,139.2
2024-10-01,EMP0219,CL009,Practice Manager,103.8,5.8,0,109.6
2024-10-01,EMP0220,CL009,Veterinary Technician,98.7,0,0,98.7
2024-10-01,EMP0221,CL009,Veterinary Technician,168.8,13.8,24,158.6
2024-10-01,EMP0222,CL010,Veterinary Assistant,106.0,0,0,106.0
2024-10-01,EMP0223,CL010,Veterinarian,167.0,6.9,16,157.9
2024-10-01,EMP0224,CL010,Veterinary Assistant,111.3,0,24,87.3
2024-10-01,EMP0225,CL010,Veterinary Assistant,133.4,3.1,16,120.5
2024-10-01,EMP0226,CL010,Veterinarian,178.1,3.4,0,181.5
2024-10-01,EMP0227,CL010,Veterinarian,167.6,7.3,16,158.9
2024-10-01,EMP0228,CL010,Veterinary Assistant,171.2,6.7,0,177.9
2024-10-01,EMP0229,CL010,Veterinarian,173.5,6.1,0,179.6
2024-10-01,EMP0230,CL010,Veterinarian,142.5,7.6,24,126.1
2024-10-01,EMP0231,CL010,Veterinary Technician,179.8,8.1,0,187.9
2024-10-01,EMP0232,CL010,Practice Manager,172.5,0,0,172.5
2024-10-01,EMP0233,CL010,Veterinary Technician,178.0,5.7,0,183.7
2024-10-01,EMP0234,CL010,Client Service Representative,172.0,1.8,0,173.8
2024-10-01,EMP0235,CL010,Veterinarian,170.1,6.0,8,168.1
2024-10-01,EMP0236,CL010,Veterinarian,162.3,3.0,0,165.3
2024-10-01,EMP0237,CL010,Veterinary Technician,168.7,9.5,8,170.2
2024-10-01,EMP0238,CL010,Veterinarian,188.3,8.9,8,189.2
2024-10-01,EMP0239,CL010,Veterinary Assistant,169.5,0,0,169.5
2024-10-01,EMP0240,CL010,Veterinary Technician,169.5,6.7,8,168.2
2024-10-01,EMP0241,CL010,Veterinary Technician,118.4,6.1,0,124.5
2024-10-01,EMP0242,CL010,Practice Manager,121.4,3.3,24,100.7
2024-10-01,EMP0243,CL010,Veterinary Technician,172.1,2.2,16,158.3
2024-10-01,EMP0244,CL010,Client Service Representative,181.9,2.6,16,168.5
2024-10-01,EMP0245,CL010,Practice Manager,164.5,2.6,8,159.1
2024-10-01,EMP0246,CL011,Veterinary Technician,143.1,1.0,8,136.1
2024-10-01,EMP0247,CL011,Veterinarian,180.3,8.8,8,181.1
2024-10-01,EMP0248,CL011,Client Service Representative,178.5,2.0,0,180.5
2024-10-01,EMP0249,CL011,Practice Manager,92.4,4.2,8,88.6
2024-10-01,EMP0250,CL011,Veterinarian,182.2,9.0,8,183.2
2024-10-01,EMP0251,CL011,Veterinarian,125.0,10.8,16,119.8
2024-10-01,EMP0252,CL011,Veterinary Technician,182.5,7.5,0,190.0
2024-10-01,EMP0253,CL011,Client Service Representative,120.4,0,0,120.4
2024-10-01,EMP0254,CL011,Veterinarian,169.7,8.2,24,153.9
2024-10-01,EMP0255,CL011,Veterinarian,183.4,3.9,24,163.3
2024-10-01,EMP0256,CL011,Veterinarian,127.2,9.8,0,137.0
2024-10-01,EMP0257,CL011,Veterinarian,164.9,11.7,8,168.6
2024-10-01,EMP0258,CL011,Veterinary Assistant,108.7,7.3,8,108.0
2024-10-01,EMP0259,CL011,Practice Manager,176.9,9.4,0,186.3
2024-10-01,EMP0260,CL011,Veterinarian,145.7,0,16,129.7
2024-10-01,EMP0261,CL011,Client Service Representative,178.3,3.2,0,181.5
2024-10-01,EMP0262,CL011,Veterinarian,169.9,3.9,0,173.8
2024-10-01,EMP0263,CL011,Veterinarian,159.7,5.6,24,141.3
2024-10-01,EMP0264,CL011,Veterinarian,174.0,11.4,24,161.4
2024-10-01,EMP0265,CL011,Veterinary Assistant,118.3,7.3,8,117.6
2024-10-01,EMP0266,CL011,Veterinarian,170.9,8.3,8,171.2
2024-10-01,EMP0267,CL012,Client Service Representative,111.4,4.2,24,91.6
2024-10-01,EMP0268,CL012,Veterinary Technician,164.3,3.2,0,167.5
2024-10-01,EMP0269,CL012,Practice Manager,167.0,6.7,8,165.7
2024-10-01,EMP0270,CL012,Client Service Representative,133.4,4.0,16,121.4
2024-10-01,EMP0271,CL012,Veterinary Technician,197.7,6.0,0,203.7
2024-10-01,EMP0272,CL012,Practice Manager,142.8,4.2,8,139.0
2024-10-01,EMP0273,CL012,Veterinary Technician,160.8,12.5,24,149.3
2024-10-01,EMP0274,CL012,Veterinarian,126.7,4.8,16,115.5
2024-10-01,EMP0275,CL012,Veterinary Technician,152.9,2.0,0,154.9
2024-10-01,EMP0276,CL012,Veterinary Technician,102.8,7.8,24,86.6
2024-10-01,EMP0277,CL012,Veterinarian,145.0,9.6,8,146.6
2024-10-01,EMP0278,CL012,Veterinarian,171.8,7.1,24,154.9
2024-10-01,EMP0279,CL012,Client Service Representative,141.5,0,8,133.5
2024-10-01,EMP0280,CL012,Veterinary Technician,178.3,4.8,24,159.1
2024-10-01,EMP0281,CL012,Veterinarian,169.0,0.1,24,145.1
2024-10-01,EMP0282,CL012,Veterinary Assistant,174.3,3.5,8,169.8
2024-10-01,EMP0283,CL012,Veterinarian,180.7,6.8,8,179.5
2024-10-01,EMP0284,CL012,Client Service Representative,179.2,1.6,0,180.8
2024-10-01,EMP0285,CL012,Veterinarian,172.0,7.7,24,155.7
2024-10-01,EMP0286,CL012,Veterinarian,179.5,5.9,0,185.4
2024-10-01,EMP0287,CL012,Veterinary Assistant,181.5,5.6,16,171.1
2024-10-01,EMP0288,CL012,Veterinary Technician,103.1,1.5,8,96.6
2024-10-01,EMP0289,CL012,Veterinarian,162.9,8.4,0,171.3
2024-10-01,EMP0290,CL012,Client Service Representative,173.6,0,24,149.6
2024-10-01,EMP0291,CL012,Veterinarian,176.8,10.0,16,170.8
2024-10-01,EMP0292,CL012,Veterinary Assistant,140.5,0.7,24,117.2
2024-10-01,EMP0293,CL012,Veterinarian,175.6,1.3,16,160.9
2024-10-01,EMP0294,CL012,Client Service Representative,131.7,2.1,24,109.8
2024-10-01,EMP0295,CL012,Client Service Representative,173.4,0.7,8,166.1
2024-10-01,EMP0296,CL012,Veterinary Technician,164.6,2.1,8,158.7
2024-10-01,EMP0297,CL012,Veterinary Technician,114.1,5.9,8,112.0
2024-10-01,EMP0298,CL012,Veterinarian,171.5,4.6,0,176.1
2024-10-01,EMP0299,CL012,Veterinary Technician,175.7,5.8,16,165.5
2024-10-01,EMP0300,CL012,Veterinarian,188.1,8.0,8,188.1
2024-11-01,EMP0001,CL001,Veterinary Technician,167.2,8.3,0,175.5
2024-11-01,EMP0002,CL001,Practice Manager,101.2,3.6,0,104.8
2024-11-01,EMP0003,CL001,Practice Manager,138.9,10.3,8,141.2
2024-11-01,EMP0004,CL001,Veterinary Technician,130.0,5.5,8,127.5
2024-11-01,EMP0005,CL001,Veterinary Technician,174.1,4.0,0,178.1
2024-11-01,EMP0006,CL001,Veterinary Technician,172.1,2.8,0,174.9
2024-11-01,EMP0007,CL001,Veterinarian,165.8,1.2,8,159.0
2024-11-01,EMP0008,CL001,Veterinarian,169.6,7.8,0,177.4
2024-11-01,EMP0009,CL001,Veterinary Technician,168.0,3.6,8,163.6
2024-11-01,EMP0010,CL001,Veterinarian,156.2,6.2,16,146.4
2024-11-01,EMP0011,CL001,Veterinary Assistant,168.3,1.7,24,146.0
2024-11-01,EMP0012,CL001,Veterinary Technician,106.5,3.9,8,102.4
2024-11-01,EMP0013,CL001,Veterinary Technician,154.3,4.4,16,142.7
2024-11-01,EMP0014,CL001,Veterinarian,175.9,3.2,8,171.1
2024-11-01,EMP0015,CL001,Veterinarian,177.9,9.5,16,171.4
2024-11-01,EMP0016,CL001,Veterinarian,173.8,6.5,16,164.3
2024-11-01,EMP0017,CL001,Veterinary Assistant,145.2,0,0,145.2
2024-11-01,EMP0018,CL001,Practice Manager,95.9,0,0,95.9
2024-11-01,EMP0019,CL001,Veterinarian,173.3,10.4,8,175.7
2024-11-01,EMP0020,CL001,Veterinarian,171.3,6.0,0,177.3
2024-11-01,EMP0021,CL001,Veterinarian,170.5,3.4,24,149.9
2024-11-01,EMP0022,CL001,Client Service Representative,169.2,5.2,16,158.4
2024-11-01,EMP0023,CL001,Veterinary Technician,139.1,2.4,0,141.5
2024-11-01,EMP0024,CL001,Veterinary Assistant,173.0,6.5,24,155.5
2024-11-01,EMP0025,CL001,Veterinary Technician,185.5,4.9,0,190.4
2024-11-01,EMP0026,CL001,Veterinarian,183.9,8.6,8,184.5
2024-11-01,EMP0027,CL001,Veterinary Assistant,141.1,1.8,0,142.9
2024-11-01,EMP0028,CL001,Veterinary Technician,169.6,0,0,169.6
2024-11-01,EMP0029,CL001,Veterinarian,180.7,0.8,16,165.5
2024-11-01,EMP0030,CL002,Kennel Assistant,177.6,0,0,177.6
2024-11-01,EMP0031,CL002,Veterinarian,140.9,3.8,16,128.7
2024-11-01,EMP0032,CL002,Veterinarian,143.5,10.8,16,138.3
2024-11-01,EMP0033,CL002,Veterinarian,149.0,7.6,0,156.6
2024-11-01,EMP0034,CL002,Veterinarian,131.2,7.5,24,114.7
2024-11-01,EMP0035,CL002,Veterinarian,168.8,1.7,24,146.5
2024-11-01,EMP0036,CL002,Client Service Representative,171.4,2.7,16,158.1
2024-11-01,EMP0037,CL002,Veterinarian,141.9,4.8,0,146.7
2024-11-01,EMP0038,CL002,Client Service Representative,172.8,6.5,0,179.3
2024-11-01,EMP0039,CL002,Veterinary Assistant,160.7,0.8,0,161.5
2024-11-01,EMP0040,CL002,Veterinary Technician,94.6,0,16,78.6
2024-11-01,EMP0041,CL002,Veterinarian,167.7,10.2,0,177.9
2024-11-01,EMP0042,CL002,Veterinary Technician,178.8,11.1,0,189.9
2024-11-01,EMP0043,CL002,Veterinary Technician,119.9,1.3,0,121.2
2024-11-01,EMP0044,CL002,Veterinary Assistant,153.8,0,16,137.8
2024-11-01,EMP0045,CL002,Veterinarian,178.7,7.6,24,162.3
2024-11-01,EMP0046,CL002,Veterinary Technician,139.1,0,24,115.1
2024-11-01,EMP0047,CL002,Veterinary Assistant,175.1,0,24,151.1
2024-11-01,EMP0048,CL002,Kennel Assistant,161.1,0,0,161.1
2024-11-01,EMP0049,CL002,Client Service Representative,109.1,8.2,8,109.3
2024-11-01,EMP0050,CL002,Practice Manager,162.4,6.3,0,168.7
2024-11-01,EMP0051,CL003,Practice Manager,172.9,7.0,0,179.9
2024-11-01,EMP0052,CL003,Veterinary Technician,163.8,2.4,8,158.2
2024-11-01,EMP0053,CL003,Kennel Assistant,119.5,0.7,24,96.2
2024-11-01,EMP0054,CL003,Veterinarian,182.6,2.5,8,177.1
2024-11-01,EMP0055,CL003,Veterinary Assistant,152.2,5.0,8,149.2
2024-11-01,EMP0056,CL003,Client Service Representative,180.1,0.4,24,156.5
2024-11-01,EMP0057,CL003,Veterinarian,138.0,0,24,114.0
2024-11-01,EMP0058,CL003,Veterinary Assistant,111.0,0.9,24,87.9
2024-11-01,EMP0059,CL003,Client Service Representative,165.2,2.4,16,151.6
2024-11-01,EMP0060,CL003,Veterinarian,178.7,0.8,24,155.5
2024-11-01,EMP0061,CL003,Kennel Assistant,101.4,3.6,0,105.0
2024-11-01,EMP0062,CL003,Veterinarian,176.7,8.4,8,177.1
2024-11-01,EMP0063,CL003,Veterinary Technician,184.8,2.6,8,179.4
2024-11-01,EMP0064,CL003,Veterinary Technician,172.1,8.3,0,180.4
2024-11-01,EMP0065,CL003,Veterinarian,176.9,5.6,0,182.5
2024-11-01,EMP0066,CL003,Client Service Representative,178.7,0.3,8,171.0
2024-11-01,EMP0067,CL003,Practice Manager,133.0,0,8,125.0
2024-11-01,EMP0068,CL003,Veterinarian,186.6,7.9,0,194.5
2024-11-01,EMP0069,CL003,Veterinary Assistant,163.9,4.0,8,159.9
2024-11-01,EMP0070,CL003,Veterinarian,176.4,0,8,168.4
2024-11-01,EMP0071,CL003,Kennel Assistant,177.7,8.5,8,178.2
2024-11-01,EMP0072,CL003,Veterinarian,139.9,2.3,16,126.2
2024-11-01,EMP0073,CL003,Veterinarian,134.8,6.8,8,133.6
2024-11-01,EMP0074,CL003,Veterinary Technician,175.7,3.6,16,163.3
2024-11-01,EMP0075,CL003,Veterinarian,141.5,8.1,0,149.6
2024-11-01,EMP0076,CL004,Client Service Representative,184.8,4.1,24,164.9
2024-11-01,EMP0077,CL004,Veterinarian,149.5,4.5,24,130.0
2024-11-01,EMP0078,CL004,Veterinarian,171.0,7.0,0,178.0
2024-11-01,EMP0079,CL004,Veterinary Technician,172.0,5.3,8,169.3
2024-11-01,EMP0080,CL004,Veterinarian,163.8,4.1,24,143.9
2024-11-01,EMP0081,CL004,Veterinary Technician,134.9,2.8,0,137.7
2024-11-01,EMP0082,CL004,Veterinarian,177.9,11.5,0,189.4
2024-11-01,EMP0083,CL004,Veterinary Assistant,173.0,6.0,8,171.0
2024-11-01,EMP0084,CL004,Veterinarian,139.8,4.9,0,144.7
2024-11-01,EMP0085,CL004,Veterinarian,179.4,7.8,0,187.2
2024-11-01,EMP0086,CL004,Veterinary Assistant,178.2,0,8,170.2
2024-11-01,EMP0087,CL004,Veterinary Technician,169.7,4.3,24,150.0
2024-11-01,EMP0088,CL004,Veterinarian,142.0,4.5,24,122.5
2024-11-01,EMP0089,CL004,Veterinarian,168.9,0,8,160.9
2024-11-01,EMP0090,CL004,Veterinary Technician,176.6,3.6,24,156.2
2024-11-01,EMP0091,CL004,Veterinarian,167.6,4.4,16,156.0
2024-11-01,EMP0092,CL004,Veterinarian,163.8,5.2,24,145.0
2024-11-01,EMP0093,CL004,Veterinary Technician,104.5,2.2,8,98.7
2024-11-01,EMP0094,CL004,Practice Manager,121.3,4.8,24,102.1
2024-11-01,EMP0095,CL004,Veterinary Assistant,182.4,8.4,8,182.8
2024-11-01,EMP0096,CL004,Veterinary Assistant,176.6,3.6,16,164.2
2024-11-01,EMP0097,CL004,Veterinarian,163.1,15.0,8,170.1
2024-11-01,EMP0098,CL004,Client Service Representative,179.1,3.6,24,158.7
2024-11-01,EMP0099,CL004,Veterinarian,169.9,3.7,0,173.6
2024-11-01,EMP0100,CL004,Veterinary Technician,141.8,8.9,0,150.7
2024-11-01,EMP0101,CL004,Veterinary Assistant,97.7,7.9,8,97.6
2024-11-01,EMP0102,CL004,Veterinary Technician,140.5,8.3,0,148.8
2024-11-01,EMP0103,CL004,Practice Manager,111.0,9.7,16,104.7
2024-11-01,EMP0104,CL004,Veterinarian,171.3,6.7,24,154.0
2024-11-01,EMP0105,CL004,Veterinary Technician,176.3,10.0,0,186.3
2024-11-01,EMP0106,CL005,Practice Manager,172.4,0,0,172.4
2024-11-01,EMP0107,CL005,Veterinarian,178.4,5.0,8,175.4
2024-11-01,EMP0108,CL005,Client Service Representative,102.0,0,0,102.0
2024-11-01,EMP0109,CL005,Veterinarian,185.2,0.8,8,178.0
2024-11-01,EMP0110,CL005,Veterinary Technician,164.5,6.1,0,170.6
2024-11-01,EMP0111,CL005,Veterinarian,159.2,7.8,0,167.0
2024-11-01,EMP0112,CL005,Veterinary Technician,104.6,11.0,0,115.6
2024-11-01,EMP0113,CL005,Veterinarian,175.0,0,16,159.0
2024-11-01,EMP0114,CL005,Veterinary Technician,189.1,12.1,8,193.2
2024-11-01,EMP0115,CL005,Veterinarian,135.8,0,0,135.8
2024-11-01,EMP0116,CL005,Veterinary Assistant,161.9,0,0,161.9
2024-11-01,EMP0117,CL005,Veterinarian,175.1,9.7,16,168.8
2024-11-01,EMP0118,CL005,Veterinarian,134.1,0,8,126.1
2024-11-01,EMP0119,CL005,Veterinarian,179.7,3.3,16,167.0
2024-11-01,EMP0120,CL005,Veterinary Technician,135.8,2.2,0,138.0
2024-11-01,EMP0121,CL005,Veterinary Assistant,144.7,0,16,128.7
2024-11-01,EMP0122,CL005,Veterinarian,145.8,3.5,16,133.3
2024-11-01,EMP0123,CL005,Veterinarian,182.4,0,0,182.4
2024-11-01,EMP0124,CL005,Veterinarian,154.0,7.6,0,161.6
2024-11-01,EMP0125,CL005,Veterinary Technician,170.4,6.9,8,169.3
2024-11-01,EMP0126,CL005,Veterinarian,174.8,1.4,0,176.2
2024-11-01,EMP0127,CL005,Veterinary Technician,133.5,0,8,125.5
2024-11-01,EMP0128,CL005,Veterinary Technician,105.0,5.9,0,110.9
2024-11-01,EMP0129,CL005,Veterinary Assistant,142.3,0,8,134.3
2024-11-01,EMP0130,CL005,Veterinarian,124.4,2.0,16,110.4
2024-11-01,EMP0131,CL006,Veterinarian,175.9,11.2,0,187.1
2024-11-01,EMP0132,CL006,Veterinarian,179.6,4.4,8,176.0
2024-11-01,EMP0133,CL006,Veterinarian,172.2,2.1,8,166.3
2024-11-01,EMP0134,CL006,Veterinarian,180.2,2.9,8,175.1
2024-11-01,EMP0135,CL006,Veterinarian,135.5,4.5,0,140.0
2024-11-01,EMP0136,CL006,Veterinary Technician,181.4,2.7,16,168.1
2024-11-01,EMP0137,CL006,Client Service Representative,133.5,0,8,125.5
2024-11-01,EMP0138,CL006,Kennel Assistant,170.5,5.1,0,175.6
2024-11-01,EMP0139,CL006,Veterinary Technician,143.4,0,0,143.4
2024-11-01,EMP0140,CL006,Veterinarian,174.6,0,0,174.6
2024-11-01,EMP0141,CL006,Practice Manager,139.1,1.8,24,116.9
2024-11-01,EMP0142,CL006,Veterinary Technician,186.7,6.4,24,169.1
2024-11-01,EMP0143,CL006,Veterinary Technician,90.2,9.4,24,75.6
2024-11-01,EMP0144,CL006,Veterinarian,142.5,4.0,8,138.5
2024-11-01,EMP0145,CL006,Veterinary Technician,170.8,1.8,0,172.6
2024-11-01,EMP0146,CL006,Veterinarian,144.4,6.3,0,150.7
2024-11-01,EMP0147,CL006,Veterinary Technician,167.8,14.6,0,182.4
2024-11-01,EMP0148,CL006,Client Service Representative,175.2,1.6,0,176.8
2024-11-01,EMP0149,CL006,Veterinarian,125.0,12.1,0,137.1
2024-11-01,EMP0150,CL006,Veterinarian,166.5,7.4,24,149.9
2024-11-01,EMP0151,CL007,Veterinary Technician,95.3,5.4,8,92.7
2024-11-01,EMP0152,CL007,Veterinary Technician,134.0,1.7,8,127.7
2024-11-01,EMP0153,CL007,Veterinary Technician,142.8,0,16,126.8
2024-11-01,EMP0154,CL007,Veterinary Technician,168.5,4.7,0,173.2
2024-11-01,EMP0155,CL007,Veterinary Assistant,169.3,0,24,145.3
2024-11-01,EMP0156,CL007,Practice Manager,177.5,0,24,153.5
2024-11-01,EMP0157,CL007,Veterinarian,171.4,4.8,24,152.2
2024-11-01,EMP0158,CL007,Client Service Representative,103.4,4.6,16,92.0
2024-11-01,EMP0159,CL007,Veterinary Technician,161.2,8.8,24,146.0
2024-11-01,EMP0160,CL007,Veterinarian,145.8,0,0,145.8
2024-11-01,EMP0161,CL007,Veterinary Technician,99.7,13.2,0,112.9
2024-11-01,EMP0162,CL007,Veterinarian,168.9,3.0,0,171.9
2024-11-01,EMP0163,CL007,Veterinarian,165.3,9.9,0,175.2
2024-11-01,EMP0164,CL007,Veterinarian,180.8,1.7,16,166.5
2024-11-01,EMP0165,CL007,Veterinarian,166.1,3.1,0,169.2
2024-11-01,EMP0166,CL007,Client Service Representative,173.9,8.2,0,182.1
2024-11-01,EMP0167,CL007,Veterinary Assistant,109.7,4.8,24,90.5
2024-11-01,EMP0168,CL007,Veterinary Technician,135.6,8.4,8,136.0
2024-11-01,EMP0169,CL007,Practice Manager,168.8,1.4,0,170.2
2024-11-01,EMP0170,CL007,Veterinarian,178.3,9.2,0,187.5
2024-11-01,EMP0171,CL007,Veterinary Technician,97.9,6.4,8,96.3
2024-11-01,EMP0172,CL007,Veterinary Technician,173.5,7.8,16,165.3
2024-11-01,EMP0173,CL007,Veterinary Assistant,176.2,0.3,24,152.5
2024-11-01,EMP0174,CL007,Veterinarian,171.4,9.4,8,172.8
2024-11-01,EMP0175,CL008,Veterinarian,166.0,9.9,8,167.9
2024-11-01,EMP0176,CL008,Client Service Representative,99.5,0,0,99.5
2024-11-01,EMP0177,CL008,Client Service Representative,177.7,6.5,0,184.2
2024-11-01,EMP0178,CL008,Practice Manager,170.2,1.3,0,171.5
2024-11-01,EMP0179,CL008,Veterinary Assistant,175.6,5.9,24,157.5
2024-11-01,EMP0180,CL008,Kennel Assistant,166.9,7.9,8,166.8
2024-11-01,EMP0181,CL008,Veterinarian,184.8,7.0,24,167.8
2024-11-01,EMP0182,CL008,Veterinarian,171.1,0,0,171.1
2024-11-01,EMP0183,CL008,Veterinary Assistant,168.3,4.9,0,173.2
2024-11-01,EMP0184,CL008,Veterinary Assistant,172.3,1.4,8,165.7
2024-11-01,EMP0185,CL008,Kennel Assistant,121.8,1.4,24,99.2
2024-11-01,EMP0186,CL008,Veterinarian,181.9,10.5,0,192.4
2024-11-01,EMP0187,CL008,Kennel Assistant,186.4,7.6,0,194.0
2024-11-01,EMP0188,CL008,Veterinary Technician,182.8,7.3,0,190.1
2024-11-01,EMP0189,CL008,Veterinary Technician,157.9,5.3,0,163.2
2024-11-01,EMP0190,CL008,Veterinarian,180.4,8.1,0,188.5
2024-11-01,EMP0191,CL008,Veterinarian,170.6,3.9,16,158.5
2024-11-01,EMP0192,CL008,Kennel Assistant,139.9,4.5,24,120.4
2024-11-01,EMP0193,CL008,Veterinarian,143.3,5.2,0,148.5
2024-11-01,EMP0194,CL008,Veterinarian,178.6,10.2,16,172.8
2024-11-01,EMP0195,CL008,Veterinarian,164.4,6.1,8,162.5
2024-11-01,EMP0196,CL008,Client Service Representative,147.6,0,8,139.6
2024-11-01,EMP0197,CL008,Practice Manager,151.1,5.4,16,140.5
2024-11-01,EMP0198,CL009,Veterinarian,172.2,7.9,24,156.1
2024-11-01,EMP0199,CL009,Veterinary Assistant,175.2,0,16,159.2
2024-11-01,EMP0200,CL009,Kennel Assistant,169.4,1.5,0,170.9
2024-11-01,EMP0201,CL009,Veterinarian,171.1,2.5,0,173.6
2024-11-01,EMP0202,CL009,Veterinary Technician,117.8,5.7,24,99.5
2024-11-01,EMP0203,CL009,Veterinarian,140.9,11.7,24,128.6
2024-11-01,EMP0204,CL009,Veterinary Technician,100.8,8.6,8,101.4
2024-11-01,EMP0205,CL009,Veterinarian,177.4,0,0,177.4
2024-11-01,EMP0206,CL009,Veterinarian,170.1,10.5,8,172.6
2024-11-01,EMP0207,CL009,Veterinarian,178.7,2.9,16,165.6
2024-11-01,EMP0208,CL009,Veterinarian,135.5,12.3,0,147.8
2024-11-01,EMP0209,CL009,Veterinarian,166.0,1.6,8,159.6
2024-11-01,EMP0210,CL009,Veterinarian,182.1,5.1,0,187.2
2024-11-01,EMP0211,CL009,Practice Manager,189.3,3.7,0,193.0
2024-11-01,EMP0212,CL009,Veterinary Technician,180.1,5.8,16,169.9
2024-11-01,EMP0213,CL009,Veterinary Assistant,177.6,5.9,8,175.5
2024-11-01,EMP0214,CL009,Veterinarian,173.1,6.5,0,179.6
2024-11-01,EMP0215,CL009,Veterinarian,138.4,5.1,8,135.5
2024-11-01,EMP0216,CL009,Client Service Representative,102.8,3.0,8,97.8
2024-11-01,EMP0217,CL009,Client Service Representative,168.0,0,0,168.0
2024-11-01,EMP0218,CL009,Veterinarian,121.3,1.6,0,122.9
2024-11-01,EMP0219,CL009,Practice Manager,109.1,0,16,93.1
2024-11-01,EMP0220,CL009,Veterinary Technician,109.6,6.9,0,116.5
2024-11-01,EMP0221,CL009,Veterinary Technician,178.6,0,24,154.6
2024-11-01,EMP0222,CL010,Veterinary Assistant,107.2,4.5,24,87.7
2024-11-01,EMP0223,CL010,Veterinarian,172.2,7.2,24,155.4
2024-11-01,EMP0224,CL010,Veterinary Assistant,103.8,0,0,103.8
2024-11-01,EMP0225,CL010,Veterinary Assistant,130.7,0,0,130.7
2024-11-01,EMP0226,CL010,Veterinarian,166.7,7.9,16,158.6
2024-11-01,EMP0227,CL010,Veterinarian,167.6,2.9,8,162.5
2024-11-01,EMP0228,CL010,Veterinary Assistant,188.5,0,0,188.5
2024-11-01,EMP0229,CL010,Veterinarian,181.0,1.0,8,174.0
2024-11-01,EMP0230,CL010,Veterinarian,147.5,1.7,24,125.2
2024-11-01,EMP0231,CL010,Veterinary Technician,179.4,9.8,8,181.2
2024-11-01,EMP0232,CL010,Practice Manager,171.2,6.9,8,170.1
2024-11-01,EMP0233,CL010,Veterinary Technician,166.8,6.6,24,149.4
2024-11-01,EMP0234,CL010,Client Service Representative,170.5,3.3,0,173.8
2024-11-01,EMP0235,CL010,Veterinarian,175.1,5.1,0,180.2
2024-11-01,EMP0236,CL010,Veterinarian,167.8,4.5,24,148.3
2024-11-01,EMP0237,CL010,Veterinary Technician,163.4,6.0,0,169.4
2024-11-01,EMP0238,CL010,Veterinarian,180.5,5.1,0,185.6
2024-11-01,EMP0239,CL010,Veterinary Assistant,178.1,0,0,178.1
2024-11-01,EMP0240,CL010,Veterinary Technician,181.5,8.0,8,181.5
2024-11-01,EMP0241,CL010,Veterinary Technician,101.6,5.2,0,106.8
2024-11-01,EMP0242,CL010,Practice Manager,136.2,0.2,24,112.4
2024-11-01,EMP0243,CL010,Veterinary Technician,182.2,0,24,158.2
2024-11-01,EMP0244,CL010,Client Service Representative,154.2,0,0,154.2
2024-11-01,EMP0245,CL010,Practice Manager,162.0,4.9,0,166.9
2024-11-01,EMP0246,CL011,Veterinary Technician,121.4,5.4,0,126.8
2024-11-01,EMP0247,CL011,Veterinarian,177.5,3.8,16,165.3
2024-11-01,EMP0248,CL011,Client Service Representative,153.9,5.8,8,151.7
2024-11-01,EMP0249,CL011,Practice Manager,108.1,11.4,8,111.5
2024-11-01,EMP0250,CL011,Veterinarian,172.6,7.4,0,180.0
2024-11-01,EMP0251,CL011,Veterinarian,130.8,0.1,0,130.9
2024-11-01,EMP0252,CL011,Veterinary Technician,163.8,2.5,24,142.3
2024-11-01,EMP0253,CL011,Client Service Representative,141.3,2.4,0,143.7
2024-11-01,EMP0254,CL011,Veterinarian,170.8,4.3,8,167.1
2024-11-01,EMP0255,CL011,Veterinarian,176.9,1.8,16,162.7
2024-11-01,EMP0256,CL011,Veterinarian,124.1,10.2,24,110.3
2024-11-01,EMP0257,CL011,Veterinarian,184.5,2.1,24,162.6
2024-11-01,EMP0258,CL011,Veterinary Assistant,91.6,3.1,8,86.7
2024-11-01,EMP0259,CL011,Practice Manager,163.4,1.8,0,165.2
2024-11-01,EMP0260,CL011,Veterinarian,136.7,4.7,8,133.4
2024-11-01,EMP0261,CL011,Client Service Representative,181.0,5.0,24,162.0
2024-11-01,EMP0262,CL011,Veterinarian,174.0,3.7,0,177.7
2024-11-01,EMP0263,CL011,Veterinarian,183.1,10.6,8,185.7
2024-11-01,EMP0264,CL011,Veterinarian,168.5,0,16,152.5
2024-11-01,EMP0265,CL011,Veterinary Assistant,101.2,1.3,24,78.5
2024-11-01,EMP0266,CL011,Veterinarian,164.9,5.0,8,161.9
2024-11-01,EMP0267,CL012,Client Service Representative,110.5,0,0,110.5
2024-11-01,EMP0268,CL012,Veterinary Technician,172.5,3.5,16,160.0
2024-11-01,EMP0269,CL012,Practice Manager,170.4,4.5,0,174.9
2024-11-01,EMP0270,CL012,Client Service Representative,138.6,0,0,138.6
2024-11-01,EMP0271,CL012,Veterinary Technician,161.4,0,0,161.4
2024-11-01,EMP0272,CL012,Practice Manager,145.9,0,0,145.9
2024-11-01,EMP0273,CL012,Veterinary Technician,165.6,13.5,8,171.1
2024-11-01,EMP0274,CL012,Veterinarian,139.1,3.6,8,134.7
2024-11-01,EMP0275,CL012,Veterinary Technician,142.0,4.6,8,138.6
2024-11-01,EMP0276,CL012,Veterinary Technician,84.9,6.5,8,83.4
2024-11-01,EMP0277,CL012,Veterinarian,136.3,6.0,8,134.3
2024-11-01,EMP0278,CL012,Veterinarian,183.1,1.6,8,176.7
2024-11-01,EMP0279,CL012,Client Service Representative,142.3,1.7,24,120.0
2024-11-01,EMP0280,CL012,Veterinary Technician,174.3,10.0,0,184.3
2024-11-01,EMP0281,CL012,Veterinarian,171.3,1.4,16,156.7
2024-11-01,EMP0282,CL012,Veterinary Assistant,177.6,0,8,169.6
2024-11-01,EMP0283,CL012,Veterinarian,177.0,6.4,8,175.4
2024-11-01,EMP0284,CL012,Client Service Representative,177.4,0.5,0,177.9
2024-11-01,EMP0285,CL012,Veterinarian,182.6,9.1,0,191.7
2024-11-01,EMP0286,CL012,Veterinarian,175.3,6.0,8,173.3
2024-11-01,EMP0287,CL012,Veterinary Assistant,175.8,0,8,167.8
2024-11-01,EMP0288,CL012,Veterinary Technician,119.2,10.2,0,129.4
2024-11-01,EMP0289,CL012,Veterinarian,176.8,6.0,16,166.8
2024-11-01,EMP0290,CL012,Client Service Representative,170.5,0.9,8,163.4
2024-11-01,EMP0291,CL012,Veterinarian,177.1,2.6,0,179.7
2024-11-01,EMP0292,CL012,Veterinary Assistant,132.0,0,8,124.0
2024-11-01,EMP0293,CL012,Veterinarian,180.2,6.8,0,187.0
2024-11-01,EMP0294,CL012,Client Service Representative,143.1,0.8,0,143.9
2024-11-01,EMP0295,CL012,Client Service Representative,173.2,2.1,0,175.3
2024-11-01,EMP0296,CL012,Veterinary Technician,181.2,12.4,8,185.6
2024-11-01,EMP0297,CL012,Veterinary Technician,93.0,8.3,8,93.3
2024-11-01,EMP0298,CL012,Veterinarian,174.9,3.9,8,170.8
2024-11-01,EMP0299,CL012,Veterinary Technician,172.3,9.3,8,173.6
2024-11-01,EMP0300,CL012,Veterinarian,184.8,3.0,16,171.8
2024-12-01,EMP0001,CL001,Veterinary Technician,179.2,1.2,24,156.4
2024-12-01,EMP0002,CL001,Practice Manager,106.4,2.7,0,109.1
2024-12-01,EMP0003,CL001,Practice Manager,146.7,0,0,146.7
2024-12-01,EMP0004,CL001,Veterinary Technician,152.3,3.4,16,139.7
2024-12-01,EMP0005,CL001,Veterinary Technician,166.4,3.3,0,169.7
2024-12-01,EMP0006,CL001,Veterinary Technician,181.2,3.4,0,184.6
2024-12-01,EMP0007,CL001,Veterinarian,175.1,4.8,8,171.9
2024-12-01,EMP0008,CL001,Veterinarian,169.2,0.0,0,169.2
2024-12-01,EMP0009,CL001,Veterinary Technician,172.3,9.9,0,182.2
2024-12-01,EMP0010,CL001,Veterinarian,171.9,7.1,8,171.0
2024-12-01,EMP0011,CL001,Veterinary Assistant,177.0,0.9,0,177.9
2024-12-01,EMP0012,CL001,Veterinary Technician,114.2,4.8,24,95.0
2024-12-01,EMP0013,CL001,Veterinary Technician,132.9,4.2,16,121.1
2024-12-01,EMP0014,CL001,Veterinarian,159.2,5.3,16,148.5
2024-12-01,EMP0015,CL001,Veterinarian,160.2,7.6,8,159.8
2024-12-01,EMP0016,CL001,Veterinarian,178.7,6.3,24,161.0
2024-12-01,EMP0017,CL001,Veterinary Assistant,149.9,0,16,133.9
2024-12-01,EMP0018,CL001,Practice Manager,98.9,2.5,0,101.4
2024-12-01,EMP0019,CL001,Veterinarian,183.5,5.4,24,164.9
2024-12-01,EMP0020,CL001,Veterinarian,170.5,8.4,8,170.9
2024-12-01,EMP0021,CL001,Veterinarian,170.1,5.1,0,175.2
2024-12-01,EMP0022,CL001,Client Service Representative,179.1,0,0,179.1
2024-12-01,EMP0023,CL001,Veterinary Technician,141.3,6.9,8,140.2
2024-12-01,EMP0024,CL001,Veterinary Assistant,176.0,9.7,8,177.7
2024-12-01,EMP0025,CL001,Veterinary Technician,178.7,3.6,8,174.3
2024-12-01,EMP0026,CL001,Veterinarian,162.3,3.7,0,166.0
2024-12-01,EMP0027,CL001,Veterinary Assistant,121.4,0,24,97.4
2024-12-01,EMP0028,CL001,Veterinary Technician,186.4,0.6,0,187.0
2024-12-01,EMP0029,CL001,Veterinarian,188.8,10.1,0,198.9
2024-12-01,EMP0030,CL002,Kennel Assistant,176.4,0,8,168.4
2024-12-01,EMP0031,CL002,Veterinarian,139.8,8.7,16,132.5
2024-12-01,EMP0032,CL002,Veterinarian,138.2,3.6,0,141.8
2024-12-01,EMP0033,CL002,Veterinarian,137.4,6.8,0,144.2
2024-12-01,EMP0034,CL002,Veterinarian,153.7,5.0,24,134.7
2024-12-01,EMP0035,CL002,Veterinarian,175.9,0.9,8,168.8
2024-12-01,EMP0036,CL002,Client Service Representative,162.9,3.7,8,158.6
2024-12-01,EMP0037,CL002,Veterinarian,141.6,10.4,0,152.0
2024-12-01,EMP0038,CL002,Client Service Representative,163.8,6.4,0,170.2
2024-12-01,EMP0039,CL002,Veterinary Assistant,176.6,4.0,0,180.6
2024-12-01,EMP0040,CL002,Veterinary Technician,104.9,6.0,8,102.9
2024-12-01,EMP0041,CL002,Veterinarian,175.9,5.5,0,181.4
2024-12-01,EMP0042,CL002,Veterinary Technician,178.2,6.1,0,184.3
2024-12-01,EMP0043,CL002,Veterinary Technician,100.9,1.1,16,86.0
2024-12-01,EMP0044,CL002,Veterinary Assistant,129.3,4.3,8,125.6
2024-12-01,EMP0045,CL002,Veterinarian,169.4,0.6,24,146.0
2024-12-01,EMP0046,CL002,Veterinary Technician,139.7,5.8,24,121.5
2024-12-01,EMP0047,CL002,Veterinary Assistant,159.8,4.8,8,156.6
2024-12-01,EMP0048,CL002,Kennel Assistant,170.3,5.7,8,168.0
2024-12-01,EMP0049,CL002,Client Service Representative,108.8,2.9,0,111.7
2024-12-01,EMP0050,CL002,Practice Manager,169.3,1.8,0,171.1
2024-12-01,EMP0051,CL003,Practice Manager,159.6,4.3,0,163.9
2024-12-01,EMP0052,CL003,Veterinary Technician,180.7,11.7,0,192.4
2024-12-01,EMP0053,CL003,Kennel Assistant,108.6,5.6,8,106.2
2024-12-01,EMP0054,CL003,Veterinarian,171.3,9.3,24,156.6
2024-12-01,EMP0055,CL003,Veterinary Assistant,132.1,0,0,132.1
2024-12-01,EMP0056,CL003,Client Service Representative,166.7,0.9,8,159.6
2024-12-01,EMP0057,CL003,Veterinarian,136.8,4.8,24,117.6
2024-12-01,EMP0058,CL003,Veterinary Assistant,117.7,2.9,0,120.6
2024-12-01,EMP0059,CL003,Client Service Representative,181.4,2.7,0,184.1
2024-12-01,EMP0060,CL003,Veterinarian,172.6,6.0,0,178.6
2024-12-01,EMP0061,CL003,Kennel Assistant,111.2,0,0,111.2
2024-12-01,EMP0062,CL003,Veterinarian,166.6,3.0,8,161.6
2024-12-01,EMP0063,CL003,Veterinary Technician,164.6,5.2,8,161.8
2024-12-01,EMP0064,CL003,Veterinary Technician,175.4,2.8,16,162.2
2024-12-01,EMP0065,CL003,Veterinarian,173.8,0,8,165.8
2024-12-01,EMP0066,CL003,Client Service Representative,176.7,1.7,24,154.4
2024-12-01,EMP0067,CL003,Practice Manager,125.5,5.4,0,130.9
2024-12-01,EMP0068,CL003,Veterinarian,171.2,1.1,0,172.3
2024-12-01,EMP0069,CL003,Veterinary Assistant,161.5,2.2,16,147.7
2024-12-01,EMP0070,CL003,Veterinarian,176.4,10.9,0,187.3
2024-12-01,EMP0071,CL003,Kennel Assistant,176.1,0,0,176.1
2024-12-01,EMP0072,CL003,Veterinarian,144.1,0.7,16,128.8
2024-12-01,EMP0073,CL003,Veterinarian,138.2,10.3,16,132.5
2024-12-01,EMP0074,CL003,Veterinary Technician,173.4,5.2,0,178.6
2024-12-01,EMP0075,CL003,Veterinarian,150.4,7.7,0,158.1
2024-12-01,EMP0076,CL004,Client Service Representative,176.3,5.2,0,181.5
2024-12-01,EMP0077,CL004,Veterinarian,121.7,0.8,16,106.5
2024-12-01,EMP0078,CL004,Veterinarian,191.7,0.9,8,184.6
2024-12-01,EMP0079,CL004,Veterinary Technician,176.1,1.2,0,177.3
2024-12-01,EMP0080,CL004,Veterinarian,172.2,11.6,16,167.8
2024-12-01,EMP0081,CL004,Veterinary Technician,151.5,11.2,16,146.7
2024-12-01,EMP0082,CL004,Veterinarian,172.0,10.8,0,182.8
2024-12-01,EMP0083,CL004,Veterinary Assistant,169.7,2.2,0,171.9
2024-12-01,EMP0084,CL004,Veterinarian,139.6,6.6,8,138.2
2024-12-01,EMP0085,CL004,Veterinarian,174.3,5.0,16,163.3
2024-12-01,EMP0086,CL004,Veterinary Assistant,180.3,1.7,8,174.0
2024-12-01,EMP0087,CL004,Veterinary Technician,171.4,2.4,0,173.8
2024-12-01,EMP0088,CL004,Veterinarian,139.4,2.8,16,126.2
2024-12-01,EMP0089,CL004,Veterinarian,178.6,3.7,16,166.3
2024-12-01,EMP0090,CL004,Veterinary Technician,157.8,12.7,16,154.5
2024-12-01,EMP0091,CL004,Veterinarian,165.1,0.8,8,157.9
2024-12-01,EMP0092,CL004,Veterinarian,173.7,2.0,16,159.7
2024-12-01,EMP0093,CL004,Veterinary Technician,107.9,11.2,0,119.1
2024-12-01,EMP0094,CL004,Practice Manager,147.6,9.8,0,157.4
2024-12-01,EMP0095,CL004,Veterinary Assistant,166.4,4.1,0,170.5
2024-12-01,EMP0096,CL004,Veterinary Assistant,164.0,0,0,164.0
2024-12-01,EMP0097,CL004,Veterinarian,170.3,1.0,0,171.3
2024-12-01,EMP0098,CL004,Client Service Representative,163.8,4.1,0,167.9
2024-12-01,EMP0099,CL004,Veterinarian,172.6,5.5,8,170.1
2024-12-01,EMP0100,CL004,Veterinary Technician,143.2,1.4,0,144.6
2024-12-01,EMP0101,CL004,Veterinary Assistant,115.8,4.8,0,120.6
2024-12-01,EMP0102,CL004,Veterinary Technician,138.9,10.9,0,149.8
2024-12-01,EMP0103,CL004,Practice Manager,105.4,0,0,105.4
2024-12-01,EMP0104,CL004,Veterinarian,184.1,4.4,8,180.5
2024-12-01,EMP0105,CL004,Veterinary Technician,166.9,4.6,16,155.5
2024-12-01,EMP0106,CL005,Practice Manager,176.6,0,16,160.6
2024-12-01,EMP0107,CL005,Veterinarian,165.8,12.2,0,178.0
2024-12-01,EMP0108,CL005,Client Service Representative,104.0,3.1,16,91.1
2024-12-01,EMP0109,CL005,Veterinarian,174.2,4.8,0,179.0
2024-12-01,EMP0110,CL005,Veterinary Technician,183.7,8.5,0,192.2
2024-12-01,EMP0111,CL005,Veterinarian,178.7,1.9,24,156.6
2024-12-01,EMP0112,CL005,Veterinary Technician,101.8,4.4,0,106.2
2024-12-01,EMP0113,CL005,Veterinarian,165.6,9.0,8,166.6
2024-12-01,EMP0114,CL005,Veterinary Technician,163.4,0,8,155.4
2024-12-01,EMP0115,CL005,Veterinarian,138.0,4.4,0,142.4
2024-12-01,EMP0116,CL005,Veterinary Assistant,167.7,4.4,16,156.1
2024-12-01,EMP0117,CL005,Veterinarian,179.1,4.5,24,159.6
2024-12-01,EMP0118,CL005,Veterinarian,147.9,10.9,0,158.8
2024-12-01,EMP0119,CL005,Veterinarian,162.5,4.7,0,167.2
2024-12-01,EMP0120,CL005,Veterinary Technician,147.7,0.6,0,148.3
2024-12-01,EMP0121,CL005,Veterinary Assistant,130.5,8.3,24,114.8
2024-12-01,EMP0122,CL005,Veterinarian,135.8,4.7,8,132.5
2024-12-01,EMP0123,CL005,Veterinarian,167.3,12.4,0,179.7
2024-12-01,EMP0124,CL005,Veterinarian,169.6,8.3,24,153.9
2024-12-01,EMP0125,CL005,Veterinary Technician,156.5,2.8,24,135.3
2024-12-01,EMP0126,CL005,Veterinarian,174.7,3.0,8,169.7
2024-12-01,EMP0127,CL005,Veterinary Technician,129.0,3.3,8,124.3
2024-12-01,EMP0128,CL005,Veterinary Technician,89.8,12.2,0,102.0
2024-12-01,EMP0129,CL005,Veterinary Assistant,131.2,1.6,8,124.8
2024-12-01,EMP0130,CL005,Veterinarian,141.9,8.1,0,150.0
2024-12-01,EMP0131,CL006,Veterinarian,175.2,5.3,0,180.5
2024-12-01,EMP0132,CL006,Veterinarian,180.6,3.0,0,183.6
2024-12-01,EMP0133,CL006,Veterinarian,169.0,9.0,8,170.0
2024-12-01,EMP0134,CL006,Veterinarian,165.2,13.3,24,154.5
2024-12-01,EMP0135,CL006,Veterinarian,127.8,0,16,111.8
2024-12-01,EMP0136,CL006,Veterinary Technician,182.1,6.3,0,188.4
2024-12-01,EMP0137,CL006,Client Service Representative,139.2,1.8,8,133.0
2024-12-01,EMP0138,CL006,Kennel Assistant,187.3,0.8,24,164.1
2024-12-01,EMP0139,CL006,Veterinary Technician,134.1,13.0,0,147.1
2024-12-01,EMP0140,CL006,Veterinarian,156.9,6.7,0,163.6
2024-12-01,EMP0141,CL006,Practice Manager,128.6,3.4,0,132.0
2024-12-01,EMP0142,CL006,Veterinary Technician,177.9,4.1,0,182.0
2024-12-01,EMP0143,CL006,Veterinary Technician,103.4,9.3,0,112.7
2024-12-01,EMP0144,CL006,Veterinarian,139.4,7.7,16,131.1
2024-12-01,EMP0145,CL006,Veterinary Technician,178.3,9.3,16,171.6
2024-12-01,EMP0146,CL006,Veterinarian,138.6,1.8,0,140.4
2024-12-01,EMP0147,CL006,Veterinary Technician,161.6,8.6,8,162.2
2024-12-01,EMP0148,CL006,Client Service Representative,179.5,3.3,0,182.8
2024-12-01,EMP0149,CL006,Veterinarian,147.3,5.8,16,137.1
2024-12-01,EMP0150,CL006,Veterinarian,168.9,0,8,160.9
2024-12-01,EMP0151,CL007,Veterinary Technician,119.5,3.7,8,115.2
2024-12-01,EMP0152,CL007,Veterinary Technician,121.8,11.0,0,132.8
2024-12-01,EMP0153,CL007,Veterinary Technician,151.4,9.3,0,160.7
2024-12-01,EMP0154,CL007,Veterinary Technician,175.0,6.4,0,181.4
2024-12-01,EMP0155,CL007,Veterinary Assistant,172.0,1.6,8,165.6
2024-12-01,EMP0156,CL007,Practice Manager,178.1,4.1,0,182.2
2024-12-01,EMP0157,CL007,Veterinarian,175.9,2.6,0,178.5
2024-12-01,EMP0158,CL007,Client Service Representative,120.9,1.2,0,122.1
2024-12-01,EMP0159,CL007,Veterinary Technician,166.3,6.7,0,173.0
2024-12-01,EMP0160,CL007,Veterinarian,143.0,2.5,8,137.5
2024-12-01,EMP0161,CL007,Veterinary Technician,105.6,14.6,0,120.2
2024-12-01,EMP0162,CL007,Veterinarian,183.9,5.5,16,173.4
2024-12-01,EMP0163,CL007,Veterinarian,163.6,2.1,0,165.7
2024-12-01,EMP0164,CL007,Veterinarian,174.6,12.2,0,186.8
2024-12-01,EMP0165,CL007,Veterinarian,171.8,7.8,8,171.6
2024-12-01,EMP0166,CL007,Client Service Representative,172.8,1.6,0,174.4
2024-12-01,EMP0167,CL007,Veterinary Assistant,112.8,7.2,8,112.0
2024-12-01,EMP0168,CL007,Veterinary Technician,141.5,2.5,8,136.0
2024-12-01,EMP0169,CL007,Practice Manager,173.9,0,0,173.9
2024-12-01,EMP0170,CL007,Veterinarian,177.1,3.1,8,172.2
2024-12-01,EMP0171,CL007,Veterinary Technician,111.1,2.4,0,113.5
2024-12-01,EMP0172,CL007,Veterinary Technician,164.9,0,16,148.9
2024-12-01,EMP0173,CL007,Veterinary Assistant,181.0,9.1,8,182.1
2024-12-01,EMP0174,CL007,Veterinarian,182.1,6.0,0,188.1
2024-12-01,EMP0175,CL008,Veterinarian,178.7,5.9,0,184.6
2024-12-01,EMP0176,CL008,Client Service Representative,94.8,5.5,0,100.3
2024-12-01,EMP0177,CL008,Client Service Representative,182.7,0,16,166.7
2024-12-01,EMP0178,CL008,Practice Manager,181.1,4.7,16,169.8
2024-12-01,EMP0179,CL008,Veterinary Assistant,172.4,3.9,24,152.3
2024-12-01,EMP0180,CL008,Kennel Assistant,166.0,0,16,150.0
2024-12-01,EMP0181,CL008,Veterinarian,166.5,8.4,8,166.9
2024-12-01,EMP0182,CL008,Veterinarian,168.5,2.3,8,162.8
2024-12-01,EMP0183,CL008,Veterinary Assistant,169.8,4.3,24,150.1
2024-12-01,EMP0184,CL008,Veterinary Assistant,167.9,0,0,167.9
2024-12-01,EMP0185,CL008,Kennel Assistant,128.9,0.1,16,113.0
2024-12-01,EMP0186,CL008,Veterinarian,175.0,11.9,0,186.9
2024-12-01,EMP0187,CL008,Kennel Assistant,171.6,2.8,16,158.4
2024-12-01,EMP0188,CL008,Veterinary Technician,184.2,0.8,16,169.0
2024-12-01,EMP0189,CL008,Veterinary Technician,172.3,6.1,0,178.4
2024-12-01,EMP0190,CL008,Veterinarian,175.6,5.2,8,172.8
2024-12-01,EMP0191,CL008,Veterinarian,177.9,5.1,0,183.0
2024-12-01,EMP0192,CL008,Kennel Assistant,128.6,1.9,16,114.5
2024-12-01,EMP0193,CL008,Veterinarian,126.4,4.7,8,123.1
2024-12-01,EMP0194,CL008,Veterinarian,169.4,0.1,24,145.5
2024-12-01,EMP0195,CL008,Veterinarian,182.9,9.8,0,192.7
2024-12-01,EMP0196,CL008,Client Service Representative,134.3,10.5,0,144.8
2024-12-01,EMP0197,CL008,Practice Manager,184.2,5.1,0,189.3
2024-12-01,EMP0198,CL009,Veterinarian,186.8,13.7,0,200.5
2024-12-01,EMP0199,CL009,Veterinary Assistant,183.2,0,8,175.2
2024-12-01,EMP0200,CL009,Kennel Assistant,171.2,7.6,16,162.8
2024-12-01,EMP0201,CL009,Veterinarian,168.6,1.9,0,170.5
2024-12-01,EMP0202,CL009,Veterinary Technician,99.2,7.7,24,82.9
2024-12-01,EMP0203,CL009,Veterinarian,134.4,4.7,0,139.1
2024-12-01,EMP0204,CL009,Veterinary Technician,110.6,8.5,8,111.1
2024-12-01,EMP0205,CL009,Veterinarian,165.2,12.3,0,177.5
2024-12-01,EMP0206,CL009,Veterinarian,164.9,0,0,164.9
2024-12-01,EMP0207,CL009,Veterinarian,190.7,2.4,8,185.1
2024-12-01,EMP0208,CL009,Veterinarian,137.8,0,0,137.8
2024-12-01,EMP0209,CL009,Veterinarian,167.0,6.0,16,157.0
2024-12-01,EMP0210,CL009,Veterinarian,176.1,1.4,8,169.5
2024-12-01,EMP0211,CL009,Practice Manager,181.9,0,8,173.9
2024-12-01,EMP0212,CL009,Veterinary Technician,174.3,10.3,16,168.6
2024-12-01,EMP0213,CL009,Veterinary Assistant,178.3,0,24,154.3
2024-12-01,EMP0214,CL009,Veterinarian,170.0,3.9,0,173.9
2024-12-01,EMP0215,CL009,Veterinarian,141.1,5.8,8,138.9
2024-12-01,EMP0216,CL009,Client Service Representative,112.6,1.2,8,105.8
2024-12-01,EMP0217,CL009,Client Service Representative,185.3,3.4,0,188.7
2024-12-01,EMP0218,CL009,Veterinarian,135.6,0,0,135.6
2024-12-01,EMP0219,CL009,Practice Manager,100.0,5.0,8,97.0
2024-12-01,EMP0220,CL009,Veterinary Technician,103.7,10.1,8,105.8
2024-12-01,EMP0221,CL009,Veterinary Technician,161.8,5.2,8,159.0
2024-12-01,EMP0222,CL010,Veterinary Assistant,87.8,11.3,24,75.1
2024-12-01,EMP0223,CL010,Veterinarian,162.1,3.2,0,165.3
2024-12-01,EMP0224,CL010,Veterinary Assistant,109.3,6.5,24,91.8
2024-12-01,EMP0225,CL010,Veterinary Assistant,135.7,3.8,8,131.5
2024-12-01,EMP0226,CL010,Veterinarian,159.1,8.4,16,151.5
2024-12-01,EMP0227,CL010,Veterinarian,175.8,5.9,16,165.7
2024-12-01,EMP0228,CL010,Veterinary Assistant,171.9,0.3,8,164.2
2024-12-01,EMP0229,CL010,Veterinarian,174.7,7.9,8,174.6
2024-12-01,EMP0230,CL010,Veterinarian,135.5,0,0,135.5
2024-12-01,EMP0231,CL010,Veterinary Technician,175.8,6.2,0,182.0
2024-12-01,EMP0232,CL010,Practice Manager,159.4,0,8,151.4
2024-12-01,EMP0233,CL010,Veterinary Technician,170.8,0.1,24,146.9
2024-12-01,EMP0234,CL010,Client Service Representative,186.8,0,0,186.8
2024-12-01,EMP0235,CL010,Veterinarian,174.2,3.9,24,154.1
2024-12-01,EMP0236,CL010,Veterinarian,160.5,2.1,16,146.6
2024-12-01,EMP0237,CL010,Veterinary Technician,172.9,9.9,24,158.8
2024-12-01,EMP0238,CL010,Veterinarian,180.2,0.3,0,180.5
2024-12-01,EMP0239,CL010,Veterinary Assistant,168.9,0,0,168.9
2024-12-01,EMP0240,CL010,Veterinary Technician,185.2,0,0,185.2
2024-12-01,EMP0241,CL010,Veterinary Technician,93.2,9.7,0,102.9
2024-12-01,EMP0242,CL010,Practice Manager,139.1,4.3,24,119.4
2024-12-01,EMP0243,CL010,Veterinary Technician,178.2,6.0,0,184.2
2024-12-01,EMP0244,CL010,Client Service Representative,176.2,2.0,0,178.2
2024-12-01,EMP0245,CL010,Practice Manager,181.3,0.8,0,182.1
2024-12-01,EMP0246,CL011,Veterinary Technician,138.3,6.5,0,144.8
2024-12-01,EMP0247,CL011,Veterinarian,178.1,2.6,8,172.7
2024-12-01,EMP0248,CL011,Client Service Representative,175.8,0,8,167.8
2024-12-01,EMP0249,CL011,Practice Manager,104.0,2.0,8,98.0
2024-12-01,EMP0250,CL011,Veterinarian,185.0,0,8,177.0
2024-12-01,EMP0251,CL011,Veterinarian,140.9,1.2,16,126.1
2024-12-01,EMP0252,CL011,Veterinary Technician,182.5,8.2,16,174.7
2024-12-01,EMP0253,CL011,Client Service Representative,145.7,0.3,0,146.0
2024-12-01,EMP0254,CL011,Veterinarian,182.6,7.7,16,174.3
2024-12-01,EMP0255,CL011,Veterinarian,155.6,3.9,16,143.5
2024-12-01,EMP0256,CL011,Veterinarian,142.4,0,8,134.4
2024-12-01,EMP0257,CL011,Veterinarian,169.9,13.3,0,183.2
2024-12-01,EMP0258,CL011,Veterinary Assistant,104.4,3.1,8,99.5
2024-12-01,EMP0259,CL011,Practice Manager,174.5,4.1,16,162.6
2024-12-01,EMP0260,CL011,Veterinarian,132.8,4.2,8,129.0
2024-12-01,EMP0261,CL011,Client Service Representative,165.1,0,0,165.1
2024-12-01,EMP0262,CL011,Veterinarian,168.2,12.7,8,172.9
2024-12-01,EMP0263,CL011,Veterinarian,164.2,8.7,16,156.9
2024-12-01,EMP0264,CL011,Veterinarian,177.2,5.9,0,183.1
2024-12-01,EMP0265,CL011,Veterinary Assistant,94.3,3.3,8,89.6
2024-12-01,EMP0266,CL011,Veterinarian,175.2,4.1,0,179.3
2024-12-01,EMP0267,CL012,Client Service Representative,103.5,0,8,95.5
2024-12-01,EMP0268,CL012,Veterinary Technician,167.5,3.0,0,170.5
2024-12-01,EMP0269,CL012,Practice Manager,179.4,5.8,24,161.2
2024-12-01,EMP0270,CL012,Client Service Representative,140.7,0,8,132.7
2024-12-01,EMP0271,CL012,Veterinary Technician,168.4,2.1,0,170.5
2024-12-01,EMP0272,CL012,Practice Manager,128.7,6.2,0,134.9
2024-12-01,EMP0273,CL012,Veterinary Technician,182.8,0,8,174.8
2024-12-01,EMP0274,CL012,Veterinarian,139.2,5.7,0,144.9
2024-12-01,EMP0275,CL012,Veterinary Technician,144.7,2.2,24,122.9
2024-12-01,EMP0276,CL012,Veterinary Technician,109.2,0,0,109.2
2024-12-01,EMP0277,CL012,Veterinarian,137.6,2.4,0,140.0
2024-12-01,EMP0278,CL012,Veterinarian,179.6,3.6,0,183.2
2024-12-01,EMP0279,CL012,Client Service Representative,139.2,2.2,0,141.4
2024-12-01,EMP0280,CL012,Veterinary Technician,188.5,3.7,8,184.2
2024-12-01,EMP0281,CL012,Veterinarian,179.1,0,0,179.1
2024-12-01,EMP0282,CL012,Veterinary Assistant,174.2,6.6,8,172.8
2024-12-01,EMP0283,CL012,Veterinarian,167.0,8.3,16,159.3
2024-12-01,EMP0284,CL012,Client Service Representative,190.6,1.4,8,184.0
2024-12-01,EMP0285,CL012,Veterinarian,173.9,9.1,24,159.0
2024-12-01,EMP0286,CL012,Veterinarian,182.0,2.2,0,184.2
2024-12-01,EMP0287,CL012,Veterinary Assistant,170.7,3.0,8,165.7
2024-12-01,EMP0288,CL012,Veterinary Technician,111.3,4.7,0,116.0
2024-12-01,EMP0289,CL012,Veterinarian,184.2,5.8,24,166.0
2024-12-01,EMP0290,CL012,Client Service Representative,167.8,0,0,167.8
2024-12-01,EMP0291,CL012,Veterinarian,176.5,1.1,0,177.6
2024-12-01,EMP0292,CL012,Veterinary Assistant,143.6,0,0,143.6
2024-12-01,EMP0293,CL012,Veterinarian,170.7,2.2,0,172.9
2024-12-01,EMP0294,CL012,Client Service Representative,138.4,0.4,8,130.8
2024-12-01,EMP0295,CL012,Client Service Representative,176.9,0,8,168.9
2024-12-01,EMP0296,CL012,Veterinary Technician,171.9,1.5,0,173.4
2024-12-01,EMP0297,CL012,Veterinary Technician,102.4,7.9,0,110.3
2024-12-01,EMP0298,CL012,Veterinarian,182.5,2.6,8,177.1
2024-12-01,EMP0299,CL012,Veterinary Technician,161.0,3.9,0,164.9
2024-12-01,EMP0300,CL012,Veterinarian,182.1,6.9,8,181.0
2025-01-01,EMP0001,CL001,Veterinary Technician,154.5,9.8,8,156.3
2025-01-01,EMP0002,CL001,Practice Manager,114.5,0,0,114.5
2025-01-01,EMP0003,CL001,Practice Manager,121.2,0,16,105.2
2025-01-01,EMP0004,CL001,Veterinary Technician,137.4,4.7,16,126.1
2025-01-01,EMP0005,CL001,Veterinary Technician,166.7,2.8,8,161.5
2025-01-01,EMP0006,CL001,Veterinary Technician,182.6,2.8,0,185.4
2025-01-01,EMP0007,CL001,Veterinarian,180.9,0,8,172.9
2025-01-01,EMP0008,CL001,Veterinarian,179.6,4.2,8,175.8
2025-01-01,EMP0009,CL001,Veterinary Technician,176.5,7.4,0,183.9
2025-01-01,EMP0010,CL001,Veterinarian,176.9,0,16,160.9
2025-01-01,EMP0011,CL001,Veterinary Assistant,171.4,0,0,171.4
2025-01-01,EMP0012,CL001,Veterinary Technician,113.6,7.4,16,105.0
2025-01-01,EMP0013,CL001,Veterinary Technician,149.6,7.4,8,149.0
2025-01-01,EMP0014,CL001,Veterinarian,174.5,7.3,0,181.8
2025-01-01,EMP0015,CL001,Veterinarian,159.5,1.9,0,161.4
2025-01-01,EMP0016,CL001,Veterinarian,172.4,8.7,0,181.1
2025-01-01,EMP0017,CL001,Veterinary Assistant,134.6,0,0,134.6
2025-01-01,EMP0018,CL001,Practice Manager,91.8,6.1,8,89.9
2025-01-01,EMP0019,CL001,Veterinarian,188.8,5.2,8,186.0
2025-01-01,EMP0020,CL001,Veterinarian,176.5,1.2,24,153.7
2025-01-01,EMP0021,CL001,Veterinarian,182.2,0.3,24,158.5
2025-01-01,EMP0022,CL001,Client Service Representative,176.9,0,16,160.9
2025-01-01,EMP0023,CL001,Veterinary Technician,141.7,0.3,24,118.0
2025-01-01,EMP0024,CL001,Veterinary Assistant,178.2,0,24,154.2
2025-01-01,EMP0025,CL001,Veterinary Technician,171.9,8.9,24,156.8
2025-01-01,EMP0026,CL001,Veterinarian,178.0,7.4,24,161.4
2025-01-01,EMP0027,CL001,Veterinary Assistant,152.3,1.0,8,145.3
2025-01-01,EMP0028,CL001,Veterinary Technician,186.8,7.8,16,178.6
2025-01-01,EMP0029,CL001,Veterinarian,178.4,4.5,24,158.9
2025-01-01,EMP0030,CL002,Kennel Assistant,161.9,4.3,0,166.2
2025-01-01,EMP0031,CL002,Veterinarian,133.3,11.7,16,129.0
2025-01-01,EMP0032,CL002,Veterinarian,138.3,6.8,0,145.1
2025-01-01,EMP0033,CL002,Veterinarian,128.7,4.7,0,133.4
2025-01-01,EMP0034,CL002,Veterinarian,136.4,8.3,16,128.7
2025-01-01,EMP0035,CL002,Veterinarian,163.3,6.6,0,169.9
2025-01-01,EMP0036,CL002,Client Service Representative,169.2,2.9,8,164.1
2025-01-01,EMP0037,CL002,Veterinarian,149.8,11.3,16,145.1
2025-01-01,EMP0038,CL002,Client Service Representative,191.4,0.0,0,191.4
2025-01-01,EMP0039,CL002,Veterinary Assistant,179.3,0,24,155.3
2025-01-01,EMP0040,CL002,Veterinary Technician,99.3,7.0,8,98.3
2025-01-01,EMP0041,CL002,Veterinarian,177.9,12.8,8,182.7
2025-01-01,EMP0042,CL002,Veterinary Technician,174.9,5.5,0,180.4
2025-01-01,EMP0043,CL002,Veterinary Technician,110.5,0.9,8,103.4
2025-01-01,EMP0044,CL002,Veterinary Assistant,142.2,5.2,8,139.4
2025-01-01,EMP0045,CL002,Veterinarian,192.7,4.3,0,197.0
2025-01-01,EMP0046,CL002,Veterinary Technician,134.8,0,8,126.8
2025-01-01,EMP0047,CL002,Veterinary Assistant,178.4,1.5,8,171.9
2025-01-01,EMP0048,CL002,Kennel Assistant,173.8,0,8,165.8
2025-01-01,EMP0049,CL002,Client Service Representative,106.2,4.6,0,110.8
2025-01-01,EMP0050,CL002,Practice Manager,163.9,0,0,163.9
2025-01-01,EMP0051,CL003,Practice Manager,158.0,2.6,8,152.6
2025-01-01,EMP0052,CL003,Veterinary Technician,164.0,4.9,0,168.9
2025-01-01,EMP0053,CL003,Kennel Assistant,96.1,7.1,0,103.2
2025-01-01,EMP0054,CL003,Veterinarian,170.5,8.3,8,170.8
2025-01-01,EMP0055,CL003,Veterinary Assistant,127.7,0,24,103.7
2025-01-01,EMP0056,CL003,Client Service Representative,163.0,9.2,0,172.2
2025-01-01,EMP0057,CL003,Veterinarian,129.0,0,16,113.0
2025-01-01,EMP0058,CL003,Veterinary Assistant,92.7,6.8,0,99.5
2025-01-01,EMP0059,CL003,Client Service Representative,161.2,6.4,8,159.6
2025-01-01,EMP0060,CL003,Veterinarian,162.9,0,24,138.9
2025-01-01,EMP0061,CL003,Kennel Assistant,114.5,0.3,16,98.8
2025-01-01,EMP0062,CL003,Veterinarian,181.6,2.1,0,183.7
2025-01-01,EMP0063,CL003,Veterinary Technician,176.7,0,0,176.7
2025-01-01,EMP0064,CL003,Veterinary Technician,179.1,7.8,16,170.9
2025-01-01,EMP0065,CL003,Veterinarian,200.0,3.9,0,203.9
2025-01-01,EMP0066,CL003,Client Service Representative,162.9,4.8,8,159.7
2025-01-01,EMP0067,CL003,Practice Manager,129.8,3.4,0,133.2
2025-01-01,EMP0068,CL003,Veterinarian,172.0,12.6,0,184.6
2025-01-01,EMP0069,CL003,Veterinary Assistant,176.0,0,24,152.0
2025-01-01,EMP0070,CL003,Veterinarian,185.0,5.2,8,182.2
2025-01-01,EMP0071,CL003,Kennel Assistant,170.4,5.8,0,176.2
2025-01-01,EMP0072,CL003,Veterinarian,132.7,0.8,0,133.5
2025-01-01,EMP0073,CL003,Veterinarian,136.5,4.2,8,132.7
2025-01-01,EMP0074,CL003,Veterinary Technician,172.8,6.0,8,170.8
2025-01-01,EMP0075,CL003,Veterinarian,141.9,4.0,8,137.9
2025-01-01,EMP0076,CL004,Client Service Representative,164.7,0.7,16,149.4
2025-01-01,EMP0077,CL004,Veterinarian,147.6,6.6,8,146.2
2025-01-01,EMP0078,CL004,Veterinarian,187.2,0.3,8,179.5
2025-01-01,EMP0079,CL004,Veterinary Technician,173.6,3.3,16,160.9
2025-01-01,EMP0080,CL004,Veterinarian,181.4,5.8,8,179.2
2025-01-01,EMP0081,CL004,Veterinary Technician,148.1,9.3,0,157.4
2025-01-01,EMP0082,CL004,Veterinarian,167.3,5.5,8,164.8
2025-01-01,EMP0083,CL004,Veterinary Assistant,168.9,0.4,0,169.3
2025-01-01,EMP0084,CL004,Veterinarian,132.8,3.3,0,136.1
2025-01-01,EMP0085,CL004,Veterinarian,168.6,3.2,24,147.8
2025-01-01,EMP0086,CL004,Veterinary Assistant,183.7,10.4,0,194.1
2025-01-01,EMP0087,CL004,Veterinary Technician,164.2,5.8,0,170.0
2025-01-01,EMP0088,CL004,Veterinarian,139.8,5.7,24,121.5
2025-01-01,EMP0089,CL004,Veterinarian,180.6,5.7,8,178.3
2025-01-01,EMP0090,CL004,Veterinary Technician,170.2,4.0,16,158.2
2025-01-01,EMP0091,CL004,Veterinarian,165.5,9.0,0,174.5
2025-01-01,EMP0092,CL004,Veterinarian,185.4,6.9,16,176.3
2025-01-01,EMP0093,CL004,Veterinary Technician,113.0,6.3,16,103.3
2025-01-01,EMP0094,CL004,Practice Manager,136.6,0,16,120.6
2025-01-01,EMP0095,CL004,Veterinary Assistant,174.5,6.5,0,181.0
2025-01-01,EMP0096,CL004,Veterinary Assistant,180.1,4.6,8,176.7
2025-01-01,EMP0097,CL004,Veterinarian,170.5,6.5,8,169.0
2025-01-01,EMP0098,CL004,Client Service Representative,171.1,3.9,0,175.0
2025-01-01,EMP0099,CL004,Veterinarian,176.9,2.7,0,179.6
2025-01-01,EMP0100,CL004,Veterinary Technician,136.8,8.7,8,137.5
2025-01-01,EMP0101,CL004,Veterinary Assistant,107.3,3.0,24,86.3
2025-01-01,EMP0102,CL004,Veterinary Technician,136.3,2.4,16,122.7
2025-01-01,EMP0103,CL004,Practice Manager,109.7,1.4,8,103.1
2025-01-01,EMP0104,CL004,Veterinarian,169.6,5.7,8,167.3
2025-01-01,EMP0105,CL004,Veterinary Technician,174.1,4.0,24,154.1
2025-01-01,EMP0106,CL005,Practice Manager,169.8,0.0,24,145.8
2025-01-01,EMP0107,CL005,Veterinarian,174.4,4.1,0,178.5
2025-01-01,EMP0108,CL005,Client Service Representative,97.6,2.7,24,76.3
2025-01-01,EMP0109,CL005,Veterinarian,184.9,0.6,16,169.5
2025-01-01,EMP0110,CL005,Veterinary Technician,169.9,0.5,0,170.4
2025-01-01,EMP0111,CL005,Veterinarian,169.7,1.2,0,170.9
2025-01-01,EMP0112,CL005,Veterinary Technician,103.3,0,16,87.3
2025-01-01,EMP0113,CL005,Veterinarian,170.1,8.1,0,178.2
2025-01-01,EMP0114,CL005,Veterinary Technician,167.7,1.4,0,169.1
2025-01-01,EMP0115,CL005,Veterinarian,124.0,3.3,8,119.3
2025-01-01,EMP0116,CL005,Veterinary Assistant,177.0,6.4,8,175.4
2025-01-01,EMP0117,CL005,Veterinarian,181.4,6.2,0,187.6
2025-01-01,EMP0118,CL005,Veterinarian,135.3,3.2,0,138.5
2025-01-01,EMP0119,CL005,Veterinarian,166.3,3.1,0,169.4
2025-01-01,EMP0120,CL005,Veterinary Technician,147.5,3.7,24,127.2
2025-01-01,EMP0121,CL005,Veterinary Assistant,137.6,5.6,8,135.2
2025-01-01,EMP0122,CL005,Veterinarian,138.5,5.0,8,135.5
2025-01-01,EMP0123,CL005,Veterinarian,191.3,4.9,16,180.2
2025-01-01,EMP0124,CL005,Veterinarian,176.6,9.2,16,169.8
2025-01-01,EMP0125,CL005,Veterinary Technician,172.2,8.3,0,180.5
2025-01-01,EMP0126,CL005,Veterinarian,165.1,6.8,8,163.9
2025-01-01,EMP0127,CL005,Veterinary Technician,151.8,9.2,24,137.0
2025-01-01,EMP0128,CL005,Veterinary Technician,97.9,0,8,89.9
2025-01-01,EMP0129,CL005,Veterinary Assistant,142.8,4.5,16,131.3
2025-01-01,EMP0130,CL005,Veterinarian,150.8,4.2,8,147.0
2025-01-01,EMP0131,CL006,Veterinarian,161.5,14.7,8,168.2
2025-01-01,EMP0132,CL006,Veterinarian,160.2,0,16,144.2
2025-01-01,EMP0133,CL006,Veterinarian,177.0,0.4,8,169.4
2025-01-01,EMP0134,CL006,Veterinarian,159.3,4.2,24,139.5
2025-01-01,EMP0135,CL006,Veterinarian,139.2,0,8,131.2
2025-01-01,EMP0136,CL006,Veterinary Technician,176.2,8.2,8,176.4
2025-01-01,EMP0137,CL006,Client Service Representative,125.8,0,24,101.8
2025-01-01,EMP0138,CL006,Kennel Assistant,164.9,6.0,0,170.9
2025-01-01,EMP0139,CL006,Veterinary Technician,136.6,9.2,0,145.8
2025-01-01,EMP0140,CL006,Veterinarian,177.3,5.1,0,182.4
2025-01-01,EMP0141,CL006,Practice Manager,139.4,8.2,0,147.6
2025-01-01,EMP0142,CL006,Veterinary Technician,158.9,1.8,24,136.7
2025-01-01,EMP0143,CL006,Veterinary Technician,109.9,8.3,0,118.2
2025-01-01,EMP0144,CL006,Veterinarian,136.4,0,8,128.4
2025-01-01,EMP0145,CL006,Veterinary Technician,183.5,1.0,24,160.5
2025-01-01,EMP0146,CL006,Veterinarian,138.8,6.2,8,137.0
2025-01-01,EMP0147,CL006,Veterinary Technician,170.2,0,24,146.2
2025-01-01,EMP0148,CL006,Client Service Representative,175.4,0,0,175.4
2025-01-01,EMP0149,CL006,Veterinarian,141.0,0,24,117.0
2025-01-01,EMP0150,CL006,Veterinarian,159.4,5.5,16,148.9
2025-01-01,EMP0151,CL007,Veterinary Technician,113.2,5.2,16,102.4
2025-01-01,EMP0152,CL007,Veterinary Technician,135.9,1.4,0,137.3
2025-01-01,EMP0153,CL007,Veterinary Technician,157.1,5.2,0,162.3
2025-01-01,EMP0154,CL007,Veterinary Technician,174.5,10.6,0,185.1
2025-01-01,EMP0155,CL007,Veterinary Assistant,171.2,0.5,16,155.7
2025-01-01,EMP0156,CL007,Practice Manager,156.5,6.2,8,154.7
2025-01-01,EMP0157,CL007,Veterinarian,175.9,2.0,24,153.9
2025-01-01,EMP0158,CL007,Client Service Representative,95.1,5.1,0,100.2
2025-01-01,EMP0159,CL007,Veterinary Technician,172.8,8.2,8,173.0
2025-01-01,EMP0160,CL007,Veterinarian,136.3,6.5,8,134.8
2025-01-01,EMP0161,CL007,Veterinary Technician,97.8,0,16,81.8
2025-01-01,EMP0162,CL007,Veterinarian,166.2,0.6,0,166.8
2025-01-01,EMP0163,CL007,Veterinarian,169.9,5.3,0,175.2
2025-01-01,EMP0164,CL007,Veterinarian,180.7,5.2,24,161.9
2025-01-01,EMP0165,CL007,Veterinarian,178.0,3.5,16,165.5
2025-01-01,EMP0166,CL007,Client Service Representative,158.4,0,8,150.4
2025-01-01,EMP0167,CL007,Veterinary Assistant,102.0,0.7,16,86.7
2025-01-01,EMP0168,CL007,Veterinary Technician,131.5,9.8,0,141.3
2025-01-01,EMP0169,CL007,Practice Manager,182.7,5.8,0,188.5
2025-01-01,EMP0170,CL007,Veterinarian,177.4,16.1,0,193.5
2025-01-01,EMP0171,CL007,Veterinary Technician,102.2,0,8,94.2
2025-01-01,EMP0172,CL007,Veterinary Technician,163.9,4.6,0,168.5
2025-01-01,EMP0173,CL007,Veterinary Assistant,172.5,0,8,164.5
2025-01-01,EMP0174,CL007,Veterinarian,167.7,1.5,8,161.2
2025-01-01,EMP0175,CL008,Veterinarian,176.3,6.3,0,182.6
2025-01-01,EMP0176,CL008,Client Service Representative,103.5,2.3,0,105.8
2025-01-01,EMP0177,CL008,Client Service Representative,170.3,7.8,24,154.1
2025-01-01,EMP0178,CL008,Practice Manager,184.4,0,0,184.4
2025-01-01,EMP0179,CL008,Veterinary Assistant,185.3,0.2,0,185.5
2025-01-01,EMP0180,CL008,Kennel Assistant,176.8,1.9,0,178.7
2025-01-01,EMP0181,CL008,Veterinarian,153.5,0,8,145.5
2025-01-01,EMP0182,CL008,Veterinarian,183.8,6.7,16,174.5
2025-01-01,EMP0183,CL008,Veterinary Assistant,169.5,3.2,0,172.7
2025-01-01,EMP0184,CL008,Veterinary Assistant,181.3,0.3,0,181.6
2025-01-01,EMP0185,CL008,Kennel Assistant,138.3,0,0,138.3
2025-01-01,EMP0186,CL008,Veterinarian,176.0,2.8,8,170.8
2025-01-01,EMP0187,CL008,Kennel Assistant,168.6,0,8,160.6
2025-01-01,EMP0188,CL008,Veterinary Technician,171.2,4.2,0,175.4
2025-01-01,EMP0189,CL008,Veterinary Technician,165.3,5.9,24,147.2
2025-01-01,EMP0190,CL008,Veterinarian,183.2,8.8,0,192.0
2025-01-01,EMP0191,CL008,Veterinarian,170.0,12.9,0,182.9
2025-01-01,EMP0192,CL008,Kennel Assistant,144.1,4.7,0,148.8
2025-01-01,EMP0193,CL008,Veterinarian,141.8,1.6,16,127.4
2025-01-01,EMP0194,CL008,Veterinarian,167.1,11.6,16,162.7
2025-01-01,EMP0195,CL008,Veterinarian,171.7,4.0,0,175.7
2025-01-01,EMP0196,CL008,Client Service Representative,142.1,2.0,24,120.1
2025-01-01,EMP0197,CL008,Practice Manager,168.4,4.0,0,172.4
2025-01-01,EMP0198,CL009,Veterinarian,176.4,6.4,8,174.8
2025-01-01,EMP0199,CL009,Veterinary Assistant,173.6,4.3,0,177.9
2025-01-01,EMP0200,CL009,Kennel Assistant,186.5,0.6,0,187.1
2025-01-01,EMP0201,CL009,Veterinarian,170.8,6.9,8,169.7
2025-01-01,EMP0202,CL009,Veterinary Technician,97.5,7.9,16,89.4
2025-01-01,EMP0203,CL009,Veterinarian,134.3,0,16,118.3
2025-01-01,EMP0204,CL009,Veterinary Technician,104.6,0.2,0,104.8
2025-01-01,EMP0205,CL009,Veterinarian,162.8,3.1,8,157.9
2025-01-01,EMP0206,CL009,Veterinarian,172.4,4.4,8,168.8
2025-01-01,EMP0207,CL009,Veterinarian,173.4,3.0,8,168.4
2025-01-01,EMP0208,CL009,Veterinarian,132.2,5.9,8,130.1
2025-01-01,EMP0209,CL009,Veterinarian,178.8,4.8,8,175.6
2025-01-01,EMP0210,CL009,Veterinarian,178.6,5.9,24,160.5
2025-01-01,EMP0211,CL009,Practice Manager,178.7,1.6,8,172.3
2025-01-01,EMP0212,CL009,Veterinary Technician,176.0,11.1,0,187.1
2025-01-01,EMP0213,CL009,Veterinary Assistant,163.4,7.1,8,162.5
2025-01-01,EMP0214,CL009,Veterinarian,166.2,8.0,0,174.2
2025-01-01,EMP0215,CL009,Veterinarian,136.0,3.4,8,131.4
2025-01-01,EMP0216,CL009,Client Service Representative,103.2,1.1,24,80.3
2025-01-01,EMP0217,CL009,Client Service Representative,174.6,2.6,24,153.2
2025-01-01,EMP0218,CL009,Veterinarian,142.5,1.3,0,143.8
2025-01-01,EMP0219,CL009,Practice Manager,96.4,6.4,24,78.8
2025-01-01,EMP0220,CL009,Veterinary Technician,109.7,9.5,8,111.2
2025-01-01,EMP0221,CL009,Veterinary Technician,176.6,0,0,176.6
2025-01-01,EMP0222,CL010,Veterinary Assistant,106.4,5.9,8,104.3
2025-01-01,EMP0223,CL010,Veterinarian,171.9,4.8,0,176.7
2025-01-01,EMP0224,CL010,Veterinary Assistant,101.7,7.4,8,101.1
2025-01-01,EMP0225,CL010,Veterinary Assistant,122.8,3.7,8,118.5
2025-01-01,EMP0226,CL010,Veterinarian,164.2,2.8,8,159.0
2025-01-01,EMP0227,CL010,Veterinarian,163.1,2.3,0,165.4
2025-01-01,EMP0228,CL010,Veterinary Assistant,175.6,0,0,175.6
2025-01-01,EMP0229,CL010,Veterinarian,173.5,2.4,8,167.9
2025-01-01,EMP0230,CL010,Veterinarian,132.8,11.2,24,120.0
2025-01-01,EMP0231,CL010,Veterinary Technician,164.0,5.7,8,161.7
2025-01-01,EMP0232,CL010,Practice Manager,167.7,2.8,16,154.5
2025-01-01,EMP0233,CL010,Veterinary Technician,171.2,14.1,8,177.3
2025-01-01,EMP0234,CL010,Client Service Representative,184.3,0,0,184.3
2025-01-01,EMP0235,CL010,Veterinarian,175.4,13.1,16,172.5
2025-01-01,EMP0236,CL010,Veterinarian,171.4,3.6,24,151.0
2025-01-01,EMP0237,CL010,Veterinary Technician,183.5,9.2,0,192.7
2025-01-01,EMP0238,CL010,Veterinarian,176.2,1.4,0,177.6
2025-01-01,EMP0239,CL010,Veterinary Assistant,173.9,4.6,0,178.5
2025-01-01,EMP0240,CL010,Veterinary Technician,187.5,5.7,24,169.2
2025-01-01,EMP0241,CL010,Veterinary Technician,112.5,4.4,0,116.9
2025-01-01,EMP0242,CL010,Practice Manager,125.3,6.1,0,131.4
2025-01-01,EMP0243,CL010,Veterinary Technician,174.6,6.8,8,173.4
2025-01-01,EMP0244,CL010,Client Service Representative,176.6,11.4,0,188.0
2025-01-01,EMP0245,CL010,Practice Manager,188.5,0,0,188.5
2025-01-01,EMP0246,CL011,Veterinary Technician,138.6,0,0,138.6
2025-01-01,EMP0247,CL011,Veterinarian,158.7,3.8,8,154.5
2025-01-01,EMP0248,CL011,Client Service Representative,156.7,6.4,0,163.1
2025-01-01,EMP0249,CL011,Practice Manager,105.5,0,0,105.5
2025-01-01,EMP0250,CL011,Veterinarian,176.3,6.8,16,167.1
2025-01-01,EMP0251,CL011,Veterinarian,137.8,1.6,8,131.4
2025-01-01,EMP0252,CL011,Veterinary Technician,169.8,0,0,169.8
2025-01-01,EMP0253,CL011,Client Service Representative,140.5,9.5,0,150.0
2025-01-01,EMP0254,CL011,Veterinarian,180.5,6.7,16,171.2
2025-01-01,EMP0255,CL011,Veterinarian,179.7,2.3,0,182.0
2025-01-01,EMP0256,CL011,Veterinarian,143.2,8.2,0,151.4
2025-01-01,EMP0257,CL011,Veterinarian,170.3,3.6,8,165.9
2025-01-01,EMP0258,CL011,Veterinary Assistant,102.6,3.0,8,97.6
2025-01-01,EMP0259,CL011,Practice Manager,173.0,0,0,173.0
2025-01-01,EMP0260,CL011,Veterinarian,131.5,0,8,123.5
2025-01-01,EMP0261,CL011,Client Service Representative,177.3,0.6,24,153.9
2025-01-01,EMP0262,CL011,Veterinarian,176.3,10.3,0,186.6
2025-01-01,EMP0263,CL011,Veterinarian,166.5,12.4,24,154.9
2025-01-01,EMP0264,CL011,Veterinarian,163.2,7.5,8,162.7
2025-01-01,EMP0265,CL011,Veterinary Assistant,104.6,12.7,0,117.3
2025-01-01,EMP0266,CL011,Veterinarian,172.1,4.2,0,176.3
2025-01-01,EMP0267,CL012,Client Service Representative,103.7,3.0,24,82.7
2025-01-01,EMP0268,CL012,Veterinary Technician,175.5,7.4,16,166.9
2025-01-01,EMP0269,CL012,Practice Manager,167.0,0,8,159.0
2025-01-01,EMP0270,CL012,Client Service Representative,126.6,5.4,24,108.0
2025-01-01,EMP0271,CL012,Veterinary Technician,177.6,3.9,16,165.5
2025-01-01,EMP0272,CL012,Practice Manager,144.6,3.3,0,147.9
2025-01-01,EMP0273,CL012,Veterinary Technician,167.0,5.3,0,172.3
2025-01-01,EMP0274,CL012,Veterinarian,126.8,3.7,16,114.5
2025-01-01,EMP0275,CL012,Veterinary Technician,130.1,3.4,0,133.5
2025-01-01,EMP0276,CL012,Veterinary Technician,101.6,0.1,16,85.7
2025-01-01,EMP0277,CL012,Veterinarian,132.8,3.3,8,128.1
2025-01-01,EMP0278,CL012,Veterinarian,178.2,4.5,0,182.7
2025-01-01,EMP0279,CL012,Client Service Representative,146.2,0,0,146.2
2025-01-01,EMP0280,CL012,Veterinary Technician,187.5,9.7,0,197.2
2025-01-01,EMP0281,CL012,Veterinarian,176.9,1.5,0,178.4
2025-01-01,EMP0282,CL012,Veterinary Assistant,173.8,2.4,8,168.2
2025-01-01,EMP0283,CL012,Veterinarian,169.5,3.9,8,165.4
2025-01-01,EMP0284,CL012,Client Service Representative,176.5,4.6,24,157.1
2025-01-01,EMP0285,CL012,Veterinarian,174.1,7.8,0,181.9
2025-01-01,EMP0286,CL012,Veterinarian,159.8,3.3,0,163.1
2025-01-01,EMP0287,CL012,Veterinary Assistant,160.6,3.2,24,139.8
2025-01-01,EMP0288,CL012,Veterinary Technician,107.6,5.0,0,112.6
2025-01-01,EMP0289,CL012,Veterinarian,167.0,7.3,0,174.3
2025-01-01,EMP0290,CL012,Client Service Representative,157.4,0.4,0,157.8
2025-01-01,EMP0291,CL012,Veterinarian,164.4,3.9,0,168.3
2025-01-01,EMP0292,CL012,Veterinary Assistant,128.6,0.1,0,128.7
2025-01-01,EMP0293,CL012,Veterinarian,181.0,8.7,8,181.7
2025-01-01,EMP0294,CL012,Client Service Representative,137.2,2.9,0,140.1
2025-01-01,EMP0295,CL012,Client Service Representative,170.0,7.0,8,169.0
2025-01-01,EMP0296,CL012,Veterinary Technician,178.2,13.4,8,183.6
2025-01-01,EMP0297,CL012,Veterinary Technician,94.0,8.8,0,102.8
2025-01-01,EMP0298,CL012,Veterinarian,174.8,0.7,0,175.5
2025-01-01,EMP0299,CL012,Veterinary Technician,169.0,8.5,8,169.5
2025-01-01,EMP0300,CL012,Veterinarian,179.9,11.2,0,191.1
2025-02-01,EMP0001,CL001,Veterinary Technician,178.6,2.8,16,165.4
2025-02-01,EMP0002,CL001,Practice Manager,91.9,0,24,67.9
2025-02-01,EMP0003,CL001,Practice Manager,127.9,4.8,8,124.7
2025-02-01,EMP0004,CL001,Veterinary Technician,141.6,5.2,0,146.8
2025-02-01,EMP0005,CL001,Veterinary Technician,160.2,6.3,16,150.5
2025-02-01,EMP0006,CL001,Veterinary Technician,175.4,4.8,8,172.2
2025-02-01,EMP0007,CL001,Veterinarian,156.0,0,8,148.0
2025-02-01,EMP0008,CL001,Veterinarian,177.8,8.2,0,186.0
2025-02-01,EMP0009,CL001,Veterinary Technician,167.1,9.3,0,176.4
2025-02-01,EMP0010,CL001,Veterinarian,170.9,6.8,16,161.7
2025-02-01,EMP0011,CL001,Veterinary Assistant,157.5,0,24,133.5
2025-02-01,EMP0012,CL001,Veterinary Technician,114.4,6.8,8,113.2
2025-02-01,EMP0013,CL001,Veterinary Technician,130.9,4.7,0,135.6
2025-02-01,EMP0014,CL001,Veterinarian,181.2,10.2,24,167.4
2025-02-01,EMP0015,CL001,Veterinarian,174.6,7.4,0,182.0
2025-02-01,EMP0016,CL001,Veterinarian,183.9,3.3,24,163.2
2025-02-01,EMP0017,CL001,Veterinary Assistant,137.1,0,0,137.1
2025-02-01,EMP0018,CL001,Practice Manager,126.1,6.3,0,132.4
2025-02-01,EMP0019,CL001,Veterinarian,176.4,3.9,24,156.3
2025-02-01,EMP0020,CL001,Veterinarian,172.5,11.5,8,176.0
2025-02-01,EMP0021,CL001,Veterinarian,172.7,7.1,8,171.8
2025-02-01,EMP0022,CL001,Client Service Representative,168.8,2.1,8,162.9
2025-02-01,EMP0023,CL001,Veterinary Technician,128.4,3.6,8,124.0
2025-02-01,EMP0024,CL001,Veterinary Assistant,162.8,2.1,16,148.9
2025-02-01,EMP0025,CL001,Veterinary Technician,178.6,1.1,16,163.7
2025-02-01,EMP0026,CL001,Veterinarian,173.6,4.1,8,169.7
2025-02-01,EMP0027,CL001,Veterinary Assistant,131.1,5.6,16,120.7
2025-02-01,EMP0028,CL001,Veterinary Technician,180.9,2.7,0,183.6
2025-02-01,EMP0029,CL001,Veterinarian,179.2,0,16,163.2
2025-02-01,EMP0030,CL002,Kennel Assistant,170.7,4.6,8,167.3
2025-02-01,EMP0031,CL002,Veterinarian,139.5,11.6,0,151.1
2025-02-01,EMP0032,CL002,Veterinarian,157.6,5.0,16,146.6
2025-02-01,EMP0033,CL002,Veterinarian,126.8,1.5,24,104.3
2025-02-01,EMP0034,CL002,Veterinarian,140.0,4.3,0,144.3
2025-02-01,EMP0035,CL002,Veterinarian,175.6,6.2,0,181.8
2025-02-01,EMP0036,CL002,Client Service Representative,185.0,1.2,8,178.2
2025-02-01,EMP0037,CL002,Veterinarian,149.1,13.6,24,138.7
2025-02-01,EMP0038,CL002,Client Service Representative,188.9,8.1,0,197.0
2025-02-01,EMP0039,CL002,Veterinary Assistant,168.1,1.3,0,169.4
2025-02-01,EMP0040,CL002,Veterinary Technician,107.1,0,8,99.1
2025-02-01,EMP0041,CL002,Veterinarian,156.9,8.1,16,149.0
2025-02-01,EMP0042,CL002,Veterinary Technician,184.3,4.2,0,188.5
2025-02-01,EMP0043,CL002,Veterinary Technician,115.9,3.3,8,111.2
2025-02-01,EMP0044,CL002,Veterinary Assistant,112.9,2.7,8,107.6
2025-02-01,EMP0045,CL002,Veterinarian,183.6,3.3,0,186.9
2025-02-01,EMP0046,CL002,Veterinary Technician,143.1,0,24,119.1
2025-02-01,EMP0047,CL002,Veterinary Assistant,177.1,1.2,8,170.3
2025-02-01,EMP0048,CL002,Kennel Assistant,183.6,0,0,183.6
2025-02-01,EMP0049,CL002,Client Service Representative,84.4,0,0,84.4
2025-02-01,EMP0050,CL002,Practice Manager,159.3,0,24,135.3
2025-02-01,EMP0051,CL003,Practice Manager,166.9,0,0,166.9
2025-02-01,EMP0052,CL003,Veterinary Technician,171.1,4.7,8,167.8
2025-02-01,EMP0053,CL003,Kennel Assistant,106.0,0,8,98.0
2025-02-01,EMP0054,CL003,Veterinarian,181.3,2.8,8,176.1
2025-02-01,EMP0055,CL003,Veterinary Assistant,145.0,4.6,8,141.6
2025-02-01,EMP0056,CL003,Client Service Representative,187.3,0,0,187.3
2025-02-01,EMP0057,CL003,Veterinarian,143.9,8.2,8,144.1
2025-02-01,EMP0058,CL003,Veterinary Assistant,99.5,8.0,8,99.5
2025-02-01,EMP0059,CL003,Client Service Representative,171.3,0,0,171.3
2025-02-01,EMP0060,CL003,Veterinarian,176.5,3.5,0,180.0
2025-02-01,EMP0061,CL003,Kennel Assistant,88.4,3.8,24,68.2
2025-02-01,EMP0062,CL003,Veterinarian,166.5,0,8,158.5
2025-02-01,EMP0063,CL003,Veterinary Technician,164.5,9.4,0,173.9
2025-02-01,EMP0064,CL003,Veterinary Technician,179.3,0,0,179.3
2025-02-01,EMP0065,CL003,Veterinarian,173.7,9.3,8,175.0
2025-02-01,EMP0066,CL003,Client Service Representative,177.7,5.0,16,166.7
2025-02-01,EMP0067,CL003,Practice Manager,147.4,3.5,0,150.9
2025-02-01,EMP0068,CL003,Veterinarian,181.9,6.0,24,163.9
2025-02-01,EMP0069,CL003,Veterinary Assistant,169.5,0,8,161.5
2025-02-01,EMP0070,CL003,Veterinarian,165.2,5.7,0,170.9
2025-02-01,EMP0071,CL003,Kennel Assistant,175.4,6.4,0,181.8
2025-02-01,EMP0072,CL003,Veterinarian,143.5,11.5,0,155.0
2025-02-01,EMP0073,CL003,Veterinarian,136.6,4.8,0,141.4
2025-02-01,EMP0074,CL003,Veterinary Technician,185.6,1.9,24,163.5
2025-02-01,EMP0075,CL003,Veterinarian,134.8,8.2,0,143.0
2025-02-01,EMP0076,CL004,Client Service Representative,176.0,6.4,0,182.4
2025-02-01,EMP0077,CL004,Veterinarian,141.4,3.2,8,136.6
2025-02-01,EMP0078,CL004,Veterinarian,173.2,6.3,24,155.5
2025-02-01,EMP0079,CL004,Veterinary Technician,171.0,12.3,0,183.3
2025-02-01,EMP0080,CL004,Veterinarian,164.9,4.4,8,161.3
2025-02-01,EMP0081,CL004,Veterinary Technician,152.3,9.1,16,145.4
2025-02-01,EMP0082,CL004,Veterinarian,177.9,3.8,0,181.7
2025-02-01,EMP0083,CL004,Veterinary Assistant,176.9,3.6,24,156.5
2025-02-01,EMP0084,CL004,Veterinarian,133.6,0,16,117.6
2025-02-01,EMP0085,CL004,Veterinarian,174.9,0.1,16,159.0
2025-02-01,EMP0086,CL004,Veterinary Assistant,173.0,0,16,157.0
2025-02-01,EMP0087,CL004,Veterinary Technician,175.5,9.9,8,177.4
2025-02-01,EMP0088,CL004,Veterinarian,147.0,2.1,24,125.1
2025-02-01,EMP0089,CL004,Veterinarian,166.0,0,8,158.0
2025-02-01,EMP0090,CL004,Veterinary Technician,158.6,0,0,158.6
2025-02-01,EMP0091,CL004,Veterinarian,160.5,9.3,0,169.8
2025-02-01,EMP0092,CL004,Veterinarian,157.9,7.3,8,157.2
2025-02-01,EMP0093,CL004,Veterinary Technician,110.9,7.0,8,109.9
2025-02-01,EMP0094,CL004,Practice Manager,131.1,0,16,115.1
2025-02-01,EMP0095,CL004,Veterinary Assistant,169.9,1.2,0,171.1
2025-02-01,EMP0096,CL004,Veterinary Assistant,178.9,0,0,178.9
2025-02-01,EMP0097,CL004,Veterinarian,190.7,9.7,0,200.4
2025-02-01,EMP0098,CL004,Client Service Representative,183.4,9.8,0,193.2
2025-02-01,EMP0099,CL004,Veterinarian,177.5,13.4,8,182.9
2025-02-01,EMP0100,CL004,Veterinary Technician,133.2,4.5,0,137.7
2025-02-01,EMP0101,CL004,Veterinary Assistant,111.5,2.0,0,113.5
2025-02-01,EMP0102,CL004,Veterinary Technician,123.7,1.7,0,125.4
2025-02-01,EMP0103,CL004,Practice Manager,108.3,5.7,8,106.0
2025-02-01,EMP0104,CL004,Veterinarian,183.8,3.7,0,187.5
2025-02-01,EMP0105,CL004,Veterinary Technician,172.4,1.4,24,149.8
2025-02-01,EMP0106,CL005,Practice Manager,180.6,9.0,8,181.6
2025-02-01,EMP0107,CL005,Veterinarian,172.4,2.5,0,174.9
2025-02-01,EMP0108,CL005,Client Service Representative,113.0,0.7,0,113.7
2025-02-01,EMP0109,CL005,Veterinarian,169.6,1.4,8,163.0
2025-02-01,EMP0110,CL005,Veterinary Technician,182.2,1.8,8,176.0
2025-02-01,EMP0111,CL005,Veterinarian,163.1,8.9,0,172.0
2025-02-01,EMP0112,CL005,Veterinary Technician,99.3,7.4,16,90.7
2025-02-01,EMP0113,CL005,Veterinarian,165.6,4.5,0,170.1
2025-02-01,EMP0114,CL005,Veterinary Technician,183.1,5.6,0,188.7
2025-02-01,EMP0115,CL005,Veterinarian,138.6,6.6,24,121.2
2025-02-01,EMP0116,CL005,Veterinary Assistant,172.0,0,16,156.0
2025-02-01,EMP0117,CL005,Veterinarian,178.5,8.8,0,187.3
2025-02-01,EMP0118,CL005,Veterinarian,132.9,6.5,0,139.4
2025-02-01,EMP0119,CL005,Veterinarian,166.2,7.9,0,174.1
2025-02-01,EMP0120,CL005,Veterinary Technician,139.7,3.2,0,142.9
2025-02-01,EMP0121,CL005,Veterinary Assistant,150.5,2.3,0,152.8
2025-02-01,EMP0122,CL005,Veterinarian,141.7,1.3,8,135.0
2025-02-01,EMP0123,CL005,Veterinarian,174.6,2.4,24,153.0
2025-02-01,EMP0124,CL005,Veterinarian,167.4,0,0,167.4
2025-02-01,EMP0125,CL005,Veterinary Technician,182.8,7.7,8,182.5
2025-02-01,EMP0126,CL005,Veterinarian,174.5,0,8,166.5
2025-02-01,EMP0127,CL005,Veterinary Technician,142.0,5.0,0,147.0
2025-02-01,EMP0128,CL005,Veterinary Technician,95.6,0.9,0,96.5
2025-02-01,EMP0129,CL005,Veterinary Assistant,143.9,0.4,24,120.3
2025-02-01,EMP0130,CL005,Veterinarian,133.5,5.1,24,114.6
2025-02-01,EMP0131,CL006,Veterinarian,184.8,8.2,8,185.0
2025-02-01,EMP0132,CL006,Veterinarian,178.8,2.5,24,157.3
2025-02-01,EMP0133,CL006,Veterinarian,173.0,11.5,24,160.5
2025-02-01,EMP0134,CL006,Veterinarian,184.6,3.3,0,187.9
2025-02-01,EMP0135,CL006,Veterinarian,141.8,4.8,0,146.6
2025-02-01,EMP0136,CL006,Veterinary Technician,171.1,2.9,0,174.0
2025-02-01,EMP0137,CL006,Client Service Representative,131.9,0,0,131.9
2025-02-01,EMP0138,CL006,Kennel Assistant,154.6,11.3,0,165.9
2025-02-01,EMP0139,CL006,Veterinary Technician,143.3,9.3,8,144.6
2025-02-01,EMP0140,CL006,Veterinarian,181.1,2.6,0,183.7
2025-02-01,EMP0141,CL006,Practice Manager,146.2,1.2,8,139.4
2025-02-01,EMP0142,CL006,Veterinary Technician,168.1,0.9,0,169.0
2025-02-01,EMP0143,CL006,Veterinary Technician,103.0,0,16,87.0
2025-02-01,EMP0144,CL006,Veterinarian,135.5,0.5,16,120.0
2025-02-01,EMP0145,CL006,Veterinary Technician,180.1,10.0,0,190.1
2025-02-01,EMP0146,CL006,Veterinarian,146.3,4.4,16,134.7
2025-02-01,EMP0147,CL006,Veterinary Technician,167.3,0,16,151.3
2025-02-01,EMP0148,CL006,Client Service Representative,160.2,0,8,152.2
2025-02-01,EMP0149,CL006,Veterinarian,136.3,7.0,0,143.3
2025-02-01,EMP0150,CL006,Veterinarian,166.0,14.5,0,180.5
2025-02-01,EMP0151,CL007,Veterinary Technician,106.0,0.9,16,90.9
2025-02-01,EMP0152,CL007,Veterinary Technician,136.8,9.4,16,130.2
2025-02-01,EMP0153,CL007,Veterinary Technician,138.9,2.7,16,125.6
2025-02-01,EMP0154,CL007,Veterinary Technician,175.9,5.9,0,181.8
2025-02-01,EMP0155,CL007,Veterinary Assistant,175.3,4.6,0,179.9
2025-02-01,EMP0156,CL007,Practice Manager,164.0,3.7,0,167.7
2025-02-01,EMP0157,CL007,Veterinarian,182.7,0,8,174.7
2025-02-01,EMP0158,CL007,Client Service Representative,95.5,9.6,0,105.1
2025-02-01,EMP0159,CL007,Veterinary Technician,151.5,8.3,8,151.8
2025-02-01,EMP0160,CL007,Veterinarian,143.3,0,8,135.3
2025-02-01,EMP0161,CL007,Veterinary Technician,94.0,0,8,86.0
2025-02-01,EMP0162,CL007,Veterinarian,173.4,3.5,0,176.9
2025-02-01,EMP0163,CL007,Veterinarian,175.5,4.2,8,171.7
2025-02-01,EMP0164,CL007,Veterinarian,174.7,3.7,24,154.4
2025-02-01,EMP0165,CL007,Veterinarian,180.4,15.5,24,171.9
2025-02-01,EMP0166,CL007,Client Service Representative,168.5,4.0,16,156.5
2025-02-01,EMP0167,CL007,Veterinary Assistant,113.1,0,16,97.1
2025-02-01,EMP0168,CL007,Veterinary Technician,137.2,7.7,8,136.9
2025-02-01,EMP0169,CL007,Practice Manager,167.3,2.8,24,146.1
2025-02-01,EMP0170,CL007,Veterinarian,167.6,4.7,8,164.3
2025-02-01,EMP0171,CL007,Veterinary Technician,111.2,0,0,111.2
2025-02-01,EMP0172,CL007,Veterinary Technician,181.6,7.0,8,180.6
2025-02-01,EMP0173,CL007,Veterinary Assistant,174.7,0,16,158.7
2025-02-01,EMP0174,CL007,Veterinarian,179.0,0,0,179.0
2025-02-01,EMP0175,CL008,Veterinarian,181.1,0,8,173.1
2025-02-01,EMP0176,CL008,Client Service Representative,111.1,0,24,87.1
2025-02-01,EMP0177,CL008,Client Service Representative,177.9,8.4,0,186.3
2025-02-01,EMP0178,CL008,Practice Manager,164.9,0,0,164.9
2025-02-01,EMP0179,CL008,Veterinary Assistant,192.1,4.5,8,188.6
2025-02-01,EMP0180,CL008,Kennel Assistant,175.0,3.0,16,162.0
2025-02-01,EMP0181,CL008,Veterinarian,175.0,9.5,8,176.5
2025-02-01,EMP0182,CL008,Veterinarian,173.7,5.7,0,179.4
2025-02-01,EMP0183,CL008,Veterinary Assistant,162.8,6.6,24,145.4
2025-02-01,EMP0184,CL008,Veterinary Assistant,176.0,0,0,176.0
2025-02-01,EMP0185,CL008,Kennel Assistant,141.7,0,0,141.7
2025-02-01,EMP0186,CL008,Veterinarian,175.3,12.2,16,171.5
2025-02-01,EMP0187,CL008,Kennel Assistant,182.5,8.6,0,191.1
2025-02-01,EMP0188,CL008,Veterinary Technician,170.3,6.6,8,168.9
2025-02-01,EMP0189,CL008,Veterinary Technician,169.7,10.8,0,180.5
2025-02-01,EMP0190,CL008,Veterinarian,181.3,6.9,8,180.2
2025-02-01,EMP0191,CL008,Veterinarian,166.3,2.7,8,161.0
2025-02-01,EMP0192,CL008,Kennel Assistant,138.1,4.6,16,126.7
2025-02-01,EMP0193,CL008,Veterinarian,154.9,7.9,0,162.8
2025-02-01,EMP0194,CL008,Veterinarian,176.6,1.5,0,178.1
2025-02-01,EMP0195,CL008,Veterinarian,183.3,3.3,8,178.6
2025-02-01,EMP0196,CL008,Client Service Representative,129.4,7.4,0,136.8
2025-02-01,EMP0197,CL008,Practice Manager,182.6,0,8,174.6
2025-02-01,EMP0198,CL009,Veterinarian,150.5,5.5,24,132.0
2025-02-01,EMP0199,CL009,Veterinary Assistant,173.2,4.1,0,177.3
2025-02-01,EMP0200,CL009,Kennel Assistant,172.2,6.4,24,154.6
2025-02-01,EMP0201,CL009,Veterinarian,168.9,7.2,0,176.1
2025-02-01,EMP0202,CL009,Veterinary Technician,121.3,8.6,16,113.9
2025-02-01,EMP0203,CL009,Veterinarian,140.4,2.1,16,126.5
2025-02-01,EMP0204,CL009,Veterinary Technician,102.7,12.5,8,107.2
2025-02-01,EMP0205,CL009,Veterinarian,176.6,1.3,0,177.9
2025-02-01,EMP0206,CL009,Veterinarian,172.8,7.1,8,171.9
2025-02-01,EMP0207,CL009,Veterinarian,169.0,6.9,0,175.9
2025-02-01,EMP0208,CL009,Veterinarian,138.9,9.6,0,148.5
2025-02-01,EMP0209,CL009,Veterinarian,181.6,1.9,0,183.5
2025-02-01,EMP0210,CL009,Veterinarian,168.9,9.0,16,161.9
2025-02-01,EMP0211,CL009,Practice Manager,177.4,5.1,24,158.5
2025-02-01,EMP0212,CL009,Veterinary Technician,198.8,3.6,16,186.4
2025-02-01,EMP0213,CL009,Veterinary Assistant,163.7,0,0,163.7
2025-02-01,EMP0214,CL009,Veterinarian,174.9,1.9,24,152.8
2025-02-01,EMP0215,CL009,Veterinarian,129.1,0.9,0,130.0
2025-02-01,EMP0216,CL009,Client Service Representative,114.0,1.5,8,107.5
2025-02-01,EMP0217,CL009,Client Service Representative,176.4,4.0,8,172.4
2025-02-01,EMP0218,CL009,Veterinarian,134.0,8.6,0,142.6
2025-02-01,EMP0219,CL009,Practice Manager,99.9,4.1,0,104.0
2025-02-01,EMP0220,CL009,Veterinary Technician,100.2,10.0,16,94.2
2025-02-01,EMP0221,CL009,Veterinary Technician,178.1,2.7,8,172.8
2025-02-01,EMP0222,CL010,Veterinary Assistant,124.7,2.0,16,110.7
2025-02-01,EMP0223,CL010,Veterinarian,174.8,9.2,0,184.0
2025-02-01,EMP0224,CL010,Veterinary Assistant,102.7,4.4,16,91.1
2025-02-01,EMP0225,CL010,Veterinary Assistant,150.7,3.8,0,154.5
2025-02-01,EMP0226,CL010,Veterinarian,164.4,12.1,0,176.5
2025-02-01,EMP0227,CL010,Veterinarian,166.0,4.8,0,170.8
2025-02-01,EMP0228,CL010,Veterinary Assistant,175.7,1.9,24,153.6
2025-02-01,EMP0229,CL010,Veterinarian,178.8,7.1,16,169.9
2025-02-01,EMP0230,CL010,Veterinarian,128.4,9.9,0,138.3
2025-02-01,EMP0231,CL010,Veterinary Technician,184.0,2.7,0,186.7
2025-02-01,EMP0232,CL010,Practice Manager,177.5,9.3,8,178.8
2025-02-01,EMP0233,CL010,Veterinary Technician,177.4,4.8,0,182.2
2025-02-01,EMP0234,CL010,Client Service Representative,183.8,0.7,0,184.5
2025-02-01,EMP0235,CL010,Veterinarian,170.7,3.9,24,150.6
2025-02-01,EMP0236,CL010,Veterinarian,171.9,10.3,8,174.2
2025-02-01,EMP0237,CL010,Veterinary Technician,165.7,0,0,165.7
2025-02-01,EMP0238,CL010,Veterinarian,161.2,4.7,24,141.9
2025-02-01,EMP0239,CL010,Veterinary Assistant,166.4,0,0,166.4
2025-02-01,EMP0240,CL010,Veterinary Technician,162.0,2.5,0,164.5
2025-02-01,EMP0241,CL010,Veterinary Technician,111.7,4.3,8,108.0
2025-02-01,EMP0242,CL010,Practice Manager,132.4,2.2,24,110.6
2025-02-01,EMP0243,CL010,Veterinary Technician,162.3,13.2,8,167.5
2025-02-01,EMP0244,CL010,Client Service Representative,155.8,1.5,0,157.3
2025-02-01,EMP0245,CL010,Practice Manager,161.9,0.9,0,162.8
2025-02-01,EMP0246,CL011,Veterinary Technician,151.7,11.4,24,139.1
2025-02-01,EMP0247,CL011,Veterinarian,166.7,3.6,16,154.3
2025-02-01,EMP0248,CL011,Client Service Representative,169.9,0,16,153.9
2025-02-01,EMP0249,CL011,Practice Manager,110.6,4.5,0,115.1
2025-02-01,EMP0250,CL011,Veterinarian,177.4,6.4,0,183.8
2025-02-01,EMP0251,CL011,Veterinarian,127.5,7.0,16,118.5
2025-02-01,EMP0252,CL011,Veterinary Technician,182.8,5.8,0,188.6
2025-02-01,EMP0253,CL011,Client Service Representative,148.3,0,0,148.3
2025-02-01,EMP0254,CL011,Veterinarian,184.2,14.6,0,198.8
2025-02-01,EMP0255,CL011,Veterinarian,166.4,3.0,24,145.4
2025-02-01,EMP0256,CL011,Veterinarian,141.0,4.8,8,137.8
2025-02-01,EMP0257,CL011,Veterinarian,178.1,0,0,178.1
2025-02-01,EMP0258,CL011,Veterinary Assistant,112.1,8.2,8,112.3
2025-02-01,EMP0259,CL011,Practice Manager,177.2,4.2,0,181.4
2025-02-01,EMP0260,CL011,Veterinarian,157.0,1.7,24,134.7
2025-02-01,EMP0261,CL011,Client Service Representative,164.7,2.5,16,151.2
2025-02-01,EMP0262,CL011,Veterinarian,183.0,1.0,16,168.0
2025-02-01,EMP0263,CL011,Veterinarian,156.9,3.3,0,160.2
2025-02-01,EMP0264,CL011,Veterinarian,179.2,9.6,0,188.8
2025-02-01,EMP0265,CL011,Veterinary Assistant,108.8,3.7,16,96.5
2025-02-01,EMP0266,CL011,Veterinarian,171.7,0,0,171.7
2025-02-01,EMP0267,CL012,Client Service Representative,102.9,6.0,0,108.9
2025-02-01,EMP0268,CL012,Veterinary Technician,163.8,10.6,0,174.4
2025-02-01,EMP0269,CL012,Practice Manager,175.2,3.6,16,162.8
2025-02-01,EMP0270,CL012,Client Service Representative,138.4,0,0,138.4
2025-02-01,EMP0271,CL012,Veterinary Technician,167.9,0,0,167.9
2025-02-01,EMP0272,CL012,Practice Manager,152.0,2.6,24,130.6
2025-02-01,EMP0273,CL012,Veterinary Technician,170.2,7.5,16,161.7
2025-02-01,EMP0274,CL012,Veterinarian,148.0,2.8,8,142.8
2025-02-01,EMP0275,CL012,Veterinary Technician,129.5,0,0,129.5
2025-02-01,EMP0276,CL012,Veterinary Technician,113.3,8.6,16,105.9
2025-02-01,EMP0277,CL012,Veterinarian,140.0,7.9,16,131.9
2025-02-01,EMP0278,CL012,Veterinarian,175.2,1.3,0,176.5
2025-02-01,EMP0279,CL012,Client Service Representative,149.8,0.9,0,150.7
2025-02-01,EMP0280,CL012,Veterinary Technician,168.5,7.0,0,175.5
2025-02-01,EMP0281,CL012,Veterinarian,180.5,10.4,0,190.9
2025-02-01,EMP0282,CL012,Veterinary Assistant,174.9,4.7,8,171.6
2025-02-01,EMP0283,CL012,Veterinarian,187.3,4.5,0,191.8
2025-02-01,EMP0284,CL012,Client Service Representative,161.1,4.9,0,166.0
2025-02-01,EMP0285,CL012,Veterinarian,160.0,12.5,0,172.5
2025-02-01,EMP0286,CL012,Veterinarian,157.0,5.2,8,154.2
2025-02-01,EMP0287,CL012,Veterinary Assistant,159.1,0,0,159.1
2025-02-01,EMP0288,CL012,Veterinary Technician,108.5,0.6,16,93.1
2025-02-01,EMP0289,CL012,Veterinarian,178.2,5.5,24,159.7
2025-02-01,EMP0290,CL012,Client Service Representative,184.5,9.4,0,193.9
2025-02-01,EMP0291,CL012,Veterinarian,185.8,2.2,0,188.0
2025-02-01,EMP0292,CL012,Veterinary Assistant,122.9,4.8,0,127.7
2025-02-01,EMP0293,CL012,Veterinarian,168.5,6.2,16,158.7
2025-02-01,EMP0294,CL012,Client Service Representative,142.0,0,0,142.0
2025-02-01,EMP0295,CL012,Client Service Representative,174.1,0,8,166.1
2025-02-01,EMP0296,CL012,Veterinary Technician,170.4,3.7,16,158.1
2025-02-01,EMP0297,CL012,Veterinary Technician,105.0,8.2,24,89.2
2025-02-01,EMP0298,CL012,Veterinarian,169.7,1.5,24,147.2
2025-02-01,EMP0299,CL012,Veterinary Technician,166.9,2.5,0,169.4
2025-02-01,EMP0300,CL012,Veterinarian,171.2,6.3,8,169.5
2025-03-01,EMP0001,CL001,Veterinary Technician,181.4,0,8,173.4
2025-03-01,EMP0002,CL001,Practice Manager,102.8,0,0,102.8
2025-03-01,EMP0003,CL001,Practice Manager,128.0,0,16,112.0
2025-03-01,EMP0004,CL001,Veterinary Technician,137.8,3.7,8,133.5
2025-03-01,EMP0005,CL001,Veterinary Technician,191.3,4.8,16,180.1
2025-03-01,EMP0006,CL001,Veterinary Technician,156.9,4.7,8,153.6
2025-03-01,EMP0007,CL001,Veterinarian,176.4,0,16,160.4
2025-03-01,EMP0008,CL001,Veterinarian,174.2,5.9,24,156.1
2025-03-01,EMP0009,CL001,Veterinary Technician,165.0,0,0,165.0
2025-03-01,EMP0010,CL001,Veterinarian,162.4,5.5,8,159.9
2025-03-01,EMP0011,CL001,Veterinary Assistant,175.1,8.3,0,183.4
2025-03-01,EMP0012,CL001,Veterinary Technician,95.9,7.3,16,87.2
2025-03-01,EMP0013,CL001,Veterinary Technician,129.3,6.5,8,127.8
2025-03-01,EMP0014,CL001,Veterinarian,170.9,14.2,0,185.1
2025-03-01,EMP0015,CL001,Veterinarian,183.6,1.4,0,185.0
2025-03-01,EMP0016,CL001,Veterinarian,185.3,0.7,8,178.0
2025-03-01,EMP0017,CL001,Veterinary Assistant,126.1,8.0,16,118.1
2025-03-01,EMP0018,CL001,Practice Manager,96.1,0,0,96.1
2025-03-01,EMP0019,CL001,Veterinarian,153.6,3.8,0,157.4
2025-03-01,EMP0020,CL001,Veterinarian,182.3,8.5,8,182.8
2025-03-01,EMP0021,CL001,Veterinarian,161.7,6.7,8,160.4
2025-03-01,EMP0022,CL001,Client Service Representative,182.7,6.6,0,189.3
2025-03-01,EMP0023,CL001,Veterinary Technician,124.4,9.0,8,125.4
2025-03-01,EMP0024,CL001,Veterinary Assistant,180.9,0,0,180.9
2025-03-01,EMP0025,CL001,Veterinary Technician,168.8,2.7,8,163.5
2025-03-01,EMP0026,CL001,Veterinarian,166.3,9.3,24,151.6
2025-03-01,EMP0027,CL001,Veterinary Assistant,119.1,1.9,0,121.0
2025-03-01,EMP0028,CL001,Veterinary Technician,183.5,3.7,0,187.2
2025-03-01,EMP0029,CL001,Veterinarian,154.5,0.4,0,154.9
2025-03-01,EMP0030,CL002,Kennel Assistant,174.8,6.7,0,181.5
2025-03-01,EMP0031,CL002,Veterinarian,140.7,4.2,24,120.9
2025-03-01,EMP0032,CL002,Veterinarian,138.8,0,0,138.8
2025-03-01,EMP0033,CL002,Veterinarian,139.3,7.3,16,130.6
2025-03-01,EMP0034,CL002,Veterinarian,137.1,10.2,0,147.3
2025-03-01,EMP0035,CL002,Veterinarian,176.9,2.7,0,179.6
2025-03-01,EMP0036,CL002,Client Service Representative,174.1,0,8,166.1
2025-03-01,EMP0037,CL002,Veterinarian,128.6,5.2,0,133.8
2025-03-01,EMP0038,CL002,Client Service Representative,184.5,0,0,184.5
2025-03-01,EMP0039,CL002,Veterinary Assistant,179.4,5.1,0,184.5
2025-03-01,EMP0040,CL002,Veterinary Technician,100.0,7.4,0,107.4
2025-03-01,EMP0041,CL002,Veterinarian,171.8,3.1,8,166.9
2025-03-01,EMP0042,CL002,Veterinary Technician,176.8,4.3,0,181.1
2025-03-01,EMP0043,CL002,Veterinary Technician,95.1,9.1,8,96.2
2025-03-01,EMP0044,CL002,Veterinary Assistant,135.5,0,24,111.5
2025-03-01,EMP0045,CL002,Veterinarian,167.2,0.6,0,167.8
2025-03-01,EMP0046,CL002,Veterinary Technician,145.7,2.4,0,148.1
2025-03-01,EMP0047,CL002,Veterinary Assistant,175.0,0,8,167.0
2025-03-01,EMP0048,CL002,Kennel Assistant,164.4,3.1,16,151.5
2025-03-01,EMP0049,CL002,Client Service Representative,99.6,0,0,99.6
2025-03-01,EMP0050,CL002,Practice Manager,177.7,2.8,0,180.5
2025-03-01,EMP0051,CL003,Practice Manager,179.7,0,16,163.7
2025-03-01,EMP0052,CL003,Veterinary Technician,159.0,3.6,0,162.6
2025-03-01,EMP0053,CL003,Kennel Assistant,122.8,5.7,0,128.5
2025-03-01,EMP0054,CL003,Veterinarian,183.2,6.4,16,173.6
2025-03-01,EMP0055,CL003,Veterinary Assistant,139.6,2.4,8,134.0
2025-03-01,EMP0056,CL003,Client Service Representative,174.1,0.6,0,174.7
2025-03-01,EMP0057,CL003,Veterinarian,143.4,0.7,0,144.1
2025-03-01,EMP0058,CL003,Veterinary Assistant,94.2,7.9,24,78.1
2025-03-01,EMP0059,CL003,Client Service Representative,174.2,0,8,166.2
2025-03-01,EMP0060,CL003,Veterinarian,172.8,6.1,24,154.9
2025-03-01,EMP0061,CL003,Kennel Assistant,107.6,0,0,107.6
2025-03-01,EMP0062,CL003,Veterinarian,176.5,6.7,24,159.2
2025-03-01,EMP0063,CL003,Veterinary Technician,183.4,6.9,8,182.3
2025-03-01,EMP0064,CL003,Veterinary Technician,188.0,3.9,0,191.9
2025-03-01,EMP0065,CL003,Veterinarian,182.3,8.2,24,166.5
2025-03-01,EMP0066,CL003,Client Service Representative,157.8,6.7,0,164.5
2025-03-01,EMP0067,CL003,Practice Manager,155.2,0,24,131.2
2025-03-01,EMP0068,CL003,Veterinarian,170.1,0.6,0,170.7
2025-03-01,EMP0069,CL003,Veterinary Assistant,186.5,0,0,186.5
2025-03-01,EMP0070,CL003,Veterinarian,182.4,3.1,8,177.5
2025-03-01,EMP0071,CL003,Kennel Assistant,175.8,3.8,0,179.6
2025-03-01,EMP0072,CL003,Veterinarian,144.2,9.3,0,153.5
2025-03-01,EMP0073,CL003,Veterinarian,146.1,10.1,8,148.2
2025-03-01,EMP0074,CL003,Veterinary Technician,159.6,4.8,24,140.4
2025-03-01,EMP0075,CL003,Veterinarian,140.7,5.6,0,146.3
2025-03-01,EMP0076,CL004,Client Service Representative,179.9,3.1,0,183.0
2025-03-01,EMP0077,CL004,Veterinarian,147.9,6.3,8,146.2
2025-03-01,EMP0078,CL004,Veterinarian,157.2,4.4,0,161.6
2025-03-01,EMP0079,CL004,Veterinary Technician,171.9,4.9,0,176.8
2025-03-01,EMP0080,CL004,Veterinarian,177.9,5.7,0,183.6
2025-03-01,EMP0081,CL004,Veterinary Technician,140.7,8.6,8,141.3
2025-03-01,EMP0082,CL004,Veterinarian,176.2,8.4,8,176.6
2025-03-01,EMP0083,CL004,Veterinary Assistant,153.7,2.8,0,156.5
2025-03-01,EMP0084,CL004,Veterinarian,147.8,0,8,139.8
2025-03-01,EMP0085,CL004,Veterinarian,189.0,6.6,24,171.6
2025-03-01,EMP0086,CL004,Veterinary Assistant,191.3,3.5,0,194.8
2025-03-01,EMP0087,CL004,Veterinary Technician,167.9,12.0,24,155.9
2025-03-01,EMP0088,CL004,Veterinarian,131.0,2.1,16,117.1
2025-03-01,EMP0089,CL004,Veterinarian,154.3,6.2,8,152.5
2025-03-01,EMP0090,CL004,Veterinary Technician,165.5,0,0,165.5
2025-03-01,EMP0091,CL004,Veterinarian,175.6,13.2,8,180.8
2025-03-01,EMP0092,CL004,Veterinarian,171.3,0,16,155.3
2025-03-01,EMP0093,CL004,Veterinary Technician,98.5,7.4,0,105.9
2025-03-01,EMP0094,CL004,Practice Manager,135.7,0,0,135.7
2025-03-01,EMP0095,CL004,Veterinary Assistant,170.5,6.0,24,152.5
2025-03-01,EMP0096,CL004,Veterinary Assistant,175.1,1.0,24,152.1
2025-03-01,EMP0097,CL004,Veterinarian,173.6,9.2,0,182.8
2025-03-01,EMP0098,CL004,Client Service Representative,178.1,5.8,0,183.9
2025-03-01,EMP0099,CL004,Veterinarian,174.7,6.2,8,172.9
2025-03-01,EMP0100,CL004,Veterinary Technician,139.7,7.7,16,131.4
2025-03-01,EMP0101,CL004,Veterinary Assistant,109.8,0,0,109.8
2025-03-01,EMP0102,CL004,Veterinary Technician,143.6,11.2,0,154.8
2025-03-01,EMP0103,CL004,Practice Manager,95.4,0.1,16,79.5
2025-03-01,EMP0104,CL004,Veterinarian,179.8,5.5,24,161.3
2025-03-01,EMP0105,CL004,Veterinary Technician,177.1,3.1,8,172.2
2025-03-01,EMP0106,CL005,Practice Manager,178.1,11.0,0,189.1
2025-03-01,EMP0107,CL005,Veterinarian,164.9,5.0,0,169.9
2025-03-01,EMP0108,CL005,Client Service Representative,93.3,4.0,0,97.3
2025-03-01,EMP0109,CL005,Veterinarian,177.5,6.5,8,176.0
2025-03-01,EMP0110,CL005,Veterinary Technician,174.3,9.0,24,159.3
2025-03-01,EMP0111,CL005,Veterinarian,162.3,2.9,8,157.2
2025-03-01,EMP0112,CL005,Veterinary Technician,108.1,0,24,84.1
2025-03-01,EMP0113,CL005,Veterinarian,174.7,11.0,8,177.7
2025-03-01,EMP0114,CL005,Veterinary Technician,177.2,10.4,24,163.6
2025-03-01,EMP0115,CL005,Veterinarian,144.3,0,8,136.3
2025-03-01,EMP0116,CL005,Veterinary Assistant,178.9,2.0,0,180.9
2025-03-01,EMP0117,CL005,Veterinarian,165.6,0.8,8,158.4
2025-03-01,EMP0118,CL005,Veterinarian,139.5,9.3,0,148.8
2025-03-01,EMP0119,CL005,Veterinarian,163.4,4.5,0,167.9
2025-03-01,EMP0120,CL005,Veterinary Technician,136.2,0,8,128.2
2025-03-01,EMP0121,CL005,Veterinary Assistant,131.1,0,16,115.1
2025-03-01,EMP0122,CL005,Veterinarian,139.6,5.6,16,129.2
2025-03-01,EMP0123,CL005,Veterinarian,179.0,9.5,8,180.5
2025-03-01,EMP0124,CL005,Veterinarian,171.5,3.5,16,159.0
2025-03-01,EMP0125,CL005,Veterinary Technician,172.9,11.7,0,184.6
2025-03-01,EMP0126,CL005,Veterinarian,166.3,6.5,8,164.8
2025-03-01,EMP0127,CL005,Veterinary Technician,146.7,10.1,0,156.8
2025-03-01,EMP0128,CL005,Veterinary Technician,108.8,9.1,24,93.9
2025-03-01,EMP0129,CL005,Veterinary Assistant,149.0,5.4,0,154.4
2025-03-01,EMP0130,CL005,Veterinarian,130.4,9.2,0,139.6
2025-03-01,EMP0131,CL006,Veterinarian,181.0,0.8,8,173.8
2025-03-01,EMP0132,CL006,Veterinarian,183.1,4.9,0,188.0
2025-03-01,EMP0133,CL006,Veterinarian,169.0,7.7,24,152.7
2025-03-01,EMP0134,CL006,Veterinarian,166.2,1.1,24,143.3
2025-03-01,EMP0135,CL006,Veterinarian,145.3,3.3,24,124.6
2025-03-01,EMP0136,CL006,Veterinary Technician,165.4,3.6,0,169.0
2025-03-01,EMP0137,CL006,Client Service Representative,140.1,5.9,8,138.0
2025-03-01,EMP0138,CL006,Kennel Assistant,162.2,7.9,0,170.1
2025-03-01,EMP0139,CL006,Veterinary Technician,139.1,0,24,115.1
2025-03-01,EMP0140,CL006,Veterinarian,183.6,6.8,16,174.4
2025-03-01,EMP0141,CL006,Practice Manager,140.0,9.7,0,149.7
2025-03-01,EMP0142,CL006,Veterinary Technician,176.7,1.8,8,170.5
2025-03-01,EMP0143,CL006,Veterinary Technician,102.7,7.0,0,109.7
2025-03-01,EMP0144,CL006,Veterinarian,145.2,5.0,0,150.2
2025-03-01,EMP0145,CL006,Veterinary Technician,189.1,5.6,16,178.7
2025-03-01,EMP0146,CL006,Veterinarian,140.5,1.2,0,141.7
2025-03-01,EMP0147,CL006,Veterinary Technician,181.2,5.9,0,187.1
2025-03-01,EMP0148,CL006,Client Service Representative,173.5,1.9,0,175.4
2025-03-01,EMP0149,CL006,Veterinarian,125.4,0.8,24,102.2
2025-03-01,EMP0150,CL006,Veterinarian,174.3,11.3,8,177.6
2025-03-01,EMP0151,CL007,Veterinary Technician,115.6,4.8,24,96.4
2025-03-01,EMP0152,CL007,Veterinary Technician,139.6,11.4,16,135.0
2025-03-01,EMP0153,CL007,Veterinary Technician,135.7,2.3,8,130.0
2025-03-01,EMP0154,CL007,Veterinary Technician,159.4,7.9,0,167.3
2025-03-01,EMP0155,CL007,Veterinary Assistant,170.6,6.3,24,152.9
2025-03-01,EMP0156,CL007,Practice Manager,158.9,6.4,8,157.3
2025-03-01,EMP0157,CL007,Veterinarian,175.9,4.5,0,180.4
2025-03-01,EMP0158,CL007,Client Service Representative,102.4,0,8,94.4
2025-03-01,EMP0159,CL007,Veterinary Technician,165.5,3.8,0,169.3
2025-03-01,EMP0160,CL007,Veterinarian,156.0,0.8,8,148.8
2025-03-01,EMP0161,CL007,Veterinary Technician,116.0,8.1,0,124.1
2025-03-01,EMP0162,CL007,Veterinarian,164.5,0,0,164.5
2025-03-01,EMP0163,CL007,Veterinarian,170.3,2.8,8,165.1
2025-03-01,EMP0164,CL007,Veterinarian,178.8,0,24,154.8
2025-03-01,EMP0165,CL007,Veterinarian,188.4,11.0,0,199.4
2025-03-01,EMP0166,CL007,Client Service Representative,173.2,2.9,8,168.1
2025-03-01,EMP0167,CL007,Veterinary Assistant,98.6,4.2,24,78.8
2025-03-01,EMP0168,CL007,Veterinary Technician,147.5,1.4,0,148.9
2025-03-01,EMP0169,CL007,Practice Manager,165.0,1.6,8,158.6
2025-03-01,EMP0170,CL007,Veterinarian,166.1,5.8,16,155.9
2025-03-01,EMP0171,CL007,Veterinary Technician,101.0,0,8,93.0
2025-03-01,EMP0172,CL007,Veterinary Technician,167.0,10.1,8,169.1
2025-03-01,EMP0173,CL007,Veterinary Assistant,184.8,4.8,16,173.6
2025-03-01,EMP0174,CL007,Veterinarian,157.4,7.5,0,164.9
2025-03-01,EMP0175,CL008,Veterinarian,164.1,0,0,164.1
2025-03-01,EMP0176,CL008,Client Service Representative,104.3,0,24,80.3
2025-03-01,EMP0177,CL008,Client Service Representative,166.9,3.6,8,162.5
2025-03-01,EMP0178,CL008,Practice Manager,189.4,0,24,165.4
2025-03-01,EMP0179,CL008,Veterinary Assistant,177.6,0,0,177.6
2025-03-01,EMP0180,CL008,Kennel Assistant,178.0,2.6,0,180.6
2025-03-01,EMP0181,CL008,Veterinarian,183.0,4.7,0,187.7
2025-03-01,EMP0182,CL008,Veterinarian,180.1,2.4,8,174.5
2025-03-01,EMP0183,CL008,Veterinary Assistant,161.0,0,0,161.0
2025-03-01,EMP0184,CL008,Veterinary Assistant,175.2,0,16,159.2
2025-03-01,EMP0185,CL008,Kennel Assistant,146.9,7.1,0,154.0
2025-03-01,EMP0186,CL008,Veterinarian,173.4,7.0,0,180.4
2025-03-01,EMP0187,CL008,Kennel Assistant,162.7,0,24,138.7
2025-03-01,EMP0188,CL008,Veterinary Technician,186.1,5.3,16,175.4
2025-03-01,EMP0189,CL008,Veterinary Technician,180.5,4.5,0,185.0
2025-03-01,EMP0190,CL008,Veterinarian,160.8,1.4,24,138.2
2025-03-01,EMP0191,CL008,Veterinarian,172.7,2.6,24,151.3
2025-03-01,EMP0192,CL008,Kennel Assistant,134.9,3.2,8,130.1
2025-03-01,EMP0193,CL008,Veterinarian,136.4,6.8,0,143.2
2025-03-01,EMP0194,CL008,Veterinarian,168.0,6.3,24,150.3
2025-03-01,EMP0195,CL008,Veterinarian,176.6,5.3,0,181.9
2025-03-01,EMP0196,CL008,Client Service Representative,160.0,1.8,16,145.8
2025-03-01,EMP0197,CL008,Practice Manager,174.3,0,24,150.3
2025-03-01,EMP0198,CL009,Veterinarian,169.2,2.8,0,172.0
2025-03-01,EMP0199,CL009,Veterinary Assistant,169.7,7.9,0,177.6
2025-03-01,EMP0200,CL009,Kennel Assistant,188.5,1.8,16,174.3
2025-03-01,EMP0201,CL009,Veterinarian,184.3,3.7,8,180.0
2025-03-01,EMP0202,CL009,Veterinary Technician,97.7,8.1,0,105.8
2025-03-01,EMP0203,CL009,Veterinarian,151.9,1.8,16,137.7
2025-03-01,EMP0204,CL009,Veterinary Technician,98.1,5.2,0,103.3
2025-03-01,EMP0205,CL009,Veterinarian,167.6,0,8,159.6
2025-03-01,EMP0206,CL009,Veterinarian,156.2,8.1,0,164.3
2025-03-01,EMP0207,CL009,Veterinarian,172.4,2.5,16,158.9
2025-03-01,EMP0208,CL009,Veterinarian,134.3,0.2,0,134.5
2025-03-01,EMP0209,CL009,Veterinarian,172.4,0,8,164.4
2025-03-01,EMP0210,CL009,Veterinarian,171.9,0.7,8,164.6
2025-03-01,EMP0211,CL009,Practice Manager,184.7,1.6,0,186.3
2025-03-01,EMP0212,CL009,Veterinary Technician,167.6,11.2,0,178.8
2025-03-01,EMP0213,CL009,Veterinary Assistant,161.2,1.3,8,154.5
2025-03-01,EMP0214,CL009,Veterinarian,167.1,8.3,8,167.4
2025-03-01,EMP0215,CL009,Veterinarian,145.8,9.1,0,154.9
2025-03-01,EMP0216,CL009,Client Service Representative,103.9,0.4,0,104.3
2025-03-01,EMP0217,CL009,Client Service Representative,165.3,4.6,0,169.9
2025-03-01,EMP0218,CL009,Veterinarian,154.1,0,8,146.1
2025-03-01,EMP0219,CL009,Practice Manager,118.3,3.9,0,122.2
2025-03-01,EMP0220,CL009,Veterinary Technician,104.0,2.4,0,106.4
2025-03-01,EMP0221,CL009,Veterinary Technician,183.1,7.4,0,190.5
2025-03-01,EMP0222,CL010,Veterinary Assistant,117.7,0,8,109.7
2025-03-01,EMP0223,CL010,Veterinarian,169.0,5.4,0,174.4
2025-03-01,EMP0224,CL010,Veterinary Assistant,103.4,2.5,0,105.9
2025-03-01,EMP0225,CL010,Veterinary Assistant,132.5,5.3,0,137.8
2025-03-01,EMP0226,CL010,Veterinarian,174.0,7.4,24,157.4
2025-03-01,EMP0227,CL010,Veterinarian,181.3,6.5,0,187.8
2025-03-01,EMP0228,CL010,Veterinary Assistant,0,0,0,0
2025-03-01,EMP0229,CL010,Veterinarian,163.7,8.4,0,172.1
2025-03-01,EMP0230,CL010,Veterinarian,142.5,1.8,8,136.3
2025-03-01,EMP0231,CL010,Veterinary Technician,175.3,6.2,8,173.5
2025-03-01,EMP0232,CL010,Practice Manager,174.2,1.6,8,167.8
2025-03-01,EMP0233,CL010,Veterinary Technician,173.0,0,24,149.0
2025-03-01,EMP0234,CL010,Client Service Representative,183.3,0,16,167.3
2025-03-01,EMP0235,CL010,Veterinarian,162.4,0,16,146.4
2025-03-01,EMP0236,CL010,Veterinarian,175.2,6.7,8,173.9
2025-03-01,EMP0237,CL010,Veterinary Technician,172.4,7.0,0,179.4
2025-03-01,EMP0238,CL010,Veterinarian,183.6,0.3,8,175.9
2025-03-01,EMP0239,CL010,Veterinary Assistant,168.9,0,8,160.9
2025-03-01,EMP0240,CL010,Veterinary Technician,162.6,2.1,0,164.7
2025-03-01,EMP0241,CL010,Veterinary Technician,99.7,11.8,24,87.5
2025-03-01,EMP0242,CL010,Practice Manager,132.0,0,24,108.0
2025-03-01,EMP0243,CL010,Veterinary Technician,186.1,1.3,24,163.4
2025-03-01,EMP0244,CL010,Client Service Representative,185.1,1.2,8,178.3
2025-03-01,EMP0245,CL010,Practice Manager,178.7,7.0,8,177.7
2025-03-01,EMP0246,CL011,Veterinary Technician,128.4,7.8,0,136.2
2025-03-01,EMP0247,CL011,Veterinarian,178.6,6.7,16,169.3
2025-03-01,EMP0248,CL011,Client Service Representative,162.9,0,16,146.9
2025-03-01,EMP0249,CL011,Practice Manager,105.8,2.5,24,84.3
2025-03-01,EMP0250,CL011,Veterinarian,167.0,9.9,0,176.9
2025-03-01,EMP0251,CL011,Veterinarian,151.0,12.6,0,163.6
2025-03-01,EMP0252,CL011,Veterinary Technician,174.4,8.8,8,175.2
2025-03-01,EMP0253,CL011,Client Service Representative,140.3,0.4,8,132.7
2025-03-01,EMP0254,CL011,Veterinarian,176.2,0.4,0,176.6
2025-03-01,EMP0255,CL011,Veterinarian,175.4,4.3,0,179.7
2025-03-01,EMP0256,CL011,Veterinarian,143.1,0,16,127.1
2025-03-01,EMP0257,CL011,Veterinarian,173.2,0,24,149.2
2025-03-01,EMP0258,CL011,Veterinary Assistant,110.0,0,8,102.0
2025-03-01,EMP0259,CL011,Practice Manager,182.0,0,16,166.0
2025-03-01,EMP0260,CL011,Veterinarian,148.8,1.1,16,133.9
2025-03-01,EMP0261,CL011,Client Service Representative,164.7,4.9,16,153.6
2025-03-01,EMP0262,CL011,Veterinarian,177.0,4.7,8,173.7
2025-03-01,EMP0263,CL011,Veterinarian,170.2,1.8,8,164.0
2025-03-01,EMP0264,CL011,Veterinarian,177.3,6.6,8,175.9
2025-03-01,EMP0265,CL011,Veterinary Assistant,97.2,0,16,81.2
2025-03-01,EMP0266,CL011,Veterinarian,160.0,12.0,0,172.0
2025-03-01,EMP0267,CL012,Client Service Representative,98.8,5.7,0,104.5
2025-03-01,EMP0268,CL012,Veterinary Technician,172.8,6.3,8,171.1
2025-03-01,EMP0269,CL012,Practice Manager,166.8,7.5,0,174.3
2025-03-01,EMP0270,CL012,Client Service Representative,145.4,8.1,0,153.5
2025-03-01,EMP0271,CL012,Veterinary Technician,163.6,6.2,0,169.8
2025-03-01,EMP0272,CL012,Practice Manager,140.3,6.6,0,146.9
2025-03-01,EMP0273,CL012,Veterinary Technician,172.0,11.7,0,183.7
2025-03-01,EMP0274,CL012,Veterinarian,140.8,3.9,0,144.7
2025-03-01,EMP0275,CL012,Veterinary Technician,122.6,4.8,0,127.4
2025-03-01,EMP0276,CL012,Veterinary Technician,105.1,2.1,0,107.2
2025-03-01,EMP0277,CL012,Veterinarian,144.7,11.1,8,147.8
2025-03-01,EMP0278,CL012,Veterinarian,180.0,0,0,180.0
2025-03-01,EMP0279,CL012,Client Service Representative,142.3,1.6,24,119.9
2025-03-01,EMP0280,CL012,Veterinary Technician,181.4,6.8,24,164.2
2025-03-01,EMP0281,CL012,Veterinarian,166.3,1.1,24,143.4
2025-03-01,EMP0282,CL012,Veterinary Assistant,161.7,0,16,145.7
2025-03-01,EMP0283,CL012,Veterinarian,172.7,6.6,24,155.3
2025-03-01,EMP0284,CL012,Client Service Representative,174.0,0,0,174.0
2025-03-01,EMP0285,CL012,Veterinarian,174.2,10.3,0,184.5
2025-03-01,EMP0286,CL012,Veterinarian,171.5,11.0,0,182.5
2025-03-01,EMP0287,CL012,Veterinary Assistant,179.1,0,0,179.1
2025-03-01,EMP0288,CL012,Veterinary Technician,101.2,4.8,24,82.0
2025-03-01,EMP0289,CL012,Veterinarian,166.9,4.0,16,154.9
2025-03-01,EMP0290,CL012,Client Service Representative,160.8,3.2,16,148.0
2025-03-01,EMP0291,CL012,Veterinarian,178.1,7.8,8,177.9
2025-03-01,EMP0292,CL012,Veterinary Assistant,138.8,3.6,8,134.4
2025-03-01,EMP0293,CL012,Veterinarian,176.4,2.4,8,170.8
2025-03-01,EMP0294,CL012,Client Service Representative,139.0,3.5,0,142.5
2025-03-01,EMP0295,CL012,Client Service Representative,182.0,6.6,16,172.6
2025-03-01,EMP0296,CL012,Veterinary Technician,176.3,4.4,8,172.7
2025-03-01,EMP0297,CL012,Veterinary Technician,94.1,5.0,8,91.1
2025-03-01,EMP0298,CL012,Veterinarian,173.3,10.4,16,167.7
2025-03-01,EMP0299,CL012,Veterinary Technician,179.9,4.2,0,184.1
2025-03-01,EMP0300,CL012,Veterinarian,182.6,6.2,16,172.8
2025-04-01,EMP0001,CL001,Veterinary Technician,165.2,1.7,8,158.9
2025-04-01,EMP0002,CL001,Practice Manager,117.3,2.9,16,104.2
2025-04-01,EMP0003,CL001,Practice Manager,128.7,4.0,0,132.7
2025-04-01,EMP0004,CL001,Veterinary Technician,126.5,2.1,8,120.6
2025-04-01,EMP0005,CL001,Veterinary Technician,176.8,6.7,8,175.5
2025-04-01,EMP0006,CL001,Veterinary Technician,179.1,5.8,0,184.9
2025-04-01,EMP0007,CL001,Veterinarian,182.4,5.1,24,163.5
2025-04-01,EMP0008,CL001,Veterinarian,179.3,0,16,163.3
2025-04-01,EMP0009,CL001,Veterinary Technician,175.3,4.4,8,171.7
2025-04-01,EMP0010,CL001,Veterinarian,167.0,8.6,0,175.6
2025-04-01,EMP0011,CL001,Veterinary Assistant,161.9,0,0,161.9
2025-04-01,EMP0012,CL001,Veterinary Technician,95.3,2.8,0,98.1
2025-04-01,EMP0013,CL001,Veterinary Technician,134.7,0,8,126.7
2025-04-01,EMP0014,CL001,Veterinarian,170.5,2.5,0,173.0
2025-04-01,EMP0015,CL001,Veterinarian,175.3,4.6,8,171.9
2025-04-01,EMP0016,CL001,Veterinarian,178.7,0.6,8,171.3
2025-04-01,EMP0017,CL001,Veterinary Assistant,138.3,7.8,0,146.1
2025-04-01,EMP0018,CL001,Practice Manager,96.1,9.6,0,105.7
2025-04-01,EMP0019,CL001,Veterinarian,160.6,2.6,8,155.2
2025-04-01,EMP0020,CL001,Veterinarian,177.2,6.9,0,184.1
2025-04-01,EMP0021,CL001,Veterinarian,179.4,1.2,0,180.6
2025-04-01,EMP0022,CL001,Client Service Representative,183.6,3.0,16,170.6
2025-04-01,EMP0023,CL001,Veterinary Technician,126.9,7.9,24,110.8
2025-04-01,EMP0024,CL001,Veterinary Assistant,161.1,1.5,24,138.6
2025-04-01,EMP0025,CL001,Veterinary Technician,175.1,4.7,8,171.8
2025-04-01,EMP0026,CL001,Veterinarian,171.8,11.4,8,175.2
2025-04-01,EMP0027,CL001,Veterinary Assistant,130.5,6.0,8,128.5
2025-04-01,EMP0028,CL001,Veterinary Technician,172.2,7.7,0,179.9
2025-04-01,EMP0029,CL001,Veterinarian,168.0,5.7,0,173.7
2025-04-01,EMP0030,CL002,Kennel Assistant,165.9,0,0,165.9
2025-04-01,EMP0031,CL002,Veterinarian,138.3,4.4,16,126.7
2025-04-01,EMP0032,CL002,Veterinarian,134.9,5.6,24,116.5
2025-04-01,EMP0033,CL002,Veterinarian,144.3,11.0,0,155.3
2025-04-01,EMP0034,CL002,Veterinarian,132.4,10.2,8,134.6
2025-04-01,EMP0035,CL002,Veterinarian,172.5,11.1,24,159.6
2025-04-01,EMP0036,CL002,Client Service Representative,167.3,0,24,143.3
2025-04-01,EMP0037,CL002,Veterinarian,133.7,5.4,8,131.1
2025-04-01,EMP0038,CL002,Client Service Representative,188.3,9.6,24,173.9
2025-04-01,EMP0039,CL002,Veterinary Assistant,177.9,1.5,8,171.4
2025-04-01,EMP0040,CL002,Veterinary Technician,104.3,5.1,0,109.4
2025-04-01,EMP0041,CL002,Veterinarian,157.5,6.2,0,163.7
2025-04-01,EMP0042,CL002,Veterinary Technician,191.0,0.7,0,191.7
2025-04-01,EMP0043,CL002,Veterinary Technician,101.5,9.6,0,111.1
2025-04-01,EMP0044,CL002,Veterinary Assistant,136.3,11.1,16,131.4
2025-04-01,EMP0045,CL002,Veterinarian,167.2,2.7,24,145.9
2025-04-01,EMP0046,CL002,Veterinary Technician,145.6,2.5,16,132.1
2025-04-01,EMP0047,CL002,Veterinary Assistant,159.8,0,8,151.8
2025-04-01,EMP0048,CL002,Kennel Assistant,179.5,0,24,155.5
2025-04-01,EMP0049,CL002,Client Service Representative,107.3,0.2,0,107.5
2025-04-01,EMP0050,CL002,Practice Manager,176.2,4.1,0,180.3
2025-04-01,EMP0051,CL003,Practice Manager,173.0,0,24,149.0
2025-04-01,EMP0052,CL003,Veterinary Technician,173.3,10.0,0,183.3
2025-04-01,EMP0053,CL003,Kennel Assistant,98.8,5.8,0,104.6
2025-04-01,EMP0054,CL003,Veterinarian,166.8,10.0,8,168.8
2025-04-01,EMP0055,CL003,Veterinary Assistant,143.3,3.5,0,146.8
2025-04-01,EMP0056,CL003,Client Service Representative,173.6,7.8,8,173.4
2025-04-01,EMP0057,CL003,Veterinarian,157.0,8.9,24,141.9
2025-04-01,EMP0058,CL003,Veterinary Assistant,115.2,0.8,24,92.0
2025-04-01,EMP0059,CL003,Client Service Representative,165.7,3.9,16,153.6
2025-04-01,EMP0060,CL003,Veterinarian,174.6,10.8,16,169.4
2025-04-01,EMP0061,CL003,Kennel Assistant,95.4,4.0,0,99.4
2025-04-01,EMP0062,CL003,Veterinarian,168.1,12.2,0,180.3
2025-04-01,EMP0063,CL003,Veterinary Technician,169.6,0,0,169.6
2025-04-01,EMP0064,CL003,Veterinary Technician,176.7,4.7,8,173.4
2025-04-01,EMP0065,CL003,Veterinarian,164.1,3.7,16,151.8
2025-04-01,EMP0066,CL003,Client Service Representative,172.6,2.9,0,175.5
2025-04-01,EMP0067,CL003,Practice Manager,130.7,4.5,0,135.2
2025-04-01,EMP0068,CL003,Veterinarian,174.2,0.1,8,166.3
2025-04-01,EMP0069,CL003,Veterinary Assistant,174.3,0,8,166.3
2025-04-01,EMP0070,CL003,Veterinarian,174.8,5.7,24,156.5
2025-04-01,EMP0071,CL003,Kennel Assistant,166.5,0,16,150.5
2025-04-01,EMP0072,CL003,Veterinarian,148.6,7.2,0,155.8
2025-04-01,EMP0073,CL003,Veterinarian,131.3,2.3,24,109.6
2025-04-01,EMP0074,CL003,Veterinary Technician,167.9,4.7,8,164.6
2025-04-01,EMP0075,CL003,Veterinarian,136.1,12.0,0,148.1
2025-04-01,EMP0076,CL004,Client Service Representative,164.0,9.9,0,173.9
2025-04-01,EMP0077,CL004,Veterinarian,155.2,4.3,8,151.5
2025-04-01,EMP0078,CL004,Veterinarian,176.4,7.5,0,183.9
2025-04-01,EMP0079,CL004,Veterinary Technician,168.3,3.6,8,163.9
2025-04-01,EMP0080,CL004,Veterinarian,175.2,7.1,24,158.3
2025-04-01,EMP0081,CL004,Veterinary Technician,135.2,0,0,135.2
2025-04-01,EMP0082,CL004,Veterinarian,183.2,8.8,0,192.0
2025-04-01,EMP0083,CL004,Veterinary Assistant,164.6,0,16,148.6
2025-04-01,EMP0084,CL004,Veterinarian,137.2,3.7,0,140.9
2025-04-01,EMP0085,CL004,Veterinarian,184.5,5.6,0,190.1
2025-04-01,EMP0086,CL004,Veterinary Assistant,170.4,0,8,162.4
2025-04-01,EMP0087,CL004,Veterinary Technician,169.4,6.8,8,168.2
2025-04-01,EMP0088,CL004,Veterinarian,132.1,13.7,8,137.8
2025-04-01,EMP0089,CL004,Veterinarian,173.8,5.3,0,179.1
2025-04-01,EMP0090,CL004,Veterinary Technician,159.0,2.8,8,153.8
2025-04-01,EMP0091,CL004,Veterinarian,160.8,5.6,8,158.4
2025-04-01,EMP0092,CL004,Veterinarian,164.1,5.3,0,169.4
2025-04-01,EMP0093,CL004,Veterinary Technician,106.4,1.9,0,108.3
2025-04-01,EMP0094,CL004,Practice Manager,153.0,2.9,0,155.9
2025-04-01,EMP0095,CL004,Veterinary Assistant,172.6,0,8,164.6
2025-04-01,EMP0096,CL004,Veterinary Assistant,171.2,0,16,155.2
2025-04-01,EMP0097,CL004,Veterinarian,174.2,1.1,8,167.3
2025-04-01,EMP0098,CL004,Client Service Representative,169.8,0,16,153.8
2025-04-01,EMP0099,CL004,Veterinarian,168.3,5.5,0,173.8
2025-04-01,EMP0100,CL004,Veterinary Technician,148.9,2.4,0,151.3
2025-04-01,EMP0101,CL004,Veterinary Assistant,107.4,8.7,0,116.1
2025-04-01,EMP0102,CL004,Veterinary Technician,144.9,4.5,24,125.4
2025-04-01,EMP0103,CL004,Practice Manager,98.0,10.5,24,84.5
2025-04-01,EMP0104,CL004,Veterinarian,170.5,3.8,0,174.3
2025-04-01,EMP0105,CL004,Veterinary Technician,172.5,1.9,8,166.4
2025-04-01,EMP0106,CL005,Practice Manager,172.1,1.1,0,173.2
2025-04-01,EMP0107,CL005,Veterinarian,169.1,4.8,24,149.9
2025-04-01,EMP0108,CL005,Client Service Representative,104.8,5.9,24,86.7
2025-04-01,EMP0109,CL005,Veterinarian,177.6,6.2,8,175.8
2025-04-01,EMP0110,CL005,Veterinary Technician,168.2,0,24,144.2
2025-04-01,EMP0111,CL005,Veterinarian,184.4,5.8,0,190.2
2025-04-01,EMP0112,CL005,Veterinary Technician,107.3,6.7,8,106.0
2025-04-01,EMP0113,CL005,Veterinarian,165.5,3.6,0,169.1
2025-04-01,EMP0114,CL005,Veterinary Technician,183.8,5.6,8,181.4
2025-04-01,EMP0115,CL005,Veterinarian,148.6,7.9,16,140.5
2025-04-01,EMP0116,CL005,Veterinary Assistant,167.7,5.0,0,172.7
2025-04-01,EMP0117,CL005,Veterinarian,172.5,5.8,8,170.3
2025-04-01,EMP0118,CL005,Veterinarian,131.0,4.0,24,111.0
2025-04-01,EMP0119,CL005,Veterinarian,171.7,5.2,0,176.9
2025-04-01,EMP0120,CL005,Veterinary Technician,141.5,6.2,0,147.7
2025-04-01,EMP0121,CL005,Veterinary Assistant,134.7,0.8,8,127.5
2025-04-01,EMP0122,CL005,Veterinarian,138.6,7.0,8,137.6
2025-04-01,EMP0123,CL005,Veterinarian,177.3,7.7,0,185.0
2025-04-01,EMP0124,CL005,Veterinarian,169.4,7.9,24,153.3
2025-04-01,EMP0125,CL005,Veterinary Technician,167.7,2.0,0,169.7
2025-04-01,EMP0126,CL005,Veterinarian,180.6,0,8,172.6
2025-04-01,EMP0127,CL005,Veterinary Technician,126.5,0.3,24,102.8
2025-04-01,EMP0128,CL005,Veterinary Technician,93.3,0.9,0,94.2
2025-04-01,EMP0129,CL005,Veterinary Assistant,139.9,0.5,24,116.4
2025-04-01,EMP0130,CL005,Veterinarian,152.1,10.6,0,162.7
2025-04-01,EMP0131,CL006,Veterinarian,198.7,0.8,8,191.5
2025-04-01,EMP0132,CL006,Veterinarian,182.7,5.8,8,180.5
2025-04-01,EMP0133,CL006,Veterinarian,179.7,10.9,0,190.6
2025-04-01,EMP0134,CL006,Veterinarian,166.4,8.1,8,166.5
2025-04-01,EMP0135,CL006,Veterinarian,141.7,6.4,0,148.1
2025-04-01,EMP0136,CL006,Veterinary Technician,184.5,4.7,0,189.2
2025-04-01,EMP0137,CL006,Client Service Representative,128.3,2.9,0,131.2
2025-04-01,EMP0138,CL006,Kennel Assistant,156.2,7.6,16,147.8
2025-04-01,EMP0139,CL006,Veterinary Technician,132.0,5.4,24,113.4
2025-04-01,EMP0140,CL006,Veterinarian,176.3,6.7,16,167.0
2025-04-01,EMP0141,CL006,Practice Manager,145.3,5.5,0,150.8
2025-04-01,EMP0142,CL006,Veterinary Technician,176.2,5.1,24,157.3
2025-04-01,EMP0143,CL006,Veterinary Technician,101.3,2.2,8,95.5
2025-04-01,EMP0144,CL006,Veterinarian,140.1,6.7,0,146.8
2025-04-01,EMP0145,CL006,Veterinary Technician,172.9,7.4,8,172.3
2025-04-01,EMP0146,CL006,Veterinarian,139.3,2.6,0,141.9
2025-04-01,EMP0147,CL006,Veterinary Technician,163.5,14.1,0,177.6
2025-04-01,EMP0148,CL006,Client Service Representative,160.2,0.2,16,144.4
2025-04-01,EMP0149,CL006,Veterinarian,145.6,2.0,8,139.6
2025-04-01,EMP0150,CL006,Veterinarian,160.0,1.9,16,145.9
2025-04-01,EMP0151,CL007,Veterinary Technician,113.3,2.9,16,100.2
2025-04-01,EMP0152,CL007,Veterinary Technician,127.4,4.7,16,116.1
2025-04-01,EMP0153,CL007,Veterinary Technician,141.0,4.2,24,121.2
2025-04-01,EMP0154,CL007,Veterinary Technician,164.6,0.3,8,156.9
2025-04-01,EMP0155,CL007,Veterinary Assistant,163.3,6.6,16,153.9
2025-04-01,EMP0156,CL007,Practice Manager,187.5,4.5,24,168.0
2025-04-01,EMP0157,CL007,Veterinarian,174.3,3.0,8,169.3
2025-04-01,EMP0158,CL007,Client Service Representative,107.8,0,0,107.8
2025-04-01,EMP0159,CL007,Veterinary Technician,163.6,1.6,24,141.2
2025-04-01,EMP0160,CL007,Veterinarian,143.7,8.0,0,151.7
2025-04-01,EMP0161,CL007,Veterinary Technician,111.0,1.4,0,112.4
2025-04-01,EMP0162,CL007,Veterinarian,165.8,0,0,165.8
2025-04-01,EMP0163,CL007,Veterinarian,169.0,5.8,0,174.8
2025-04-01,EMP0164,CL007,Veterinarian,171.7,8.4,8,172.1
2025-04-01,EMP0165,CL007,Veterinarian,168.9,3.4,16,156.3
2025-04-01,EMP0166,CL007,Client Service Representative,155.5,6.3,8,153.8
2025-04-01,EMP0167,CL007,Veterinary Assistant,95.0,10.8,24,81.8
2025-04-01,EMP0168,CL007,Veterinary Technician,137.9,5.6,16,127.5
2025-04-01,EMP0169,CL007,Practice Manager,175.3,2.0,24,153.3
2025-04-01,EMP0170,CL007,Veterinarian,172.2,3.0,8,167.2
2025-04-01,EMP0171,CL007,Veterinary Technician,110.9,6.1,24,93.0
2025-04-01,EMP0172,CL007,Veterinary Technician,180.3,1.3,16,165.6
2025-04-01,EMP0173,CL007,Veterinary Assistant,175.8,0.8,0,176.6
2025-04-01,EMP0174,CL007,Veterinarian,169.7,5.4,16,159.1
2025-04-01,EMP0175,CL008,Veterinarian,177.2,1.3,0,178.5
2025-04-01,EMP0176,CL008,Client Service Representative,108.7,0,0,108.7
2025-04-01,EMP0177,CL008,Client Service Representative,185.5,2.7,24,164.2
2025-04-01,EMP0178,CL008,Practice Manager,152.7,0.3,8,145.0
2025-04-01,EMP0179,CL008,Veterinary Assistant,159.9,4.4,24,140.3
2025-04-01,EMP0180,CL008,Kennel Assistant,178.8,6.5,8,177.3
2025-04-01,EMP0181,CL008,Veterinarian,185.1,3.6,8,180.7
2025-04-01,EMP0182,CL008,Veterinarian,178.4,0.6,0,179.0
2025-04-01,EMP0183,CL008,Veterinary Assistant,170.5,6.2,8,168.7
2025-04-01,EMP0184,CL008,Veterinary Assistant,171.2,3.0,0,174.2
2025-04-01,EMP0185,CL008,Kennel Assistant,136.2,0,24,112.2
2025-04-01,EMP0186,CL008,Veterinarian,174.7,5.8,24,156.5
2025-04-01,EMP0187,CL008,Kennel Assistant,180.3,2.7,0,183.0
2025-04-01,EMP0188,CL008,Veterinary Technician,180.9,3.3,8,176.2
2025-04-01,EMP0189,CL008,Veterinary Technician,180.2,8.8,16,173.0
2025-04-01,EMP0190,CL008,Veterinarian,176.3,2.6,0,178.9
2025-04-01,EMP0191,CL008,Veterinarian,172.1,5.8,16,161.9
2025-04-01,EMP0192,CL008,Kennel Assistant,126.1,0,0,126.1
2025-04-01,EMP0193,CL008,Veterinarian,138.1,7.4,0,145.5
2025-04-01,EMP0194,CL008,Veterinarian,179.0,2.8,8,173.8
2025-04-01,EMP0195,CL008,Veterinarian,167.9,10.5,8,170.4
2025-04-01,EMP0196,CL008,Client Service Representative,151.4,6.9,0,158.3
2025-04-01,EMP0197,CL008,Practice Manager,167.4,1.2,16,152.6
2025-04-01,EMP0198,CL009,Veterinarian,167.4,7.5,8,166.9
2025-04-01,EMP0199,CL009,Veterinary Assistant,172.1,0,24,148.1
2025-04-01,EMP0200,CL009,Kennel Assistant,169.8,3.0,8,164.8
2025-04-01,EMP0201,CL009,Veterinarian,177.4,1.8,0,179.2
2025-04-01,EMP0202,CL009,Veterinary Technician,107.6,0.8,0,108.4
2025-04-01,EMP0203,CL009,Veterinarian,137.3,6.7,8,136.0
2025-04-01,EMP0204,CL009,Veterinary Technician,113.9,3.6,24,93.5
2025-04-01,EMP0205,CL009,Veterinarian,153.1,2.6,8,147.7
2025-04-01,EMP0206,CL009,Veterinarian,184.0,0,0,184.0
2025-04-01,EMP0207,CL009,Veterinarian,171.6,7.8,0,179.4
2025-04-01,EMP0208,CL009,Veterinarian,134.1,3.5,0,137.6
2025-04-01,EMP0209,CL009,Veterinarian,170.2,7.5,0,177.7
2025-04-01,EMP0210,CL009,Veterinarian,168.2,5.6,8,165.8
2025-04-01,EMP0211,CL009,Practice Manager,176.4,6.2,8,174.6
2025-04-01,EMP0212,CL009,Veterinary Technician,173.8,7.1,16,164.9
2025-04-01,EMP0213,CL009,Veterinary Assistant,176.4,3.0,16,163.4
2025-04-01,EMP0214,CL009,Veterinarian,178.2,3.7,0,181.9
2025-04-01,EMP0215,CL009,Veterinarian,147.6,9.6,8,149.2
2025-04-01,EMP0216,CL009,Client Service Representative,99.9,0,8,91.9
2025-04-01,EMP0217,CL009,Client Service Representative,165.3,3.9,8,161.2
2025-04-01,EMP0218,CL009,Veterinarian,124.6,6.4,8,123.0
2025-04-01,EMP0219,CL009,Practice Manager,104.0,11.2,16,99.2
2025-04-01,EMP0220,CL009,Veterinary Technician,111.4,1.9,16,97.3
2025-04-01,EMP0221,CL009,Veterinary Technician,168.2,8.4,8,168.6
2025-04-01,EMP0222,CL010,Veterinary Assistant,109.0,5.2,0,114.2
2025-04-01,EMP0223,CL010,Veterinarian,178.9,12.2,8,183.1
2025-04-01,EMP0224,CL010,Veterinary Assistant,104.1,0,0,104.1
2025-04-01,EMP0225,CL010,Veterinary Assistant,143.6,0.9,0,144.5
2025-04-01,EMP0226,CL010,Veterinarian,175.1,7.5,0,182.6
2025-04-01,EMP0227,CL010,Veterinarian,164.5,0,0,164.5
2025-04-01,EMP0228,CL010,Veterinary Assistant,0,0.6,0,0.6
2025-04-01,EMP0229,CL010,Veterinarian,191.0,1.3,0,192.3
2025-04-01,EMP0230,CL010,Veterinarian,130.6,4.4,16,119.0
2025-04-01,EMP0231,CL010,Veterinary Technician,170.3,0.8,0,171.1
2025-04-01,EMP0232,CL010,Practice Manager,162.3,5.4,8,159.7
2025-04-01,EMP0233,CL010,Veterinary Technician,157.4,11.6,16,153.0
2025-04-01,EMP0234,CL010,Client Service Representative,179.5,6.1,8,177.6
2025-04-01,EMP0235,CL010,Veterinarian,165.4,3.8,16,153.2
2025-04-01,EMP0236,CL010,Veterinarian,176.1,5.7,24,157.8
2025-04-01,EMP0237,CL010,Veterinary Technician,171.5,6.3,0,177.8
2025-04-01,EMP0238,CL010,Veterinarian,178.5,1.8,8,172.3
2025-04-01,EMP0239,CL010,Veterinary Assistant,176.0,0,8,168.0
2025-04-01,EMP0240,CL010,Veterinary Technician,175.6,1.6,16,161.2
2025-04-01,EMP0241,CL010,Veterinary Technician,92.9,1.4,8,86.3
2025-04-01,EMP0242,CL010,Practice Manager,136.6,5.6,8,134.2
2025-04-01,EMP0243,CL010,Veterinary Technician,169.7,0,0,169.7
2025-04-01,EMP0244,CL010,Client Service Representative,169.9,0.4,8,162.3
2025-04-01,EMP0245,CL010,Practice Manager,172.2,7.7,0,179.9
2025-04-01,EMP0246,CL011,Veterinary Technician,138.8,11.0,0,149.8
2025-04-01,EMP0247,CL011,Veterinarian,172.2,13.7,8,177.9
2025-04-01,EMP0248,CL011,Client Service Representative,178.3,6.6,16,168.9
2025-04-01,EMP0249,CL011,Practice Manager,109.5,0,16,93.5
2025-04-01,EMP0250,CL011,Veterinarian,166.5,3.3,24,145.8
2025-04-01,EMP0251,CL011,Veterinarian,137.0,1.5,0,138.5
2025-04-01,EMP0252,CL011,Veterinary Technician,167.5,0.3,24,143.8
2025-04-01,EMP0253,CL011,Client Service Representative,139.5,2.6,16,126.1
2025-04-01,EMP0254,CL011,Veterinarian,188.7,0,0,188.7
2025-04-01,EMP0255,CL011,Veterinarian,166.7,6.6,24,149.3
2025-04-01,EMP0256,CL011,Veterinarian,131.3,8.8,24,116.1
2025-04-01,EMP0257,CL011,Veterinarian,182.6,4.3,8,178.9
2025-04-01,EMP0258,CL011,Veterinary Assistant,107.8,0,0,107.8
2025-04-01,EMP0259,CL011,Practice Manager,185.8,5.2,0,191.0
2025-04-01,EMP0260,CL011,Veterinarian,147.3,0.7,24,124.0
2025-04-01,EMP0261,CL011,Client Service Representative,177.6,5.7,0,183.3
2025-04-01,EMP0262,CL011,Veterinarian,176.4,6.2,0,182.6
2025-04-01,EMP0263,CL011,Veterinarian,176.4,8.6,8,177.0
2025-04-01,EMP0264,CL011,Veterinarian,176.1,7.4,8,175.5
2025-04-01,EMP0265,CL011,Veterinary Assistant,102.0,0,0,102.0
2025-04-01,EMP0266,CL011,Veterinarian,163.1,5.9,0,169.0
2025-04-01,EMP0267,CL012,Client Service Representative,111.7,0.3,0,112.0
2025-04-01,EMP0268,CL012,Veterinary Technician,174.4,6.4,16,164.8
2025-04-01,EMP0269,CL012,Practice Manager,172.9,2.6,8,167.5
2025-04-01,EMP0270,CL012,Client Service Representative,136.6,0,8,128.6
2025-04-01,EMP0271,CL012,Veterinary Technician,182.0,12.5,16,178.5
2025-04-01,EMP0272,CL012,Practice Manager,136.0,0,16,120.0
2025-04-01,EMP0273,CL012,Veterinary Technician,171.6,4.4,24,152.0
2025-04-01,EMP0274,CL012,Veterinarian,145.1,8.6,0,153.7
2025-04-01,EMP0275,CL012,Veterinary Technician,148.3,3.1,16,135.4
2025-04-01,EMP0276,CL012,Veterinary Technician,99.9,4.8,24,80.7
2025-04-01,EMP0277,CL012,Veterinarian,115.4,5.0,8,112.4
2025-04-01,EMP0278,CL012,Veterinarian,169.4,7.5,0,176.9
2025-04-01,EMP0279,CL012,Client Service Representative,152.6,5.9,16,142.5
2025-04-01,EMP0280,CL012,Veterinary Technician,171.8,0,0,171.8
2025-04-01,EMP0281,CL012,Veterinarian,176.7,8.2,24,160.9
2025-04-01,EMP0282,CL012,Veterinary Assistant,172.1,1.3,8,165.4
2025-04-01,EMP0283,CL012,Veterinarian,173.3,3.5,0,176.8
2025-04-01,EMP0284,CL012,Client Service Representative,179.6,5.7,24,161.3
2025-04-01,EMP0285,CL012,Veterinarian,152.4,0,24,128.4
2025-04-01,EMP0286,CL012,Veterinarian,168.6,2.5,0,171.1
2025-04-01,EMP0287,CL012,Veterinary Assistant,185.6,0,8,177.6
2025-04-01,EMP0288,CL012,Veterinary Technician,98.0,2.5,0,100.5
2025-04-01,EMP0289,CL012,Veterinarian,168.0,4.3,0,172.3
2025-04-01,EMP0290,CL012,Client Service Representative,187.2,4.0,0,191.2
2025-04-01,EMP0291,CL012,Veterinarian,168.5,3.7,0,172.2
2025-04-01,EMP0292,CL012,Veterinary Assistant,151.4,7.8,8,151.2
2025-04-01,EMP0293,CL012,Veterinarian,177.3,3.1,0,180.4
2025-04-01,EMP0294,CL012,Client Service Representative,127.2,0.8,8,120.0
2025-04-01,EMP0295,CL012,Client Service Representative,191.6,11.4,0,203.0
2025-04-01,EMP0296,CL012,Veterinary Technician,185.5,7.0,16,176.5
2025-04-01,EMP0297,CL012,Veterinary Technician,108.5,1.7,8,102.2
2025-04-01,EMP0298,CL012,Veterinarian,181.9,8.1,0,190.0
2025-04-01,EMP0299,CL012,Veterinary Technician,185.3,2.9,0,188.2
2025-04-01,EMP0300,CL012,Veterinarian,159.8,0,24,135.8
2025-05-01,EMP0001,CL001,Veterinary Technician,183.3,11.1,16,178.4
2025-05-01,EMP0002,CL001,Practice Manager,108.2,4.7,16,96.9
2025-05-01,EMP0003,CL001,Practice Manager,135.3,9.7,0,145.0
2025-05-01,EMP0004,CL001,Veterinary Technician,143.3,1.6,0,144.9
2025-05-01,EMP0005,CL001,Veterinary Technician,162.0,1.8,0,163.8
2025-05-01,EMP0006,CL001,Veterinary Technician,171.9,3.1,8,167.0
2025-05-01,EMP0007,CL001,Veterinarian,167.5,8.5,0,176.0
2025-05-01,EMP0008,CL001,Veterinarian,178.1,1.9,8,172.0
2025-05-01,EMP0009,CL001,Veterinary Technician,170.4,9.0,8,171.4
2025-05-01,EMP0010,CL001,Veterinarian,181.9,9.1,8,183.0
2025-05-01,EMP0011,CL001,Veterinary Assistant,169.5,0,8,161.5
2025-05-01,EMP0012,CL001,Veterinary Technician,99.6,0.3,0,99.9
2025-05-01,EMP0013,CL001,Veterinary Technician,138.8,2.0,24,116.8
2025-05-01,EMP0014,CL001,Veterinarian,177.3,0.2,24,153.5
2025-05-01,EMP0015,CL001,Veterinarian,182.2,1.5,0,183.7
2025-05-01,EMP0016,CL001,Veterinarian,166.6,2.4,8,161.0
2025-05-01,EMP0017,CL001,Veterinary Assistant,124.5,0.1,8,116.6
2025-05-01,EMP0018,CL001,Practice Manager,107.8,3.2,0,111.0
2025-05-01,EMP0019,CL001,Veterinarian,165.4,0,0,165.4
2025-05-01,EMP0020,CL001,Veterinarian,167.3,1.8,0,169.1
2025-05-01,EMP0021,CL001,Veterinarian,187.0,4.5,8,183.5
2025-05-01,EMP0022,CL001,Client Service Representative,165.5,4.0,8,161.5
2025-05-01,EMP0023,CL001,Veterinary Technician,133.4,0,0,133.4
2025-05-01,EMP0024,CL001,Veterinary Assistant,189.8,0,0,189.8
2025-05-01,EMP0025,CL001,Veterinary Technician,176.7,4.7,0,181.4
2025-05-01,EMP0026,CL001,Veterinarian,158.6,0,8,150.6
2025-05-01,EMP0027,CL001,Veterinary Assistant,137.8,0,24,113.8
2025-05-01,EMP0028,CL001,Veterinary Technician,170.5,9.0,8,171.5
2025-05-01,EMP0029,CL001,Veterinarian,159.7,0,16,143.7
2025-05-01,EMP0030,CL002,Kennel Assistant,186.0,0,0,186.0
2025-05-01,EMP0031,CL002,Veterinarian,141.9,0,0,141.9
2025-05-01,EMP0032,CL002,Veterinarian,143.6,9.4,8,145.0
2025-05-01,EMP0033,CL002,Veterinarian,140.3,3.8,8,136.1
2025-05-01,EMP0034,CL002,Veterinarian,131.6,6.8,8,130.4
2025-05-01,EMP0035,CL002,Veterinarian,176.9,0,16,160.9
2025-05-01,EMP0036,CL002,Client Service Representative,169.4,3.4,16,156.8
2025-05-01,EMP0037,CL002,Veterinarian,121.0,4.2,24,101.2
2025-05-01,EMP0038,CL002,Client Service Representative,174.5,3.0,16,161.5
2025-05-01,EMP0039,CL002,Veterinary Assistant,172.6,4.5,0,177.1
2025-05-01,EMP0040,CL002,Veterinary Technician,95.9,3.1,16,83.0
2025-05-01,EMP0041,CL002,Veterinarian,156.7,4.1,8,152.8
2025-05-01,EMP0042,CL002,Veterinary Technician,170.6,7.2,16,161.8
2025-05-01,EMP0043,CL002,Veterinary Technician,101.2,4.7,0,105.9
2025-05-01,EMP0044,CL002,Veterinary Assistant,138.7,0,16,122.7
2025-05-01,EMP0045,CL002,Veterinarian,177.8,0,8,169.8
2025-05-01,EMP0046,CL002,Veterinary Technician,149.8,1.8,24,127.6
2025-05-01,EMP0047,CL002,Veterinary Assistant,181.0,0,16,165.0
2025-05-01,EMP0048,CL002,Kennel Assistant,166.8,3.4,16,154.2
2025-05-01,EMP0049,CL002,Client Service Representative,107.5,2.0,0,109.5
2025-05-01,EMP0050,CL002,Practice Manager,167.9,0.7,0,168.6
2025-05-01,EMP0051,CL003,Practice Manager,163.5,0,0,163.5
2025-05-01,EMP0052,CL003,Veterinary Technician,156.3,4.4,24,136.7
2025-05-01,EMP0053,CL003,Kennel Assistant,97.8,0.1,8,89.9
2025-05-01,EMP0054,CL003,Veterinarian,176.2,2.2,0,178.4
2025-05-01,EMP0055,CL003,Veterinary Assistant,138.8,0,16,122.8
2025-05-01,EMP0056,CL003,Client Service Representative,174.4,5.4,0,179.8
2025-05-01,EMP0057,CL003,Veterinarian,147.6,0,8,139.6
2025-05-01,EMP0058,CL003,Veterinary Assistant,121.2,1.4,0,122.6
2025-05-01,EMP0059,CL003,Client Service Representative,171.9,0.3,0,172.2
2025-05-01,EMP0060,CL003,Veterinarian,181.0,3.2,0,184.2
2025-05-01,EMP0061,CL003,Kennel Assistant,111.4,0.7,16,96.1
2025-05-01,EMP0062,CL003,Veterinarian,175.1,9.4,0,184.5
2025-05-01,EMP0063,CL003,Veterinary Technician,167.5,5.7,0,173.2
2025-05-01,EMP0064,CL003,Veterinary Technician,167.4,0,24,143.4
2025-05-01,EMP0065,CL003,Veterinarian,182.7,8.2,8,182.9
2025-05-01,EMP0066,CL003,Client Service Representative,179.1,1.3,8,172.4
2025-05-01,EMP0067,CL003,Practice Manager,126.2,0,0,126.2
2025-05-01,EMP0068,CL003,Veterinarian,172.8,9.9,8,174.7
2025-05-01,EMP0069,CL003,Veterinary Assistant,173.9,6.1,16,164.0
2025-05-01,EMP0070,CL003,Veterinarian,163.3,7.3,0,170.6
2025-05-01,EMP0071,CL003,Kennel Assistant,169.1,0,8,161.1
2025-05-01,EMP0072,CL003,Veterinarian,142.5,8.1,24,126.6
2025-05-01,EMP0073,CL003,Veterinarian,126.3,0,8,118.3
2025-05-01,EMP0074,CL003,Veterinary Technician,167.4,7.6,0,175.0
2025-05-01,EMP0075,CL003,Veterinarian,131.3,5.9,8,129.2
2025-05-01,EMP0076,CL004,Client Service Representative,174.5,0,0,174.5
2025-05-01,EMP0077,CL004,Veterinarian,137.3,8.7,16,130.0
2025-05-01,EMP0078,CL004,Veterinarian,174.9,2.2,16,161.1
2025-05-01,EMP0079,CL004,Veterinary Technician,167.5,2.3,8,161.8
2025-05-01,EMP0080,CL004,Veterinarian,175.6,10.2,0,185.8
2025-05-01,EMP0081,CL004,Veterinary Technician,129.1,3.8,0,132.9
2025-05-01,EMP0082,CL004,Veterinarian,184.5,1.9,24,162.4
2025-05-01,EMP0083,CL004,Veterinary Assistant,158.1,2.2,16,144.3
2025-05-01,EMP0084,CL004,Veterinarian,137.2,3.4,24,116.6
2025-05-01,EMP0085,CL004,Veterinarian,164.7,2.7,0,167.4
2025-05-01,EMP0086,CL004,Veterinary Assistant,169.2,0,8,161.2
2025-05-01,EMP0087,CL004,Veterinary Technician,172.4,3.0,8,167.4
2025-05-01,EMP0088,CL004,Veterinarian,143.3,5.1,0,148.4
2025-05-01,EMP0089,CL004,Veterinarian,184.1,10.3,0,194.4
2025-05-01,EMP0090,CL004,Veterinary Technician,167.3,10.4,0,177.7
2025-05-01,EMP0091,CL004,Veterinarian,161.6,2.8,16,148.4
2025-05-01,EMP0092,CL004,Veterinarian,178.1,7.7,8,177.8
2025-05-01,EMP0093,CL004,Veterinary Technician,101.8,1.0,8,94.8
2025-05-01,EMP0094,CL004,Practice Manager,140.0,1.9,24,117.9
2025-05-01,EMP0095,CL004,Veterinary Assistant,160.5,6.1,16,150.6
2025-05-01,EMP0096,CL004,Veterinary Assistant,171.8,4.9,24,152.7
2025-05-01,EMP0097,CL004,Veterinarian,188.0,6.4,8,186.4
2025-05-01,EMP0098,CL004,Client Service Representative,170.2,3.4,8,165.6
2025-05-01,EMP0099,CL004,Veterinarian,168.9,3.1,8,164.0
2025-05-01,EMP0100,CL004,Veterinary Technician,151.1,4.4,8,147.5
2025-05-01,EMP0101,CL004,Veterinary Assistant,85.3,5.4,0,90.7
2025-05-01,EMP0102,CL004,Veterinary Technician,120.6,7.1,0,127.7
2025-05-01,EMP0103,CL004,Practice Manager,113.5,1.0,0,114.5
2025-05-01,EMP0104,CL004,Veterinarian,164.1,3.3,16,151.4
2025-05-01,EMP0105,CL004,Veterinary Technician,184.0,6.1,16,174.1
2025-05-01,EMP0106,CL005,Practice Manager,183.9,3.6,24,163.5
2025-05-01,EMP0107,CL005,Veterinarian,171.8,10.0,0,181.8
2025-05-01,EMP0108,CL005,Client Service Representative,99.6,6.0,16,89.6
2025-05-01,EMP0109,CL005,Veterinarian,179.4,1.9,8,173.3
2025-05-01,EMP0110,CL005,Veterinary Technician,164.3,7.8,0,172.1
2025-05-01,EMP0111,CL005,Veterinarian,177.1,8.7,8,177.8
2025-05-01,EMP0112,CL005,Veterinary Technician,96.2,5.5,0,101.7
2025-05-01,EMP0113,CL005,Veterinarian,168.6,0,8,160.6
2025-05-01,EMP0114,CL005,Veterinary Technician,167.2,11.9,0,179.1
2025-05-01,EMP0115,CL005,Veterinarian,148.1,7.2,16,139.3
2025-05-01,EMP0116,CL005,Veterinary Assistant,166.7,2.6,24,145.3
2025-05-01,EMP0117,CL005,Veterinarian,177.4,4.6,0,182.0
2025-05-01,EMP0118,CL005,Veterinarian,128.1,4.2,8,124.3
2025-05-01,EMP0119,CL005,Veterinarian,179.4,4.0,8,175.4
2025-05-01,EMP0120,CL005,Veterinary Technician,146.1,7.4,8,145.5
2025-05-01,EMP0121,CL005,Veterinary Assistant,143.9,5.8,0,149.7
2025-05-01,EMP0122,CL005,Veterinarian,134.9,3.8,0,138.7
2025-05-01,EMP0123,CL005,Veterinarian,169.3,7.7,0,177.0
2025-05-01,EMP0124,CL005,Veterinarian,180.2,5.2,8,177.4
2025-05-01,EMP0125,CL005,Veterinary Technician,182.2,8.2,0,190.4
2025-05-01,EMP0126,CL005,Veterinarian,173.5,5.3,24,154.8
2025-05-01,EMP0127,CL005,Veterinary Technician,139.3,6.9,8,138.2
2025-05-01,EMP0128,CL005,Veterinary Technician,136.6,5.7,8,134.3
2025-05-01,EMP0129,CL005,Veterinary Assistant,149.9,6.0,8,147.9
2025-05-01,EMP0130,CL005,Veterinarian,137.0,7.9,16,128.9
2025-05-01,EMP0131,CL006,Veterinarian,172.3,0,8,164.3
2025-05-01,EMP0132,CL006,Veterinarian,172.1,4.8,8,168.9
2025-05-01,EMP0133,CL006,Veterinarian,185.0,4.0,0,189.0
2025-05-01,EMP0134,CL006,Veterinarian,187.0,6.8,8,185.8
2025-05-01,EMP0135,CL006,Veterinarian,142.1,5.2,8,139.3
2025-05-01,EMP0136,CL006,Veterinary Technician,183.8,10.7,0,194.5
2025-05-01,EMP0137,CL006,Client Service Representative,140.7,0,24,116.7
2025-05-01,EMP0138,CL006,Kennel Assistant,183.6,6.2,0,189.8
2025-05-01,EMP0139,CL006,Veterinary Technician,143.0,7.2,0,150.2
2025-05-01,EMP0140,CL006,Veterinarian,174.2,9.9,0,184.1
2025-05-01,EMP0141,CL006,Practice Manager,148.7,0,0,148.7
2025-05-01,EMP0142,CL006,Veterinary Technician,175.3,4.7,16,164.0
2025-05-01,EMP0143,CL006,Veterinary Technician,116.2,7.2,24,99.4
2025-05-01,EMP0144,CL006,Veterinarian,138.4,4.0,0,142.4
2025-05-01,EMP0145,CL006,Veterinary Technician,177.2,5.5,8,174.7
2025-05-01,EMP0146,CL006,Veterinarian,133.7,3.7,0,137.4
2025-05-01,EMP0147,CL006,Veterinary Technician,179.7,6.9,8,178.6
2025-05-01,EMP0148,CL006,Client Service Representative,177.6,4.6,0,182.2
2025-05-01,EMP0149,CL006,Veterinarian,134.3,4.9,0,139.2
2025-05-01,EMP0150,CL006,Veterinarian,178.8,9.3,0,188.1
2025-05-01,EMP0151,CL007,Veterinary Technician,114.3,3.9,8,110.2
2025-05-01,EMP0152,CL007,Veterinary Technician,142.1,9.1,0,151.2
2025-05-01,EMP0153,CL007,Veterinary Technician,134.0,3.4,24,113.4
2025-05-01,EMP0154,CL007,Veterinary Technician,172.0,0,8,164.0
2025-05-01,EMP0155,CL007,Veterinary Assistant,162.6,8.8,0,171.4
2025-05-01,EMP0156,CL007,Practice Manager,176.7,2.1,16,162.8
2025-05-01,EMP0157,CL007,Veterinarian,167.2,9.7,24,152.9
2025-05-01,EMP0158,CL007,Client Service Representative,103.1,2.9,8,98.0
2025-05-01,EMP0159,CL007,Veterinary Technician,178.8,4.9,0,183.7
2025-05-01,EMP0160,CL007,Veterinarian,139.1,16.1,0,155.2
2025-05-01,EMP0161,CL007,Veterinary Technician,101.5,6.2,0,107.7
2025-05-01,EMP0162,CL007,Veterinarian,187.5,1.0,8,180.5
2025-05-01,EMP0163,CL007,Veterinarian,170.9,5.0,16,159.9
2025-05-01,EMP0164,CL007,Veterinarian,159.5,13.7,0,173.2
2025-05-01,EMP0165,CL007,Veterinarian,173.3,11.2,0,184.5
2025-05-01,EMP0166,CL007,Client Service Representative,170.4,11.8,24,158.2
2025-05-01,EMP0167,CL007,Veterinary Assistant,103.3,5.3,0,108.6
2025-05-01,EMP0168,CL007,Veterinary Technician,141.0,4.7,0,145.7
2025-05-01,EMP0169,CL007,Practice Manager,152.7,0,0,152.7
2025-05-01,EMP0170,CL007,Veterinarian,179.5,4.5,16,168.0
2025-05-01,EMP0171,CL007,Veterinary Technician,110.5,6.1,16,100.6
2025-05-01,EMP0172,CL007,Veterinary Technician,174.4,10.2,0,184.6
2025-05-01,EMP0173,CL007,Veterinary Assistant,170.5,0,16,154.5
2025-05-01,EMP0174,CL007,Veterinarian,159.8,8.6,0,168.4
2025-05-01,EMP0175,CL008,Veterinarian,172.4,7.8,24,156.2
2025-05-01,EMP0176,CL008,Client Service Representative,101.7,11.3,8,105.0
2025-05-01,EMP0177,CL008,Client Service Representative,179.0,1.0,0,180.0
2025-05-01,EMP0178,CL008,Practice Manager,168.8,3.0,16,155.8
2025-05-01,EMP0179,CL008,Veterinary Assistant,168.9,0.3,0,169.2
2025-05-01,EMP0180,CL008,Kennel Assistant,175.7,4.0,8,171.7
2025-05-01,EMP0181,CL008,Veterinarian,180.0,10.6,16,174.6
2025-05-01,EMP0182,CL008,Veterinarian,179.7,9.5,0,189.2
2025-05-01,EMP0183,CL008,Veterinary Assistant,170.6,0,0,170.6
2025-05-01,EMP0184,CL008,Veterinary Assistant,178.0,0,16,162.0
2025-05-01,EMP0185,CL008,Kennel Assistant,124.6,0,8,116.6
2025-05-01,EMP0186,CL008,Veterinarian,168.5,3.7,0,172.2
2025-05-01,EMP0187,CL008,Kennel Assistant,190.1,3.9,0,194.0
2025-05-01,EMP0188,CL008,Veterinary Technician,174.4,3.1,8,169.5
2025-05-01,EMP0189,CL008,Veterinary Technician,175.1,8.5,0,183.6
2025-05-01,EMP0190,CL008,Veterinarian,156.3,0.8,0,157.1
2025-05-01,EMP0191,CL008,Veterinarian,172.1,9.6,8,173.7
2025-05-01,EMP0192,CL008,Kennel Assistant,130.6,0,8,122.6
2025-05-01,EMP0193,CL008,Veterinarian,138.6,9.3,0,147.9
2025-05-01,EMP0194,CL008,Veterinarian,162.4,4.7,16,151.1
2025-05-01,EMP0195,CL008,Veterinarian,185.6,10.3,0,195.9
2025-05-01,EMP0196,CL008,Client Service Representative,143.5,1.2,0,144.7
2025-05-01,EMP0197,CL008,Practice Manager,171.9,0,0,171.9
2025-05-01,EMP0198,CL009,Veterinarian,190.2,6.5,8,188.7
2025-05-01,EMP0199,CL009,Veterinary Assistant,169.6,1.5,8,163.1
2025-05-01,EMP0200,CL009,Kennel Assistant,187.4,0,24,163.4
2025-05-01,EMP0201,CL009,Veterinarian,167.3,0.2,8,159.5
2025-05-01,EMP0202,CL009,Veterinary Technician,93.9,8.1,16,86.0
2025-05-01,EMP0203,CL009,Veterinarian,137.0,11.3,0,148.3
2025-05-01,EMP0204,CL009,Veterinary Technician,118.5,5.2,0,123.7
2025-05-01,EMP0205,CL009,Veterinarian,170.2,4.7,0,174.9
2025-05-01,EMP0206,CL009,Veterinarian,177.5,2.5,16,164.0
2025-05-01,EMP0207,CL009,Veterinarian,163.6,2.7,16,150.3
2025-05-01,EMP0208,CL009,Veterinarian,140.8,2.7,8,135.5
2025-05-01,EMP0209,CL009,Veterinarian,176.1,2.0,8,170.1
2025-05-01,EMP0210,CL009,Veterinarian,153.2,9.9,8,155.1
2025-05-01,EMP0211,CL009,Practice Manager,177.9,0,8,169.9
2025-05-01,EMP0212,CL009,Veterinary Technician,170.0,9.1,0,179.1
2025-05-01,EMP0213,CL009,Veterinary Assistant,171.4,11.6,0,183.0
2025-05-01,EMP0214,CL009,Veterinarian,165.2,5.1,0,170.3
2025-05-01,EMP0215,CL009,Veterinarian,140.0,2.1,0,142.1
2025-05-01,EMP0216,CL009,Client Service Representative,102.2,10.3,0,112.5
2025-05-01,EMP0217,CL009,Client Service Representative,157.5,5.5,24,139.0
2025-05-01,EMP0218,CL009,Veterinarian,123.2,6.6,8,121.8
2025-05-01,EMP0219,CL009,Practice Manager,99.0,4.0,24,79.0
2025-05-01,EMP0220,CL009,Veterinary Technician,100.7,1.7,0,102.4
2025-05-01,EMP0221,CL009,Veterinary Technician,175.2,8.7,8,175.9
2025-05-01,EMP0222,CL010,Veterinary Assistant,115.3,8.3,24,99.6
2025-05-01,EMP0223,CL010,Veterinarian,167.3,7.1,8,166.4
2025-05-01,EMP0224,CL010,Veterinary Assistant,119.9,1.9,24,97.8
2025-05-01,EMP0225,CL010,Veterinary Assistant,139.1,1.9,0,141.0
2025-05-01,EMP0226,CL010,Veterinarian,160.9,4.5,8,157.4
2025-05-01,EMP0227,CL010,Veterinarian,177.2,8.2,8,177.4
2025-05-01,EMP0228,CL010,Veterinary Assistant,178.4,7.1,0,185.5
2025-05-01,EMP0229,CL010,Veterinarian,194.1,2.7,16,180.8
2025-05-01,EMP0230,CL010,Veterinarian,129.8,8.5,0,138.3
2025-05-01,EMP0231,CL010,Veterinary Technician,169.7,11.5,0,181.2
2025-05-01,EMP0232,CL010,Practice Manager,171.0,3.1,24,150.1
2025-05-01,EMP0233,CL010,Veterinary Technician,173.2,6.1,8,171.3
2025-05-01,EMP0234,CL010,Client Service Representative,176.9,0,8,168.9
2025-05-01,EMP0235,CL010,Veterinarian,170.0,0,8,162.0
2025-05-01,EMP0236,CL010,Veterinarian,183.5,7.4,24,166.9
2025-05-01,EMP0237,CL010,Veterinary Technician,170.4,4.5,24,150.9
2025-05-01,EMP0238,CL010,Veterinarian,160.4,10.1,0,170.5
2025-05-01,EMP0239,CL010,Veterinary Assistant,174.1,0.2,8,166.3
2025-05-01,EMP0240,CL010,Veterinary Technician,183.9,3.4,16,171.3
2025-05-01,EMP0241,CL010,Veterinary Technician,94.9,10.4,8,97.3
2025-05-01,EMP0242,CL010,Practice Manager,144.6,0.7,0,145.3
2025-05-01,EMP0243,CL010,Veterinary Technician,164.9,0,16,148.9
2025-05-01,EMP0244,CL010,Client Service Representative,171.8,0,16,155.8
2025-05-01,EMP0245,CL010,Practice Manager,177.8,3.7,0,181.5
2025-05-01,EMP0246,CL011,Veterinary Technician,138.1,1.4,0,139.5
2025-05-01,EMP0247,CL011,Veterinarian,180.6,0,0,180.6
2025-05-01,EMP0248,CL011,Client Service Representative,177.7,2.5,16,164.2
2025-05-01,EMP0249,CL011,Practice Manager,96.5,3.9,8,92.4
2025-05-01,EMP0250,CL011,Veterinarian,186.4,9.0,0,195.4
2025-05-01,EMP0251,CL011,Veterinarian,149.1,11.5,24,136.6
2025-05-01,EMP0252,CL011,Veterinary Technician,181.8,9.5,8,183.3
2025-05-01,EMP0253,CL011,Client Service Representative,134.7,0.5,0,135.2
2025-05-01,EMP0254,CL011,Veterinarian,173.6,0.0,24,149.6
2025-05-01,EMP0255,CL011,Veterinarian,181.6,0.1,8,173.7
2025-05-01,EMP0256,CL011,Veterinarian,143.1,8.0,8,143.1
2025-05-01,EMP0257,CL011,Veterinarian,164.0,15.1,8,171.1
2025-05-01,EMP0258,CL011,Veterinary Assistant,117.9,1.0,24,94.9
2025-05-01,EMP0259,CL011,Practice Manager,173.0,3.4,0,176.4
2025-05-01,EMP0260,CL011,Veterinarian,145.5,2.4,0,147.9
2025-05-01,EMP0261,CL011,Client Service Representative,177.9,0,24,153.9
2025-05-01,EMP0262,CL011,Veterinarian,168.1,6.0,0,174.1
2025-05-01,EMP0263,CL011,Veterinarian,189.4,2.4,24,167.8
2025-05-01,EMP0264,CL011,Veterinarian,170.7,14.5,0,185.2
2025-05-01,EMP0265,CL011,Veterinary Assistant,107.0,0.6,8,99.6
2025-05-01,EMP0266,CL011,Veterinarian,171.8,8.0,8,171.8
2025-05-01,EMP0267,CL012,Client Service Representative,101.5,2.7,8,96.2
2025-05-01,EMP0268,CL012,Veterinary Technician,162.4,3.5,0,165.9
2025-05-01,EMP0269,CL012,Practice Manager,171.7,0,0,171.7
2025-05-01,EMP0270,CL012,Client Service Representative,125.7,2.2,8,119.9
2025-05-01,EMP0271,CL012,Veterinary Technician,177.1,4.6,8,173.7
2025-05-01,EMP0272,CL012,Practice Manager,134.4,0,24,110.4
2025-05-01,EMP0273,CL012,Veterinary Technician,170.9,0.4,24,147.3
2025-05-01,EMP0274,CL012,Veterinarian,150.6,4.1,0,154.7
2025-05-01,EMP0275,CL012,Veterinary Technician,136.8,2.8,0,139.6
2025-05-01,EMP0276,CL012,Veterinary Technician,84.1,1.1,8,77.2
2025-05-01,EMP0277,CL012,Veterinarian,143.1,3.9,16,131.0
2025-05-01,EMP0278,CL012,Veterinarian,181.6,6.0,0,187.6
2025-05-01,EMP0279,CL012,Client Service Representative,143.7,6.9,0,150.6
2025-05-01,EMP0280,CL012,Veterinary Technician,174.4,4.5,24,154.9
2025-05-01,EMP0281,CL012,Veterinarian,163.1,6.7,0,169.8
2025-05-01,EMP0282,CL012,Veterinary Assistant,177.3,4.9,24,158.2
2025-05-01,EMP0283,CL012,Veterinarian,177.1,0,0,177.1
2025-05-01,EMP0284,CL012,Client Service Representative,165.7,0,0,165.7
2025-05-01,EMP0285,CL012,Veterinarian,167.9,0,8,159.9
2025-05-01,EMP0286,CL012,Veterinarian,166.7,0,0,166.7
2025-05-01,EMP0287,CL012,Veterinary Assistant,169.4,6.7,16,160.1
2025-05-01,EMP0288,CL012,Veterinary Technician,91.5,9.6,8,93.1
2025-05-01,EMP0289,CL012,Veterinarian,183.6,9.1,16,176.7
2025-05-01,EMP0290,CL012,Client Service Representative,173.6,5.0,0,178.6
2025-05-01,EMP0291,CL012,Veterinarian,163.2,5.0,8,160.2
2025-05-01,EMP0292,CL012,Veterinary Assistant,139.6,6.3,8,137.9
2025-05-01,EMP0293,CL012,Veterinarian,165.5,14.4,0,179.9
2025-05-01,EMP0294,CL012,Client Service Representative,136.9,0,0,136.9
2025-05-01,EMP0295,CL012,Client Service Representative,161.6,0.5,0,162.1
2025-05-01,EMP0296,CL012,Veterinary Technician,184.8,3.7,0,188.5
2025-05-01,EMP0297,CL012,Veterinary Technician,107.0,1.6,8,100.6
2025-05-01,EMP0298,CL012,Veterinarian,188.9,0,8,180.9
2025-05-01,EMP0299,CL012,Veterinary Technician,172.4,0,24,148.4
2025-05-01,EMP0300,CL012,Veterinarian,179.4,7.4,0,186.8
2025-06-01,EMP0001,CL001,Veterinary Technician,176.2,4.1,0,180.3
2025-06-01,EMP0002,CL001,Practice Manager,100.3,5.2,0,105.5
2025-06-01,EMP0003,CL001,Practice Manager,128.6,5.0,8,125.6
2025-06-01,EMP0004,CL001,Veterinary Technician,140.8,4.0,8,136.8
2025-06-01,EMP0005,CL001,Veterinary Technician,173.3,5.0,0,178.3
2025-06-01,EMP0006,CL001,Veterinary Technician,177.9,5.6,0,183.5
2025-06-01,EMP0007,CL001,Veterinarian,168.8,8.2,16,161.0
2025-06-01,EMP0008,CL001,Veterinarian,176.5,5.3,0,181.8
2025-06-01,EMP0009,CL001,Veterinary Technician,178.4,0.1,0,178.5
2025-06-01,EMP0010,CL001,Veterinarian,188.5,3.7,0,192.2
2025-06-01,EMP0011,CL001,Veterinary Assistant,164.5,1.7,0,166.2
2025-06-01,EMP0012,CL001,Veterinary Technician,101.6,2.0,0,103.6
2025-06-01,EMP0013,CL001,Veterinary Technician,155.4,0.8,24,132.2
2025-06-01,EMP0014,CL001,Veterinarian,183.0,7.0,0,190.0
2025-06-01,EMP0015,CL001,Veterinarian,178.4,6.8,0,185.2
2025-06-01,EMP0016,CL001,Veterinarian,165.3,0,0,165.3
2025-06-01,EMP0017,CL001,Veterinary Assistant,140.9,2.8,24,119.7
2025-06-01,EMP0018,CL001,Practice Manager,106.9,0,24,82.9
2025-06-01,EMP0019,CL001,Veterinarian,156.2,8.9,0,165.1
2025-06-01,EMP0020,CL001,Veterinarian,181.5,10.5,0,192.0
2025-06-01,EMP0021,CL001,Veterinarian,186.3,0,0,186.3
2025-06-01,EMP0022,CL001,Client Service Representative,195.3,0.5,0,195.8
2025-06-01,EMP0023,CL001,Veterinary Technician,148.7,6.8,0,155.5
2025-06-01,EMP0024,CL001,Veterinary Assistant,172.1,0.5,0,172.6
2025-06-01,EMP0025,CL001,Veterinary Technician,165.5,6.6,0,172.1
2025-06-01,EMP0026,CL001,Veterinarian,171.4,5.5,8,168.9
2025-06-01,EMP0027,CL001,Veterinary Assistant,146.2,0,0,146.2
2025-06-01,EMP0028,CL001,Veterinary Technician,171.4,3.3,8,166.7
2025-06-01,EMP0029,CL001,Veterinarian,180.6,7.9,8,180.5
2025-06-01,EMP0030,CL002,Kennel Assistant,172.1,1.8,8,165.9
2025-06-01,EMP0031,CL002,Veterinarian,129.8,0.3,0,130.1
2025-06-01,EMP0032,CL002,Veterinarian,142.2,5.9,16,132.1
2025-06-01,EMP0033,CL002,Veterinarian,159.6,1.6,0,161.2
2025-06-01,EMP0034,CL002,Veterinarian,137.6,1.7,0,139.3
2025-06-01,EMP0035,CL002,Veterinarian,164.2,6.2,0,170.4
2025-06-01,EMP0036,CL002,Client Service Representative,158.0,1.0,8,151.0
2025-06-01,EMP0037,CL002,Veterinarian,133.2,0,0,133.2
2025-06-01,EMP0038,CL002,Client Service Representative,184.5,3.7,16,172.2
2025-06-01,EMP0039,CL002,Veterinary Assistant,173.0,2.4,0,175.4
2025-06-01,EMP0040,CL002,Veterinary Technician,100.0,4.1,16,88.1
2025-06-01,EMP0041,CL002,Veterinarian,173.3,3.7,8,169.0
2025-06-01,EMP0042,CL002,Veterinary Technician,171.2,9.4,8,172.6
2025-06-01,EMP0043,CL002,Veterinary Technician,93.7,7.2,16,84.9
2025-06-01,EMP0044,CL002,Veterinary Assistant,145.5,0,24,121.5
2025-06-01,EMP0045,CL002,Veterinarian,170.3,3.3,8,165.6
2025-06-01,EMP0046,CL002,Veterinary Technician,131.6,0.2,16,115.8
2025-06-01,EMP0047,CL002,Veterinary Assistant,155.5,2.7,0,158.2
2025-06-01,EMP0048,CL002,Kennel Assistant,174.0,6.0,0,180.0
2025-06-01,EMP0049,CL002,Client Service Representative,97.8,2.1,8,91.9
2025-06-01,EMP0050,CL002,Practice Manager,173.1,3.2,8,168.3
2025-06-01,EMP0051,CL003,Practice Manager,165.7,3.8,8,161.5
2025-06-01,EMP0052,CL003,Veterinary Technician,166.4,3.6,24,146.0
2025-06-01,EMP0053,CL003,Kennel Assistant,101.6,0,0,101.6
2025-06-01,EMP0054,CL003,Veterinarian,178.8,0,8,170.8
2025-06-01,EMP0055,CL003,Veterinary Assistant,142.6,1.2,0,143.8
2025-06-01,EMP0056,CL003,Client Service Representative,172.6,0.4,16,157.0
2025-06-01,EMP0057,CL003,Veterinarian,134.6,9.9,16,128.5
2025-06-01,EMP0058,CL003,Veterinary Assistant,108.0,0,8,100.0
2025-06-01,EMP0059,CL003,Client Service Representative,176.7,6.8,8,175.5
2025-06-01,EMP0060,CL003,Veterinarian,182.0,9.2,8,183.2
2025-06-01,EMP0061,CL003,Kennel Assistant,93.6,5.0,8,90.6
2025-06-01,EMP0062,CL003,Veterinarian,160.5,7.8,0,168.3
2025-06-01,EMP0063,CL003,Veterinary Technician,166.6,10.2,16,160.8
2025-06-01,EMP0064,CL003,Veterinary Technician,159.8,0.7,8,152.5
2025-06-01,EMP0065,CL003,Veterinarian,164.6,6.7,24,147.3
2025-06-01,EMP0066,CL003,Client Service Representative,170.3,8.2,8,170.5
2025-06-01,EMP0067,CL003,Practice Manager,140.7,0.4,16,125.1
2025-06-01,EMP0068,CL003,Veterinarian,169.2,7.6,8,168.8
2025-06-01,EMP0069,CL003,Veterinary Assistant,168.8,0,0,168.8
2025-06-01,EMP0070,CL003,Veterinarian,171.5,12.9,0,184.4
2025-06-01,EMP0071,CL003,Kennel Assistant,190.6,2.9,8,185.5
2025-06-01,EMP0072,CL003,Veterinarian,134.4,2.7,0,137.1
2025-06-01,EMP0073,CL003,Veterinarian,151.6,2.9,24,130.5
2025-06-01,EMP0074,CL003,Veterinary Technician,181.5,4.5,0,186.0
2025-06-01,EMP0075,CL003,Veterinarian,150.0,10.4,0,160.4
2025-06-01,EMP0076,CL004,Client Service Representative,159.2,3.8,8,155.0
2025-06-01,EMP0077,CL004,Veterinarian,143.8,5.9,0,149.7
2025-06-01,EMP0078,CL004,Veterinarian,181.3,0.3,0,181.6
2025-06-01,EMP0079,CL004,Veterinary Technician,165.0,3.8,24,144.8
2025-06-01,EMP0080,CL004,Veterinarian,174.2,1.4,0,175.6
2025-06-01,EMP0081,CL004,Veterinary Technician,131.2,12.3,8,135.5
2025-06-01,EMP0082,CL004,Veterinarian,187.7,8.9,16,180.6
2025-06-01,EMP0083,CL004,Veterinary Assistant,165.2,0,0,165.2
2025-06-01,EMP0084,CL004,Veterinarian,143.0,3.3,16,130.3
2025-06-01,EMP0085,CL004,Veterinarian,176.0,7.1,0,183.1
2025-06-01,EMP0086,CL004,Veterinary Assistant,183.4,0,24,159.4
2025-06-01,EMP0087,CL004,Veterinary Technician,162.2,4.1,8,158.3
2025-06-01,EMP0088,CL004,Veterinarian,153.7,0,0,153.7
2025-06-01,EMP0089,CL004,Veterinarian,171.4,6.8,0,178.2
2025-06-01,EMP0090,CL004,Veterinary Technician,167.9,10.2,8,170.1
2025-06-01,EMP0091,CL004,Veterinarian,177.3,7.9,24,161.2
2025-06-01,EMP0092,CL004,Veterinarian,177.8,5.3,8,175.1
2025-06-01,EMP0093,CL004,Veterinary Technician,103.3,0,8,95.3
2025-06-01,EMP0094,CL004,Practice Manager,141.6,3.5,0,145.1
2025-06-01,EMP0095,CL004,Veterinary Assistant,170.3,3.2,24,149.5
2025-06-01,EMP0096,CL004,Veterinary Assistant,182.3,0,24,158.3
2025-06-01,EMP0097,CL004,Veterinarian,174.1,7.7,0,181.8
2025-06-01,EMP0098,CL004,Client Service Representative,165.8,0.0,8,157.8
2025-06-01,EMP0099,CL004,Veterinarian,163.7,4.9,8,160.6
2025-06-01,EMP0100,CL004,Veterinary Technician,130.4,0.1,8,122.5
2025-06-01,EMP0101,CL004,Veterinary Assistant,102.1,0.7,24,78.8
2025-06-01,EMP0102,CL004,Veterinary Technician,144.2,5.7,0,149.9
2025-06-01,EMP0103,CL004,Practice Manager,107.1,2.6,0,109.7
2025-06-01,EMP0104,CL004,Veterinarian,160.4,3.0,24,139.4
2025-06-01,EMP0105,CL004,Veterinary Technician,177.7,2.4,0,180.1
2025-06-01,EMP0106,CL005,Practice Manager,185.0,0,0,185.0
2025-06-01,EMP0107,CL005,Veterinarian,175.9,7.5,24,159.4
2025-06-01,EMP0108,CL005,Client Service Representative,108.9,0,24,84.9
2025-06-01,EMP0109,CL005,Veterinarian,196.2,0,0,196.2
2025-06-01,EMP0110,CL005,Veterinary Technician,170.2,7.1,0,177.3
2025-06-01,EMP0111,CL005,Veterinarian,165.6,7.1,8,164.7
2025-06-01,EMP0112,CL005,Veterinary Technician,107.0,7.0,8,106.0
2025-06-01,EMP0113,CL005,Veterinarian,185.5,8.9,0,194.4
2025-06-01,EMP0114,CL005,Veterinary Technician,173.7,5.2,16,162.9
2025-06-01,EMP0115,CL005,Veterinarian,142.7,9.6,24,128.3
2025-06-01,EMP0116,CL005,Veterinary Assistant,176.4,3.9,8,172.3
2025-06-01,EMP0117,CL005,Veterinarian,178.0,7.4,16,169.4
2025-06-01,EMP0118,CL005,Veterinarian,150.7,0,8,142.7
2025-06-01,EMP0119,CL005,Veterinarian,178.4,7.5,8,177.9
2025-06-01,EMP0120,CL005,Veterinary Technician,146.3,10.4,0,156.7
2025-06-01,EMP0121,CL005,Veterinary Assistant,136.8,5.5,16,126.3
2025-06-01,EMP0122,CL005,Veterinarian,133.2,7.3,24,116.5
2025-06-01,EMP0123,CL005,Veterinarian,179.1,5.0,8,176.1
2025-06-01,EMP0124,CL005,Veterinarian,155.3,6.4,16,145.7
2025-06-01,EMP0125,CL005,Veterinary Technician,171.6,4.1,0,175.7
2025-06-01,EMP0126,CL005,Veterinarian,179.7,5.4,8,177.1
2025-06-01,EMP0127,CL005,Veterinary Technician,138.8,5.1,0,143.9
2025-06-01,EMP0128,CL005,Veterinary Technician,85.8,8.5,0,94.3
2025-06-01,EMP0129,CL005,Veterinary Assistant,127.9,0.2,16,112.1
2025-06-01,EMP0130,CL005,Veterinarian,137.8,0.2,8,130.0
2025-06-01,EMP0131,CL006,Veterinarian,176.8,0,16,160.8
2025-06-01,EMP0132,CL006,Veterinarian,180.0,6.5,0,186.5
2025-06-01,EMP0133,CL006,Veterinarian,176.8,6.8,16,167.6
2025-06-01,EMP0134,CL006,Veterinarian,176.8,2.8,8,171.6
2025-06-01,EMP0135,CL006,Veterinarian,137.8,7.0,0,144.8
2025-06-01,EMP0136,CL006,Veterinary Technician,187.7,2.8,8,182.5
2025-06-01,EMP0137,CL006,Client Service Representative,129.3,0,0,129.3
2025-06-01,EMP0138,CL006,Kennel Assistant,177.8,1.5,0,179.3
2025-06-01,EMP0139,CL006,Veterinary Technician,148.8,4.5,24,129.3
2025-06-01,EMP0140,CL006,Veterinarian,169.5,0.9,0,170.4
2025-06-01,EMP0141,CL006,Practice Manager,144.4,4.1,0,148.5
2025-06-01,EMP0142,CL006,Veterinary Technician,159.3,0,8,151.3
2025-06-01,EMP0143,CL006,Veterinary Technician,92.6,7.2,24,75.8
2025-06-01,EMP0144,CL006,Veterinarian,143.3,3.3,0,146.6
2025-06-01,EMP0145,CL006,Veterinary Technician,174.8,12.8,16,171.6
2025-06-01,EMP0146,CL006,Veterinarian,135.5,8.5,0,144.0
2025-06-01,EMP0147,CL006,Veterinary Technician,179.3,4.7,0,184.0
2025-06-01,EMP0148,CL006,Client Service Representative,174.9,6.0,0,180.9
2025-06-01,EMP0149,CL006,Veterinarian,141.6,4.1,16,129.7
2025-06-01,EMP0150,CL006,Veterinarian,172.5,3.7,8,168.2
2025-06-01,EMP0151,CL007,Veterinary Technician,92.4,6.1,0,98.5
2025-06-01,EMP0152,CL007,Veterinary Technician,136.5,9.2,0,145.7
2025-06-01,EMP0153,CL007,Veterinary Technician,133.0,6.2,0,139.2
2025-06-01,EMP0154,CL007,Veterinary Technician,167.2,3.3,0,170.5
2025-06-01,EMP0155,CL007,Veterinary Assistant,188.7,9.7,24,174.4
2025-06-01,EMP0156,CL007,Practice Manager,153.5,1.3,8,146.8
2025-06-01,EMP0157,CL007,Veterinarian,160.7,3.8,0,164.5
2025-06-01,EMP0158,CL007,Client Service Representative,103.6,3.4,0,107.0
2025-06-01,EMP0159,CL007,Veterinary Technician,167.0,7.0,8,166.0
2025-06-01,EMP0160,CL007,Veterinarian,145.1,2.0,8,139.1
2025-06-01,EMP0161,CL007,Veterinary Technician,105.1,3.6,0,108.7
2025-06-01,EMP0162,CL007,Veterinarian,170.5,1.0,24,147.5
2025-06-01,EMP0163,CL007,Veterinarian,168.9,0.9,8,161.8
2025-06-01,EMP0164,CL007,Veterinarian,176.2,4.2,0,180.4
2025-06-01,EMP0165,CL007,Veterinarian,172.5,13.7,0,186.2
2025-06-01,EMP0166,CL007,Client Service Representative,164.1,0,0,164.1
2025-06-01,EMP0167,CL007,Veterinary Assistant,102.7,8.2,0,110.9
2025-06-01,EMP0168,CL007,Veterinary Technician,140.5,6.3,0,146.8
2025-06-01,EMP0169,CL007,Practice Manager,167.0,6.0,24,149.0
2025-06-01,EMP0170,CL007,Veterinarian,174.1,1.8,0,175.9
2025-06-01,EMP0171,CL007,Veterinary Technician,101.2,5.7,8,98.9
2025-06-01,EMP0172,CL007,Veterinary Technician,172.8,9.0,24,157.8
2025-06-01,EMP0173,CL007,Veterinary Assistant,179.6,0,0,179.6
2025-06-01,EMP0174,CL007,Veterinarian,174.3,0.7,8,167.0
2025-06-01,EMP0175,CL008,Veterinarian,188.4,1.2,0,189.6
2025-06-01,EMP0176,CL008,Client Service Representative,95.8,3.7,8,91.5
2025-06-01,EMP0177,CL008,Client Service Representative,160.3,0.4,0,160.7
2025-06-01,EMP0178,CL008,Practice Manager,178.0,5.5,8,175.5
2025-06-01,EMP0179,CL008,Veterinary Assistant,174.1,3.7,16,161.8
2025-06-01,EMP0180,CL008,Kennel Assistant,179.2,0,24,155.2
2025-06-01,EMP0181,CL008,Veterinarian,190.2,8.5,8,190.7
2025-06-01,EMP0182,CL008,Veterinarian,169.7,4.2,16,157.9
2025-06-01,EMP0183,CL008,Veterinary Assistant,175.2,7.2,24,158.4
2025-06-01,EMP0184,CL008,Veterinary Assistant,179.3,3.3,0,182.6
2025-06-01,EMP0185,CL008,Kennel Assistant,135.4,0,8,127.4
2025-06-01,EMP0186,CL008,Veterinarian,179.0,4.0,8,175.0
2025-06-01,EMP0187,CL008,Kennel Assistant,171.8,0,0,171.8
2025-06-01,EMP0188,CL008,Veterinary Technician,172.9,11.9,8,176.8
2025-06-01,EMP0189,CL008,Veterinary Technician,172.0,9.3,0,181.3
2025-06-01,EMP0190,CL008,Veterinarian,172.2,3.5,16,159.7
2025-06-01,EMP0191,CL008,Veterinarian,198.7,9.3,0,208.0
2025-06-01,EMP0192,CL008,Kennel Assistant,136.8,4.5,8,133.3
2025-06-01,EMP0193,CL008,Veterinarian,129.9,2.5,0,132.4
2025-06-01,EMP0194,CL008,Veterinarian,172.2,7.5,8,171.7
2025-06-01,EMP0195,CL008,Veterinarian,161.4,1.0,8,154.4
2025-06-01,EMP0196,CL008,Client Service Representative,150.4,3.6,24,130.0
2025-06-01,EMP0197,CL008,Practice Manager,182.4,11.7,0,194.1
2025-06-01,EMP0198,CL009,Veterinarian,167.9,16.0,24,159.9
2025-06-01,EMP0199,CL009,Veterinary Assistant,173.6,2.0,0,175.6
2025-06-01,EMP0200,CL009,Kennel Assistant,182.7,0,8,174.7
2025-06-01,EMP0201,CL009,Veterinarian,166.9,2.1,8,161.0
2025-06-01,EMP0202,CL009,Veterinary Technician,102.4,10.4,24,88.8
2025-06-01,EMP0203,CL009,Veterinarian,137.9,6.1,0,144.0
2025-06-01,EMP0204,CL009,Veterinary Technician,97.6,9.8,24,83.4
2025-06-01,EMP0205,CL009,Veterinarian,175.0,2.3,0,177.3
2025-06-01,EMP0206,CL009,Veterinarian,161.6,5.0,0,166.6
2025-06-01,EMP0207,CL009,Veterinarian,165.4,3.2,0,168.6
2025-06-01,EMP0208,CL009,Veterinarian,139.3,5.5,16,128.8
2025-06-01,EMP0209,CL009,Veterinarian,190.2,7.4,16,181.6
2025-06-01,EMP0210,CL009,Veterinarian,164.5,3.8,24,144.3
2025-06-01,EMP0211,CL009,Practice Manager,170.2,2.1,16,156.3
2025-06-01,EMP0212,CL009,Veterinary Technician,158.8,8.1,0,166.9
2025-06-01,EMP0213,CL009,Veterinary Assistant,172.0,1.3,8,165.3
2025-06-01,EMP0214,CL009,Veterinarian,166.6,0,8,158.6
2025-06-01,EMP0215,CL009,Veterinarian,148.1,9.6,16,141.7
2025-06-01,EMP0216,CL009,Client Service Representative,97.7,0,8,89.7
2025-06-01,EMP0217,CL009,Client Service Representative,169.7,4.6,0,174.3
2025-06-01,EMP0218,CL009,Veterinarian,140.1,13.2,16,137.3
2025-06-01,EMP0219,CL009,Practice Manager,111.2,0,8,103.2
2025-06-01,EMP0220,CL009,Veterinary Technician,90.5,10.5,0,101.0
2025-06-01,EMP0221,CL009,Veterinary Technician,178.3,5.9,16,168.2
2025-06-01,EMP0222,CL010,Veterinary Assistant,111.7,1.0,0,112.7
2025-06-01,EMP0223,CL010,Veterinarian,170.1,10.1,0,180.2
2025-06-01,EMP0224,CL010,Veterinary Assistant,105.9,5.4,16,95.3
2025-06-01,EMP0225,CL010,Veterinary Assistant,144.9,0.3,0,145.2
2025-06-01,EMP0226,CL010,Veterinarian,164.2,4.3,0,168.5
2025-06-01,EMP0227,CL010,Veterinarian,175.6,0,24,151.6
2025-06-01,EMP0228,CL010,Veterinary Assistant,180.2,9.4,0,189.6
2025-06-01,EMP0229,CL010,Veterinarian,185.6,4.8,24,166.4
2025-06-01,EMP0230,CL010,Veterinarian,133.1,5.8,0,138.9
2025-06-01,EMP0231,CL010,Veterinary Technician,178.3,1.4,8,171.7
2025-06-01,EMP0232,CL010,Practice Manager,176.8,0,16,160.8
2025-06-01,EMP0233,CL010,Veterinary Technician,173.9,5.9,16,163.8
2025-06-01,EMP0234,CL010,Client Service Representative,179.1,3.9,0,183.0
2025-06-01,EMP0235,CL010,Veterinarian,174.8,4.2,24,155.0
2025-06-01,EMP0236,CL010,Veterinarian,161.3,5.0,0,166.3
2025-06-01,EMP0237,CL010,Veterinary Technician,179.9,4.3,8,176.2
2025-06-01,EMP0238,CL010,Veterinarian,166.3,12.0,16,162.3
2025-06-01,EMP0239,CL010,Veterinary Assistant,175.0,5.9,8,172.9
2025-06-01,EMP0240,CL010,Veterinary Technician,166.9,4.4,0,171.3
2025-06-01,EMP0241,CL010,Veterinary Technician,96.9,10.0,24,82.9
2025-06-01,EMP0242,CL010,Practice Manager,135.1,0,24,111.1
2025-06-01,EMP0243,CL010,Veterinary Technician,174.7,2.0,8,168.7
2025-06-01,EMP0244,CL010,Client Service Representative,178.2,4.2,16,166.4
2025-06-01,EMP0245,CL010,Practice Manager,181.7,1.2,8,174.9
2025-06-01,EMP0246,CL011,Veterinary Technician,141.0,3.4,0,144.4
2025-06-01,EMP0247,CL011,Veterinarian,166.6,2.6,24,145.2
2025-06-01,EMP0248,CL011,Client Service Representative,181.7,0,16,165.7
2025-06-01,EMP0249,CL011,Practice Manager,108.9,3.4,8,104.3
2025-06-01,EMP0250,CL011,Veterinarian,168.6,2.9,0,171.5
2025-06-01,EMP0251,CL011,Veterinarian,140.7,5.2,8,137.9
2025-06-01,EMP0252,CL011,Veterinary Technician,185.2,9.1,0,194.3
2025-06-01,EMP0253,CL011,Client Service Representative,126.8,1.1,8,119.9
2025-06-01,EMP0254,CL011,Veterinarian,178.1,4.4,8,174.5
2025-06-01,EMP0255,CL011,Veterinarian,159.9,6.2,8,158.1
2025-06-01,EMP0256,CL011,Veterinarian,137.1,1.7,8,130.8
2025-06-01,EMP0257,CL011,Veterinarian,173.2,9.9,8,175.1
2025-06-01,EMP0258,CL011,Veterinary Assistant,113.3,0,0,113.3
2025-06-01,EMP0259,CL011,Practice Manager,157.7,0,24,133.7
2025-06-01,EMP0260,CL011,Veterinarian,133.4,7.9,8,133.3
2025-06-01,EMP0261,CL011,Client Service Representative,163.3,0.4,8,155.7
2025-06-01,EMP0262,CL011,Veterinarian,184.2,1.6,0,185.8
2025-06-01,EMP0263,CL011,Veterinarian,157.6,5.3,0,162.9
2025-06-01,EMP0264,CL011,Veterinarian,179.1,3.0,16,166.1
2025-06-01,EMP0265,CL011,Veterinary Assistant,111.4,4.4,0,115.8
2025-06-01,EMP0266,CL011,Veterinarian,177.1,2.8,24,155.9
2025-06-01,EMP0267,CL012,Client Service Representative,100.1,3.8,8,95.9
2025-06-01,EMP0268,CL012,Veterinary Technician,171.8,4.1,0,175.9
2025-06-01,EMP0269,CL012,Practice Manager,179.0,12.2,8,183.2
2025-06-01,EMP0270,CL012,Client Service Representative,140.7,0.3,16,125.0
2025-06-01,EMP0271,CL012,Veterinary Technician,172.4,3.2,8,167.6
2025-06-01,EMP0272,CL012,Practice Manager,152.6,7.6,0,160.2
2025-06-01,EMP0273,CL012,Veterinary Technician,165.2,6.8,0,172.0
2025-06-01,EMP0274,CL012,Veterinarian,137.3,3.0,0,140.3
2025-06-01,EMP0275,CL012,Veterinary Technician,130.3,3.2,24,109.5
2025-06-01,EMP0276,CL012,Veterinary Technician,99.7,0,0,99.7
2025-06-01,EMP0277,CL012,Veterinarian,126.2,9.0,24,111.2
2025-06-01,EMP0278,CL012,Veterinarian,173.8,4.5,0,178.3
2025-06-01,EMP0279,CL012,Client Service Representative,139.6,0,0,139.6
2025-06-01,EMP0280,CL012,Veterinary Technician,168.0,0.3,0,168.3
2025-06-01,EMP0281,CL012,Veterinarian,158.4,0.9,8,151.3
2025-06-01,EMP0282,CL012,Veterinary Assistant,156.9,0,0,156.9
2025-06-01,EMP0283,CL012,Veterinarian,178.9,7.7,0,186.6
2025-06-01,EMP0284,CL012,Client Service Representative,177.0,0,24,153.0
2025-06-01,EMP0285,CL012,Veterinarian,150.2,1.7,8,143.9
2025-06-01,EMP0286,CL012,Veterinarian,174.0,4.9,16,162.9
2025-06-01,EMP0287,CL012,Veterinary Assistant,176.6,7.2,8,175.8
2025-06-01,EMP0288,CL012,Veterinary Technician,94.6,2.6,16,81.2
2025-06-01,EMP0289,CL012,Veterinarian,179.2,8.0,24,163.2
2025-06-01,EMP0290,CL012,Client Service Representative,180.3,1.7,24,158.0
2025-06-01,EMP0291,CL012,Veterinarian,176.5,3.2,0,179.7
2025-06-01,EMP0292,CL012,Veterinary Assistant,149.7,2.7,24,128.4
2025-06-01,EMP0293,CL012,Veterinarian,166.2,6.5,8,164.7
2025-06-01,EMP0294,CL012,Client Service Representative,132.4,2.3,24,110.7
2025-06-01,EMP0295,CL012,Client Service Representative,172.8,8.7,0,181.5
2025-06-01,EMP0296,CL012,Veterinary Technician,177.7,2.5,24,156.2
2025-06-01,EMP0297,CL012,Veterinary Technician,85.7,8.3,8,86.0
2025-06-01,EMP0298,CL012,Veterinarian,166.2,0.1,8,158.3
2025-06-01,EMP0299,CL012,Veterinary Technician,174.3,3.5,8,169.8
2025-06-01,EMP0300,CL012,Veterinarian,185.9,10.2,0,196.1
2025-07-01,EMP0001,CL001,Veterinary Technician,158.8,5.7,0,164.5
2025-07-01,EMP0002,CL001,Practice Manager,98.9,4.7,0,103.6
2025-07-01,EMP0003,CL001,Practice Manager,129.3,0,16,113.3
2025-07-01,EMP0004,CL001,Veterinary Technician,150.8,5.0,8,147.8
2025-07-01,EMP0005,CL001,Veterinary Technician,184.2,4.9,16,173.1
2025-07-01,EMP0006,CL001,Veterinary Technician,168.7,2.4,0,171.1
2025-07-01,EMP0007,CL001,Veterinarian,161.6,14.8,0,176.4
2025-07-01,EMP0008,CL001,Veterinarian,175.3,6.5,8,173.8
2025-07-01,EMP0009,CL001,Veterinary Technician,176.7,7.3,8,176.0
2025-07-01,EMP0010,CL001,Veterinarian,181.8,7.9,8,181.7
2025-07-01,EMP0011,CL001,Veterinary Assistant,165.8,1.4,0,167.2
2025-07-01,EMP0012,CL001,Veterinary Technician,100.2,7.2,0,107.4
2025-07-01,EMP0013,CL001,Veterinary Technician,152.1,7.4,16,143.5
2025-07-01,EMP0014,CL001,Veterinarian,181.0,8.9,0,189.9
2025-07-01,EMP0015,CL001,Veterinarian,171.0,0,0,171.0
2025-07-01,EMP0016,CL001,Veterinarian,164.8,8.9,24,149.7
2025-07-01,EMP0017,CL001,Veterinary Assistant,136.2,6.0,0,142.2
2025-07-01,EMP0018,CL001,Practice Manager,91.2,6.8,24,74.0
2025-07-01,EMP0019,CL001,Veterinarian,179.1,11.5,8,182.6
2025-07-01,EMP0020,CL001,Veterinarian,177.0,3.0,0,180.0
2025-07-01,EMP0021,CL001,Veterinarian,170.1,6.4,24,152.5
2025-07-01,EMP0022,CL001,Client Service Representative,178.2,2.2,16,164.4
2025-07-01,EMP0023,CL001,Veterinary Technician,141.9,2.3,0,144.2
2025-07-01,EMP0024,CL001,Veterinary Assistant,173.8,1.2,8,167.0
2025-07-01,EMP0025,CL001,Veterinary Technician,166.1,8.4,24,150.5
2025-07-01,EMP0026,CL001,Veterinarian,177.1,11.3,8,180.4
2025-07-01,EMP0027,CL001,Veterinary Assistant,119.4,1.2,0,120.6
2025-07-01,EMP0028,CL001,Veterinary Technician,165.2,7.6,16,156.8
2025-07-01,EMP0029,CL001,Veterinarian,166.1,5.5,0,171.6
2025-07-01,EMP0030,CL002,Kennel Assistant,168.0,0,24,144.0
2025-07-01,EMP0031,CL002,Veterinarian,144.3,0.6,8,136.9
2025-07-01,EMP0032,CL002,Veterinarian,131.7,3.8,24,111.5
2025-07-01,EMP0033,CL002,Veterinarian,154.5,3.8,0,158.3
2025-07-01,EMP0034,CL002,Veterinarian,147.8,8.6,8,148.4
2025-07-01,EMP0035,CL002,Veterinarian,169.8,0,16,153.8
2025-07-01,EMP0036,CL002,Client Service Representative,166.2,3.7,0,169.9
2025-07-01,EMP0037,CL002,Veterinarian,139.1,2.6,8,133.7
2025-07-01,EMP0038,CL002,Client Service Representative,178.2,0,0,178.2
2025-07-01,EMP0039,CL002,Veterinary Assistant,187.2,9.7,0,196.9
2025-07-01,EMP0040,CL002,Veterinary Technician,100.9,2.9,24,79.8
2025-07-01,EMP0041,CL002,Veterinarian,174.0,10.4,8,176.4
2025-07-01,EMP0042,CL002,Veterinary Technician,186.5,6.0,16,176.5
2025-07-01,EMP0043,CL002,Veterinary Technician,95.7,11.3,24,83.0
2025-07-01,EMP0044,CL002,Veterinary Assistant,154.8,3.1,0,157.9
2025-07-01,EMP0045,CL002,Veterinarian,168.3,2.0,8,162.3
2025-07-01,EMP0046,CL002,Veterinary Technician,132.1,2.1,0,134.2
2025-07-01,EMP0047,CL002,Veterinary Assistant,155.2,3.8,24,135.0
2025-07-01,EMP0048,CL002,Kennel Assistant,174.6,0,8,166.6
2025-07-01,EMP0049,CL002,Client Service Representative,100.4,4.6,0,105.0
2025-07-01,EMP0050,CL002,Practice Manager,180.0,2.1,16,166.1
2025-07-01,EMP0051,CL003,Practice Manager,165.4,7.9,0,173.3
2025-07-01,EMP0052,CL003,Veterinary Technician,179.8,10.4,0,190.2
2025-07-01,EMP0053,CL003,Kennel Assistant,103.3,8.4,0,111.7
2025-07-01,EMP0054,CL003,Veterinarian,173.7,1.1,0,174.8
2025-07-01,EMP0055,CL003,Veterinary Assistant,144.9,1.9,8,138.8
2025-07-01,EMP0056,CL003,Client Service Representative,166.6,4.3,16,154.9
2025-07-01,EMP0057,CL003,Veterinarian,139.0,4.1,0,143.1
2025-07-01,EMP0058,CL003,Veterinary Assistant,88.2,10.0,0,98.2
2025-07-01,EMP0059,CL003,Client Service Representative,176.6,0,0,176.6
2025-07-01,EMP0060,CL003,Veterinarian,184.0,5.0,16,173.0
2025-07-01,EMP0061,CL003,Kennel Assistant,100.4,9.1,0,109.5
2025-07-01,EMP0062,CL003,Veterinarian,178.7,15.6,0,194.3
2025-07-01,EMP0063,CL003,Veterinary Technician,172.5,0,0,172.5
2025-07-01,EMP0064,CL003,Veterinary Technician,170.7,7.8,24,154.5
2025-07-01,EMP0065,CL003,Veterinarian,171.5,5.1,0,176.6
2025-07-01,EMP0066,CL003,Client Service Representative,168.2,2.4,16,154.6
2025-07-01,EMP0067,CL003,Practice Manager,147.8,2.0,0,149.8
2025-07-01,EMP0068,CL003,Veterinarian,178.5,6.8,0,185.3
2025-07-01,EMP0069,CL003,Veterinary Assistant,169.2,5.0,24,150.2
2025-07-01,EMP0070,CL003,Veterinarian,176.9,8.9,16,169.8
2025-07-01,EMP0071,CL003,Kennel Assistant,166.2,3.4,24,145.6
2025-07-01,EMP0072,CL003,Veterinarian,136.0,17.0,16,137.0
2025-07-01,EMP0073,CL003,Veterinarian,137.9,3.1,0,141.0
2025-07-01,EMP0074,CL003,Veterinary Technician,162.6,8.5,8,163.1
2025-07-01,EMP0075,CL003,Veterinarian,152.0,1.3,16,137.3
2025-07-01,EMP0076,CL004,Client Service Representative,168.9,2.7,0,171.6
2025-07-01,EMP0077,CL004,Veterinarian,132.8,9.5,8,134.3
2025-07-01,EMP0078,CL004,Veterinarian,171.1,3.1,24,150.2
2025-07-01,EMP0079,CL004,Veterinary Technician,171.5,0,16,155.5
2025-07-01,EMP0080,CL004,Veterinarian,192.3,0.3,0,192.6
2025-07-01,EMP0081,CL004,Veterinary Technician,144.7,2.3,8,139.0
2025-07-01,EMP0082,CL004,Veterinarian,172.5,8.6,16,165.1
2025-07-01,EMP0083,CL004,Veterinary Assistant,166.3,3.6,0,169.9
2025-07-01,EMP0084,CL004,Veterinarian,131.2,5.0,16,120.2
2025-07-01,EMP0085,CL004,Veterinarian,167.2,2.2,16,153.4
2025-07-01,EMP0086,CL004,Veterinary Assistant,167.9,9.4,0,177.3
2025-07-01,EMP0087,CL004,Veterinary Technician,175.5,2.6,24,154.1
2025-07-01,EMP0088,CL004,Veterinarian,135.1,10.3,16,129.4
2025-07-01,EMP0089,CL004,Veterinarian,158.3,5.3,8,155.6
2025-07-01,EMP0090,CL004,Veterinary Technician,179.0,2.3,16,165.3
2025-07-01,EMP0091,CL004,Veterinarian,172.0,11.4,0,183.4
2025-07-01,EMP0092,CL004,Veterinarian,162.2,9.8,0,172.0
2025-07-01,EMP0093,CL004,Veterinary Technician,107.7,0.6,24,84.3
2025-07-01,EMP0094,CL004,Practice Manager,135.7,4.7,8,132.4
2025-07-01,EMP0095,CL004,Veterinary Assistant,185.6,0,24,161.6
2025-07-01,EMP0096,CL004,Veterinary Assistant,164.9,0,0,164.9
2025-07-01,EMP0097,CL004,Veterinarian,182.5,0,16,166.5
2025-07-01,EMP0098,CL004,Client Service Representative,159.6,2.6,0,162.2
2025-07-01,EMP0099,CL004,Veterinarian,174.6,9.2,0,183.8
2025-07-01,EMP0100,CL004,Veterinary Technician,145.9,4.0,24,125.9
2025-07-01,EMP0101,CL004,Veterinary Assistant,107.5,0,0,107.5
2025-07-01,EMP0102,CL004,Veterinary Technician,124.0,0,0,124.0
2025-07-01,EMP0103,CL004,Practice Manager,101.2,3.2,0,104.4
2025-07-01,EMP0104,CL004,Veterinarian,168.6,0.3,0,168.9
2025-07-01,EMP0105,CL004,Veterinary Technician,177.4,1.8,8,171.2
2025-07-01,EMP0106,CL005,Practice Manager,171.1,7.7,0,178.8
2025-07-01,EMP0107,CL005,Veterinarian,160.3,8.5,16,152.8
2025-07-01,EMP0108,CL005,Client Service Representative,118.5,0.4,24,94.9
2025-07-01,EMP0109,CL005,Veterinarian,178.1,0,8,170.1
2025-07-01,EMP0110,CL005,Veterinary Technician,177.3,4.3,24,157.6
2025-07-01,EMP0111,CL005,Veterinarian,172.0,4.8,8,168.8
2025-07-01,EMP0112,CL005,Veterinary Technician,116.1,6.1,8,114.2
2025-07-01,EMP0113,CL005,Veterinarian,175.2,8.8,24,160.0
2025-07-01,EMP0114,CL005,Veterinary Technician,157.5,5.0,24,138.5
2025-07-01,EMP0115,CL005,Veterinarian,128.1,8.4,0,136.5
2025-07-01,EMP0116,CL005,Veterinary Assistant,169.7,2.9,0,172.6
2025-07-01,EMP0117,CL005,Veterinarian,173.8,2.6,16,160.4
2025-07-01,EMP0118,CL005,Veterinarian,129.1,2.7,24,107.8
2025-07-01,EMP0119,CL005,Veterinarian,181.0,0,24,157.0
2025-07-01,EMP0120,CL005,Veterinary Technician,142.4,7.6,16,134.0
2025-07-01,EMP0121,CL005,Veterinary Assistant,135.0,0,0,135.0
2025-07-01,EMP0122,CL005,Veterinarian,130.2,5.6,16,119.8
2025-07-01,EMP0123,CL005,Veterinarian,171.5,3.3,8,166.8
2025-07-01,EMP0124,CL005,Veterinarian,168.6,2.6,16,155.2
2025-07-01,EMP0125,CL005,Veterinary Technician,175.6,5.2,24,156.8
2025-07-01,EMP0126,CL005,Veterinarian,174.8,6.9,0,181.7
2025-07-01,EMP0127,CL005,Veterinary Technician,134.5,3.0,0,137.5
2025-07-01,EMP0128,CL005,Veterinary Technician,105.8,0.6,8,98.4
2025-07-01,EMP0129,CL005,Veterinary Assistant,143.3,0,16,127.3
2025-07-01,EMP0130,CL005,Veterinarian,143.8,5.3,0,149.1
2025-07-01,EMP0131,CL006,Veterinarian,177.0,0.9,0,177.9
2025-07-01,EMP0132,CL006,Veterinarian,187.1,6.1,16,177.2
2025-07-01,EMP0133,CL006,Veterinarian,177.0,5.4,24,158.4
2025-07-01,EMP0134,CL006,Veterinarian,172.8,0,8,164.8
2025-07-01,EMP0135,CL006,Veterinarian,147.1,0,0,147.1
2025-07-01,EMP0136,CL006,Veterinary Technician,178.8,5.9,0,184.7
2025-07-01,EMP0137,CL006,Client Service Representative,149.6,0.5,0,150.1
2025-07-01,EMP0138,CL006,Kennel Assistant,169.2,5.9,0,175.1
2025-07-01,EMP0139,CL006,Veterinary Technician,156.9,1.0,0,157.9
2025-07-01,EMP0140,CL006,Veterinarian,179.4,4.7,16,168.1
2025-07-01,EMP0141,CL006,Practice Manager,133.1,0,24,109.1
2025-07-01,EMP0142,CL006,Veterinary Technician,166.2,8.0,0,174.2
2025-07-01,EMP0143,CL006,Veterinary Technician,122.7,10.7,24,109.4
2025-07-01,EMP0144,CL006,Veterinarian,134.1,0,0,134.1
2025-07-01,EMP0145,CL006,Veterinary Technician,176.5,2.2,0,178.7
2025-07-01,EMP0146,CL006,Veterinarian,139.4,7.2,8,138.6
2025-07-01,EMP0147,CL006,Veterinary Technician,183.6,4.3,16,171.9
2025-07-01,EMP0148,CL006,Client Service Representative,165.2,0,16,149.2
2025-07-01,EMP0149,CL006,Veterinarian,136.6,4.7,16,125.3
2025-07-01,EMP0150,CL006,Veterinarian,153.1,12.2,0,165.3
2025-07-01,EMP0151,CL007,Veterinary Technician,105.3,5.8,0,111.1
2025-07-01,EMP0152,CL007,Veterinary Technician,142.7,0,0,142.7
2025-07-01,EMP0153,CL007,Veterinary Technician,127.3,9.1,0,136.4
2025-07-01,EMP0154,CL007,Veterinary Technician,168.2,6.0,8,166.2
2025-07-01,EMP0155,CL007,Veterinary Assistant,174.4,0.8,0,175.2
2025-07-01,EMP0156,CL007,Practice Manager,172.7,1.7,8,166.4
2025-07-01,EMP0157,CL007,Veterinarian,184.5,9.4,0,193.9
2025-07-01,EMP0158,CL007,Client Service Representative,91.5,0,24,67.5
2025-07-01,EMP0159,CL007,Veterinary Technician,172.7,9.2,0,181.9
2025-07-01,EMP0160,CL007,Veterinarian,138.7,4.5,24,119.2
2025-07-01,EMP0161,CL007,Veterinary Technician,100.2,3.2,0,103.4
2025-07-01,EMP0162,CL007,Veterinarian,181.6,8.1,8,181.7
2025-07-01,EMP0163,CL007,Veterinarian,172.8,2.7,24,151.5
2025-07-01,EMP0164,CL007,Veterinarian,167.3,0,16,151.3
2025-07-01,EMP0165,CL007,Veterinarian,170.5,4.2,8,166.7
2025-07-01,EMP0166,CL007,Client Service Representative,182.3,5.6,24,163.9
2025-07-01,EMP0167,CL007,Veterinary Assistant,101.0,11.7,24,88.7
2025-07-01,EMP0168,CL007,Veterinary Technician,149.8,3.2,0,153.0
2025-07-01,EMP0169,CL007,Practice Manager,154.6,8.8,0,163.4
2025-07-01,EMP0170,CL007,Veterinarian,162.6,8.6,8,163.2
2025-07-01,EMP0171,CL007,Veterinary Technician,112.6,15.9,8,120.5
2025-07-01,EMP0172,CL007,Veterinary Technician,165.4,3.9,8,161.3
2025-07-01,EMP0173,CL007,Veterinary Assistant,180.7,0,16,164.7
2025-07-01,EMP0174,CL007,Veterinarian,164.3,10.3,0,174.6
2025-07-01,EMP0175,CL008,Veterinarian,165.4,8.8,0,174.2
2025-07-01,EMP0176,CL008,Client Service Representative,99.0,0,8,91.0
2025-07-01,EMP0177,CL008,Client Service Representative,170.8,3.9,8,166.7
2025-07-01,EMP0178,CL008,Practice Manager,176.8,0,24,152.8
2025-07-01,EMP0179,CL008,Veterinary Assistant,170.8,0,0,170.8
2025-07-01,EMP0180,CL008,Kennel Assistant,169.9,0,0,169.9
2025-07-01,EMP0181,CL008,Veterinarian,171.4,3.1,0,174.5
2025-07-01,EMP0182,CL008,Veterinarian,164.8,3.6,8,160.4
2025-07-01,EMP0183,CL008,Veterinary Assistant,165.9,0,8,157.9
2025-07-01,EMP0184,CL008,Veterinary Assistant,177.6,5.5,8,175.1
2025-07-01,EMP0185,CL008,Kennel Assistant,149.7,0,24,125.7
2025-07-01,EMP0186,CL008,Veterinarian,166.4,7.2,0,173.6
2025-07-01,EMP0187,CL008,Kennel Assistant,175.6,2.4,16,162.0
2025-07-01,EMP0188,CL008,Veterinary Technician,172.2,8.3,8,172.5
2025-07-01,EMP0189,CL008,Veterinary Technician,168.3,10.0,16,162.3
2025-07-01,EMP0190,CL008,Veterinarian,173.1,5.2,8,170.3
2025-07-01,EMP0191,CL008,Veterinarian,173.5,4.7,0,178.2
2025-07-01,EMP0192,CL008,Kennel Assistant,132.1,1.3,0,133.4
2025-07-01,EMP0193,CL008,Veterinarian,130.0,1.5,16,115.5
2025-07-01,EMP0194,CL008,Veterinarian,187.4,8.2,0,195.6
2025-07-01,EMP0195,CL008,Veterinarian,158.0,2.8,8,152.8
2025-07-01,EMP0196,CL008,Client Service Representative,146.4,8.7,8,147.1
2025-07-01,EMP0197,CL008,Practice Manager,166.0,6.2,0,172.2
2025-07-01,EMP0198,CL009,Veterinarian,182.9,0,0,182.9
2025-07-01,EMP0199,CL009,Veterinary Assistant,170.3,1.0,0,171.3
2025-07-01,EMP0200,CL009,Kennel Assistant,175.2,4.4,0,179.6
2025-07-01,EMP0201,CL009,Veterinarian,173.5,5.8,8,171.3
2025-07-01,EMP0202,CL009,Veterinary Technician,108.8,4.5,0,113.3
2025-07-01,EMP0203,CL009,Veterinarian,123.4,12.3,8,127.7
2025-07-01,EMP0204,CL009,Veterinary Technician,105.8,0,0,105.8
2025-07-01,EMP0205,CL009,Veterinarian,165.2,5.1,8,162.3
2025-07-01,EMP0206,CL009,Veterinarian,166.9,0,8,158.9
2025-07-01,EMP0207,CL009,Veterinarian,174.3,0,0,174.3
2025-07-01,EMP0208,CL009,Veterinarian,141.3,3.9,0,145.2
2025-07-01,EMP0209,CL009,Veterinarian,184.0,0,8,176.0
2025-07-01,EMP0210,CL009,Veterinarian,176.1,8.1,24,160.2
2025-07-01,EMP0211,CL009,Practice Manager,176.4,2.5,0,178.9
2025-07-01,EMP0212,CL009,Veterinary Technician,166.2,2.3,0,168.5
2025-07-01,EMP0213,CL009,Veterinary Assistant,171.0,0.9,0,171.9
2025-07-01,EMP0214,CL009,Veterinarian,181.4,8.6,16,174.0
2025-07-01,EMP0215,CL009,Veterinarian,146.5,4.8,0,151.3
2025-07-01,EMP0216,CL009,Client Service Representative,115.3,0,16,99.3
2025-07-01,EMP0217,CL009,Client Service Representative,172.6,1.2,24,149.8
2025-07-01,EMP0218,CL009,Veterinarian,139.1,7.2,24,122.3
2025-07-01,EMP0219,CL009,Practice Manager,83.6,5.0,0,88.6
2025-07-01,EMP0220,CL009,Veterinary Technician,95.2,9.5,8,96.7
2025-07-01,EMP0221,CL009,Veterinary Technician,167.1,4.7,24,147.8
2025-07-01,EMP0222,CL010,Veterinary Assistant,99.4,4.1,0,103.5
2025-07-01,EMP0223,CL010,Veterinarian,160.1,0,0,160.1
2025-07-01,EMP0224,CL010,Veterinary Assistant,113.4,4.4,8,109.8
2025-07-01,EMP0225,CL010,Veterinary Assistant,141.8,0,8,133.8
2025-07-01,EMP0226,CL010,Veterinarian,184.6,1.8,16,170.4
2025-07-01,EMP0227,CL010,Veterinarian,169.6,9.7,16,163.3
2025-07-01,EMP0228,CL010,Veterinary Assistant,169.3,0.9,0,170.2
2025-07-01,EMP0229,CL010,Veterinarian,168.3,14.0,8,174.3
2025-07-01,EMP0230,CL010,Veterinarian,150.7,0,8,142.7
2025-07-01,EMP0231,CL010,Veterinary Technician,168.9,2.4,8,163.3
2025-07-01,EMP0232,CL010,Practice Manager,166.9,6.5,0,173.4
2025-07-01,EMP0233,CL010,Veterinary Technician,175.2,0.6,16,159.8
2025-07-01,EMP0234,CL010,Client Service Representative,185.6,6.4,24,168.0
2025-07-01,EMP0235,CL010,Veterinarian,183.0,2.7,0,185.7
2025-07-01,EMP0236,CL010,Veterinarian,168.2,7.6,0,175.8
2025-07-01,EMP0237,CL010,Veterinary Technician,169.6,0,0,169.6
2025-07-01,EMP0238,CL010,Veterinarian,170.0,5.6,0,175.6
2025-07-01,EMP0239,CL010,Veterinary Assistant,163.5,5.0,8,160.5
2025-07-01,EMP0240,CL010,Veterinary Technician,169.9,0,0,169.9
2025-07-01,EMP0241,CL010,Veterinary Technician,112.5,3.9,0,116.4
2025-07-01,EMP0242,CL010,Practice Manager,128.8,0,16,112.8
2025-07-01,EMP0243,CL010,Veterinary Technician,181.4,8.5,0,189.9
2025-07-01,EMP0244,CL010,Client Service Representative,172.7,1.5,0,174.2
2025-07-01,EMP0245,CL010,Practice Manager,176.6,1.8,8,170.4
2025-07-01,EMP0246,CL011,Veterinary Technician,143.5,8.6,0,152.1
2025-07-01,EMP0247,CL011,Veterinarian,174.5,7.3,0,181.8
2025-07-01,EMP0248,CL011,Client Service Representative,162.8,9.0,0,171.8
2025-07-01,EMP0249,CL011,Practice Manager,93.5,0,0,93.5
2025-07-01,EMP0250,CL011,Veterinarian,173.5,1.2,8,166.7
2025-07-01,EMP0251,CL011,Veterinarian,130.5,7.1,8,129.6
2025-07-01,EMP0252,CL011,Veterinary Technician,182.3,3.4,8,177.7
2025-07-01,EMP0253,CL011,Client Service Representative,133.9,0,8,125.9
2025-07-01,EMP0254,CL011,Veterinarian,190.3,0,0,190.3
2025-07-01,EMP0255,CL011,Veterinarian,170.2,4.2,24,150.4
2025-07-01,EMP0256,CL011,Veterinarian,128.9,2.7,0,131.6
2025-07-01,EMP0257,CL011,Veterinarian,159.1,6.1,8,157.2
2025-07-01,EMP0258,CL011,Veterinary Assistant,101.6,3.4,24,81.0
2025-07-01,EMP0259,CL011,Practice Manager,171.1,0,0,171.1
2025-07-01,EMP0260,CL011,Veterinarian,152.3,6.7,0,159.0
2025-07-01,EMP0261,CL011,Client Service Representative,179.8,1.8,8,173.6
2025-07-01,EMP0262,CL011,Veterinarian,169.1,4.4,0,173.5
2025-07-01,EMP0263,CL011,Veterinarian,177.2,5.9,8,175.1
2025-07-01,EMP0264,CL011,Veterinarian,164.2,14.7,0,178.9
2025-07-01,EMP0265,CL011,Veterinary Assistant,100.8,0,0,100.8
2025-07-01,EMP0266,CL011,Veterinarian,160.6,7.5,0,168.1
2025-07-01,EMP0267,CL012,Client Service Representative,99.2,0,0,99.2
2025-07-01,EMP0268,CL012,Veterinary Technician,180.0,5.9,8,177.9
2025-07-01,EMP0269,CL012,Practice Manager,171.7,3.3,0,175.0
2025-07-01,EMP0270,CL012,Client Service Representative,142.5,0.6,0,143.1
2025-07-01,EMP0271,CL012,Veterinary Technician,178.1,3.7,24,157.8
2025-07-01,EMP0272,CL012,Practice Manager,138.1,9.6,16,131.7
2025-07-01,EMP0273,CL012,Veterinary Technician,169.4,0,24,145.4
2025-07-01,EMP0274,CL012,Veterinarian,139.7,0,16,123.7
2025-07-01,EMP0275,CL012,Veterinary Technician,131.4,0.4,0,131.8
2025-07-01,EMP0276,CL012,Veterinary Technician,92.0,0.1,24,68.1
2025-07-01,EMP0277,CL012,Veterinarian,147.6,8.0,0,155.6
2025-07-01,EMP0278,CL012,Veterinarian,159.9,0,0,159.9
2025-07-01,EMP0279,CL012,Client Service Representative,141.7,5.4,8,139.1
2025-07-01,EMP0280,CL012,Veterinary Technician,175.4,7.4,8,174.8
2025-07-01,EMP0281,CL012,Veterinarian,184.4,0.5,0,184.9
2025-07-01,EMP0282,CL012,Veterinary Assistant,185.2,4.5,8,181.7
2025-07-01,EMP0283,CL012,Veterinarian,160.0,0.3,0,160.3
2025-07-01,EMP0284,CL012,Client Service Representative,188.4,4.2,0,192.6
2025-07-01,EMP0285,CL012,Veterinarian,171.6,4.6,0,176.2
2025-07-01,EMP0286,CL012,Veterinarian,166.7,0,0,166.7
2025-07-01,EMP0287,CL012,Veterinary Assistant,178.9,0.3,24,155.2
2025-07-01,EMP0288,CL012,Veterinary Technician,88.5,9.0,16,81.5
2025-07-01,EMP0289,CL012,Veterinarian,181.5,0.5,0,182.0
2025-07-01,EMP0290,CL012,Client Service Representative,154.7,0,16,138.7
2025-07-01,EMP0291,CL012,Veterinarian,182.1,9.2,0,191.3
2025-07-01,EMP0292,CL012,Veterinary Assistant,135.1,0,16,119.1
2025-07-01,EMP0293,CL012,Veterinarian,181.1,4.7,8,177.8
2025-07-01,EMP0294,CL012,Client Service Representative,156.4,0.7,16,141.1
2025-07-01,EMP0295,CL012,Client Service Representative,171.5,1.6,24,149.1
2025-07-01,EMP0296,CL012,Veterinary Technician,178.2,7.6,24,161.8
2025-07-01,EMP0297,CL012,Veterinary Technician,108.4,7.2,8,107.6
2025-07-01,EMP0298,CL012,Veterinarian,176.4,5.1,0,181.5
2025-07-01,EMP0299,CL012,Veterinary Technician,183.1,7.2,0,190.3
2025-07-01,EMP0300,CL012,Veterinarian,161.7,9.2,24,146.9
2025-08-01,EMP0001,CL001,Veterinary Technician,161.3,10.7,8,164.0
2025-08-01,EMP0002,CL001,Practice Manager,94.3,5.9,16,84.2
2025-08-01,EMP0003,CL001,Practice Manager,148.9,4.7,8,145.6
2025-08-01,EMP0004,CL001,Veterinary Technician,127.6,6.8,16,118.4
2025-08-01,EMP0005,CL001,Veterinary Technician,181.6,8.6,0,190.2
2025-08-01,EMP0006,CL001,Veterinary Technician,185.7,5.5,0,191.2
2025-08-01,EMP0007,CL001,Veterinarian,175.0,3.4,24,154.4
2025-08-01,EMP0008,CL001,Veterinarian,175.3,3.9,24,155.2
2025-08-01,EMP0009,CL001,Veterinary Technician,179.6,9.1,8,180.7
2025-08-01,EMP0010,CL001,Veterinarian,168.7,5.9,0,174.6
2025-08-01,EMP0011,CL001,Veterinary Assistant,173.0,0,0,173.0
2025-08-01,EMP0012,CL001,Veterinary Technician,101.6,2.3,16,87.9
2025-08-01,EMP0013,CL001,Veterinary Technician,150.4,4.3,0,154.7
2025-08-01,EMP0014,CL001,Veterinarian,171.0,3.6,16,158.6
2025-08-01,EMP0015,CL001,Veterinarian,173.1,0,16,157.1
2025-08-01,EMP0016,CL001,Veterinarian,184.6,0.7,8,177.3
2025-08-01,EMP0017,CL001,Veterinary Assistant,134.1,7.4,24,117.5
2025-08-01,EMP0018,CL001,Practice Manager,94.3,0,8,86.3
2025-08-01,EMP0019,CL001,Veterinarian,157.4,5.7,8,155.1
2025-08-01,EMP0020,CL001,Veterinarian,161.1,4.2,0,165.3
2025-08-01,EMP0021,CL001,Veterinarian,168.9,10.3,16,163.2
2025-08-01,EMP0022,CL001,Client Service Representative,168.0,5.6,24,149.6
2025-08-01,EMP0023,CL001,Veterinary Technician,141.8,8.1,0,149.9
2025-08-01,EMP0024,CL001,Veterinary Assistant,181.9,2.3,0,184.2
2025-08-01,EMP0025,CL001,Veterinary Technician,171.8,4.2,24,152.0
2025-08-01,EMP0026,CL001,Veterinarian,167.6,2.3,8,161.9
2025-08-01,EMP0027,CL001,Veterinary Assistant,135.2,0.8,0,136.0
2025-08-01,EMP0028,CL001,Veterinary Technician,184.1,9.6,16,177.7
2025-08-01,EMP0029,CL001,Veterinarian,187.0,11.1,0,198.1
2025-08-01,EMP0030,CL002,Kennel Assistant,172.4,0,0,172.4
2025-08-01,EMP0031,CL002,Veterinarian,127.8,10.9,0,138.7
2025-08-01,EMP0032,CL002,Veterinarian,131.7,2.7,8,126.4
2025-08-01,EMP0033,CL002,Veterinarian,150.6,8.8,0,159.4
2025-08-01,EMP0034,CL002,Veterinarian,136.1,10.9,8,139.0
2025-08-01,EMP0035,CL002,Veterinarian,168.0,7.0,0,175.0
2025-08-01,EMP0036,CL002,Client Service Representative,189.6,0,16,173.6
2025-08-01,EMP0037,CL002,Veterinarian,126.6,0.8,0,127.4
2025-08-01,EMP0038,CL002,Client Service Representative,160.9,3.6,16,148.5
2025-08-01,EMP0039,CL002,Veterinary Assistant,172.9,0,8,164.9
2025-08-01,EMP0040,CL002,Veterinary Technician,95.6,5.1,16,84.7
2025-08-01,EMP0041,CL002,Veterinarian,178.5,4.7,0,183.2
2025-08-01,EMP0042,CL002,Veterinary Technician,168.3,12.5,16,164.8
2025-08-01,EMP0043,CL002,Veterinary Technician,103.5,6.3,8,101.8
2025-08-01,EMP0044,CL002,Veterinary Assistant,131.2,7.2,8,130.4
2025-08-01,EMP0045,CL002,Veterinarian,183.0,0.1,16,167.1
2025-08-01,EMP0046,CL002,Veterinary Technician,143.7,0,0,143.7
2025-08-01,EMP0047,CL002,Veterinary Assistant,167.8,0.5,0,168.3
2025-08-01,EMP0048,CL002,Kennel Assistant,182.2,3.5,0,185.7
2025-08-01,EMP0049,CL002,Client Service Representative,98.8,0,24,74.8
2025-08-01,EMP0050,CL002,Practice Manager,178.4,6.4,24,160.8
2025-08-01,EMP0051,CL003,Practice Manager,175.4,5.6,0,181.0
2025-08-01,EMP0052,CL003,Veterinary Technician,167.6,3.8,8,163.4
2025-08-01,EMP0053,CL003,Kennel Assistant,94.4,7.8,0,102.2
2025-08-01,EMP0054,CL003,Veterinarian,163.8,2.7,24,142.5
2025-08-01,EMP0055,CL003,Veterinary Assistant,139.5,2.5,8,134.0
2025-08-01,EMP0056,CL003,Client Service Representative,167.2,6.2,16,157.4
2025-08-01,EMP0057,CL003,Veterinarian,127.5,0,8,119.5
2025-08-01,EMP0058,CL003,Veterinary Assistant,97.6,0,8,89.6
2025-08-01,EMP0059,CL003,Client Service Representative,169.8,6.7,8,168.5
2025-08-01,EMP0060,CL003,Veterinarian,166.2,0,0,166.2
2025-08-01,EMP0061,CL003,Kennel Assistant,100.7,0,0,100.7
2025-08-01,EMP0062,CL003,Veterinarian,170.4,8.1,0,178.5
2025-08-01,EMP0063,CL003,Veterinary Technician,165.6,11.4,0,177.0
2025-08-01,EMP0064,CL003,Veterinary Technician,169.3,0.7,16,154.0
2025-08-01,EMP0065,CL003,Veterinarian,171.4,2.2,0,173.6
2025-08-01,EMP0066,CL003,Client Service Representative,181.4,6.9,24,164.3
2025-08-01,EMP0067,CL003,Practice Manager,137.6,5.9,8,135.5
2025-08-01,EMP0068,CL003,Veterinarian,166.2,0,0,166.2
2025-08-01,EMP0069,CL003,Veterinary Assistant,175.3,0,8,167.3
2025-08-01,EMP0070,CL003,Veterinarian,180.8,4.2,0,185.0
2025-08-01,EMP0071,CL003,Kennel Assistant,178.7,6.6,0,185.3
2025-08-01,EMP0072,CL003,Veterinarian,153.6,14.2,0,167.8
2025-08-01,EMP0073,CL003,Veterinarian,140.1,3.5,8,135.6
2025-08-01,EMP0074,CL003,Veterinary Technician,172.9,6.4,24,155.3
2025-08-01,EMP0075,CL003,Veterinarian,128.4,4.0,0,132.4
2025-08-01,EMP0076,CL004,Client Service Representative,165.7,3.3,0,169.0
2025-08-01,EMP0077,CL004,Veterinarian,137.8,5.1,8,134.9
2025-08-01,EMP0078,CL004,Veterinarian,167.7,2.5,24,146.2
2025-08-01,EMP0079,CL004,Veterinary Technician,178.9,2.8,0,181.7
2025-08-01,EMP0080,CL004,Veterinarian,176.3,2.6,8,170.9
2025-08-01,EMP0081,CL004,Veterinary Technician,141.1,1.2,0,142.3
2025-08-01,EMP0082,CL004,Veterinarian,175.8,0,8,167.8
2025-08-01,EMP0083,CL004,Veterinary Assistant,173.3,0.7,0,174.0
2025-08-01,EMP0084,CL004,Veterinarian,142.7,9.3,0,152.0
2025-08-01,EMP0085,CL004,Veterinarian,186.6,4.9,16,175.5
2025-08-01,EMP0086,CL004,Veterinary Assistant,174.4,1.7,0,176.1
2025-08-01,EMP0087,CL004,Veterinary Technician,172.6,9.4,16,166.0
2025-08-01,EMP0088,CL004,Veterinarian,121.9,13.1,8,127.0
2025-08-01,EMP0089,CL004,Veterinarian,165.8,7.8,0,173.6
2025-08-01,EMP0090,CL004,Veterinary Technician,171.6,9.4,24,157.0
2025-08-01,EMP0091,CL004,Veterinarian,173.1,4.9,8,170.0
2025-08-01,EMP0092,CL004,Veterinarian,182.3,5.7,8,180.0
2025-08-01,EMP0093,CL004,Veterinary Technician,114.2,2.4,16,100.6
2025-08-01,EMP0094,CL004,Practice Manager,134.5,0.8,0,135.3
2025-08-01,EMP0095,CL004,Veterinary Assistant,186.2,1.0,0,187.2
2025-08-01,EMP0096,CL004,Veterinary Assistant,170.0,0.8,0,170.8
2025-08-01,EMP0097,CL004,Veterinarian,167.3,0,24,143.3
2025-08-01,EMP0098,CL004,Client Service Representative,175.0,3.9,8,170.9
2025-08-01,EMP0099,CL004,Veterinarian,174.7,3.1,24,153.8
2025-08-01,EMP0100,CL004,Veterinary Technician,147.2,0,8,139.2
2025-08-01,EMP0101,CL004,Veterinary Assistant,106.7,2.3,16,93.0
2025-08-01,EMP0102,CL004,Veterinary Technician,142.0,8.7,8,142.7
2025-08-01,EMP0103,CL004,Practice Manager,105.7,3.1,24,84.8
2025-08-01,EMP0104,CL004,Veterinarian,180.8,2.6,8,175.4
2025-08-01,EMP0105,CL004,Veterinary Technician,177.0,3.5,16,164.5
2025-08-01,EMP0106,CL005,Practice Manager,160.5,1.4,0,161.9
2025-08-01,EMP0107,CL005,Veterinarian,177.5,2.2,24,155.7
2025-08-01,EMP0108,CL005,Client Service Representative,99.6,0,8,91.6
2025-08-01,EMP0109,CL005,Veterinarian,194.3,4.6,24,174.9
2025-08-01,EMP0110,CL005,Veterinary Technician,184.7,0,16,168.7
2025-08-01,EMP0111,CL005,Veterinarian,167.8,2.3,0,170.1
2025-08-01,EMP0112,CL005,Veterinary Technician,101.1,4.9,8,98.0
2025-08-01,EMP0113,CL005,Veterinarian,164.3,10.2,0,174.5
2025-08-01,EMP0114,CL005,Veterinary Technician,173.9,5.8,0,179.7
2025-08-01,EMP0115,CL005,Veterinarian,136.3,4.8,24,117.1
2025-08-01,EMP0116,CL005,Veterinary Assistant,183.8,5.2,8,181.0
2025-08-01,EMP0117,CL005,Veterinarian,169.7,3.1,16,156.8
2025-08-01,EMP0118,CL005,Veterinarian,139.6,0.8,8,132.4
2025-08-01,EMP0119,CL005,Veterinarian,174.3,8.8,8,175.1
2025-08-01,EMP0120,CL005,Veterinary Technician,122.2,0.7,16,106.9
2025-08-01,EMP0121,CL005,Veterinary Assistant,134.0,6.9,8,132.9
2025-08-01,EMP0122,CL005,Veterinarian,115.5,5.0,16,104.5
2025-08-01,EMP0123,CL005,Veterinarian,179.8,7.6,8,179.4
2025-08-01,EMP0124,CL005,Veterinarian,181.3,0,0,181.3
2025-08-01,EMP0125,CL005,Veterinary Technician,171.2,7.0,8,170.2
2025-08-01,EMP0126,CL005,Veterinarian,178.6,4.1,8,174.7
2025-08-01,EMP0127,CL005,Veterinary Technician,133.7,8.4,16,126.1
2025-08-01,EMP0128,CL005,Veterinary Technician,111.0,3.5,0,114.5
2025-08-01,EMP0129,CL005,Veterinary Assistant,139.3,0,16,123.3
2025-08-01,EMP0130,CL005,Veterinarian,123.7,4.5,0,128.2
2025-08-01,EMP0131,CL006,Veterinarian,168.9,4.6,0,173.5
2025-08-01,EMP0132,CL006,Veterinarian,177.3,4.8,0,182.1
2025-08-01,EMP0133,CL006,Veterinarian,173.0,9.6,16,166.6
2025-08-01,EMP0134,CL006,Veterinarian,167.3,4.3,16,155.6
2025-08-01,EMP0135,CL006,Veterinarian,146.2,9.4,16,139.6
2025-08-01,EMP0136,CL006,Veterinary Technician,188.6,2.7,16,175.3
2025-08-01,EMP0137,CL006,Client Service Representative,131.4,3.5,0,134.9
2025-08-01,EMP0138,CL006,Kennel Assistant,175.3,0,16,159.3
2025-08-01,EMP0139,CL006,Veterinary Technician,150.2,8.3,0,158.5
2025-08-01,EMP0140,CL006,Veterinarian,169.1,12.1,0,181.2
2025-08-01,EMP0141,CL006,Practice Manager,156.4,0,0,156.4
2025-08-01,EMP0142,CL006,Veterinary Technician,176.7,9.2,16,169.9
2025-08-01,EMP0143,CL006,Veterinary Technician,103.9,7.6,24,87.5
2025-08-01,EMP0144,CL006,Veterinarian,141.3,13.6,0,154.9
2025-08-01,EMP0145,CL006,Veterinary Technician,172.3,6.9,16,163.2
2025-08-01,EMP0146,CL006,Veterinarian,143.7,4.2,0,147.9
2025-08-01,EMP0147,CL006,Veterinary Technician,170.7,6.8,0,177.5
2025-08-01,EMP0148,CL006,Client Service Representative,157.0,2.4,16,143.4
2025-08-01,EMP0149,CL006,Veterinarian,138.8,5.0,8,135.8
2025-08-01,EMP0150,CL006,Veterinarian,179.5,8.0,8,179.5
2025-08-01,EMP0151,CL007,Veterinary Technician,105.8,3.0,24,84.8
2025-08-01,EMP0152,CL007,Veterinary Technician,129.8,3.5,0,133.3
2025-08-01,EMP0153,CL007,Veterinary Technician,141.8,4.2,8,138.0
2025-08-01,EMP0154,CL007,Veterinary Technician,162.4,4.7,24,143.1
2025-08-01,EMP0155,CL007,Veterinary Assistant,175.5,2.6,8,170.1
2025-08-01,EMP0156,CL007,Practice Manager,163.3,0,0,163.3
2025-08-01,EMP0157,CL007,Veterinarian,182.3,0.6,16,166.9
2025-08-01,EMP0158,CL007,Client Service Representative,100.3,5.7,16,90.0
2025-08-01,EMP0159,CL007,Veterinary Technician,171.7,0,0,171.7
2025-08-01,EMP0160,CL007,Veterinarian,138.1,8.9,16,131.0
2025-08-01,EMP0161,CL007,Veterinary Technician,108.7,0.8,24,85.5
2025-08-01,EMP0162,CL007,Veterinarian,173.7,0.3,8,166.0
2025-08-01,EMP0163,CL007,Veterinarian,164.5,4.4,8,160.9
2025-08-01,EMP0164,CL007,Veterinarian,161.1,6.0,0,167.1
2025-08-01,EMP0165,CL007,Veterinarian,169.4,1.7,8,163.1
2025-08-01,EMP0166,CL007,Client Service Representative,166.4,0,0,166.4
2025-08-01,EMP0167,CL007,Veterinary Assistant,99.8,7.5,0,107.3
2025-08-01,EMP0168,CL007,Veterinary Technician,147.7,7.4,0,155.1
2025-08-01,EMP0169,CL007,Practice Manager,174.3,0.3,0,174.6
2025-08-01,EMP0170,CL007,Veterinarian,155.8,8.7,0,164.5
2025-08-01,EMP0171,CL007,Veterinary Technician,91.3,7.6,24,74.9
2025-08-01,EMP0172,CL007,Veterinary Technician,183.2,3.8,8,179.0
2025-08-01,EMP0173,CL007,Veterinary Assistant,178.7,0,8,170.7
2025-08-01,EMP0174,CL007,Veterinarian,186.9,6.3,8,185.2
2025-08-01,EMP0175,CL008,Veterinarian,167.4,5.2,0,172.6
2025-08-01,EMP0176,CL008,Client Service Representative,96.2,0,8,88.2
2025-08-01,EMP0177,CL008,Client Service Representative,165.0,1.8,0,166.8
2025-08-01,EMP0178,CL008,Practice Manager,174.3,4.1,0,178.4
2025-08-01,EMP0179,CL008,Veterinary Assistant,161.5,0.5,24,138.0
2025-08-01,EMP0180,CL008,Kennel Assistant,187.2,3.5,24,166.7
2025-08-01,EMP0181,CL008,Veterinarian,178.7,3.3,0,182.0
2025-08-01,EMP0182,CL008,Veterinarian,154.9,2.2,8,149.1
2025-08-01,EMP0183,CL008,Veterinary Assistant,182.9,6.0,24,164.9
2025-08-01,EMP0184,CL008,Veterinary Assistant,181.6,0.2,8,173.8
2025-08-01,EMP0185,CL008,Kennel Assistant,138.0,0,24,114.0
2025-08-01,EMP0186,CL008,Veterinarian,155.4,3.7,0,159.1
2025-08-01,EMP0187,CL008,Kennel Assistant,193.2,11.2,8,196.4
2025-08-01,EMP0188,CL008,Veterinary Technician,171.4,6.2,0,177.6
2025-08-01,EMP0189,CL008,Veterinary Technician,174.3,3.4,0,177.7
2025-08-01,EMP0190,CL008,Veterinarian,178.0,9.8,0,187.8
2025-08-01,EMP0191,CL008,Veterinarian,187.7,6.8,0,194.5
2025-08-01,EMP0192,CL008,Kennel Assistant,140.7,4.3,24,121.0
2025-08-01,EMP0193,CL008,Veterinarian,141.0,4.3,0,145.3
2025-08-01,EMP0194,CL008,Veterinarian,165.1,4.0,0,169.1
2025-08-01,EMP0195,CL008,Veterinarian,162.1,16.4,24,154.5
2025-08-01,EMP0196,CL008,Client Service Representative,148.0,0,8,140.0
2025-08-01,EMP0197,CL008,Practice Manager,176.1,0,8,168.1
2025-08-01,EMP0198,CL009,Veterinarian,161.4,8.7,0,170.1
2025-08-01,EMP0199,CL009,Veterinary Assistant,166.0,3.6,0,169.6
2025-08-01,EMP0200,CL009,Kennel Assistant,179.7,0,0,179.7
2025-08-01,EMP0201,CL009,Veterinarian,169.8,13.9,16,167.7
2025-08-01,EMP0202,CL009,Veterinary Technician,106.0,8.0,8,106.0
2025-08-01,EMP0203,CL009,Veterinarian,143.6,5.1,8,140.7
2025-08-01,EMP0204,CL009,Veterinary Technician,107.9,2.1,0,110.0
2025-08-01,EMP0205,CL009,Veterinarian,186.9,6.7,8,185.6
2025-08-01,EMP0206,CL009,Veterinarian,165.4,2.4,8,159.8
2025-08-01,EMP0207,CL009,Veterinarian,176.3,0,8,168.3
2025-08-01,EMP0208,CL009,Veterinarian,143.5,9.4,8,144.9
2025-08-01,EMP0209,CL009,Veterinarian,171.7,0,0,171.7
2025-08-01,EMP0210,CL009,Veterinarian,177.1,9.1,0,186.2
2025-08-01,EMP0211,CL009,Practice Manager,177.9,3.7,0,181.6
2025-08-01,EMP0212,CL009,Veterinary Technician,178.2,9.6,16,171.8
2025-08-01,EMP0213,CL009,Veterinary Assistant,177.3,3.0,8,172.3
2025-08-01,EMP0214,CL009,Veterinarian,169.6,11.1,0,180.7
2025-08-01,EMP0215,CL009,Veterinarian,152.4,4.8,24,133.2
2025-08-01,EMP0216,CL009,Client Service Representative,109.9,0,24,85.9
2025-08-01,EMP0217,CL009,Client Service Representative,176.8,8.8,0,185.6
2025-08-01,EMP0218,CL009,Veterinarian,142.6,7.9,0,150.5
2025-08-01,EMP0219,CL009,Practice Manager,103.5,0,0,103.5
2025-08-01,EMP0220,CL009,Veterinary Technician,120.8,2.3,0,123.1
2025-08-01,EMP0221,CL009,Veterinary Technician,173.0,13.0,16,170.0
2025-08-01,EMP0222,CL010,Veterinary Assistant,95.4,2.8,0,98.2
2025-08-01,EMP0223,CL010,Veterinarian,177.6,0.5,24,154.1
2025-08-01,EMP0224,CL010,Veterinary Assistant,109.3,13.4,24,98.7
2025-08-01,EMP0225,CL010,Veterinary Assistant,149.5,0.3,8,141.8
2025-08-01,EMP0226,CL010,Veterinarian,158.2,2.5,0,160.7
2025-08-01,EMP0227,CL010,Veterinarian,173.9,19.7,0,193.6
2025-08-01,EMP0228,CL010,Veterinary Assistant,0,0,0,0
2025-08-01,EMP0229,CL010,Veterinarian,171.6,6.8,0,178.4
2025-08-01,EMP0230,CL010,Veterinarian,141.8,2.8,16,128.6
2025-08-01,EMP0231,CL010,Veterinary Technician,163.9,0.9,0,164.8
2025-08-01,EMP0232,CL010,Practice Manager,179.4,0,8,171.4
2025-08-01,EMP0233,CL010,Veterinary Technician,186.4,6.6,0,193.0
2025-08-01,EMP0234,CL010,Client Service Representative,167.1,0.7,0,167.8
2025-08-01,EMP0235,CL010,Veterinarian,172.9,6.2,0,179.1
2025-08-01,EMP0236,CL010,Veterinarian,167.4,3.4,24,146.8
2025-08-01,EMP0237,CL010,Veterinary Technician,181.5,4.9,0,186.4
2025-08-01,EMP0238,CL010,Veterinarian,167.0,6.7,0,173.7
2025-08-01,EMP0239,CL010,Veterinary Assistant,176.8,0,24,152.8
2025-08-01,EMP0240,CL010,Veterinary Technician,172.1,0,0,172.1
2025-08-01,EMP0241,CL010,Veterinary Technician,112.3,6.2,8,110.5
2025-08-01,EMP0242,CL010,Practice Manager,136.1,0,0,136.1
2025-08-01,EMP0243,CL010,Veterinary Technician,175.9,10.7,16,170.6
2025-08-01,EMP0244,CL010,Client Service Representative,171.2,1.2,8,164.4
2025-08-01,EMP0245,CL010,Practice Manager,154.3,0.1,8,146.4
2025-08-01,EMP0246,CL011,Veterinary Technician,146.9,3.8,8,142.7
2025-08-01,EMP0247,CL011,Veterinarian,165.6,2.1,8,159.7
2025-08-01,EMP0248,CL011,Client Service Representative,185.0,8.7,24,169.7
2025-08-01,EMP0249,CL011,Practice Manager,112.3,4.4,0,116.7
2025-08-01,EMP0250,CL011,Veterinarian,160.6,0,16,144.6
2025-08-01,EMP0251,CL011,Veterinarian,139.6,1.2,0,140.8
2025-08-01,EMP0252,CL011,Veterinary Technician,177.2,3.9,0,181.1
2025-08-01,EMP0253,CL011,Client Service Representative,122.8,4.1,24,102.9
2025-08-01,EMP0254,CL011,Veterinarian,171.8,8.1,0,179.9
2025-08-01,EMP0255,CL011,Veterinarian,168.1,11.2,0,179.3
2025-08-01,EMP0256,CL011,Veterinarian,136.5,3.6,24,116.1
2025-08-01,EMP0257,CL011,Veterinarian,178.5,4.8,24,159.3
2025-08-01,EMP0258,CL011,Veterinary Assistant,109.4,3.3,0,112.7
2025-08-01,EMP0259,CL011,Practice Manager,167.5,0,0,167.5
2025-08-01,EMP0260,CL011,Veterinarian,147.1,6.7,0,153.8
2025-08-01,EMP0261,CL011,Client Service Representative,175.3,0,24,151.3
2025-08-01,EMP0262,CL011,Veterinarian,177.3,2.2,0,179.5
2025-08-01,EMP0263,CL011,Veterinarian,178.5,9.4,8,179.9
2025-08-01,EMP0264,CL011,Veterinarian,170.5,7.6,0,178.1
2025-08-01,EMP0265,CL011,Veterinary Assistant,98.8,0,8,90.8
2025-08-01,EMP0266,CL011,Veterinarian,167.2,6.6,8,165.8
2025-08-01,EMP0267,CL012,Client Service Representative,112.7,1.1,24,89.8
2025-08-01,EMP0268,CL012,Veterinary Technician,162.4,10.2,0,172.6
2025-08-01,EMP0269,CL012,Practice Manager,161.0,0.1,0,161.1
2025-08-01,EMP0270,CL012,Client Service Representative,142.8,8.2,0,151.0
2025-08-01,EMP0271,CL012,Veterinary Technician,173.8,6.8,8,172.6
2025-08-01,EMP0272,CL012,Practice Manager,146.0,1.6,24,123.6
2025-08-01,EMP0273,CL012,Veterinary Technician,170.6,8.3,0,178.9
2025-08-01,EMP0274,CL012,Veterinarian,126.2,2.3,0,128.5
2025-08-01,EMP0275,CL012,Veterinary Technician,139.0,0,8,131.0
2025-08-01,EMP0276,CL012,Veterinary Technician,116.4,1.9,24,94.3
2025-08-01,EMP0277,CL012,Veterinarian,146.0,3.3,24,125.3
2025-08-01,EMP0278,CL012,Veterinarian,174.2,15.3,16,173.5
2025-08-01,EMP0279,CL012,Client Service Representative,149.8,0,16,133.8
2025-08-01,EMP0280,CL012,Veterinary Technician,179.9,1.2,16,165.1
2025-08-01,EMP0281,CL012,Veterinarian,168.6,5.3,8,165.9
2025-08-01,EMP0282,CL012,Veterinary Assistant,168.4,0,0,168.4
2025-08-01,EMP0283,CL012,Veterinarian,174.6,11.0,24,161.6
2025-08-01,EMP0284,CL012,Client Service Representative,180.5,0,0,180.5
2025-08-01,EMP0285,CL012,Veterinarian,184.9,4.6,24,165.5
2025-08-01,EMP0286,CL012,Veterinarian,174.7,0,8,166.7
2025-08-01,EMP0287,CL012,Veterinary Assistant,184.6,5.1,16,173.7
2025-08-01,EMP0288,CL012,Veterinary Technician,110.5,4.5,16,99.0
2025-08-01,EMP0289,CL012,Veterinarian,173.7,0,8,165.7
2025-08-01,EMP0290,CL012,Client Service Representative,183.6,0,0,183.6
2025-08-01,EMP0291,CL012,Veterinarian,180.0,2.5,16,166.5
2025-08-01,EMP0292,CL012,Veterinary Assistant,129.8,1.2,0,131.0
2025-08-01,EMP0293,CL012,Veterinarian,180.2,0.5,8,172.7
2025-08-01,EMP0294,CL012,Client Service Representative,148.1,2.4,8,142.5
2025-08-01,EMP0295,CL012,Client Service Representative,171.5,7.4,0,178.9
2025-08-01,EMP0296,CL012,Veterinary Technician,162.4,3.2,16,149.6
2025-08-01,EMP0297,CL012,Veterinary Technician,112.2,1.4,16,97.6
2025-08-01,EMP0298,CL012,Veterinarian,178.3,3.5,0,181.8
2025-08-01,EMP0299,CL012,Veterinary Technician,167.6,9.6,16,161.2
2025-08-01,EMP0300,CL012,Veterinarian,174.9,3.4,16,162.3
2025-09-01,EMP0001,CL001,Veterinary Technician,184.0,11.2,16,179.2
2025-09-01,EMP0002,CL001,Practice Manager,111.8,0,16,95.8
2025-09-01,EMP0003,CL001,Practice Manager,138.5,0,24,114.5
2025-09-01,EMP0004,CL001,Veterinary Technician,134.1,3.6,0,137.7
2025-09-01,EMP0005,CL001,Veterinary Technician,171.6,4.0,0,175.6
2025-09-01,EMP0006,CL001,Veterinary Technician,171.3,0,16,155.3
2025-09-01,EMP0007,CL001,Veterinarian,173.1,4.3,8,169.4
2025-09-01,EMP0008,CL001,Veterinarian,161.3,6.9,24,144.2
2025-09-01,EMP0009,CL001,Veterinary Technician,166.1,4.2,8,162.3
2025-09-01,EMP0010,CL001,Veterinarian,164.0,7.1,24,147.1
2025-09-01,EMP0011,CL001,Veterinary Assistant,185.8,0,0,185.8
2025-09-01,EMP0012,CL001,Veterinary Technician,110.3,10.3,0,120.6
2025-09-01,EMP0013,CL001,Veterinary Technician,138.7,5.1,0,143.8
2025-09-01,EMP0014,CL001,Veterinarian,179.6,0.1,24,155.7
2025-09-01,EMP0015,CL001,Veterinarian,172.9,9.9,24,158.8
2025-09-01,EMP0016,CL001,Veterinarian,168.3,5.2,0,173.5
2025-09-01,EMP0017,CL001,Veterinary Assistant,135.7,0.9,16,120.6
2025-09-01,EMP0018,CL001,Practice Manager,102.7,0.0,8,94.7
2025-09-01,EMP0019,CL001,Veterinarian,177.6,2.7,8,172.3
2025-09-01,EMP0020,CL001,Veterinarian,175.8,4.4,0,180.2
2025-09-01,EMP0021,CL001,Veterinarian,172.6,5.3,0,177.9
2025-09-01,EMP0022,CL001,Client Service Representative,161.3,0,0,161.3
2025-09-01,EMP0023,CL001,Veterinary Technician,144.7,8.5,8,145.2
2025-09-01,EMP0024,CL001,Veterinary Assistant,170.8,0.7,0,171.5
2025-09-01,EMP0025,CL001,Veterinary Technician,172.8,7.8,0,180.6
2025-09-01,EMP0026,CL001,Veterinarian,179.7,8.1,0,187.8
2025-09-01,EMP0027,CL001,Veterinary Assistant,134.5,1.3,0,135.8
2025-09-01,EMP0028,CL001,Veterinary Technician,176.0,0.8,0,176.8
2025-09-01,EMP0029,CL001,Veterinarian,189.2,0,8,181.2
2025-09-01,EMP0030,CL002,Kennel Assistant,190.0,6.0,8,188.0
2025-09-01,EMP0031,CL002,Veterinarian,143.3,12.2,0,155.5
2025-09-01,EMP0032,CL002,Veterinarian,143.8,6.5,0,150.3
2025-09-01,EMP0033,CL002,Veterinarian,143.5,10.2,0,153.7
2025-09-01,EMP0034,CL002,Veterinarian,131.8,10.5,0,142.3
2025-09-01,EMP0035,CL002,Veterinarian,177.9,2.6,0,180.5
2025-09-01,EMP0036,CL002,Client Service Representative,180.1,5.7,8,177.8
2025-09-01,EMP0037,CL002,Veterinarian,139.3,3.2,0,142.5
2025-09-01,EMP0038,CL002,Client Service Representative,177.0,0,16,161.0
2025-09-01,EMP0039,CL002,Veterinary Assistant,179.4,6.3,0,185.7
2025-09-01,EMP0040,CL002,Veterinary Technician,107.1,6.1,8,105.2
2025-09-01,EMP0041,CL002,Veterinarian,180.3,0,0,180.3
2025-09-01,EMP0042,CL002,Veterinary Technician,166.6,5.3,0,171.9
2025-09-01,EMP0043,CL002,Veterinary Technician,107.5,1.0,8,100.5
2025-09-01,EMP0044,CL002,Veterinary Assistant,148.6,5.3,0,153.9
2025-09-01,EMP0045,CL002,Veterinarian,168.2,0.3,8,160.5
2025-09-01,EMP0046,CL002,Veterinary Technician,144.0,11.8,0,155.8
2025-09-01,EMP0047,CL002,Veterinary Assistant,155.8,4.8,0,160.6
2025-09-01,EMP0048,CL002,Kennel Assistant,180.1,2.6,8,174.7
2025-09-01,EMP0049,CL002,Client Service Representative,101.0,6.1,8,99.1
2025-09-01,EMP0050,CL002,Practice Manager,173.5,6.8,0,180.3
2025-09-01,EMP0051,CL003,Practice Manager,170.8,8.4,0,179.2
2025-09-01,EMP0052,CL003,Veterinary Technician,164.3,10.3,16,158.6
2025-09-01,EMP0053,CL003,Kennel Assistant,95.2,0,0,95.2
2025-09-01,EMP0054,CL003,Veterinarian,158.6,4.2,0,162.8
2025-09-01,EMP0055,CL003,Veterinary Assistant,121.6,0.6,8,114.2
2025-09-01,EMP0056,CL003,Client Service Representative,187.2,4.0,16,175.2
2025-09-01,EMP0057,CL003,Veterinarian,140.6,3.2,0,143.8
2025-09-01,EMP0058,CL003,Veterinary Assistant,114.2,0,0,114.2
2025-09-01,EMP0059,CL003,Client Service Representative,176.3,2.9,0,179.2
2025-09-01,EMP0060,CL003,Veterinarian,185.8,3.7,24,165.5
2025-09-01,EMP0061,CL003,Kennel Assistant,100.4,1.1,8,93.5
2025-09-01,EMP0062,CL003,Veterinarian,174.5,6.9,0,181.4
2025-09-01,EMP0063,CL003,Veterinary Technician,171.6,7.9,8,171.5
2025-09-01,EMP0064,CL003,Veterinary Technician,174.3,2.4,16,160.7
2025-09-01,EMP0065,CL003,Veterinarian,164.4,7.4,0,171.8
2025-09-01,EMP0066,CL003,Client Service Representative,182.1,4.7,24,162.8
2025-09-01,EMP0067,CL003,Practice Manager,167.0,0.1,0,167.1
2025-09-01,EMP0068,CL003,Veterinarian,152.3,8.2,0,160.5
2025-09-01,EMP0069,CL003,Veterinary Assistant,178.6,5.5,16,168.1
2025-09-01,EMP0070,CL003,Veterinarian,183.5,11.9,0,195.4
2025-09-01,EMP0071,CL003,Kennel Assistant,181.0,0,16,165.0
2025-09-01,EMP0072,CL003,Veterinarian,123.1,5.3,16,112.4
2025-09-01,EMP0073,CL003,Veterinarian,145.2,0,8,137.2
2025-09-01,EMP0074,CL003,Veterinary Technician,174.5,6.9,24,157.4
2025-09-01,EMP0075,CL003,Veterinarian,132.3,6.4,24,114.7
2025-09-01,EMP0076,CL004,Client Service Representative,167.1,0,0,167.1
2025-09-01,EMP0077,CL004,Veterinarian,132.6,9.5,24,118.1
2025-09-01,EMP0078,CL004,Veterinarian,173.2,12.4,8,177.6
2025-09-01,EMP0079,CL004,Veterinary Technician,167.7,1.6,16,153.3
2025-09-01,EMP0080,CL004,Veterinarian,166.8,4.8,24,147.6
2025-09-01,EMP0081,CL004,Veterinary Technician,145.1,4.5,8,141.6
2025-09-01,EMP0082,CL004,Veterinarian,169.8,4.9,0,174.7
2025-09-01,EMP0083,CL004,Veterinary Assistant,166.2,5.8,8,164.0
2025-09-01,EMP0084,CL004,Veterinarian,129.5,12.3,0,141.8
2025-09-01,EMP0085,CL004,Veterinarian,164.2,1.9,0,166.1
2025-09-01,EMP0086,CL004,Veterinary Assistant,175.2,1.7,24,152.9
2025-09-01,EMP0087,CL004,Veterinary Technician,176.7,0,8,168.7
2025-09-01,EMP0088,CL004,Veterinarian,150.6,8.5,8,151.1
2025-09-01,EMP0089,CL004,Veterinarian,197.9,9.3,0,207.2
2025-09-01,EMP0090,CL004,Veterinary Technician,164.3,8.7,0,173.0
2025-09-01,EMP0091,CL004,Veterinarian,161.7,7.5,0,169.2
2025-09-01,EMP0092,CL004,Veterinarian,181.8,9.6,0,191.4
2025-09-01,EMP0093,CL004,Veterinary Technician,99.3,4.5,0,103.8
2025-09-01,EMP0094,CL004,Practice Manager,124.5,3.5,0,128.0
2025-09-01,EMP0095,CL004,Veterinary Assistant,165.2,0,8,157.2
2025-09-01,EMP0096,CL004,Veterinary Assistant,168.2,5.6,16,157.8
2025-09-01,EMP0097,CL004,Veterinarian,182.6,3.5,0,186.1
2025-09-01,EMP0098,CL004,Client Service Representative,182.2,0,0,182.2
2025-09-01,EMP0099,CL004,Veterinarian,171.7,1.7,8,165.4
2025-09-01,EMP0100,CL004,Veterinary Technician,125.9,6.0,0,131.9
2025-09-01,EMP0101,CL004,Veterinary Assistant,101.6,2.0,24,79.6
2025-09-01,EMP0102,CL004,Veterinary Technician,141.9,0,8,133.9
2025-09-01,EMP0103,CL004,Practice Manager,96.1,1.3,0,97.4
2025-09-01,EMP0104,CL004,Veterinarian,185.9,9.2,8,187.1
2025-09-01,EMP0105,CL004,Veterinary Technician,187.9,0,0,187.9
2025-09-01,EMP0106,CL005,Practice Manager,187.4,3.1,8,182.5
2025-09-01,EMP0107,CL005,Veterinarian,177.8,10.0,24,163.8
2025-09-01,EMP0108,CL005,Client Service Representative,108.4,0.7,8,101.1
2025-09-01,EMP0109,CL005,Veterinarian,170.9,11.4,0,182.3
2025-09-01,EMP0110,CL005,Veterinary Technician,163.2,2.8,24,142.0
2025-09-01,EMP0111,CL005,Veterinarian,180.1,9.9,0,190.0
2025-09-01,EMP0112,CL005,Veterinary Technician,117.0,3.1,0,120.1
2025-09-01,EMP0113,CL005,Veterinarian,179.5,3.3,8,174.8
2025-09-01,EMP0114,CL005,Veterinary Technician,168.5,4.6,24,149.1
2025-09-01,EMP0115,CL005,Veterinarian,124.7,1.2,0,125.9
2025-09-01,EMP0116,CL005,Veterinary Assistant,164.1,0,24,140.1
2025-09-01,EMP0117,CL005,Veterinarian,181.9,1.2,8,175.1
2025-09-01,EMP0118,CL005,Veterinarian,136.1,8.9,16,129.0
2025-09-01,EMP0119,CL005,Veterinarian,181.2,4.2,0,185.4
2025-09-01,EMP0120,CL005,Veterinary Technician,137.0,4.8,16,125.8
2025-09-01,EMP0121,CL005,Veterinary Assistant,131.6,1.3,24,108.9
2025-09-01,EMP0122,CL005,Veterinarian,138.8,4.4,0,143.2
2025-09-01,EMP0123,CL005,Veterinarian,186.2,5.0,8,183.2
2025-09-01,EMP0124,CL005,Veterinarian,170.7,6.6,8,169.3
2025-09-01,EMP0125,CL005,Veterinary Technician,169.8,8.1,24,153.9
2025-09-01,EMP0126,CL005,Veterinarian,157.0,11.3,24,144.3
2025-09-01,EMP0127,CL005,Veterinary Technician,139.1,10.5,24,125.6
2025-09-01,EMP0128,CL005,Veterinary Technician,96.5,2.2,0,98.7
2025-09-01,EMP0129,CL005,Veterinary Assistant,128.2,0,16,112.2
2025-09-01,EMP0130,CL005,Veterinarian,145.9,8.9,8,146.8
2025-09-01,EMP0131,CL006,Veterinarian,176.5,0,0,176.5
2025-09-01,EMP0132,CL006,Veterinarian,171.1,5.8,0,176.9
2025-09-01,EMP0133,CL006,Veterinarian,164.6,5.4,0,170.0
2025-09-01,EMP0134,CL006,Veterinarian,181.1,9.4,0,190.5
2025-09-01,EMP0135,CL006,Veterinarian,135.7,9.5,8,137.2
2025-09-01,EMP0136,CL006,Veterinary Technician,174.7,3.4,0,178.1
2025-09-01,EMP0137,CL006,Client Service Representative,143.7,4.2,0,147.9
2025-09-01,EMP0138,CL006,Kennel Assistant,184.7,0,0,184.7
2025-09-01,EMP0139,CL006,Veterinary Technician,131.5,5.1,0,136.6
2025-09-01,EMP0140,CL006,Veterinarian,172.7,0,16,156.7
2025-09-01,EMP0141,CL006,Practice Manager,127.6,0,16,111.6
2025-09-01,EMP0142,CL006,Veterinary Technician,173.7,6.1,16,163.8
2025-09-01,EMP0143,CL006,Veterinary Technician,90.4,6.9,0,97.3
2025-09-01,EMP0144,CL006,Veterinarian,135.4,6.6,0,142.0
2025-09-01,EMP0145,CL006,Veterinary Technician,168.8,11.9,0,180.7
2025-09-01,EMP0146,CL006,Veterinarian,150.8,3.4,16,138.2
2025-09-01,EMP0147,CL006,Veterinary Technician,180.7,7.9,8,180.6
2025-09-01,EMP0148,CL006,Client Service Representative,170.6,0,0,170.6
2025-09-01,EMP0149,CL006,Veterinarian,131.1,3.1,8,126.2
2025-09-01,EMP0150,CL006,Veterinarian,174.4,3.5,0,177.9
2025-09-01,EMP0151,CL007,Veterinary Technician,98.6,7.7,0,106.3
2025-09-01,EMP0152,CL007,Veterinary Technician,143.4,2.0,0,145.4
2025-09-01,EMP0153,CL007,Veterinary Technician,127.2,8.3,16,119.5
2025-09-01,EMP0154,CL007,Veterinary Technician,177.3,12.2,8,181.5
2025-09-01,EMP0155,CL007,Veterinary Assistant,183.0,1.8,16,168.8
2025-09-01,EMP0156,CL007,Practice Manager,181.5,0,8,173.5
2025-09-01,EMP0157,CL007,Veterinarian,168.3,8.1,16,160.4
2025-09-01,EMP0158,CL007,Client Service Representative,98.3,1.2,0,99.5
2025-09-01,EMP0159,CL007,Veterinary Technician,182.5,0,8,174.5
2025-09-01,EMP0160,CL007,Veterinarian,137.2,6.1,0,143.3
2025-09-01,EMP0161,CL007,Veterinary Technician,97.7,6.6,24,80.3
2025-09-01,EMP0162,CL007,Veterinarian,156.9,2.0,8,150.9
2025-09-01,EMP0163,CL007,Veterinarian,173.1,0,0,173.1
2025-09-01,EMP0164,CL007,Veterinarian,169.8,3.4,0,173.2
2025-09-01,EMP0165,CL007,Veterinarian,176.9,3.4,0,180.3
2025-09-01,EMP0166,CL007,Client Service Representative,185.5,4.6,0,190.1
2025-09-01,EMP0167,CL007,Veterinary Assistant,106.8,7.0,8,105.8
2025-09-01,EMP0168,CL007,Veterinary Technician,118.5,2.4,0,120.9
2025-09-01,EMP0169,CL007,Practice Manager,168.2,2.4,0,170.6
2025-09-01,EMP0170,CL007,Veterinarian,174.2,0.0,0,174.2
2025-09-01,EMP0171,CL007,Veterinary Technician,98.9,5.4,16,88.3
2025-09-01,EMP0172,CL007,Veterinary Technician,176.5,7.3,0,183.8
2025-09-01,EMP0173,CL007,Veterinary Assistant,167.1,6.1,0,173.2
2025-09-01,EMP0174,CL007,Veterinarian,172.3,0,0,172.3
2025-09-01,EMP0175,CL008,Veterinarian,185.4,6.8,0,192.2
2025-09-01,EMP0176,CL008,Client Service Representative,101.1,0,0,101.1
2025-09-01,EMP0177,CL008,Client Service Representative,176.9,0,8,168.9
2025-09-01,EMP0178,CL008,Practice Manager,158.0,0,8,150.0
2025-09-01,EMP0179,CL008,Veterinary Assistant,178.2,0.0,24,154.2
2025-09-01,EMP0180,CL008,Kennel Assistant,169.4,6.7,8,168.1
2025-09-01,EMP0181,CL008,Veterinarian,165.2,6.6,0,171.8
2025-09-01,EMP0182,CL008,Veterinarian,172.0,10.7,8,174.7
2025-09-01,EMP0183,CL008,Veterinary Assistant,173.1,0,16,157.1
2025-09-01,EMP0184,CL008,Veterinary Assistant,174.8,0,0,174.8
2025-09-01,EMP0185,CL008,Kennel Assistant,133.2,2.3,8,127.5
2025-09-01,EMP0186,CL008,Veterinarian,185.3,7.8,8,185.1
2025-09-01,EMP0187,CL008,Kennel Assistant,168.5,4.1,0,172.6
2025-09-01,EMP0188,CL008,Veterinary Technician,158.3,2.8,0,161.1
2025-09-01,EMP0189,CL008,Veterinary Technician,168.0,12.6,24,156.6
2025-09-01,EMP0190,CL008,Veterinarian,189.6,14.2,0,203.8
2025-09-01,EMP0191,CL008,Veterinarian,160.2,16.5,16,160.7
2025-09-01,EMP0192,CL008,Kennel Assistant,133.9,0.5,0,134.4
2025-09-01,EMP0193,CL008,Veterinarian,144.1,3.3,8,139.4
2025-09-01,EMP0194,CL008,Veterinarian,174.7,3.4,0,178.1
2025-09-01,EMP0195,CL008,Veterinarian,182.5,5.8,16,172.3
2025-09-01,EMP0196,CL008,Client Service Representative,144.5,3.0,16,131.5
2025-09-01,EMP0197,CL008,Practice Manager,186.5,2.2,0,188.7
2025-09-01,EMP0198,CL009,Veterinarian,176.6,7.9,0,184.5
2025-09-01,EMP0199,CL009,Veterinary Assistant,182.0,0,16,166.0
2025-09-01,EMP0200,CL009,Kennel Assistant,177.1,4.5,8,173.6
2025-09-01,EMP0201,CL009,Veterinarian,180.1,0,8,172.1
2025-09-01,EMP0202,CL009,Veterinary Technician,103.5,2.9,24,82.4
2025-09-01,EMP0203,CL009,Veterinarian,131.0,3.0,16,118.0
2025-09-01,EMP0204,CL009,Veterinary Technician,103.3,5.1,0,108.4
2025-09-01,EMP0205,CL009,Veterinarian,178.5,6.4,0,184.9
2025-09-01,EMP0206,CL009,Veterinarian,172.6,5.0,0,177.6
2025-09-01,EMP0207,CL009,Veterinarian,159.6,0,0,159.6
2025-09-01,EMP0208,CL009,Veterinarian,142.9,3.3,0,146.2
2025-09-01,EMP0209,CL009,Veterinarian,179.8,3.9,0,183.7
2025-09-01,EMP0210,CL009,Veterinarian,178.5,1.3,8,171.8
2025-09-01,EMP0211,CL009,Practice Manager,174.4,4.6,16,163.0
2025-09-01,EMP0212,CL009,Veterinary Technician,170.2,0.5,0,170.7
2025-09-01,EMP0213,CL009,Veterinary Assistant,185.0,0.1,0,185.1
2025-09-01,EMP0214,CL009,Veterinarian,162.1,0,0,162.1
2025-09-01,EMP0215,CL009,Veterinarian,141.0,3.4,16,128.4
2025-09-01,EMP0216,CL009,Client Service Representative,87.0,0,24,63.0
2025-09-01,EMP0217,CL009,Client Service Representative,191.6,1.9,0,193.5
2025-09-01,EMP0218,CL009,Veterinarian,144.7,8.8,0,153.5
2025-09-01,EMP0219,CL009,Practice Manager,112.0,3.0,0,115.0
2025-09-01,EMP0220,CL009,Veterinary Technician,100.7,4.2,16,88.9
2025-09-01,EMP0221,CL009,Veterinary Technician,166.4,6.2,16,156.6
2025-09-01,EMP0222,CL010,Veterinary Assistant,101.3,0,8,93.3
2025-09-01,EMP0223,CL010,Veterinarian,177.6,3.8,8,173.4
2025-09-01,EMP0224,CL010,Veterinary Assistant,87.2,1.9,24,65.1
2025-09-01,EMP0225,CL010,Veterinary Assistant,145.9,7.3,24,129.2
2025-09-01,EMP0226,CL010,Veterinarian,192.3,4.4,0,196.7
2025-09-01,EMP0227,CL010,Veterinarian,177.4,7.5,0,184.9
2025-09-01,EMP0228,CL010,Veterinary Assistant,0,0,0,0
2025-09-01,EMP0229,CL010,Veterinarian,167.6,16.3,24,159.9
2025-09-01,EMP0230,CL010,Veterinarian,129.8,1.0,16,114.8
2025-09-01,EMP0231,CL010,Veterinary Technician,178.3,0.6,0,178.9
2025-09-01,EMP0232,CL010,Practice Manager,168.8,2.1,16,154.9
2025-09-01,EMP0233,CL010,Veterinary Technician,161.2,8.2,0,169.4
2025-09-01,EMP0234,CL010,Client Service Representative,161.9,5.7,8,159.6
2025-09-01,EMP0235,CL010,Veterinarian,164.6,8.0,24,148.6
2025-09-01,EMP0236,CL010,Veterinarian,171.4,3.7,0,175.1
2025-09-01,EMP0237,CL010,Veterinary Technician,170.1,3.4,0,173.5
2025-09-01,EMP0238,CL010,Veterinarian,170.3,0,24,146.3
2025-09-01,EMP0239,CL010,Veterinary Assistant,174.2,3.7,0,177.9
2025-09-01,EMP0240,CL010,Veterinary Technician,164.2,4.1,8,160.3
2025-09-01,EMP0241,CL010,Veterinary Technician,106.5,8.4,24,90.9
2025-09-01,EMP0242,CL010,Practice Manager,121.3,0.4,0,121.7
2025-09-01,EMP0243,CL010,Veterinary Technician,172.1,5.4,8,169.5
2025-09-01,EMP0244,CL010,Client Service Representative,181.1,2.9,0,184.0
2025-09-01,EMP0245,CL010,Practice Manager,189.2,0.2,24,165.4
2025-09-01,EMP0246,CL011,Veterinary Technician,167.6,1.6,0,169.2
2025-09-01,EMP0247,CL011,Veterinarian,169.7,12.6,8,174.3
2025-09-01,EMP0248,CL011,Client Service Representative,159.5,0,0,159.5
2025-09-01,EMP0249,CL011,Practice Manager,98.3,2.3,8,92.6
2025-09-01,EMP0250,CL011,Veterinarian,176.8,10.0,0,186.8
2025-09-01,EMP0251,CL011,Veterinarian,144.9,0,0,144.9
2025-09-01,EMP0252,CL011,Veterinary Technician,170.9,3.1,0,174.0
2025-09-01,EMP0253,CL011,Client Service Representative,144.2,6.8,8,143.0
2025-09-01,EMP0254,CL011,Veterinarian,184.6,1.6,0,186.2
2025-09-01,EMP0255,CL011,Veterinarian,171.5,7.4,8,170.9
2025-09-01,EMP0256,CL011,Veterinarian,140.6,1.1,0,141.7
2025-09-01,EMP0257,CL011,Veterinarian,178.2,3.3,8,173.5
2025-09-01,EMP0258,CL011,Veterinary Assistant,93.6,3.9,0,97.5
2025-09-01,EMP0259,CL011,Practice Manager,179.5,2.3,8,173.8
2025-09-01,EMP0260,CL011,Veterinarian,133.9,11.0,0,144.9
2025-09-01,EMP0261,CL011,Client Service Representative,173.7,0,24,149.7
2025-09-01,EMP0262,CL011,Veterinarian,180.9,1.6,0,182.5
2025-09-01,EMP0263,CL011,Veterinarian,176.6,0.9,0,177.5
2025-09-01,EMP0264,CL011,Veterinarian,176.0,2.5,24,154.5
2025-09-01,EMP0265,CL011,Veterinary Assistant,108.4,0,16,92.4
2025-09-01,EMP0266,CL011,Veterinarian,163.2,0,8,155.2
2025-09-01,EMP0267,CL012,Client Service Representative,105.7,1.0,0,106.7
2025-09-01,EMP0268,CL012,Veterinary Technician,174.8,7.5,0,182.3
2025-09-01,EMP0269,CL012,Practice Manager,181.4,7.3,0,188.7
2025-09-01,EMP0270,CL012,Client Service Representative,141.5,3.1,0,144.6
2025-09-01,EMP0271,CL012,Veterinary Technician,176.9,8.5,8,177.4
2025-09-01,EMP0272,CL012,Practice Manager,137.3,0.5,16,121.8
2025-09-01,EMP0273,CL012,Veterinary Technician,183.7,2.2,0,185.9
2025-09-01,EMP0274,CL012,Veterinarian,125.1,0,0,125.1
2025-09-01,EMP0275,CL012,Veterinary Technician,137.2,5.8,8,135.0
2025-09-01,EMP0276,CL012,Veterinary Technician,113.1,1.1,8,106.2
2025-09-01,EMP0277,CL012,Veterinarian,135.9,0,0,135.9
2025-09-01,EMP0278,CL012,Veterinarian,181.0,0,8,173.0
2025-09-01,EMP0279,CL012,Client Service Representative,149.3,0,0,149.3
2025-09-01,EMP0280,CL012,Veterinary Technician,177.5,0,0,177.5
2025-09-01,EMP0281,CL012,Veterinarian,160.0,4.0,8,156.0
2025-09-01,EMP0282,CL012,Veterinary Assistant,166.3,0.6,16,150.9
2025-09-01,EMP0283,CL012,Veterinarian,167.1,6.4,8,165.5
2025-09-01,EMP0284,CL012,Client Service Representative,172.0,3.7,8,167.7
2025-09-01,EMP0285,CL012,Veterinarian,170.2,7.5,16,161.7
2025-09-01,EMP0286,CL012,Veterinarian,163.9,3.0,8,158.9
2025-09-01,EMP0287,CL012,Veterinary Assistant,183.2,4.0,16,171.2
2025-09-01,EMP0288,CL012,Veterinary Technician,97.7,8.5,0,106.2
2025-09-01,EMP0289,CL012,Veterinarian,175.7,0.6,8,168.3
2025-09-01,EMP0290,CL012,Client Service Representative,191.3,3.1,0,194.4
2025-09-01,EMP0291,CL012,Veterinarian,178.3,4.9,8,175.2
2025-09-01,EMP0292,CL012,Veterinary Assistant,136.2,0,24,112.2
2025-09-01,EMP0293,CL012,Veterinarian,167.2,3.4,24,146.6
2025-09-01,EMP0294,CL012,Client Service Representative,136.3,0,8,128.3
2025-09-01,EMP0295,CL012,Client Service Representative,197.7,1.0,8,190.7
2025-09-01,EMP0296,CL012,Veterinary Technician,164.2,0,8,156.2
2025-09-01,EMP0297,CL012,Veterinary Technician,106.2,4.6,0,110.8
2025-09-01,EMP0298,CL012,Veterinarian,176.4,8.2,8,176.6
2025-09-01,EMP0299,CL012,Veterinary Technician,162.6,4.1,8,158.7
2025-09-01,EMP0300,CL012,Veterinarian,176.4,0,8,168.4
2025-10-01,EMP0001,CL001,Veterinary Technician,177.7,3.8,0,181.5
2025-10-01,EMP0002,CL001,Practice Manager,97.6,0,8,89.6
2025-10-01,EMP0003,CL001,Practice Manager,143.0,0,8,135.0
2025-10-01,EMP0004,CL001,Veterinary Technician,141.9,2.4,16,128.3
2025-10-01,EMP0005,CL001,Veterinary Technician,156.9,17.5,8,166.4
2025-10-01,EMP0006,CL001,Veterinary Technician,153.1,7.4,24,136.5
2025-10-01,EMP0007,CL001,Veterinarian,179.3,0,0,179.3
2025-10-01,EMP0008,CL001,Veterinarian,166.1,15.0,8,173.1
2025-10-01,EMP0009,CL001,Veterinary Technician,183.1,4.7,0,187.8
2025-10-01,EMP0010,CL001,Veterinarian,166.2,6.7,0,172.9
2025-10-01,EMP0011,CL001,Veterinary Assistant,164.3,0,0,164.3
2025-10-01,EMP0012,CL001,Veterinary Technician,103.3,0.8,24,80.1
2025-10-01,EMP0013,CL001,Veterinary Technician,136.7,8.0,0,144.7
2025-10-01,EMP0014,CL001,Veterinarian,169.3,0.9,0,170.2
2025-10-01,EMP0015,CL001,Veterinarian,169.9,2.2,0,172.1
2025-10-01,EMP0016,CL001,Veterinarian,172.0,4.6,0,176.6
2025-10-01,EMP0017,CL001,Veterinary Assistant,142.2,0,0,142.2
2025-10-01,EMP0018,CL001,Practice Manager,112.3,2.5,8,106.8
2025-10-01,EMP0019,CL001,Veterinarian,164.8,3.1,24,143.9
2025-10-01,EMP0020,CL001,Veterinarian,166.0,0,0,166.0
2025-10-01,EMP0021,CL001,Veterinarian,176.5,0.6,0,177.1
2025-10-01,EMP0022,CL001,Client Service Representative,191.0,2.5,8,185.5
2025-10-01,EMP0023,CL001,Veterinary Technician,147.4,7.1,16,138.5
2025-10-01,EMP0024,CL001,Veterinary Assistant,169.3,1.4,0,170.7
2025-10-01,EMP0025,CL001,Veterinary Technician,183.7,7.6,8,183.3
2025-10-01,EMP0026,CL001,Veterinarian,164.3,9.8,16,158.1
2025-10-01,EMP0027,CL001,Veterinary Assistant,130.8,3.5,0,134.3
2025-10-01,EMP0028,CL001,Veterinary Technician,172.9,7.7,0,180.6
2025-10-01,EMP0029,CL001,Veterinarian,173.7,6.1,0,179.8
2025-10-01,EMP0030,CL002,Kennel Assistant,174.1,5.7,0,179.8
2025-10-01,EMP0031,CL002,Veterinarian,119.1,7.7,8,118.8
2025-10-01,EMP0032,CL002,Veterinarian,129.5,7.6,0,137.1
2025-10-01,EMP0033,CL002,Veterinarian,143.9,2.0,0,145.9
2025-10-01,EMP0034,CL002,Veterinarian,140.5,3.8,8,136.3
2025-10-01,EMP0035,CL002,Veterinarian,180.7,4.9,0,185.6
2025-10-01,EMP0036,CL002,Client Service Representative,166.0,0,0,166.0
2025-10-01,EMP0037,CL002,Veterinarian,147.1,3.8,0,150.9
2025-10-01,EMP0038,CL002,Client Service Representative,177.7,0,24,153.7
2025-10-01,EMP0039,CL002,Veterinary Assistant,173.2,3.7,8,168.9
2025-10-01,EMP0040,CL002,Veterinary Technician,105.9,4.2,8,102.1
2025-10-01,EMP0041,CL002,Veterinarian,176.9,6.0,24,158.9
2025-10-01,EMP0042,CL002,Veterinary Technician,183.8,1.7,0,185.5
2025-10-01,EMP0043,CL002,Veterinary Technician,102.0,0,0,102.0
2025-10-01,EMP0044,CL002,Veterinary Assistant,141.2,0.6,0,141.8
2025-10-01,EMP0045,CL002,Veterinarian,157.4,7.4,0,164.8
2025-10-01,EMP0046,CL002,Veterinary Technician,135.4,4.9,0,140.3
2025-10-01,EMP0047,CL002,Veterinary Assistant,179.0,7.7,16,170.7
2025-10-01,EMP0048,CL002,Kennel Assistant,175.9,1.8,24,153.7
2025-10-01,EMP0049,CL002,Client Service Representative,94.0,1.9,0,95.9
2025-10-01,EMP0050,CL002,Practice Manager,175.8,5.8,0,181.6
2025-10-01,EMP0051,CL003,Practice Manager,180.4,0,8,172.4
2025-10-01,EMP0052,CL003,Veterinary Technician,183.9,0.4,16,168.3
2025-10-01,EMP0053,CL003,Kennel Assistant,96.7,6.7,8,95.4
2025-10-01,EMP0054,CL003,Veterinarian,160.9,12.3,24,149.2
2025-10-01,EMP0055,CL003,Veterinary Assistant,148.2,3.3,8,143.5
2025-10-01,EMP0056,CL003,Client Service Representative,168.8,2.2,0,171.0
2025-10-01,EMP0057,CL003,Veterinarian,146.5,2.5,0,149.0
2025-10-01,EMP0058,CL003,Veterinary Assistant,91.5,1.4,0,92.9
2025-10-01,EMP0059,CL003,Client Service Representative,171.6,0,24,147.6
2025-10-01,EMP0060,CL003,Veterinarian,172.4,5.8,0,178.2
2025-10-01,EMP0061,CL003,Kennel Assistant,106.3,4.0,24,86.3
2025-10-01,EMP0062,CL003,Veterinarian,172.7,2.7,8,167.4
2025-10-01,EMP0063,CL003,Veterinary Technician,166.9,13.6,8,172.5
2025-10-01,EMP0064,CL003,Veterinary Technician,172.5,0,24,148.5
2025-10-01,EMP0065,CL003,Veterinarian,173.0,11.0,0,184.0
2025-10-01,EMP0066,CL003,Client Service Representative,181.8,5.5,16,171.3
2025-10-01,EMP0067,CL003,Practice Manager,141.6,6.8,8,140.4
2025-10-01,EMP0068,CL003,Veterinarian,182.2,1.4,16,167.6
2025-10-01,EMP0069,CL003,Veterinary Assistant,160.7,7.3,8,160.0
2025-10-01,EMP0070,CL003,Veterinarian,167.1,4.2,24,147.3
2025-10-01,EMP0071,CL003,Kennel Assistant,170.0,0,8,162.0
2025-10-01,EMP0072,CL003,Veterinarian,142.4,7.5,8,141.9
2025-10-01,EMP0073,CL003,Veterinarian,125.7,4.8,24,106.5
2025-10-01,EMP0074,CL003,Veterinary Technician,169.7,6.5,8,168.2
2025-10-01,EMP0075,CL003,Veterinarian,141.9,4.8,8,138.7
2025-10-01,EMP0076,CL004,Client Service Representative,174.2,0.4,8,166.6
2025-10-01,EMP0077,CL004,Veterinarian,132.5,2.0,0,134.5
2025-10-01,EMP0078,CL004,Veterinarian,167.9,8.7,24,152.6
2025-10-01,EMP0079,CL004,Veterinary Technician,182.9,0,0,182.9
2025-10-01,EMP0080,CL004,Veterinarian,167.6,5.8,8,165.4
2025-10-01,EMP0081,CL004,Veterinary Technician,131.1,3.2,24,110.3
2025-10-01,EMP0082,CL004,Veterinarian,171.4,0,24,147.4
2025-10-01,EMP0083,CL004,Veterinary Assistant,174.3,0,0,174.3
2025-10-01,EMP0084,CL004,Veterinarian,137.9,5.4,8,135.3
2025-10-01,EMP0085,CL004,Veterinarian,189.1,15.1,16,188.2
2025-10-01,EMP0086,CL004,Veterinary Assistant,192.9,4.7,0,197.6
2025-10-01,EMP0087,CL004,Veterinary Technician,171.1,6.1,24,153.2
2025-10-01,EMP0088,CL004,Veterinarian,137.2,2.0,24,115.2
2025-10-01,EMP0089,CL004,Veterinarian,177.1,0,0,177.1
2025-10-01,EMP0090,CL004,Veterinary Technician,186.4,9.9,0,196.3
2025-10-01,EMP0091,CL004,Veterinarian,176.3,7.7,8,176.0
2025-10-01,EMP0092,CL004,Veterinarian,182.8,7.0,8,181.8
2025-10-01,EMP0093,CL004,Veterinary Technician,125.0,14.1,0,139.1
2025-10-01,EMP0094,CL004,Practice Manager,135.4,2.7,0,138.1
2025-10-01,EMP0095,CL004,Veterinary Assistant,176.6,1.6,0,178.2
2025-10-01,EMP0096,CL004,Veterinary Assistant,182.4,3.9,0,186.3
2025-10-01,EMP0097,CL004,Veterinarian,176.8,0,0,176.8
2025-10-01,EMP0098,CL004,Client Service Representative,165.6,7.7,8,165.3
2025-10-01,EMP0099,CL004,Veterinarian,184.7,1.2,0,185.9
2025-10-01,EMP0100,CL004,Veterinary Technician,138.7,6.0,8,136.7
2025-10-01,EMP0101,CL004,Veterinary Assistant,98.7,3.0,8,93.7
2025-10-01,EMP0102,CL004,Veterinary Technician,150.1,2.2,8,144.3
2025-10-01,EMP0103,CL004,Practice Manager,109.7,8.8,16,102.5
2025-10-01,EMP0104,CL004,Veterinarian,166.3,7.7,0,174.0
2025-10-01,EMP0105,CL004,Veterinary Technician,166.4,4.1,0,170.5
2025-10-01,EMP0106,CL005,Practice Manager,169.0,0,24,145.0
2025-10-01,EMP0107,CL005,Veterinarian,167.5,10.5,0,178.0
2025-10-01,EMP0108,CL005,Client Service Representative,103.8,1.2,8,97.0
2025-10-01,EMP0109,CL005,Veterinarian,155.5,5.5,16,145.0
2025-10-01,EMP0110,CL005,Veterinary Technician,167.6,6.7,16,158.3
2025-10-01,EMP0111,CL005,Veterinarian,181.8,0,8,173.8
2025-10-01,EMP0112,CL005,Veterinary Technician,100.2,1.7,0,101.9
2025-10-01,EMP0113,CL005,Veterinarian,170.7,7.7,16,162.4
2025-10-01,EMP0114,CL005,Veterinary Technician,173.3,7.2,8,172.5
2025-10-01,EMP0115,CL005,Veterinarian,131.8,0.7,24,108.5
2025-10-01,EMP0116,CL005,Veterinary Assistant,168.5,1.9,24,146.4
2025-10-01,EMP0117,CL005,Veterinarian,177.7,4.4,24,158.1
2025-10-01,EMP0118,CL005,Veterinarian,142.3,4.1,24,122.4
2025-10-01,EMP0119,CL005,Veterinarian,174.4,12.6,24,163.0
2025-10-01,EMP0120,CL005,Veterinary Technician,142.8,10.7,8,145.5
2025-10-01,EMP0121,CL005,Veterinary Assistant,126.4,6.5,24,108.9
2025-10-01,EMP0122,CL005,Veterinarian,148.0,7.3,16,139.3
2025-10-01,EMP0123,CL005,Veterinarian,155.7,5.6,0,161.3
2025-10-01,EMP0124,CL005,Veterinarian,169.7,0.5,8,162.2
2025-10-01,EMP0125,CL005,Veterinary Technician,167.4,0,8,159.4
2025-10-01,EMP0126,CL005,Veterinarian,166.4,4.2,0,170.6
2025-10-01,EMP0127,CL005,Veterinary Technician,132.7,5.0,8,129.7
2025-10-01,EMP0128,CL005,Veterinary Technician,110.6,1.8,0,112.4
2025-10-01,EMP0129,CL005,Veterinary Assistant,141.8,0,8,133.8
2025-10-01,EMP0130,CL005,Veterinarian,150.8,3.3,24,130.1
2025-10-01,EMP0131,CL006,Veterinarian,173.6,7.6,0,181.2
2025-10-01,EMP0132,CL006,Veterinarian,167.7,7.5,0,175.2
2025-10-01,EMP0133,CL006,Veterinarian,194.2,1.3,8,187.5
2025-10-01,EMP0134,CL006,Veterinarian,174.6,6.8,8,173.4
2025-10-01,EMP0135,CL006,Veterinarian,133.3,12.9,24,122.2
2025-10-01,EMP0136,CL006,Veterinary Technician,180.7,6.1,8,178.8
2025-10-01,EMP0137,CL006,Client Service Representative,153.4,0.6,24,130.0
2025-10-01,EMP0138,CL006,Kennel Assistant,166.4,6.0,8,164.4
2025-10-01,EMP0139,CL006,Veterinary Technician,148.5,0,8,140.5
2025-10-01,EMP0140,CL006,Veterinarian,180.1,10.6,8,182.7
2025-10-01,EMP0141,CL006,Practice Manager,138.9,5.4,0,144.3
2025-10-01,EMP0142,CL006,Veterinary Technician,178.8,4.7,0,183.5
2025-10-01,EMP0143,CL006,Veterinary Technician,110.5,5.6,0,116.1
2025-10-01,EMP0144,CL006,Veterinarian,143.2,6.8,16,134.0
2025-10-01,EMP0145,CL006,Veterinary Technician,169.5,1.2,16,154.7
2025-10-01,EMP0146,CL006,Veterinarian,142.5,4.2,0,146.7
2025-10-01,EMP0147,CL006,Veterinary Technician,178.2,13.1,0,191.3
2025-10-01,EMP0148,CL006,Client Service Representative,171.7,3.6,0,175.3
2025-10-01,EMP0149,CL006,Veterinarian,145.8,1.8,0,147.6
2025-10-01,EMP0150,CL006,Veterinarian,176.5,7.3,0,183.8
2025-10-01,EMP0151,CL007,Veterinary Technician,95.3,7.6,0,102.9
2025-10-01,EMP0152,CL007,Veterinary Technician,146.0,5.0,8,143.0
2025-10-01,EMP0153,CL007,Veterinary Technician,131.7,2.0,0,133.7
2025-10-01,EMP0154,CL007,Veterinary Technician,178.4,3.6,8,174.0
2025-10-01,EMP0155,CL007,Veterinary Assistant,175.7,0,8,167.7
2025-10-01,EMP0156,CL007,Practice Manager,179.5,0,8,171.5
2025-10-01,EMP0157,CL007,Veterinarian,168.5,1.9,8,162.4
2025-10-01,EMP0158,CL007,Client Service Representative,99.4,4.1,16,87.5
2025-10-01,EMP0159,CL007,Veterinary Technician,167.5,5.2,8,164.7
2025-10-01,EMP0160,CL007,Veterinarian,134.2,7.4,8,133.6
2025-10-01,EMP0161,CL007,Veterinary Technician,90.6,9.7,8,92.3
2025-10-01,EMP0162,CL007,Veterinarian,170.2,6.0,0,176.2
2025-10-01,EMP0163,CL007,Veterinarian,165.3,6.5,16,155.8
2025-10-01,EMP0164,CL007,Veterinarian,176.2,10.1,8,178.3
2025-10-01,EMP0165,CL007,Veterinarian,176.6,6.4,0,183.0
2025-10-01,EMP0166,CL007,Client Service Representative,177.8,0,0,177.8
2025-10-01,EMP0167,CL007,Veterinary Assistant,104.6,7.3,24,87.9
2025-10-01,EMP0168,CL007,Veterinary Technician,139.1,8.7,0,147.8
2025-10-01,EMP0169,CL007,Practice Manager,166.9,0,16,150.9
2025-10-01,EMP0170,CL007,Veterinarian,169.6,0,16,153.6
2025-10-01,EMP0171,CL007,Veterinary Technician,102.8,10.8,8,105.6
2025-10-01,EMP0172,CL007,Veterinary Technician,188.0,0,8,180.0
2025-10-01,EMP0173,CL007,Veterinary Assistant,177.9,0,0,177.9
2025-10-01,EMP0174,CL007,Veterinarian,169.4,4.4,24,149.8
2025-10-01,EMP0175,CL008,Veterinarian,177.6,6.0,0,183.6
2025-10-01,EMP0176,CL008,Client Service Representative,104.9,6.4,8,103.3
2025-10-01,EMP0177,CL008,Client Service Representative,185.9,4.3,24,166.2
2025-10-01,EMP0178,CL008,Practice Manager,175.0,0,0,175.0
2025-10-01,EMP0179,CL008,Veterinary Assistant,171.3,0,0,171.3
2025-10-01,EMP0180,CL008,Kennel Assistant,187.7,5.3,8,185.0
2025-10-01,EMP0181,CL008,Veterinarian,172.9,5.8,0,178.7
2025-10-01,EMP0182,CL008,Veterinarian,168.6,7.6,8,168.2
2025-10-01,EMP0183,CL008,Veterinary Assistant,163.6,0.5,0,164.1
2025-10-01,EMP0184,CL008,Veterinary Assistant,183.5,0.8,8,176.3
2025-10-01,EMP0185,CL008,Kennel Assistant,117.9,1.3,0,119.2
2025-10-01,EMP0186,CL008,Veterinarian,194.5,6.3,0,200.8
2025-10-01,EMP0187,CL008,Kennel Assistant,166.7,5.3,8,164.0
2025-10-01,EMP0188,CL008,Veterinary Technician,179.5,8.1,0,187.6
2025-10-01,EMP0189,CL008,Veterinary Technician,175.4,4.0,24,155.4
2025-10-01,EMP0190,CL008,Veterinarian,183.2,0,8,175.2
2025-10-01,EMP0191,CL008,Veterinarian,169.4,2.1,8,163.5
2025-10-01,EMP0192,CL008,Kennel Assistant,132.4,3.0,0,135.4
2025-10-01,EMP0193,CL008,Veterinarian,132.0,6.0,0,138.0
2025-10-01,EMP0194,CL008,Veterinarian,164.7,7.2,0,171.9
2025-10-01,EMP0195,CL008,Veterinarian,170.5,4.7,0,175.2
2025-10-01,EMP0196,CL008,Client Service Representative,142.5,4.2,0,146.7
2025-10-01,EMP0197,CL008,Practice Manager,173.3,3.5,0,176.8
2025-10-01,EMP0198,CL009,Veterinarian,163.9,5.2,24,145.1
2025-10-01,EMP0199,CL009,Veterinary Assistant,163.5,5.0,24,144.5
2025-10-01,EMP0200,CL009,Kennel Assistant,160.1,0,16,144.1
2025-10-01,EMP0201,CL009,Veterinarian,169.4,8.4,0,177.8
2025-10-01,EMP0202,CL009,Veterinary Technician,107.3,7.6,0,114.9
2025-10-01,EMP0203,CL009,Veterinarian,138.8,2.5,16,125.3
2025-10-01,EMP0204,CL009,Veterinary Technician,106.7,2.7,0,109.4
2025-10-01,EMP0205,CL009,Veterinarian,172.9,5.1,16,162.0
2025-10-01,EMP0206,CL009,Veterinarian,176.2,5.5,8,173.7
2025-10-01,EMP0207,CL009,Veterinarian,167.2,4.1,24,147.3
2025-10-01,EMP0208,CL009,Veterinarian,141.9,0,8,133.9
2025-10-01,EMP0209,CL009,Veterinarian,189.8,6.9,16,180.7
2025-10-01,EMP0210,CL009,Veterinarian,181.3,4.7,24,162.0
2025-10-01,EMP0211,CL009,Practice Manager,187.7,5.3,24,169.0
2025-10-01,EMP0212,CL009,Veterinary Technician,166.5,7.5,0,174.0
2025-10-01,EMP0213,CL009,Veterinary Assistant,190.4,0,0,190.4
2025-10-01,EMP0214,CL009,Veterinarian,168.2,10.9,16,163.1
2025-10-01,EMP0215,CL009,Veterinarian,128.2,8.3,24,112.5
2025-10-01,EMP0216,CL009,Client Service Representative,116.2,3.9,8,112.1
2025-10-01,EMP0217,CL009,Client Service Representative,176.6,4.0,8,172.6
2025-10-01,EMP0218,CL009,Veterinarian,135.7,0.0,8,127.7
2025-10-01,EMP0219,CL009,Practice Manager,103.1,3.4,16,90.5
2025-10-01,EMP0220,CL009,Veterinary Technician,109.3,4.0,24,89.3
2025-10-01,EMP0221,CL009,Veterinary Technician,174.6,5.1,8,171.7
2025-10-01,EMP0222,CL010,Veterinary Assistant,105.1,4.8,8,101.9
2025-10-01,EMP0223,CL010,Veterinarian,164.1,11.1,16,159.2
2025-10-01,EMP0224,CL010,Veterinary Assistant,105.8,3.3,24,85.1
2025-10-01,EMP0225,CL010,Veterinary Assistant,142.2,7.9,8,142.1
2025-10-01,EMP0226,CL010,Veterinarian,173.9,11.2,8,177.1
2025-10-01,EMP0227,CL010,Veterinarian,150.3,9.3,16,143.6
2025-10-01,EMP0228,CL010,Veterinary Assistant,0,3.0,8,0
2025-10-01,EMP0229,CL010,Veterinarian,178.5,8.4,8,178.9
2025-10-01,EMP0230,CL010,Veterinarian,150.0,4.6,16,138.6
2025-10-01,EMP0231,CL010,Veterinary Technician,173.6,1.9,0,175.5
2025-10-01,EMP0232,CL010,Practice Manager,186.7,5.9,8,184.6
2025-10-01,EMP0233,CL010,Veterinary Technician,179.0,7.3,8,178.3
2025-10-01,EMP0234,CL010,Client Service Representative,180.1,0,0,180.1
2025-10-01,EMP0235,CL010,Veterinarian,175.4,13.1,16,172.5
2025-10-01,EMP0236,CL010,Veterinarian,170.9,5.2,24,152.1
2025-10-01,EMP0237,CL010,Veterinary Technician,167.1,1.8,8,160.9
2025-10-01,EMP0238,CL010,Veterinarian,159.6,2.1,0,161.7
2025-10-01,EMP0239,CL010,Veterinary Assistant,176.0,0,8,168.0
2025-10-01,EMP0240,CL010,Veterinary Technician,174.3,5.9,0,180.2
2025-10-01,EMP0241,CL010,Veterinary Technician,99.5,7.6,8,99.1
2025-10-01,EMP0242,CL010,Practice Manager,127.0,5.7,24,108.7
2025-10-01,EMP0243,CL010,Veterinary Technician,174.5,12.6,16,171.1
2025-10-01,EMP0244,CL010,Client Service Representative,182.4,0,8,174.4
2025-10-01,EMP0245,CL010,Practice Manager,178.3,3.1,8,173.4
2025-10-01,EMP0246,CL011,Veterinary Technician,137.5,7.0,0,144.5
2025-10-01,EMP0247,CL011,Veterinarian,181.2,2.2,16,167.4
2025-10-01,EMP0248,CL011,Client Service Representative,178.7,0,16,162.7
2025-10-01,EMP0249,CL011,Practice Manager,117.8,1.3,0,119.1
2025-10-01,EMP0250,CL011,Veterinarian,171.7,5.1,8,168.8
2025-10-01,EMP0251,CL011,Veterinarian,136.1,4.5,8,132.6
2025-10-01,EMP0252,CL011,Veterinary Technician,184.5,0,0,184.5
2025-10-01,EMP0253,CL011,Client Service Representative,134.8,0,0,134.8
2025-10-01,EMP0254,CL011,Veterinarian,175.3,2.1,8,169.4
2025-10-01,EMP0255,CL011,Veterinarian,166.3,2.2,16,152.5
2025-10-01,EMP0256,CL011,Veterinarian,130.9,5.3,0,136.2
2025-10-01,EMP0257,CL011,Veterinarian,181.8,2.5,0,184.3
2025-10-01,EMP0258,CL011,Veterinary Assistant,106.7,0,0,106.7
2025-10-01,EMP0259,CL011,Practice Manager,167.7,1.4,0,169.1
2025-10-01,EMP0260,CL011,Veterinarian,131.6,1.9,8,125.5
2025-10-01,EMP0261,CL011,Client Service Representative,166.4,0,24,142.4
2025-10-01,EMP0262,CL011,Veterinarian,181.9,2.0,8,175.9
2025-10-01,EMP0263,CL011,Veterinarian,178.9,7.3,8,178.2
2025-10-01,EMP0264,CL011,Veterinarian,177.9,5.3,0,183.2
2025-10-01,EMP0265,CL011,Veterinary Assistant,121.4,3.8,8,117.2
2025-10-01,EMP0266,CL011,Veterinarian,173.6,0,8,165.6
2025-10-01,EMP0267,CL012,Client Service Representative,105.3,2.5,0,107.8
2025-10-01,EMP0268,CL012,Veterinary Technician,174.9,4.1,8,171.0
2025-10-01,EMP0269,CL012,Practice Manager,186.0,1.3,0,187.3
2025-10-01,EMP0270,CL012,Client Service Representative,131.6,4.8,0,136.4
2025-10-01,EMP0271,CL012,Veterinary Technician,152.8,5.1,0,157.9
2025-10-01,EMP0272,CL012,Practice Manager,124.9,0,0,124.9
2025-10-01,EMP0273,CL012,Veterinary Technician,170.2,9.8,8,172.0
2025-10-01,EMP0274,CL012,Veterinarian,129.9,6.7,8,128.6
2025-10-01,EMP0275,CL012,Veterinary Technician,129.2,8.9,8,130.1
2025-10-01,EMP0276,CL012,Veterinary Technician,105.2,8.1,0,113.3
2025-10-01,EMP0277,CL012,Veterinarian,147.9,4.3,0,152.2
2025-10-01,EMP0278,CL012,Veterinarian,167.7,10.9,0,178.6
2025-10-01,EMP0279,CL012,Client Service Representative,135.4,6.5,0,141.9
2025-10-01,EMP0280,CL012,Veterinary Technician,182.8,10.3,8,185.1
2025-10-01,EMP0281,CL012,Veterinarian,178.2,3.6,16,165.8
2025-10-01,EMP0282,CL012,Veterinary Assistant,174.7,0,0,174.7
2025-10-01,EMP0283,CL012,Veterinarian,152.4,3.8,0,156.2
2025-10-01,EMP0284,CL012,Client Service Representative,183.7,0.7,0,184.4
2025-10-01,EMP0285,CL012,Veterinarian,158.6,2.2,8,152.8
2025-10-01,EMP0286,CL012,Veterinarian,175.0,2.4,0,177.4
2025-10-01,EMP0287,CL012,Veterinary Assistant,178.6,1.0,0,179.6
2025-10-01,EMP0288,CL012,Veterinary Technician,109.0,4.1,0,113.1
2025-10-01,EMP0289,CL012,Veterinarian,169.4,4.8,0,174.2
2025-10-01,EMP0290,CL012,Client Service Representative,183.3,7.9,0,191.2
2025-10-01,EMP0291,CL012,Veterinarian,168.6,4.8,0,173.4
2025-10-01,EMP0292,CL012,Veterinary Assistant,144.9,7.7,16,136.6
2025-10-01,EMP0293,CL012,Veterinarian,177.9,5.2,24,159.1
2025-10-01,EMP0294,CL012,Client Service Representative,131.2,0,0,131.2
2025-10-01,EMP0295,CL012,Client Service Representative,162.3,0.4,8,154.7
2025-10-01,EMP0296,CL012,Veterinary Technician,171.5,2.6,24,150.1
2025-10-01,EMP0297,CL012,Veterinary Technician,113.7,4.2,8,109.9
2025-10-01,EMP0298,CL012,Veterinarian,152.3,2.4,8,146.7
2025-10-01,EMP0299,CL012,Veterinary Technician,165.0,0,24,141.0
2025-10-01,EMP0300,CL012,Veterinarian,167.9,1.8,16,153.7
2025-11-01,EMP0001,CL001,Veterinary Technician,177.9,4.3,0,182.2
2025-11-01,EMP0002,CL001,Practice Manager,116.9,2.0,8,110.9
2025-11-01,EMP0003,CL001,Practice Manager,126.4,0,0,126.4
2025-11-01,EMP0004,CL001,Veterinary Technician,147.2,6.7,0,153.9
2025-11-01,EMP0005,CL001,Veterinary Technician,174.7,6.5,0,181.2
2025-11-01,EMP0006,CL001,Veterinary Technician,180.5,9.7,8,182.2
2025-11-01,EMP0007,CL001,Veterinarian,178.7,1.6,0,180.3
2025-11-01,EMP0008,CL001,Veterinarian,170.0,8.4,0,178.4
2025-11-01,EMP0009,CL001,Veterinary Technician,174.9,6.7,24,157.6
2025-11-01,EMP0010,CL001,Veterinarian,169.1,0,8,161.1
2025-11-01,EMP0011,CL001,Veterinary Assistant,179.0,0,0,179.0
2025-11-01,EMP0012,CL001,Veterinary Technician,117.2,7.3,0,124.5
2025-11-01,EMP0013,CL001,Veterinary Technician,152.4,9.0,8,153.4
2025-11-01,EMP0014,CL001,Veterinarian,169.4,5.5,8,166.9
2025-11-01,EMP0015,CL001,Veterinarian,159.7,0,8,151.7
2025-11-01,EMP0016,CL001,Veterinarian,171.7,9.5,24,157.2
2025-11-01,EMP0017,CL001,Veterinary Assistant,133.4,0,8,125.4
2025-11-01,EMP0018,CL001,Practice Manager,110.5,6.1,0,116.6
2025-11-01,EMP0019,CL001,Veterinarian,168.9,2.3,8,163.2
2025-11-01,EMP0020,CL001,Veterinarian,183.9,8.6,0,192.5
2025-11-01,EMP0021,CL001,Veterinarian,172.4,3.1,8,167.5
2025-11-01,EMP0022,CL001,Client Service Representative,168.7,7.0,0,175.7
2025-11-01,EMP0023,CL001,Veterinary Technician,150.5,2.9,24,129.4
2025-11-01,EMP0024,CL001,Veterinary Assistant,168.4,1.0,24,145.4
2025-11-01,EMP0025,CL001,Veterinary Technician,166.0,8.4,8,166.4
2025-11-01,EMP0026,CL001,Veterinarian,187.9,6.1,0,194.0
2025-11-01,EMP0027,CL001,Veterinary Assistant,156.7,0.7,0,157.4
2025-11-01,EMP0028,CL001,Veterinary Technician,182.1,7.7,24,165.8
2025-11-01,EMP0029,CL001,Veterinarian,192.1,8.7,0,200.8
2025-11-01,EMP0030,CL002,Kennel Assistant,164.1,3.6,8,159.7
2025-11-01,EMP0031,CL002,Veterinarian,124.7,3.9,16,112.6
2025-11-01,EMP0032,CL002,Veterinarian,143.5,4.1,0,147.6
2025-11-01,EMP0033,CL002,Veterinarian,147.0,2.0,0,149.0
2025-11-01,EMP0034,CL002,Veterinarian,130.9,4.9,8,127.8
2025-11-01,EMP0035,CL002,Veterinarian,162.0,2.0,24,140.0
2025-11-01,EMP0036,CL002,Client Service Representative,170.1,0,8,162.1
2025-11-01,EMP0037,CL002,Veterinarian,131.5,9.7,8,133.2
2025-11-01,EMP0038,CL002,Client Service Representative,177.8,1.4,0,179.2
2025-11-01,EMP0039,CL002,Veterinary Assistant,182.5,9.0,0,191.5
2025-11-01,EMP0040,CL002,Veterinary Technician,96.7,4.3,0,101.0
2025-11-01,EMP0041,CL002,Veterinarian,165.8,4.2,0,170.0
2025-11-01,EMP0042,CL002,Veterinary Technician,180.3,8.9,0,189.2
2025-11-01,EMP0043,CL002,Veterinary Technician,112.4,13.0,8,117.4
2025-11-01,EMP0044,CL002,Veterinary Assistant,139.0,0,0,139.0
2025-11-01,EMP0045,CL002,Veterinarian,184.6,9.6,16,178.2
2025-11-01,EMP0046,CL002,Veterinary Technician,136.2,0,8,128.2
2025-11-01,EMP0047,CL002,Veterinary Assistant,177.3,0,24,153.3
2025-11-01,EMP0048,CL002,Kennel Assistant,165.9,7.5,16,157.4
2025-11-01,EMP0049,CL002,Client Service Representative,114.6,3.7,16,102.3
2025-11-01,EMP0050,CL002,Practice Manager,184.7,0,16,168.7
2025-11-01,EMP0051,CL003,Practice Manager,174.2,2.6,16,160.8
2025-11-01,EMP0052,CL003,Veterinary Technician,175.2,3.5,0,178.7
2025-11-01,EMP0053,CL003,Kennel Assistant,114.1,0,16,98.1
2025-11-01,EMP0054,CL003,Veterinarian,183.6,6.2,8,181.8
2025-11-01,EMP0055,CL003,Veterinary Assistant,150.0,0,8,142.0
2025-11-01,EMP0056,CL003,Client Service Representative,163.4,5.3,0,168.7
2025-11-01,EMP0057,CL003,Veterinarian,136.0,12.2,0,148.2
2025-11-01,EMP0058,CL003,Veterinary Assistant,106.1,3.0,16,93.1
2025-11-01,EMP0059,CL003,Client Service Representative,192.4,1.2,8,185.6
2025-11-01,EMP0060,CL003,Veterinarian,179.1,6.8,24,161.9
2025-11-01,EMP0061,CL003,Kennel Assistant,81.2,0,24,57.2
2025-11-01,EMP0062,CL003,Veterinarian,175.2,4.2,0,179.4
2025-11-01,EMP0063,CL003,Veterinary Technician,179.4,8.3,8,179.7
2025-11-01,EMP0064,CL003,Veterinary Technician,181.4,5.7,0,187.1
2025-11-01,EMP0065,CL003,Veterinarian,186.1,3.4,24,165.5
2025-11-01,EMP0066,CL003,Client Service Representative,188.0,5.3,8,185.3
2025-11-01,EMP0067,CL003,Practice Manager,124.8,0,16,108.8
2025-11-01,EMP0068,CL003,Veterinarian,170.9,5.1,16,160.0
2025-11-01,EMP0069,CL003,Veterinary Assistant,165.6,2.4,8,160.0
2025-11-01,EMP0070,CL003,Veterinarian,168.8,3.0,8,163.8
2025-11-01,EMP0071,CL003,Kennel Assistant,184.0,11.2,0,195.2
2025-11-01,EMP0072,CL003,Veterinarian,136.1,3.7,0,139.8
2025-11-01,EMP0073,CL003,Veterinarian,141.6,5.8,0,147.4
2025-11-01,EMP0074,CL003,Veterinary Technician,169.5,3.4,8,164.9
2025-11-01,EMP0075,CL003,Veterinarian,139.0,10.7,0,149.7
2025-11-01,EMP0076,CL004,Client Service Representative,160.2,0,8,152.2
2025-11-01,EMP0077,CL004,Veterinarian,141.8,4.3,0,146.1
2025-11-01,EMP0078,CL004,Veterinarian,180.8,7.8,0,188.6
2025-11-01,EMP0079,CL004,Veterinary Technician,180.6,0,16,164.6
2025-11-01,EMP0080,CL004,Veterinarian,177.1,2.5,0,179.6
2025-11-01,EMP0081,CL004,Veterinary Technician,134.4,3.0,16,121.4
2025-11-01,EMP0082,CL004,Veterinarian,171.8,0.7,0,172.5
2025-11-01,EMP0083,CL004,Veterinary Assistant,162.2,3.1,0,165.3
2025-11-01,EMP0084,CL004,Veterinarian,139.0,3.4,0,142.4
2025-11-01,EMP0085,CL004,Veterinarian,168.5,0,16,152.5
2025-11-01,EMP0086,CL004,Veterinary Assistant,169.9,9.3,0,179.2
2025-11-01,EMP0087,CL004,Veterinary Technician,167.2,4.1,16,155.3
2025-11-01,EMP0088,CL004,Veterinarian,140.1,6.1,0,146.2
2025-11-01,EMP0089,CL004,Veterinarian,185.5,6.9,24,168.4
2025-11-01,EMP0090,CL004,Veterinary Technician,173.3,0.8,8,166.1
2025-11-01,EMP0091,CL004,Veterinarian,178.6,0,16,162.6
2025-11-01,EMP0092,CL004,Veterinarian,171.5,0.4,0,171.9
2025-11-01,EMP0093,CL004,Veterinary Technician,123.1,0,24,99.1
2025-11-01,EMP0094,CL004,Practice Manager,125.0,4.4,16,113.4
2025-11-01,EMP0095,CL004,Veterinary Assistant,189.9,0,0,189.9
2025-11-01,EMP0096,CL004,Veterinary Assistant,177.5,5.0,24,158.5
2025-11-01,EMP0097,CL004,Veterinarian,169.4,9.4,24,154.8
2025-11-01,EMP0098,CL004,Client Service Representative,182.2,1.3,8,175.5
2025-11-01,EMP0099,CL004,Veterinarian,181.3,5.9,24,163.2
2025-11-01,EMP0100,CL004,Veterinary Technician,142.1,7.7,0,149.8
2025-11-01,EMP0101,CL004,Veterinary Assistant,108.7,4.2,0,112.9
2025-11-01,EMP0102,CL004,Veterinary Technician,142.0,9.6,24,127.6
2025-11-01,EMP0103,CL004,Practice Manager,98.7,5.5,0,104.2
2025-11-01,EMP0104,CL004,Veterinarian,173.4,1.0,0,174.4
2025-11-01,EMP0105,CL004,Veterinary Technician,184.1,0.8,8,176.9
2025-11-01,EMP0106,CL005,Practice Manager,171.9,5.1,0,177.0
2025-11-01,EMP0107,CL005,Veterinarian,167.8,2.5,8,162.3
2025-11-01,EMP0108,CL005,Client Service Representative,100.2,4.9,8,97.1
2025-11-01,EMP0109,CL005,Veterinarian,171.5,13.5,8,177.0
2025-11-01,EMP0110,CL005,Veterinary Technician,170.6,6.8,16,161.4
2025-11-01,EMP0111,CL005,Veterinarian,157.6,11.2,0,168.8
2025-11-01,EMP0112,CL005,Veterinary Technician,112.7,1.7,0,114.4
2025-11-01,EMP0113,CL005,Veterinarian,190.1,6.5,16,180.6
2025-11-01,EMP0114,CL005,Veterinary Technician,174.4,8.9,24,159.3
2025-11-01,EMP0115,CL005,Veterinarian,128.7,3.5,0,132.2
2025-11-01,EMP0116,CL005,Veterinary Assistant,174.8,1.7,0,176.5
2025-11-01,EMP0117,CL005,Veterinarian,171.1,0,0,171.1
2025-11-01,EMP0118,CL005,Veterinarian,128.7,1.2,16,113.9
2025-11-01,EMP0119,CL005,Veterinarian,164.5,8.3,0,172.8
2025-11-01,EMP0120,CL005,Veterinary Technician,142.3,2.6,0,144.9
2025-11-01,EMP0121,CL005,Veterinary Assistant,137.5,0,8,129.5
2025-11-01,EMP0122,CL005,Veterinarian,136.5,6.1,0,142.6
2025-11-01,EMP0123,CL005,Veterinarian,168.8,0,0,168.8
2025-11-01,EMP0124,CL005,Veterinarian,163.5,6.6,8,162.1
2025-11-01,EMP0125,CL005,Veterinary Technician,170.2,0,0,170.2
2025-11-01,EMP0126,CL005,Veterinarian,168.9,3.3,0,172.2
2025-11-01,EMP0127,CL005,Veterinary Technician,133.9,9.2,0,143.1
2025-11-01,EMP0128,CL005,Veterinary Technician,102.8,0.5,0,103.3
2025-11-01,EMP0129,CL005,Veterinary Assistant,138.8,0.8,24,115.6
2025-11-01,EMP0130,CL005,Veterinarian,143.9,3.0,16,130.9
2025-11-01,EMP0131,CL006,Veterinarian,179.3,5.3,16,168.6
2025-11-01,EMP0132,CL006,Veterinarian,190.5,2.6,0,193.1
2025-11-01,EMP0133,CL006,Veterinarian,176.6,3.9,0,180.5
2025-11-01,EMP0134,CL006,Veterinarian,164.4,7.6,0,172.0
2025-11-01,EMP0135,CL006,Veterinarian,139.4,11.6,16,135.0
2025-11-01,EMP0136,CL006,Veterinary Technician,165.5,6.5,0,172.0
2025-11-01,EMP0137,CL006,Client Service Representative,124.6,5.5,16,114.1
2025-11-01,EMP0138,CL006,Kennel Assistant,173.2,0,24,149.2
2025-11-01,EMP0139,CL006,Veterinary Technician,139.3,9.5,0,148.8
2025-11-01,EMP0140,CL006,Veterinarian,187.2,12.1,24,175.3
2025-11-01,EMP0141,CL006,Practice Manager,119.2,0,24,95.2
2025-11-01,EMP0142,CL006,Veterinary Technician,175.0,4.9,0,179.9
2025-11-01,EMP0143,CL006,Veterinary Technician,97.8,12.4,0,110.2
2025-11-01,EMP0144,CL006,Veterinarian,138.8,9.4,24,124.2
2025-11-01,EMP0145,CL006,Veterinary Technician,162.2,8.0,0,170.2
2025-11-01,EMP0146,CL006,Veterinarian,131.0,3.4,8,126.4
2025-11-01,EMP0147,CL006,Veterinary Technician,180.1,13.2,8,185.3
2025-11-01,EMP0148,CL006,Client Service Representative,170.7,2.9,0,173.6
2025-11-01,EMP0149,CL006,Veterinarian,140.5,7.3,0,147.8
2025-11-01,EMP0150,CL006,Veterinarian,183.2,13.3,16,180.5
2025-11-01,EMP0151,CL007,Veterinary Technician,113.0,0.2,16,97.2
2025-11-01,EMP0152,CL007,Veterinary Technician,153.1,2.5,0,155.6
2025-11-01,EMP0153,CL007,Veterinary Technician,136.5,4.9,0,141.4
2025-11-01,EMP0154,CL007,Veterinary Technician,182.0,2.7,8,176.7
2025-11-01,EMP0155,CL007,Veterinary Assistant,180.8,2.5,0,183.3
2025-11-01,EMP0156,CL007,Practice Manager,170.7,3.1,0,173.8
2025-11-01,EMP0157,CL007,Veterinarian,176.9,3.8,24,156.7
2025-11-01,EMP0158,CL007,Client Service Representative,105.6,5.7,16,95.3
2025-11-01,EMP0159,CL007,Veterinary Technician,191.7,4.4,16,180.1
2025-11-01,EMP0160,CL007,Veterinarian,124.6,0,8,116.6
2025-11-01,EMP0161,CL007,Veterinary Technician,112.9,6.2,8,111.1
2025-11-01,EMP0162,CL007,Veterinarian,183.0,4.7,16,171.7
2025-11-01,EMP0163,CL007,Veterinarian,171.2,7.9,16,163.1
2025-11-01,EMP0164,CL007,Veterinarian,160.1,6.8,0,166.9
2025-11-01,EMP0165,CL007,Veterinarian,182.9,6.8,0,189.7
2025-11-01,EMP0166,CL007,Client Service Representative,192.7,1.0,0,193.7
2025-11-01,EMP0167,CL007,Veterinary Assistant,105.6,0,24,81.6
2025-11-01,EMP0168,CL007,Veterinary Technician,144.2,3.7,0,147.9
2025-11-01,EMP0169,CL007,Practice Manager,182.0,9.1,8,183.1
2025-11-01,EMP0170,CL007,Veterinarian,173.5,5.9,0,179.4
2025-11-01,EMP0171,CL007,Veterinary Technician,104.7,2.2,16,90.9
2025-11-01,EMP0172,CL007,Veterinary Technician,179.8,6.3,8,178.1
2025-11-01,EMP0173,CL007,Veterinary Assistant,179.1,9.2,8,180.3
2025-11-01,EMP0174,CL007,Veterinarian,175.5,7.8,8,175.3
2025-11-01,EMP0175,CL008,Veterinarian,183.8,7.3,8,183.1
2025-11-01,EMP0176,CL008,Client Service Representative,96.3,2.1,0,98.4
2025-11-01,EMP0177,CL008,Client Service Representative,175.7,0,8,167.7
2025-11-01,EMP0178,CL008,Practice Manager,169.8,2.9,0,172.7
2025-11-01,EMP0179,CL008,Veterinary Assistant,195.3,0,16,179.3
2025-11-01,EMP0180,CL008,Kennel Assistant,172.8,0,0,172.8
2025-11-01,EMP0181,CL008,Veterinarian,173.6,2.0,0,175.6
2025-11-01,EMP0182,CL008,Veterinarian,156.6,6.3,24,138.9
2025-11-01,EMP0183,CL008,Veterinary Assistant,168.8,0.2,8,161.0
2025-11-01,EMP0184,CL008,Veterinary Assistant,169.1,4.5,8,165.6
2025-11-01,EMP0185,CL008,Kennel Assistant,136.6,3.7,0,140.3
2025-11-01,EMP0186,CL008,Veterinarian,178.9,3.3,0,182.2
2025-11-01,EMP0187,CL008,Kennel Assistant,172.7,4.6,8,169.3
2025-11-01,EMP0188,CL008,Veterinary Technician,183.8,9.8,8,185.6
2025-11-01,EMP0189,CL008,Veterinary Technician,173.9,6.7,0,180.6
2025-11-01,EMP0190,CL008,Veterinarian,169.3,0,0,169.3
2025-11-01,EMP0191,CL008,Veterinarian,178.6,6.3,0,184.9
2025-11-01,EMP0192,CL008,Kennel Assistant,148.3,0,16,132.3
2025-11-01,EMP0193,CL008,Veterinarian,133.8,12.0,0,145.8
2025-11-01,EMP0194,CL008,Veterinarian,162.4,3.0,24,141.4
2025-11-01,EMP0195,CL008,Veterinarian,179.8,7.6,16,171.4
2025-11-01,EMP0196,CL008,Client Service Representative,131.2,6.7,24,113.9
2025-11-01,EMP0197,CL008,Practice Manager,173.0,9.1,24,158.1
2025-11-01,EMP0198,CL009,Veterinarian,180.3,4.0,0,184.3
2025-11-01,EMP0199,CL009,Veterinary Assistant,175.0,1.7,16,160.7
2025-11-01,EMP0200,CL009,Kennel Assistant,171.1,7.5,0,178.6
2025-11-01,EMP0201,CL009,Veterinarian,180.4,3.3,0,183.7
2025-11-01,EMP0202,CL009,Veterinary Technician,99.2,2.3,8,93.5
2025-11-01,EMP0203,CL009,Veterinarian,125.8,9.2,0,135.0
2025-11-01,EMP0204,CL009,Veterinary Technician,114.8,4.5,0,119.3
2025-11-01,EMP0205,CL009,Veterinarian,177.9,4.4,8,174.3
2025-11-01,EMP0206,CL009,Veterinarian,182.8,7.2,0,190.0
2025-11-01,EMP0207,CL009,Veterinarian,168.0,5.6,24,149.6
2025-11-01,EMP0208,CL009,Veterinarian,145.9,1.2,8,139.1
2025-11-01,EMP0209,CL009,Veterinarian,168.7,0,0,168.7
2025-11-01,EMP0210,CL009,Veterinarian,164.1,3.7,8,159.8
2025-11-01,EMP0211,CL009,Practice Manager,177.5,2.0,8,171.5
2025-11-01,EMP0212,CL009,Veterinary Technician,167.7,9.4,8,169.1
2025-11-01,EMP0213,CL009,Veterinary Assistant,178.3,0,0,178.3
2025-11-01,EMP0214,CL009,Veterinarian,184.5,5.0,8,181.5
2025-11-01,EMP0215,CL009,Veterinarian,139.7,1.7,0,141.4
2025-11-01,EMP0216,CL009,Client Service Representative,99.3,1.7,8,93.0
2025-11-01,EMP0217,CL009,Client Service Representative,178.3,0,8,170.3
2025-11-01,EMP0218,CL009,Veterinarian,130.4,2.7,16,117.1
2025-11-01,EMP0219,CL009,Practice Manager,111.9,0,16,95.9
2025-11-01,EMP0220,CL009,Veterinary Technician,101.3,9.5,0,110.8
2025-11-01,EMP0221,CL009,Veterinary Technician,179.9,7.8,8,179.7
2025-11-01,EMP0222,CL010,Veterinary Assistant,114.4,6.4,8,112.8
2025-11-01,EMP0223,CL010,Veterinarian,173.5,2.8,0,176.3
2025-11-01,EMP0224,CL010,Veterinary Assistant,99.7,8.6,0,108.3
2025-11-01,EMP0225,CL010,Veterinary Assistant,142.9,1.6,0,144.5
2025-11-01,EMP0226,CL010,Veterinarian,171.3,0.2,8,163.5
2025-11-01,EMP0227,CL010,Veterinarian,167.4,10.9,0,178.3
2025-11-01,EMP0228,CL010,Veterinary Assistant,0,4.8,8,0
2025-11-01,EMP0229,CL010,Veterinarian,173.9,4.7,16,162.6
2025-11-01,EMP0230,CL010,Veterinarian,133.2,1.9,8,127.1
2025-11-01,EMP0231,CL010,Veterinary Technician,177.3,0.2,16,161.5
2025-11-01,EMP0232,CL010,Practice Manager,162.7,3.1,0,165.8
2025-11-01,EMP0233,CL010,Veterinary Technician,179.5,10.4,24,165.9
2025-11-01,EMP0234,CL010,Client Service Representative,164.5,0,8,156.5
2025-11-01,EMP0235,CL010,Veterinarian,164.4,9.7,8,166.1
2025-11-01,EMP0236,CL010,Veterinarian,161.8,5.3,8,159.1
2025-11-01,EMP0237,CL010,Veterinary Technician,163.5,4.0,8,159.5
2025-11-01,EMP0238,CL010,Veterinarian,167.3,8.3,16,159.6
2025-11-01,EMP0239,CL010,Veterinary Assistant,186.8,0,8,178.8
2025-11-01,EMP0240,CL010,Veterinary Technician,163.8,4.7,24,144.5
2025-11-01,EMP0241,CL010,Veterinary Technician,98.2,0,24,74.2
2025-11-01,EMP0242,CL010,Practice Manager,142.6,4.8,8,139.4
2025-11-01,EMP0243,CL010,Veterinary Technician,179.5,7.6,0,187.1
2025-11-01,EMP0244,CL010,Client Service Representative,172.0,5.7,24,153.7
2025-11-01,EMP0245,CL010,Practice Manager,171.3,5.2,0,176.5
2025-11-01,EMP0246,CL011,Veterinary Technician,124.2,2.5,16,110.7
2025-11-01,EMP0247,CL011,Veterinarian,170.4,2.0,24,148.4
2025-11-01,EMP0248,CL011,Client Service Representative,169.5,0,0,169.5
2025-11-01,EMP0249,CL011,Practice Manager,77.8,0.5,16,62.3
2025-11-01,EMP0250,CL011,Veterinarian,179.9,8.7,0,188.6
2025-11-01,EMP0251,CL011,Veterinarian,126.5,10.1,0,136.6
2025-11-01,EMP0252,CL011,Veterinary Technician,176.1,6.4,0,182.5
2025-11-01,EMP0253,CL011,Client Service Representative,147.9,7.9,0,155.8
2025-11-01,EMP0254,CL011,Veterinarian,191.5,0,0,191.5
2025-11-01,EMP0255,CL011,Veterinarian,169.4,4.8,16,158.2
2025-11-01,EMP0256,CL011,Veterinarian,138.1,2.9,0,141.0
2025-11-01,EMP0257,CL011,Veterinarian,165.5,1.3,8,158.8
2025-11-01,EMP0258,CL011,Veterinary Assistant,97.5,0,8,89.5
2025-11-01,EMP0259,CL011,Practice Manager,178.8,3.8,24,158.6
2025-11-01,EMP0260,CL011,Veterinarian,128.6,6.1,8,126.7
2025-11-01,EMP0261,CL011,Client Service Representative,171.7,0,0,171.7
2025-11-01,EMP0262,CL011,Veterinarian,155.1,4.7,8,151.8
2025-11-01,EMP0263,CL011,Veterinarian,158.1,9.2,0,167.3
2025-11-01,EMP0264,CL011,Veterinarian,163.4,5.2,0,168.6
2025-11-01,EMP0265,CL011,Veterinary Assistant,101.0,1.8,0,102.8
2025-11-01,EMP0266,CL011,Veterinarian,171.0,12.5,0,183.5
2025-11-01,EMP0267,CL012,Client Service Representative,110.5,4.9,8,107.4
2025-11-01,EMP0268,CL012,Veterinary Technician,183.7,5.3,8,181.0
2025-11-01,EMP0269,CL012,Practice Manager,168.9,4.8,0,173.7
2025-11-01,EMP0270,CL012,Client Service Representative,138.7,0,0,138.7
2025-11-01,EMP0271,CL012,Veterinary Technician,166.3,0,0,166.3
2025-11-01,EMP0272,CL012,Practice Manager,137.7,2.0,0,139.7
2025-11-01,EMP0273,CL012,Veterinary Technician,171.4,2.8,8,166.2
2025-11-01,EMP0274,CL012,Veterinarian,133.5,11.7,0,145.2
2025-11-01,EMP0275,CL012,Veterinary Technician,136.2,3.4,0,139.6
2025-11-01,EMP0276,CL012,Veterinary Technician,107.9,0,16,91.9
2025-11-01,EMP0277,CL012,Veterinarian,152.0,3.8,24,131.8
2025-11-01,EMP0278,CL012,Veterinarian,182.7,7.7,8,182.4
2025-11-01,EMP0279,CL012,Client Service Representative,143.5,5.7,16,133.2
2025-11-01,EMP0280,CL012,Veterinary Technician,172.6,10.0,8,174.6
2025-11-01,EMP0281,CL012,Veterinarian,179.9,7.8,0,187.7
2025-11-01,EMP0282,CL012,Veterinary Assistant,172.7,0.7,0,173.4
2025-11-01,EMP0283,CL012,Veterinarian,157.7,0,0,157.7
2025-11-01,EMP0284,CL012,Client Service Representative,177.9,0,0,177.9
2025-11-01,EMP0285,CL012,Veterinarian,182.4,1.8,0,184.2
2025-11-01,EMP0286,CL012,Veterinarian,190.1,0.1,0,190.2
2025-11-01,EMP0287,CL012,Veterinary Assistant,178.3,0,0,178.3
2025-11-01,EMP0288,CL012,Veterinary Technician,115.0,5.6,0,120.6
2025-11-01,EMP0289,CL012,Veterinarian,169.2,5.6,0,174.8
2025-11-01,EMP0290,CL012,Client Service Representative,181.0,1.2,0,182.2
2025-11-01,EMP0291,CL012,Veterinarian,180.8,4.2,0,185.0
2025-11-01,EMP0292,CL012,Veterinary Assistant,134.1,0.6,0,134.7
2025-11-01,EMP0293,CL012,Veterinarian,176.3,0,0,176.3
2025-11-01,EMP0294,CL012,Client Service Representative,133.9,0,8,125.9
2025-11-01,EMP0295,CL012,Client Service Representative,192.2,5.2,16,181.4
2025-11-01,EMP0296,CL012,Veterinary Technician,171.9,0,0,171.9
2025-11-01,EMP0297,CL012,Veterinary Technician,107.3,4.0,16,95.3
2025-11-01,EMP0298,CL012,Veterinarian,173.4,3.5,0,176.9
2025-11-01,EMP0299,CL012,Veterinary Technician,172.0,0,16,156.0
2025-11-01,EMP0300,CL012,Veterinarian,188.9,4.6,0,193.5
2025-12-01,EMP0001,CL001,Veterinary Technician,163.0,3.0,8,158.0
2025-12-01,EMP0002,CL001,Practice Manager,92.2,0.5,8,84.7
2025-12-01,EMP0003,CL001,Practice Manager,140.5,1.2,16,125.7
2025-12-01,EMP0004,CL001,Veterinary Technician,157.4,7.4,0,164.8
2025-12-01,EMP0005,CL001,Veterinary Technician,165.9,7.5,8,165.4
2025-12-01,EMP0006,CL001,Veterinary Technician,170.6,15.1,8,177.7
2025-12-01,EMP0007,CL001,Veterinarian,172.7,6.7,8,171.4
2025-12-01,EMP0008,CL001,Veterinarian,173.9,6.2,0,180.1
2025-12-01,EMP0009,CL001,Veterinary Technician,162.4,1.9,0,164.3
2025-12-01,EMP0010,CL001,Veterinarian,160.3,6.0,24,142.3
2025-12-01,EMP0011,CL001,Veterinary Assistant,163.3,2.0,0,165.3
2025-12-01,EMP0012,CL001,Veterinary Technician,92.2,8.8,8,93.0
2025-12-01,EMP0013,CL001,Veterinary Technician,129.4,10.4,0,139.8
2025-12-01,EMP0014,CL001,Veterinarian,169.8,5.0,8,166.8
2025-12-01,EMP0015,CL001,Veterinarian,175.0,11.5,16,170.5
2025-12-01,EMP0016,CL001,Veterinarian,166.6,2.8,0,169.4
2025-12-01,EMP0017,CL001,Veterinary Assistant,146.2,1.4,0,147.6
2025-12-01,EMP0018,CL001,Practice Manager,109.3,8.6,0,117.9
2025-12-01,EMP0019,CL001,Veterinarian,173.7,0.9,0,174.6
2025-12-01,EMP0020,CL001,Veterinarian,176.7,3.2,8,171.9
2025-12-01,EMP0021,CL001,Veterinarian,165.3,1.4,0,166.7
2025-12-01,EMP0022,CL001,Client Service Representative,170.4,0,24,146.4
2025-12-01,EMP0023,CL001,Veterinary Technician,139.2,2.2,0,141.4
2025-12-01,EMP0024,CL001,Veterinary Assistant,161.3,0,24,137.3
2025-12-01,EMP0025,CL001,Veterinary Technician,163.3,2.4,16,149.7
2025-12-01,EMP0026,CL001,Veterinarian,172.2,3.5,24,151.7
2025-12-01,EMP0027,CL001,Veterinary Assistant,153.3,1.3,8,146.6
2025-12-01,EMP0028,CL001,Veterinary Technician,169.6,10.2,8,171.8
2025-12-01,EMP0029,CL001,Veterinarian,174.0,0,8,166.0
2025-12-01,EMP0030,CL002,Kennel Assistant,157.2,0,0,157.2
2025-12-01,EMP0031,CL002,Veterinarian,147.5,3.5,8,143.0
2025-12-01,EMP0032,CL002,Veterinarian,133.7,4.4,8,130.1
2025-12-01,EMP0033,CL002,Veterinarian,140.1,7.1,0,147.2
2025-12-01,EMP0034,CL002,Veterinarian,131.5,1.1,16,116.6
2025-12-01,EMP0035,CL002,Veterinarian,163.1,0.9,0,164.0
2025-12-01,EMP0036,CL002,Client Service Representative,166.6,4.4,0,171.0
2025-12-01,EMP0037,CL002,Veterinarian,143.1,6.7,24,125.8
2025-12-01,EMP0038,CL002,Client Service Representative,172.1,1.2,0,173.3
2025-12-01,EMP0039,CL002,Veterinary Assistant,157.2,0,8,149.2
2025-12-01,EMP0040,CL002,Veterinary Technician,102.0,3.9,0,105.9
2025-12-01,EMP0041,CL002,Veterinarian,176.7,6.6,8,175.3
2025-12-01,EMP0042,CL002,Veterinary Technician,169.4,11.1,8,172.5
2025-12-01,EMP0043,CL002,Veterinary Technician,109.7,8.8,16,102.5
2025-12-01,EMP0044,CL002,Veterinary Assistant,127.6,3.1,8,122.7
2025-12-01,EMP0045,CL002,Veterinarian,178.7,12.4,0,191.1
2025-12-01,EMP0046,CL002,Veterinary Technician,139.7,1.6,0,141.3
2025-12-01,EMP0047,CL002,Veterinary Assistant,174.2,0,8,166.2
2025-12-01,EMP0048,CL002,Kennel Assistant,175.2,0.2,24,151.4
2025-12-01,EMP0049,CL002,Client Service Representative,93.8,0.1,0,93.9
2025-12-01,EMP0050,CL002,Practice Manager,180.3,7.0,0,187.3
2025-12-01,EMP0051,CL003,Practice Manager,182.4,2.9,0,185.3
2025-12-01,EMP0052,CL003,Veterinary Technician,174.2,0,8,166.2
2025-12-01,EMP0053,CL003,Kennel Assistant,113.4,2.6,8,108.0
2025-12-01,EMP0054,CL003,Veterinarian,167.1,2.7,16,153.8
2025-12-01,EMP0055,CL003,Veterinary Assistant,137.2,0,8,129.2
2025-12-01,EMP0056,CL003,Client Service Representative,175.9,0.3,8,168.2
2025-12-01,EMP0057,CL003,Veterinarian,139.0,8.7,24,123.7
2025-12-01,EMP0058,CL003,Veterinary Assistant,107.4,4.4,0,111.8
2025-12-01,EMP0059,CL003,Client Service Representative,158.0,4.1,8,154.1
2025-12-01,EMP0060,CL003,Veterinarian,176.7,6.6,8,175.3
2025-12-01,EMP0061,CL003,Kennel Assistant,112.0,7.6,8,111.6
2025-12-01,EMP0062,CL003,Veterinarian,154.1,5.5,24,135.6
2025-12-01,EMP0063,CL003,Veterinary Technician,163.6,4.3,8,159.9
2025-12-01,EMP0064,CL003,Veterinary Technician,168.8,5.2,8,166.0
2025-12-01,EMP0065,CL003,Veterinarian,176.6,13.1,0,189.7
2025-12-01,EMP0066,CL003,Client Service Representative,171.0,0,24,147.0
2025-12-01,EMP0067,CL003,Practice Manager,132.4,0,0,132.4
2025-12-01,EMP0068,CL003,Veterinarian,180.4,8.3,24,164.7
2025-12-01,EMP0069,CL003,Veterinary Assistant,172.6,2.0,16,158.6
2025-12-01,EMP0070,CL003,Veterinarian,184.1,9.1,0,193.2
2025-12-01,EMP0071,CL003,Kennel Assistant,176.8,7.6,0,184.4
2025-12-01,EMP0072,CL003,Veterinarian,134.5,7.4,24,117.9
2025-12-01,EMP0073,CL003,Veterinarian,133.1,6.6,8,131.7
2025-12-01,EMP0074,CL003,Veterinary Technician,186.8,10.1,16,180.9
2025-12-01,EMP0075,CL003,Veterinarian,130.5,0,8,122.5
2025-12-01,EMP0076,CL004,Client Service Representative,178.3,3.3,8,173.6
2025-12-01,EMP0077,CL004,Veterinarian,144.5,4.3,0,148.8
2025-12-01,EMP0078,CL004,Veterinarian,182.3,8.3,16,174.6
2025-12-01,EMP0079,CL004,Veterinary Technician,172.0,7.9,8,171.9
2025-12-01,EMP0080,CL004,Veterinarian,168.6,0,0,168.6
2025-12-01,EMP0081,CL004,Veterinary Technician,128.4,0.3,0,128.7
2025-12-01,EMP0082,CL004,Veterinarian,178.3,3.7,8,174.0
2025-12-01,EMP0083,CL004,Veterinary Assistant,178.1,7.5,0,185.6
2025-12-01,EMP0084,CL004,Veterinarian,141.4,4.3,0,145.7
2025-12-01,EMP0085,CL004,Veterinarian,179.2,5.3,24,160.5
2025-12-01,EMP0086,CL004,Veterinary Assistant,178.1,1.1,0,179.2
2025-12-01,EMP0087,CL004,Veterinary Technician,172.9,4.8,0,177.7
2025-12-01,EMP0088,CL004,Veterinarian,153.0,0,0,153.0
2025-12-01,EMP0089,CL004,Veterinarian,173.7,6.2,0,179.9
2025-12-01,EMP0090,CL004,Veterinary Technician,178.5,6.8,0,185.3
2025-12-01,EMP0091,CL004,Veterinarian,173.3,12.2,0,185.5
2025-12-01,EMP0092,CL004,Veterinarian,176.0,1.9,8,169.9
2025-12-01,EMP0093,CL004,Veterinary Technician,111.0,9.4,24,96.4
2025-12-01,EMP0094,CL004,Practice Manager,151.0,0,24,127.0
2025-12-01,EMP0095,CL004,Veterinary Assistant,180.2,4.9,0,185.1
2025-12-01,EMP0096,CL004,Veterinary Assistant,167.7,6.4,8,166.1
2025-12-01,EMP0097,CL004,Veterinarian,169.5,3.8,16,157.3
2025-12-01,EMP0098,CL004,Client Service Representative,178.2,0.2,16,162.4
2025-12-01,EMP0099,CL004,Veterinarian,162.7,4.1,8,158.8
2025-12-01,EMP0100,CL004,Veterinary Technician,135.1,0,0,135.1
2025-12-01,EMP0101,CL004,Veterinary Assistant,104.4,0.9,0,105.3
2025-12-01,EMP0102,CL004,Veterinary Technician,136.0,0,8,128.0
2025-12-01,EMP0103,CL004,Practice Manager,107.3,7.4,8,106.7
2025-12-01,EMP0104,CL004,Veterinarian,168.6,1.2,0,169.8
2025-12-01,EMP0105,CL004,Veterinary Technician,154.3,3.2,0,157.5
2025-12-01,EMP0106,CL005,Practice Manager,172.2,6.9,8,171.1
2025-12-01,EMP0107,CL005,Veterinarian,176.2,3.3,16,163.5
2025-12-01,EMP0108,CL005,Client Service Representative,96.2,7.7,16,87.9
2025-12-01,EMP0109,CL005,Veterinarian,179.9,3.2,0,183.1
2025-12-01,EMP0110,CL005,Veterinary Technician,174.1,5.7,8,171.8
2025-12-01,EMP0111,CL005,Veterinarian,166.7,1.9,0,168.6
2025-12-01,EMP0112,CL005,Veterinary Technician,102.7,2.4,0,105.1
2025-12-01,EMP0113,CL005,Veterinarian,181.9,6.4,0,188.3
2025-12-01,EMP0114,CL005,Veterinary Technician,177.1,10.9,8,180.0
2025-12-01,EMP0115,CL005,Veterinarian,132.4,7.6,0,140.0
2025-12-01,EMP0116,CL005,Veterinary Assistant,175.5,1.8,8,169.3
2025-12-01,EMP0117,CL005,Veterinarian,177.8,1.2,16,163.0
2025-12-01,EMP0118,CL005,Veterinarian,134.2,0,0,134.2
2025-12-01,EMP0119,CL005,Veterinarian,177.4,0,8,169.4
2025-12-01,EMP0120,CL005,Veterinary Technician,126.6,0,0,126.6
2025-12-01,EMP0121,CL005,Veterinary Assistant,144.4,1.9,0,146.3
2025-12-01,EMP0122,CL005,Veterinarian,148.9,6.3,0,155.2
2025-12-01,EMP0123,CL005,Veterinarian,156.6,0.7,0,157.3
2025-12-01,EMP0124,CL005,Veterinarian,172.7,10.5,0,183.2
2025-12-01,EMP0125,CL005,Veterinary Technician,162.0,2.1,0,164.1
2025-12-01,EMP0126,CL005,Veterinarian,175.3,0.6,0,175.9
2025-12-01,EMP0127,CL005,Veterinary Technician,134.6,0.6,0,135.2
2025-12-01,EMP0128,CL005,Veterinary Technician,102.5,0,8,94.5
2025-12-01,EMP0129,CL005,Veterinary Assistant,152.8,0.4,0,153.2
2025-12-01,EMP0130,CL005,Veterinarian,145.1,2.5,0,147.6
2025-12-01,EMP0131,CL006,Veterinarian,173.1,10.4,16,167.5
2025-12-01,EMP0132,CL006,Veterinarian,169.2,0,0,169.2
2025-12-01,EMP0133,CL006,Veterinarian,175.6,6.0,8,173.6
2025-12-01,EMP0134,CL006,Veterinarian,176.0,9.5,0,185.5
2025-12-01,EMP0135,CL006,Veterinarian,145.2,0,0,145.2
2025-12-01,EMP0136,CL006,Veterinary Technician,188.6,5.1,8,185.7
2025-12-01,EMP0137,CL006,Client Service Representative,153.4,0.7,24,130.1
2025-12-01,EMP0138,CL006,Kennel Assistant,184.5,2.9,0,187.4
2025-12-01,EMP0139,CL006,Veterinary Technician,128.2,3.2,8,123.4
2025-12-01,EMP0140,CL006,Veterinarian,168.1,0,24,144.1
2025-12-01,EMP0141,CL006,Practice Manager,141.5,6.2,0,147.7
2025-12-01,EMP0142,CL006,Veterinary Technician,178.7,3.8,0,182.5
2025-12-01,EMP0143,CL006,Veterinary Technician,112.6,3.9,0,116.5
2025-12-01,EMP0144,CL006,Veterinarian,147.6,1.9,24,125.5
2025-12-01,EMP0145,CL006,Veterinary Technician,169.1,5.0,0,174.1
2025-12-01,EMP0146,CL006,Veterinarian,139.4,3.2,8,134.6
2025-12-01,EMP0147,CL006,Veterinary Technician,168.5,3.5,8,164.0
2025-12-01,EMP0148,CL006,Client Service Representative,174.3,8.5,8,174.8
2025-12-01,EMP0149,CL006,Veterinarian,134.7,0,8,126.7
2025-12-01,EMP0150,CL006,Veterinarian,182.2,6.0,0,188.2
2025-12-01,EMP0151,CL007,Veterinary Technician,95.6,6.2,0,101.8
2025-12-01,EMP0152,CL007,Veterinary Technician,133.6,4.7,8,130.3
2025-12-01,EMP0153,CL007,Veterinary Technician,137.9,3.9,0,141.8
2025-12-01,EMP0154,CL007,Veterinary Technician,169.5,7.6,8,169.1
2025-12-01,EMP0155,CL007,Veterinary Assistant,178.8,2.3,24,157.1
2025-12-01,EMP0156,CL007,Practice Manager,163.9,7.1,0,171.0
2025-12-01,EMP0157,CL007,Veterinarian,183.8,1.3,0,185.1
2025-12-01,EMP0158,CL007,Client Service Representative,96.2,3.2,24,75.4
2025-12-01,EMP0159,CL007,Veterinary Technician,171.6,0.4,8,164.0
2025-12-01,EMP0160,CL007,Veterinarian,154.7,7.6,8,154.3
2025-12-01,EMP0161,CL007,Veterinary Technician,103.7,12.3,0,116.0
2025-12-01,EMP0162,CL007,Veterinarian,177.1,0,0,177.1
2025-12-01,EMP0163,CL007,Veterinarian,177.0,10.5,0,187.5
2025-12-01,EMP0164,CL007,Veterinarian,172.2,18.3,8,182.5
2025-12-01,EMP0165,CL007,Veterinarian,169.5,4.0,0,173.5
2025-12-01,EMP0166,CL007,Client Service Representative,191.5,3.0,0,194.5
2025-12-01,EMP0167,CL007,Veterinary Assistant,102.0,8.8,0,110.8
2025-12-01,EMP0168,CL007,Veterinary Technician,136.2,0.8,8,129.0
2025-12-01,EMP0169,CL007,Practice Manager,168.9,0.9,0,169.8
2025-12-01,EMP0170,CL007,Veterinarian,172.2,3.4,8,167.6
2025-12-01,EMP0171,CL007,Veterinary Technician,100.2,7.2,0,107.4
2025-12-01,EMP0172,CL007,Veterinary Technician,173.1,7.0,0,180.1
2025-12-01,EMP0173,CL007,Veterinary Assistant,162.5,3.6,0,166.1
2025-12-01,EMP0174,CL007,Veterinarian,182.9,4.5,8,179.4
2025-12-01,EMP0175,CL008,Veterinarian,179.1,3.0,8,174.1
2025-12-01,EMP0176,CL008,Client Service Representative,114.7,2.0,0,116.7
2025-12-01,EMP0177,CL008,Client Service Representative,172.1,0,24,148.1
2025-12-01,EMP0178,CL008,Practice Manager,176.3,7.6,0,183.9
2025-12-01,EMP0179,CL008,Veterinary Assistant,184.6,0,8,176.6
2025-12-01,EMP0180,CL008,Kennel Assistant,180.1,0,0,180.1
2025-12-01,EMP0181,CL008,Veterinarian,176.4,13.8,8,182.2
2025-12-01,EMP0182,CL008,Veterinarian,180.2,4.9,24,161.1
2025-12-01,EMP0183,CL008,Veterinary Assistant,162.2,3.2,24,141.4
2025-12-01,EMP0184,CL008,Veterinary Assistant,165.4,0,16,149.4
2025-12-01,EMP0185,CL008,Kennel Assistant,139.3,0,16,123.3
2025-12-01,EMP0186,CL008,Veterinarian,163.4,1.2,8,156.6
2025-12-01,EMP0187,CL008,Kennel Assistant,189.2,9.1,0,198.3
2025-12-01,EMP0188,CL008,Veterinary Technician,161.0,6.1,0,167.1
2025-12-01,EMP0189,CL008,Veterinary Technician,177.7,8.9,0,186.6
2025-12-01,EMP0190,CL008,Veterinarian,184.3,0,8,176.3
2025-12-01,EMP0191,CL008,Veterinarian,179.2,0,0,179.2
2025-12-01,EMP0192,CL008,Kennel Assistant,146.4,2.3,16,132.7
2025-12-01,EMP0193,CL008,Veterinarian,136.3,0,8,128.3
2025-12-01,EMP0194,CL008,Veterinarian,182.2,2.8,16,169.0
2025-12-01,EMP0195,CL008,Veterinarian,167.0,5.6,0,172.6
2025-12-01,EMP0196,CL008,Client Service Representative,139.7,9.1,0,148.8
2025-12-01,EMP0197,CL008,Practice Manager,165.1,0.7,8,157.8
2025-12-01,EMP0198,CL009,Veterinarian,172.0,0.3,16,156.3
2025-12-01,EMP0199,CL009,Veterinary Assistant,176.1,0,8,168.1
2025-12-01,EMP0200,CL009,Kennel Assistant,167.7,4.1,0,171.8
2025-12-01,EMP0201,CL009,Veterinarian,172.6,0,24,148.6
2025-12-01,EMP0202,CL009,Veterinary Technician,111.2,6.6,0,117.8
2025-12-01,EMP0203,CL009,Veterinarian,141.9,6.0,16,131.9
2025-12-01,EMP0204,CL009,Veterinary Technician,111.5,1.1,24,88.6
2025-12-01,EMP0205,CL009,Veterinarian,173.1,1.4,0,174.5
2025-12-01,EMP0206,CL009,Veterinarian,176.4,4.9,8,173.3
2025-12-01,EMP0207,CL009,Veterinarian,180.6,1.6,0,182.2
2025-12-01,EMP0208,CL009,Veterinarian,153.8,2.2,0,156.0
2025-12-01,EMP0209,CL009,Veterinarian,168.2,9.7,8,169.9
2025-12-01,EMP0210,CL009,Veterinarian,165.7,5.8,8,163.5
2025-12-01,EMP0211,CL009,Practice Manager,174.8,1.8,0,176.6
2025-12-01,EMP0212,CL009,Veterinary Technician,179.0,1.0,16,164.0
2025-12-01,EMP0213,CL009,Veterinary Assistant,175.6,5.8,0,181.4
2025-12-01,EMP0214,CL009,Veterinarian,187.1,4.7,24,167.8
2025-12-01,EMP0215,CL009,Veterinarian,138.6,6.6,0,145.2
2025-12-01,EMP0216,CL009,Client Service Representative,102.8,0,8,94.8
2025-12-01,EMP0217,CL009,Client Service Representative,178.8,0,0,178.8
2025-12-01,EMP0218,CL009,Veterinarian,126.1,9.1,24,111.2
2025-12-01,EMP0219,CL009,Practice Manager,103.4,2.6,8,98.0
2025-12-01,EMP0220,CL009,Veterinary Technician,113.8,0,24,89.8
2025-12-01,EMP0221,CL009,Veterinary Technician,170.0,13.0,0,183.0
2025-12-01,EMP0222,CL010,Veterinary Assistant,99.2,0,24,75.2
2025-12-01,EMP0223,CL010,Veterinarian,184.3,10.7,16,179.0
2025-12-01,EMP0224,CL010,Veterinary Assistant,97.9,12.5,16,94.4
2025-12-01,EMP0225,CL010,Veterinary Assistant,134.5,1.1,0,135.6
2025-12-01,EMP0226,CL010,Veterinarian,170.5,0,8,162.5
2025-12-01,EMP0227,CL010,Veterinarian,176.9,2.9,16,163.8
2025-12-01,EMP0228,CL010,Veterinary Assistant,0,0,8,0
2025-12-01,EMP0229,CL010,Veterinarian,168.3,8.1,0,176.4
2025-12-01,EMP0230,CL010,Veterinarian,154.3,15.2,0,169.5
2025-12-01,EMP0231,CL010,Veterinary Technician,174.2,3.5,0,177.7
2025-12-01,EMP0232,CL010,Practice Manager,179.6,0,0,179.6
2025-12-01,EMP0233,CL010,Veterinary Technician,169.6,0,0,169.6
2025-12-01,EMP0234,CL010,Client Service Representative,171.7,5.1,16,160.8
2025-12-01,EMP0235,CL010,Veterinarian,175.0,0.8,8,167.8
2025-12-01,EMP0236,CL010,Veterinarian,180.5,7.2,0,187.7
2025-12-01,EMP0237,CL010,Veterinary Technician,174.1,0,8,166.1
2025-12-01,EMP0238,CL010,Veterinarian,172.6,3.5,0,176.1
2025-12-01,EMP0239,CL010,Veterinary Assistant,172.4,2.7,8,167.1
2025-12-01,EMP0240,CL010,Veterinary Technician,168.8,8.9,0,177.7
2025-12-01,EMP0241,CL010,Veterinary Technician,101.5,2.7,0,104.2
2025-12-01,EMP0242,CL010,Practice Manager,125.2,1.0,24,102.2
2025-12-01,EMP0243,CL010,Veterinary Technician,168.3,0,0,168.3
2025-12-01,EMP0244,CL010,Client Service Representative,180.7,7.0,24,163.7
2025-12-01,EMP0245,CL010,Practice Manager,177.3,3.8,0,181.1
2025-12-01,EMP0246,CL011,Veterinary Technician,144.2,7.6,0,151.8
2025-12-01,EMP0247,CL011,Veterinarian,183.3,16.3,0,199.6
2025-12-01,EMP0248,CL011,Client Service Representative,163.8,0.1,16,147.9
2025-12-01,EMP0249,CL011,Practice Manager,109.9,0.6,0,110.5
2025-12-01,EMP0250,CL011,Veterinarian,193.7,7.0,24,176.7
2025-12-01,EMP0251,CL011,Veterinarian,144.7,11.8,8,148.5
2025-12-01,EMP0252,CL011,Veterinary Technician,184.3,3.6,8,179.9
2025-12-01,EMP0253,CL011,Client Service Representative,145.6,0,0,145.6
2025-12-01,EMP0254,CL011,Veterinarian,166.0,5.5,0,171.5
2025-12-01,EMP0255,CL011,Veterinarian,176.7,13.7,8,182.4
2025-12-01,EMP0256,CL011,Veterinarian,131.4,2.6,0,134.0
2025-12-01,EMP0257,CL011,Veterinarian,178.6,3.4,8,174.0
2025-12-01,EMP0258,CL011,Veterinary Assistant,92.4,4.2,8,88.6
2025-12-01,EMP0259,CL011,Practice Manager,174.5,4.7,24,155.2
2025-12-01,EMP0260,CL011,Veterinarian,147.0,4.5,0,151.5
2025-12-01,EMP0261,CL011,Client Service Representative,175.5,0,24,151.5
2025-12-01,EMP0262,CL011,Veterinarian,162.5,7.8,0,170.3
2025-12-01,EMP0263,CL011,Veterinarian,165.3,0,0,165.3
2025-12-01,EMP0264,CL011,Veterinarian,186.7,5.1,0,191.8
2025-12-01,EMP0265,CL011,Veterinary Assistant,108.4,1.0,0,109.4
2025-12-01,EMP0266,CL011,Veterinarian,167.9,9.8,0,177.7
2025-12-01,EMP0267,CL012,Client Service Representative,105.0,4.7,0,109.7
2025-12-01,EMP0268,CL012,Veterinary Technician,164.3,5.0,24,145.3
2025-12-01,EMP0269,CL012,Practice Manager,180.5,4.1,8,176.6
2025-12-01,EMP0270,CL012,Client Service Representative,127.3,2.4,0,129.7
2025-12-01,EMP0271,CL012,Veterinary Technician,184.4,4.9,8,181.3
2025-12-01,EMP0272,CL012,Practice Manager,121.6,0,0,121.6
2025-12-01,EMP0273,CL012,Veterinary Technician,171.6,3.6,0,175.2
2025-12-01,EMP0274,CL012,Veterinarian,136.3,7.3,24,119.6
2025-12-01,EMP0275,CL012,Veterinary Technician,147.6,3.7,0,151.3
2025-12-01,EMP0276,CL012,Veterinary Technician,108.5,13.1,24,97.6
2025-12-01,EMP0277,CL012,Veterinarian,130.3,8.0,8,130.3
2025-12-01,EMP0278,CL012,Veterinarian,182.9,4.4,8,179.3
2025-12-01,EMP0279,CL012,Client Service Representative,145.7,0,0,145.7
2025-12-01,EMP0280,CL012,Veterinary Technician,164.6,3.6,16,152.2
2025-12-01,EMP0281,CL012,Veterinarian,169.1,5.9,24,151.0
2025-12-01,EMP0282,CL012,Veterinary Assistant,181.0,0.4,24,157.4
2025-12-01,EMP0283,CL012,Veterinarian,169.7,3.8,0,173.5
2025-12-01,EMP0284,CL012,Client Service Representative,169.8,6.6,0,176.4
2025-12-01,EMP0285,CL012,Veterinarian,166.5,3.7,8,162.2
2025-12-01,EMP0286,CL012,Veterinarian,181.7,5.0,0,186.7
2025-12-01,EMP0287,CL012,Veterinary Assistant,171.0,4.3,8,167.3
2025-12-01,EMP0288,CL012,Veterinary Technician,112.9,3.6,24,92.5
2025-12-01,EMP0289,CL012,Veterinarian,173.7,4.7,8,170.4
2025-12-01,EMP0290,CL012,Client Service Representative,172.6,11.2,16,167.8
2025-12-01,EMP0291,CL012,Veterinarian,172.3,4.5,16,160.8
2025-12-01,EMP0292,CL012,Veterinary Assistant,145.1,3.7,0,148.8
2025-12-01,EMP0293,CL012,Veterinarian,171.8,7.0,24,154.8
2025-12-01,EMP0294,CL012,Client Service Representative,141.5,9.7,24,127.2
2025-12-01,EMP0295,CL012,Client Service Representative,176.6,0,0,176.6
2025-12-01,EMP0296,CL012,Veterinary Technician,168.0,4.6,16,156.6
2025-12-01,EMP0297,CL012,Veterinary Technician,99.6,5.8,0,105.4
2025-12-01,EMP0298,CL012,Veterinarian,167.4,1.8,0,169.2
2025-12-01,EMP0299,CL012,Veterinary Technician,174.0,8.5,24,158.5
2025-12-01,EMP0300,CL012,Veterinarian,169.4,4.5,0,173.9
